site,validation,fold,reported_family,family,model,threshold,inner_BA,label_threshold_pp
C871,LOOCV,p4_r5_she,Total_CP,Total_CP,SVM_RBF,0.37399896420481393,0.8333333333333333,-5
C871,LOOCV,p4_r5_she,Interface_RMS,Interface_RMS,SVM_RBF,0.2760420469438649,0.8333333333333333,-5
C871,LOOCV,p4_r5_she,CP_summary,CP_summary,RF_depth1,0.8024589839984577,0.8611111111111112,-5
C871,LOOCV,p4_r5_she,Repository,Repository,RF_depth1,0.8307015615962985,0.8333333333333333,-5
C871,LOOCV,p4_r5_she,Local_deltaCP,Local_deltaCP,LR_0.01,0.28718721216717547,0.7777777777777777,-5
C871,LOOCV,p4_r5_she,Sequence,Sequence,LR_0.1,0.6855019174819066,0.6111111111111112,-5
C871,LOOCV,p4_r5_she,Sequence_Local,Sequence_Local,LDA_shrinkage,0.9982033166757882,0.7777777777777777,-5
C871,LOOCV,p4_r5_she,ContactSeek_CCR,ContactSeek_CCR,LR_0.01,0.25522556994584505,0.8055555555555556,-5
C871,LOOCV,p4_r5_she,Nested_all,CP_summary,RF_depth1,0.8024589839984577,0.8611111111111112,-5
C871,LOOCV,p4_r5_she_plus_p7_r5_she,Total_CP,Total_CP,SVM_RBF,0.34218239674710604,1.0,-5
C871,LOOCV,p4_r5_she_plus_p7_r5_she,Interface_RMS,Interface_RMS,SVM_RBF,0.2767706556286583,1.0,-5
C871,LOOCV,p4_r5_she_plus_p7_r5_she,CP_summary,CP_summary,ExtraTrees_depth2,0.3359330669330671,1.0,-5
C871,LOOCV,p4_r5_she_plus_p7_r5_she,Repository,Repository,SVM_RBF,0.5,1.0,-5
C871,LOOCV,p4_r5_she_plus_p7_r5_she,Local_deltaCP,Local_deltaCP,LR_0.01,0.20604018139540675,0.9736842105263157,-5
C871,LOOCV,p4_r5_she_plus_p7_r5_she,Sequence,Sequence,LR_1,0.6735728845939526,0.8421052631578947,-5
C871,LOOCV,p4_r5_she_plus_p7_r5_she,Sequence_Local,Sequence_Local,SVM_RBF,0.5177539457262884,0.9736842105263157,-5
C871,LOOCV,p4_r5_she_plus_p7_r5_she,ContactSeek_CCR,ContactSeek_CCR,RF_depth1,0.5312964307497778,1.0,-5
C871,LOOCV,p4_r5_she_plus_p7_r5_she,Nested_all,Total_CP,SVM_RBF,0.34218239674710604,1.0,-5
C871,LOOCV,p4_r5_sne,Total_CP,Total_CP,LR_0.01,0.501082480630564,0.9166666666666667,-5
C871,LOOCV,p4_r5_sne,Interface_RMS,Interface_RMS,SVM_RBF,0.2730419301196344,0.8333333333333333,-5
C871,LOOCV,p4_r5_sne,CP_summary,CP_summary,RF_depth1,0.775546033508088,0.8333333333333333,-5
C871,LOOCV,p4_r5_sne,Repository,Repository,RF_depth1,0.7841160500506852,0.8333333333333333,-5
C871,LOOCV,p4_r5_sne,Local_deltaCP,Local_deltaCP,LR_1,0.14433527419925443,0.8333333333333333,-5
C871,LOOCV,p4_r5_sne,Sequence,Sequence,SVM_RBF,0.7265730655263201,0.5833333333333334,-5
C871,LOOCV,p4_r5_sne,Sequence_Local,Sequence_Local,SVM_RBF,0.47856492069283796,0.8055555555555556,-5
C871,LOOCV,p4_r5_sne,ContactSeek_CCR,ContactSeek_CCR,RF_depth1,0.809409498104235,0.8611111111111112,-5
C871,LOOCV,p4_r5_sne,Nested_all,Total_CP,LR_0.01,0.501082480630564,0.9166666666666667,-5
C871,LOOCV,p4_r5_sne_plus_p7_r5_sne,Total_CP,Total_CP,LR_0.01,0.5011270564176484,0.8888888888888888,-5
C871,LOOCV,p4_r5_sne_plus_p7_r5_sne,Interface_RMS,Interface_RMS,SVM_RBF,0.27304186058558977,0.8333333333333333,-5
C871,LOOCV,p4_r5_sne_plus_p7_r5_sne,CP_summary,CP_summary,RF_depth1,0.7514395871813531,0.8333333333333333,-5
C871,LOOCV,p4_r5_sne_plus_p7_r5_sne,Repository,Repository,RF_depth1,0.7706829287859849,0.8333333333333333,-5
C871,LOOCV,p4_r5_sne_plus_p7_r5_sne,Local_deltaCP,Local_deltaCP,SVM_RBF,0.3439131467961094,0.8333333333333333,-5
C871,LOOCV,p4_r5_sne_plus_p7_r5_sne,Sequence,Sequence,SVM_RBF,0.7231878337194202,0.5833333333333334,-5
C871,LOOCV,p4_r5_sne_plus_p7_r5_sne,Sequence_Local,Sequence_Local,SVM_RBF,0.4878724329733579,0.8055555555555556,-5
C871,LOOCV,p4_r5_sne_plus_p7_r5_sne,ContactSeek_CCR,ContactSeek_CCR,RF_depth1,0.8135932909196066,0.8333333333333333,-5
C871,LOOCV,p4_r5_sne_plus_p7_r5_sne,Nested_all,Total_CP,LR_0.01,0.5011270564176484,0.8888888888888888,-5
C871,LOOCV,p4_r5_swd_plus_p7_r5_swd,Total_CP,Total_CP,RF_depth1,0.6753544318030632,0.8611111111111112,-5
C871,LOOCV,p4_r5_swd_plus_p7_r5_swd,Interface_RMS,Interface_RMS,SVM_RBF,0.2729420407722867,0.8333333333333333,-5
C871,LOOCV,p4_r5_swd_plus_p7_r5_swd,CP_summary,CP_summary,RF_depth1,0.7666639418678021,0.8611111111111112,-5
C871,LOOCV,p4_r5_swd_plus_p7_r5_swd,Repository,Repository,RF_depth2,0.786100054774503,0.8611111111111112,-5
C871,LOOCV,p4_r5_swd_plus_p7_r5_swd,Local_deltaCP,Local_deltaCP,LR_1,0.07490969021497701,0.8333333333333333,-5
C871,LOOCV,p4_r5_swd_plus_p7_r5_swd,Sequence,Sequence,SVM_RBF,0.7229255478969977,0.5833333333333334,-5
C871,LOOCV,p4_r5_swd_plus_p7_r5_swd,Sequence_Local,Sequence_Local,RF_depth1,0.5175049935633131,0.8055555555555556,-5
C871,LOOCV,p4_r5_swd_plus_p7_r5_swd,ContactSeek_CCR,ContactSeek_CCR,RF_depth1,0.5275241099543735,0.8055555555555556,-5
C871,LOOCV,p4_r5_swd_plus_p7_r5_swd,Nested_all,Total_CP,RF_depth1,0.6753544318030632,0.8611111111111112,-5
C871,LOOCV,p4_r5_the_plus_p7_r5_the,Total_CP,Total_CP,RF_depth1,0.6753544318030632,0.8611111111111112,-5
C871,LOOCV,p4_r5_the_plus_p7_r5_the,Interface_RMS,Interface_RMS,SVM_RBF,0.27289241384132434,0.8333333333333333,-5
C871,LOOCV,p4_r5_the_plus_p7_r5_the,CP_summary,CP_summary,RF_depth1,0.7666639418678021,0.8611111111111112,-5
C871,LOOCV,p4_r5_the_plus_p7_r5_the,Repository,Repository,RF_depth2,0.786100054774503,0.8611111111111112,-5
C871,LOOCV,p4_r5_the_plus_p7_r5_the,Local_deltaCP,Local_deltaCP,LR_1,0.14952818345945768,0.8055555555555556,-5
C871,LOOCV,p4_r5_the_plus_p7_r5_the,Sequence,Sequence,SVM_RBF,0.7075830480636691,0.6111111111111112,-5
C871,LOOCV,p4_r5_the_plus_p7_r5_the,Sequence_Local,Sequence_Local,LDA_shrinkage,0.999999999999972,0.8055555555555556,-5
C871,LOOCV,p4_r5_the_plus_p7_r5_the,ContactSeek_CCR,ContactSeek_CCR,RF_depth1,0.5445357931636374,0.8055555555555556,-5
C871,LOOCV,p4_r5_the_plus_p7_r5_the,Nested_all,Total_CP,RF_depth1,0.6753544318030632,0.8611111111111112,-5
C871,LOOCV,p5_r6_aye,Total_CP,Total_CP,RF_depth1,0.625383260977485,0.8888888888888888,-5
C871,LOOCV,p5_r6_aye,Interface_RMS,Interface_RMS,SVM_RBF,0.274014159803491,0.8333333333333333,-5
C871,LOOCV,p5_r6_aye,CP_summary,CP_summary,RF_depth1,0.778049086736693,0.8888888888888888,-5
C871,LOOCV,p5_r6_aye,Repository,Repository,RF_depth1,0.8031078129567094,0.8611111111111112,-5
C871,LOOCV,p5_r6_aye,Local_deltaCP,Local_deltaCP,LR_1,0.07214813132390135,0.8333333333333333,-5
C871,LOOCV,p5_r6_aye,Sequence,Sequence,SVM_RBF,0.7252393370900158,0.5833333333333334,-5
C871,LOOCV,p5_r6_aye,Sequence_Local,Sequence_Local,RF_depth1,0.574922739541161,0.7777777777777777,-5
C871,LOOCV,p5_r6_aye,ContactSeek_CCR,ContactSeek_CCR,GaussianNB,2.05846236e-316,0.8333333333333333,-5
C871,LOOCV,p5_r6_aye,Nested_all,Total_CP,RF_depth1,0.625383260977485,0.8888888888888888,-5
C871,LOOCV,p5_r6_nye,Total_CP,Total_CP,SVM_RBF,0.3886473251805571,0.8333333333333333,-5
C871,LOOCV,p5_r6_nye,Interface_RMS,Interface_RMS,SVM_RBF,0.2718127257184549,0.8333333333333333,-5
C871,LOOCV,p5_r6_nye,CP_summary,CP_summary,RF_depth1,0.40109299622459404,0.8333333333333333,-5
C871,LOOCV,p5_r6_nye,Repository,Repository,SVM_RBF,0.45146754693055563,0.8333333333333333,-5
C871,LOOCV,p5_r6_nye,Local_deltaCP,Local_deltaCP,LR_0.1,0.1505353096696,0.8333333333333333,-5
C871,LOOCV,p5_r6_nye,Sequence,Sequence,SVM_RBF,0.7252393370900158,0.5833333333333334,-5
C871,LOOCV,p5_r6_nye,Sequence_Local,Sequence_Local,RF_depth1,0.5227039136302297,0.7777777777777777,-5
C871,LOOCV,p5_r6_nye,ContactSeek_CCR,ContactSeek_CCR,LR_0.1,0.16446847879007181,0.8055555555555556,-5
C871,LOOCV,p5_r6_nye,Nested_all,Total_CP,SVM_RBF,0.3886473251805571,0.8333333333333333,-5
C871,LOOCV,p5_r6_sfe,Total_CP,Total_CP,RF_depth1,0.6360648261753056,0.8888888888888888,-5
C871,LOOCV,p5_r6_sfe,Interface_RMS,Interface_RMS,SVM_RBF,0.2693131527594286,0.8333333333333333,-5
C871,LOOCV,p5_r6_sfe,CP_summary,CP_summary,RF_depth1,0.6875071404472726,0.8888888888888888,-5
C871,LOOCV,p5_r6_sfe,Repository,Repository,RF_depth1,0.7159693946404476,0.8888888888888888,-5
C871,LOOCV,p5_r6_sfe,Local_deltaCP,Local_deltaCP,GaussianNB,0.5,0.8333333333333333,-5
C871,LOOCV,p5_r6_sfe,Sequence,Sequence,LDA_shrinkage,0.9999999999999926,0.6666666666666666,-5
C871,LOOCV,p5_r6_sfe,Sequence_Local,Sequence_Local,LR_0.01,0.32868771430673316,0.8055555555555556,-5
C871,LOOCV,p5_r6_sfe,ContactSeek_CCR,ContactSeek_CCR,LR_0.01,0.27107583432448823,0.8055555555555556,-5
C871,LOOCV,p5_r6_sfe,Nested_all,Total_CP,RF_depth1,0.6360648261753056,0.8888888888888888,-5
C871,LOOCV,p5_r6_swd,Total_CP,Total_CP,LR_0.01,0.5010012879460471,0.8888888888888888,-5
C871,LOOCV,p5_r6_swd,Interface_RMS,Interface_RMS,GaussianNB,0.37340658429079754,0.8055555555555556,-5
C871,LOOCV,p5_r6_swd,CP_summary,CP_summary,RF_depth1,0.6547791111565715,0.8888888888888888,-5
C871,LOOCV,p5_r6_swd,Repository,Repository,RF_depth1,0.7169969635627533,0.8611111111111112,-5
C871,LOOCV,p5_r6_swd,Local_deltaCP,Local_deltaCP,GaussianNB,0.5,0.8333333333333333,-5
C871,LOOCV,p5_r6_swd,Sequence,Sequence,LDA_shrinkage,0.9999999979750305,0.611111111111111,-5
C871,LOOCV,p5_r6_swd,Sequence_Local,Sequence_Local,LR_0.01,0.4292521995754067,0.75,-5
C871,LOOCV,p5_r6_swd,ContactSeek_CCR,ContactSeek_CCR,LR_0.01,0.3187580729467435,0.7777777777777777,-5
C871,LOOCV,p5_r6_swd,Nested_all,Total_CP,LR_0.01,0.5010012879460471,0.8888888888888888,-5
C871,LOOCV,p5_r6_syq,Total_CP,Total_CP,RF_depth1,0.5,0.868421052631579,-5
C871,LOOCV,p5_r6_syq,Interface_RMS,Interface_RMS,SVM_RBF,0.7310328160497588,0.631578947368421,-5
C871,LOOCV,p5_r6_syq,CP_summary,CP_summary,RF_depth1,0.7606127450980392,0.7105263157894737,-5
C871,LOOCV,p5_r6_syq,Repository,Repository,RF_depth1,0.811550521402195,0.5263157894736842,-5
C871,LOOCV,p5_r6_syq,Local_deltaCP,Local_deltaCP,SVM_RBF,0.7275436095329106,0.7105263157894737,-5
C871,LOOCV,p5_r6_syq,Sequence,Sequence,SVM_RBF,0.7262738901886833,0.6052631578947368,-5
C871,LOOCV,p5_r6_syq,Sequence_Local,Sequence_Local,SVM_RBF,0.7205222823814733,0.631578947368421,-5
C871,LOOCV,p5_r6_syq,ContactSeek_CCR,ContactSeek_CCR,ExtraTrees_depth2,0.8251373626373626,0.6842105263157895,-5
C871,LOOCV,p5_r6_syq,Nested_all,Total_CP,RF_depth1,0.5,0.868421052631579,-5
C871,LOOCV,p5_r6_thn,Total_CP,Total_CP,RF_depth1,0.6320117407759613,0.8888888888888888,-5
C871,LOOCV,p5_r6_thn,Interface_RMS,Interface_RMS,GaussianNB,0.24413009100363234,0.8333333333333333,-5
C871,LOOCV,p5_r6_thn,CP_summary,CP_summary,RF_depth1,0.6506979958637857,0.9166666666666667,-5
C871,LOOCV,p5_r6_thn,Repository,Repository,RF_depth1,0.6570895420369107,0.9166666666666667,-5
C871,LOOCV,p5_r6_thn,Local_deltaCP,Local_deltaCP,GaussianNB,0.5,0.8333333333333333,-5
C871,LOOCV,p5_r6_thn,Sequence,Sequence,SVM_RBF,0.6990655901030479,0.6944444444444444,-5
C871,LOOCV,p5_r6_thn,Sequence_Local,Sequence_Local,LR_0.01,0.33303644486300005,0.8055555555555556,-5
C871,LOOCV,p5_r6_thn,ContactSeek_CCR,ContactSeek_CCR,LR_0.01,0.2821163870792933,0.8055555555555556,-5
C871,LOOCV,p5_r6_thn,Nested_all,CP_summary,RF_depth1,0.6506979958637857,0.9166666666666667,-5
C871,LOOCV,p5_r6_twd,Total_CP,Total_CP,RF_depth1,0.7576554421812467,0.8611111111111112,-5
C871,LOOCV,p5_r6_twd,Interface_RMS,Interface_RMS,SVM_RBF,0.2748939976433105,0.8333333333333333,-5
C871,LOOCV,p5_r6_twd,CP_summary,CP_summary,SVM_RBF,0.46406144961301043,0.8333333333333333,-5
C871,LOOCV,p5_r6_twd,Repository,Repository,SVM_RBF,0.45830843554496514,0.8333333333333333,-5
C871,LOOCV,p5_r6_twd,Local_deltaCP,Local_deltaCP,LR_1,0.8759505215701016,0.8333333333333333,-5
C871,LOOCV,p5_r6_twd,Sequence,Sequence,SVM_RBF,0.7125881875613598,0.6111111111111112,-5
C871,LOOCV,p5_r6_twd,Sequence_Local,Sequence_Local,LR_0.1,0.372596795033894,0.7777777777777777,-5
C871,LOOCV,p5_r6_twd,ContactSeek_CCR,ContactSeek_CCR,LDA_shrinkage,0.5,0.8055555555555556,-5
C871,LOOCV,p5_r6_twd,Nested_all,Total_CP,RF_depth1,0.7576554421812467,0.8611111111111112,-5
C871,LOOCV,p5_r6_tye,Total_CP,Total_CP,RF_depth1,0.7576554421812467,0.8611111111111112,-5
C871,LOOCV,p5_r6_tye,Interface_RMS,Interface_RMS,SVM_RBF,0.2749393799107824,0.8333333333333333,-5
C871,LOOCV,p5_r6_tye,CP_summary,CP_summary,SVM_RBF,0.46406144961301043,0.8333333333333333,-5
C871,LOOCV,p5_r6_tye,Repository,Repository,SVM_RBF,0.45830843554496514,0.8333333333333333,-5
C871,LOOCV,p5_r6_tye,Local_deltaCP,Local_deltaCP,LR_1,0.09885060167474456,0.8333333333333333,-5
C871,LOOCV,p5_r6_tye,Sequence,Sequence,ExtraTrees_depth2,0.7257692307692307,0.5833333333333333,-5
C871,LOOCV,p5_r6_tye,Sequence_Local,Sequence_Local,LR_0.1,0.3780075919979161,0.7777777777777777,-5
C871,LOOCV,p5_r6_tye,ContactSeek_CCR,ContactSeek_CCR,LDA_shrinkage,0.5,0.8055555555555556,-5
C871,LOOCV,p5_r6_tye,Nested_all,Total_CP,RF_depth1,0.7576554421812467,0.8611111111111112,-5
C871,LOOCV,p5_r6_vfn,Total_CP,Total_CP,RF_depth1,0.5,0.868421052631579,-5
C871,LOOCV,p5_r6_vfn,Interface_RMS,Interface_RMS,SVM_RBF,0.7310749955372962,0.6052631578947368,-5
C871,LOOCV,p5_r6_vfn,CP_summary,CP_summary,RF_depth1,0.708635092088439,0.868421052631579,-5
C871,LOOCV,p5_r6_vfn,Repository,Repository,LR_0.01,0.5370340957790445,0.631578947368421,-5
C871,LOOCV,p5_r6_vfn,Local_deltaCP,Local_deltaCP,SVM_RBF,0.7274863022229625,0.7105263157894737,-5
C871,LOOCV,p5_r6_vfn,Sequence,Sequence,LR_0.01,0.5286746572962676,0.7105263157894737,-5
C871,LOOCV,p5_r6_vfn,Sequence_Local,Sequence_Local,SVM_RBF,0.7171478932583806,0.6578947368421053,-5
C871,LOOCV,p5_r6_vfn,ContactSeek_CCR,ContactSeek_CCR,SVM_RBF,0.7337442098977633,0.5526315789473684,-5
C871,LOOCV,p5_r6_vfn,Nested_all,Total_CP,RF_depth1,0.5,0.868421052631579,-5
C871,LOOCV,p6_r7_qfw,Total_CP,Total_CP,SVM_RBF,0.37862367497183247,0.8333333333333333,-5
C871,LOOCV,p6_r7_qfw,Interface_RMS,Interface_RMS,SVM_RBF,0.2749409723253906,0.8333333333333333,-5
C871,LOOCV,p6_r7_qfw,CP_summary,CP_summary,SVM_RBF,0.46406144961301043,0.8333333333333333,-5
C871,LOOCV,p6_r7_qfw,Repository,Repository,SVM_RBF,0.45830843554496514,0.8333333333333333,-5
C871,LOOCV,p6_r7_qfw,Local_deltaCP,Local_deltaCP,LR_1,0.09902138667499936,0.8333333333333333,-5
C871,LOOCV,p6_r7_qfw,Sequence,Sequence,LDA_shrinkage,0.9999999999999998,0.5555555555555556,-5
C871,LOOCV,p6_r7_qfw,Sequence_Local,Sequence_Local,LR_0.1,0.3889842701820121,0.7777777777777777,-5
C871,LOOCV,p6_r7_qfw,ContactSeek_CCR,ContactSeek_CCR,LDA_shrinkage,0.5,0.8055555555555556,-5
C871,LOOCV,p6_r7_qfw,Nested_all,Total_CP,SVM_RBF,0.37862367497183247,0.8333333333333333,-5
C871,LOOCV,p6_r7_qrw,Total_CP,Total_CP,RF_depth1,0.7677576134018389,0.8611111111111112,-5
C871,LOOCV,p6_r7_qrw,Interface_RMS,Interface_RMS,SVM_RBF,0.2749361408623238,0.8333333333333333,-5
C871,LOOCV,p6_r7_qrw,CP_summary,CP_summary,SVM_RBF,0.4655056534307179,0.8333333333333333,-5
C871,LOOCV,p6_r7_qrw,Repository,Repository,SVM_RBF,0.45830843554496514,0.8333333333333333,-5
C871,LOOCV,p6_r7_qrw,Local_deltaCP,Local_deltaCP,LR_1,0.09943821088337967,0.8333333333333333,-5
C871,LOOCV,p6_r7_qrw,Sequence,Sequence,LR_0.01,0.5170657316189287,0.5555555555555556,-5
C871,LOOCV,p6_r7_qrw,Sequence_Local,Sequence_Local,LR_0.1,0.3748764557554295,0.7777777777777777,-5
C871,LOOCV,p6_r7_qrw,ContactSeek_CCR,ContactSeek_CCR,LDA_shrinkage,0.5,0.8055555555555556,-5
C871,LOOCV,p6_r7_qrw,Nested_all,Total_CP,RF_depth1,0.7677576134018389,0.8611111111111112,-5
C871,LOOCV,p6_r7_trq,Total_CP,Total_CP,RF_depth1,0.7677576134018389,0.8611111111111112,-5
C871,LOOCV,p6_r7_trq,Interface_RMS,Interface_RMS,SVM_RBF,0.2749697290598041,0.8333333333333333,-5
C871,LOOCV,p6_r7_trq,CP_summary,CP_summary,SVM_RBF,0.4407051329111006,0.8333333333333333,-5
C871,LOOCV,p6_r7_trq,Repository,Repository,SVM_RBF,0.44947729763723,0.8333333333333333,-5
C871,LOOCV,p6_r7_trq,Local_deltaCP,Local_deltaCP,LR_1,0.09827316257783186,0.8333333333333333,-5
C871,LOOCV,p6_r7_trq,Sequence,Sequence,LR_0.01,0.5735634096743258,0.5833333333333334,-5
C871,LOOCV,p6_r7_trq,Sequence_Local,Sequence_Local,LR_0.1,0.37694601003782285,0.7777777777777777,-5
C871,LOOCV,p6_r7_trq,ContactSeek_CCR,ContactSeek_CCR,LDA_shrinkage,0.5,0.8055555555555556,-5
C871,LOOCV,p6_r7_trq,Nested_all,Total_CP,RF_depth1,0.7677576134018389,0.8611111111111112,-5
C871,LOOCV,p6_r7_wfd,Total_CP,Total_CP,RF_depth1,0.7675370251665448,0.8611111111111112,-5
C871,LOOCV,p6_r7_wfd,Interface_RMS,Interface_RMS,SVM_RBF,0.27493262674350327,0.8333333333333333,-5
C871,LOOCV,p6_r7_wfd,CP_summary,CP_summary,SVM_RBF,0.4427975033920419,0.8333333333333333,-5
C871,LOOCV,p6_r7_wfd,Repository,Repository,SVM_RBF,0.4505884274653599,0.8055555555555556,-5
C871,LOOCV,p6_r7_wfd,Local_deltaCP,Local_deltaCP,LR_1,0.09827316257783186,0.8333333333333333,-5
C871,LOOCV,p6_r7_wfd,Sequence,Sequence,SVM_RBF,0.709742592247781,0.6111111111111112,-5
C871,LOOCV,p6_r7_wfd,Sequence_Local,Sequence_Local,LR_0.1,0.3880474967431311,0.7777777777777777,-5
C871,LOOCV,p6_r7_wfd,ContactSeek_CCR,ContactSeek_CCR,LDA_shrinkage,0.5,0.8055555555555556,-5
C871,LOOCV,p6_r7_wfd,Nested_all,Total_CP,RF_depth1,0.7675370251665448,0.8611111111111112,-5
C871,LOOCV,p6_r7_wfq,Total_CP,Total_CP,RF_depth1,0.7675370251665448,0.8611111111111112,-5
C871,LOOCV,p6_r7_wfq,Interface_RMS,Interface_RMS,SVM_RBF,0.2749326262308654,0.8333333333333333,-5
C871,LOOCV,p6_r7_wfq,CP_summary,CP_summary,SVM_RBF,0.43402739235706583,0.8333333333333333,-5
C871,LOOCV,p6_r7_wfq,Repository,Repository,SVM_RBF,0.4416292025581989,0.8333333333333333,-5
C871,LOOCV,p6_r7_wfq,Local_deltaCP,Local_deltaCP,LR_1,0.09827316257783186,0.8333333333333333,-5
C871,LOOCV,p6_r7_wfq,Sequence,Sequence,LR_0.01,0.5743911039019163,0.5833333333333334,-5
C871,LOOCV,p6_r7_wfq,Sequence_Local,Sequence_Local,LR_0.1,0.36804681544674245,0.7777777777777777,-5
C871,LOOCV,p6_r7_wfq,ContactSeek_CCR,ContactSeek_CCR,LDA_shrinkage,0.5,0.8055555555555556,-5
C871,LOOCV,p6_r7_wfq,Nested_all,Total_CP,RF_depth1,0.7675370251665448,0.8611111111111112,-5
C871,LOOCV,p7_r5_syvirr,Total_CP,Total_CP,RF_depth1,0.7675370251665448,0.8611111111111112,-5
C871,LOOCV,p7_r5_syvirr,Interface_RMS,Interface_RMS,SVM_RBF,0.27493242379745625,0.8333333333333333,-5
C871,LOOCV,p7_r5_syvirr,CP_summary,CP_summary,SVM_RBF,0.42711605073094006,0.8333333333333333,-5
C871,LOOCV,p7_r5_syvirr,Repository,Repository,SVM_RBF,0.4503912541758239,0.7777777777777777,-5
C871,LOOCV,p7_r5_syvirr,Local_deltaCP,Local_deltaCP,LR_1,0.09827316257783186,0.8333333333333333,-5
C871,LOOCV,p7_r5_syvirr,Sequence,Sequence,LR_0.01,0.565503656326992,0.6388888888888888,-5
C871,LOOCV,p7_r5_syvirr,Sequence_Local,Sequence_Local,LR_0.1,0.3704747782799073,0.7777777777777777,-5
C871,LOOCV,p7_r5_syvirr,ContactSeek_CCR,ContactSeek_CCR,LDA_shrinkage,0.5,0.8333333333333333,-5
C871,LOOCV,p7_r5_syvirr,Nested_all,Total_CP,RF_depth1,0.7675370251665448,0.8611111111111112,-5
C871,LOOCV,p8_r6_gve,Total_CP,Total_CP,RF_depth1,0.768132092380033,0.8888888888888888,-5
C871,LOOCV,p8_r6_gve,Interface_RMS,Interface_RMS,SVM_RBF,0.27494113192760533,0.8333333333333333,-5
C871,LOOCV,p8_r6_gve,CP_summary,CP_summary,LR_1,0.19275909006686154,0.8333333333333333,-5
C871,LOOCV,p8_r6_gve,Repository,Repository,LR_0.01,0.4543162239993052,0.75,-5
C871,LOOCV,p8_r6_gve,Local_deltaCP,Local_deltaCP,LR_1,0.14193118416959716,0.8055555555555556,-5
C871,LOOCV,p8_r6_gve,Sequence,Sequence,LDA_shrinkage,0.9999999999999988,0.6388888888888888,-5
C871,LOOCV,p8_r6_gve,Sequence_Local,Sequence_Local,LR_0.01,0.4145299762296204,0.75,-5
C871,LOOCV,p8_r6_gve,ContactSeek_CCR,ContactSeek_CCR,LDA_shrinkage,0.5,0.8055555555555556,-5
C871,LOOCV,p8_r6_gve,Nested_all,Total_CP,RF_depth1,0.768132092380033,0.8888888888888888,-5
C871,Position_group_out,4,Total_CP,Total_CP,RF_depth1,0.9247003584970074,0.8235294117647058,-5
C871,Position_group_out,4,Interface_RMS,Interface_RMS,SVM_RBF,0.7310952517078538,0.7058823529411764,-5
C871,Position_group_out,4,CP_summary,CP_summary,LR_1,0.07070912570676961,0.7745098039215685,-5
C871,Position_group_out,4,Repository,Repository,LDA_shrinkage,0.01341682594655702,0.7745098039215685,-5
C871,Position_group_out,4,Local_deltaCP,Local_deltaCP,LR_1,2.735702880152401e-06,0.9117647058823529,-5
C871,Position_group_out,4,Sequence,Sequence,LR_0.01,0.5417648989398622,0.5882352941176471,-5
C871,Position_group_out,4,Sequence_Local,Sequence_Local,LR_0.1,0.34852016926902785,0.8823529411764706,-5
C871,Position_group_out,4,ContactSeek_CCR,ContactSeek_CCR,LR_1,0.5,0.7156862745098038,-5
C871,Position_group_out,4,Nested_all,Local_deltaCP,LR_1,2.735702880152401e-06,0.9117647058823529,-5
C871,Position_group_out,4+7,Total_CP,Total_CP,LR_0.01,0.5,0.5,-5
C871,Position_group_out,4+7,Interface_RMS,Interface_RMS,LR_0.01,0.5,0.5,-5
C871,Position_group_out,4+7,CP_summary,CP_summary,LR_0.01,0.0,0.5,-5
C871,Position_group_out,4+7,Repository,Repository,LR_0.01,0.0,0.5,-5
C871,Position_group_out,4+7,Local_deltaCP,Local_deltaCP,LR_0.01,0.0,0.5,-5
C871,Position_group_out,4+7,Sequence,Sequence,LR_0.01,0.0,0.5,-5
C871,Position_group_out,4+7,Sequence_Local,Sequence_Local,LR_0.01,0.0,0.5,-5
C871,Position_group_out,4+7,ContactSeek_CCR,ContactSeek_CCR,LR_0.01,0.5,0.5,-5
C871,Position_group_out,4+7,Nested_all,Total_CP,LR_0.01,0.5,0.5,-5
C871,Position_group_out,5,Total_CP,Total_CP,LR_0.01,0.0,0.5,-5
C871,Position_group_out,5,Interface_RMS,Interface_RMS,LR_0.01,0.0,0.5,-5
C871,Position_group_out,5,CP_summary,CP_summary,LR_0.01,0.0,0.5,-5
C871,Position_group_out,5,Repository,Repository,LR_0.01,0.0,0.5,-5
C871,Position_group_out,5,Local_deltaCP,Local_deltaCP,LR_0.01,0.0,0.5,-5
C871,Position_group_out,5,Sequence,Sequence,LR_0.01,0.0,0.5,-5
C871,Position_group_out,5,Sequence_Local,Sequence_Local,LR_0.01,0.0,0.5,-5
C871,Position_group_out,5,ContactSeek_CCR,ContactSeek_CCR,LR_0.01,0.0,0.5,-5
C871,Position_group_out,5,Nested_all,Total_CP,LR_0.01,0.0,0.5,-5
C871,Position_group_out,6,Total_CP,Total_CP,LR_0.01,0.4928390214265843,0.7619047619047619,-5
C871,Position_group_out,6,Interface_RMS,Interface_RMS,SVM_RBF,0.40264380207416217,0.6547619047619048,-5
C871,Position_group_out,6,CP_summary,CP_summary,LR_0.01,0.4757763589713274,0.7619047619047619,-5
C871,Position_group_out,6,Repository,Repository,LR_0.01,0.4794414469260513,0.7619047619047619,-5
C871,Position_group_out,6,Local_deltaCP,Local_deltaCP,RF_depth1,0.5931965811965809,0.7261904761904762,-5
C871,Position_group_out,6,Sequence,Sequence,SVM_RBF,0.7293650663883335,0.5714285714285714,-5
C871,Position_group_out,6,Sequence_Local,Sequence_Local,RF_depth1,0.5776410256410254,0.7619047619047619,-5
C871,Position_group_out,6,ContactSeek_CCR,ContactSeek_CCR,RF_depth1,0.5878493589743587,0.7261904761904762,-5
C871,Position_group_out,6,Nested_all,Total_CP,LR_0.01,0.4928390214265843,0.7619047619047619,-5
C871,Position_group_out,7,Total_CP,Total_CP,RF_depth1,0.9144553059354746,0.8611111111111112,-5
C871,Position_group_out,7,Interface_RMS,Interface_RMS,SVM_RBF,0.7310639905888237,0.7222222222222222,-5
C871,Position_group_out,7,CP_summary,CP_summary,LR_1,0.06044307670084746,0.7777777777777777,-5
C871,Position_group_out,7,Repository,Repository,LR_1,0.15247232927508045,0.75,-5
C871,Position_group_out,7,Local_deltaCP,Local_deltaCP,LR_1,2.2855010129079085e-07,0.8611111111111112,-5
C871,Position_group_out,7,Sequence,Sequence,LR_0.01,0.5371112237533453,0.6111111111111112,-5
C871,Position_group_out,7,Sequence_Local,Sequence_Local,LR_1,0.5,0.8055555555555556,-5
C871,Position_group_out,7,ContactSeek_CCR,ContactSeek_CCR,RF_depth1,0.7596642777512344,0.7222222222222222,-5
C871,Position_group_out,7,Nested_all,Total_CP,RF_depth1,0.9144553059354746,0.8611111111111112,-5
C871,Position_group_out,8,Total_CP,Total_CP,RF_depth1,0.9152719072214797,0.8333333333333333,-5
C871,Position_group_out,8,Interface_RMS,Interface_RMS,SVM_RBF,0.7309929677043385,0.75,-5
C871,Position_group_out,8,CP_summary,CP_summary,LR_0.1,0.2845840774932441,0.7777777777777777,-5
C871,Position_group_out,8,Repository,Repository,LR_1,0.06084891268297196,0.7777777777777777,-5
C871,Position_group_out,8,Local_deltaCP,Local_deltaCP,LR_1,2.735702880152401e-06,0.8611111111111112,-5
C871,Position_group_out,8,Sequence,Sequence,SVM_RBF,0.7179865254103748,0.6111111111111112,-5
C871,Position_group_out,8,Sequence_Local,Sequence_Local,LR_1,0.8060699617740716,0.7777777777777778,-5
C871,Position_group_out,8,ContactSeek_CCR,ContactSeek_CCR,RF_depth1,0.8321375496484192,0.6111111111111112,-5
C871,Position_group_out,8,Nested_all,Local_deltaCP,LR_1,2.735702880152401e-06,0.8611111111111112,-5
C871,Strict_position_out,P4,Total_CP,Total_CP,LR_0.01,0.5,0.5,-5
C871,Strict_position_out,P4,Interface_RMS,Interface_RMS,LR_0.01,0.5,0.5,-5
C871,Strict_position_out,P4,CP_summary,CP_summary,LR_0.01,0.0,0.5,-5
C871,Strict_position_out,P4,Repository,Repository,LR_0.01,0.0,0.5,-5
C871,Strict_position_out,P4,Local_deltaCP,Local_deltaCP,LR_0.01,0.5,0.5,-5
C871,Strict_position_out,P4,Sequence,Sequence,LR_0.01,0.0,0.5,-5
C871,Strict_position_out,P4,Sequence_Local,Sequence_Local,LR_0.01,0.5,0.5,-5
C871,Strict_position_out,P4,ContactSeek_CCR,ContactSeek_CCR,LR_0.01,0.5,0.5,-5
C871,Strict_position_out,P4,Nested_all,Total_CP,LR_0.01,0.5,0.5,-5
C871,Strict_position_out,P5,Total_CP,Total_CP,LR_0.01,0.0,0.5,-5
C871,Strict_position_out,P5,Interface_RMS,Interface_RMS,LR_0.01,0.0,0.5,-5
C871,Strict_position_out,P5,CP_summary,CP_summary,LR_0.01,0.0,0.5,-5
C871,Strict_position_out,P5,Repository,Repository,LR_0.01,0.0,0.5,-5
C871,Strict_position_out,P5,Local_deltaCP,Local_deltaCP,LR_0.01,0.0,0.5,-5
C871,Strict_position_out,P5,Sequence,Sequence,LR_0.01,0.5,0.5,-5
C871,Strict_position_out,P5,Sequence_Local,Sequence_Local,LR_0.01,0.0,0.5,-5
C871,Strict_position_out,P5,ContactSeek_CCR,ContactSeek_CCR,LR_0.01,0.0,0.5,-5
C871,Strict_position_out,P5,Nested_all,Total_CP,LR_0.01,0.0,0.5,-5
C871,Strict_position_out,P6,Total_CP,Total_CP,LR_0.01,0.4928390214265843,0.7619047619047619,-5
C871,Strict_position_out,P6,Interface_RMS,Interface_RMS,SVM_RBF,0.40264380207416217,0.6547619047619048,-5
C871,Strict_position_out,P6,CP_summary,CP_summary,LR_0.01,0.4757763589713274,0.7619047619047619,-5
C871,Strict_position_out,P6,Repository,Repository,LR_0.01,0.4794414469260513,0.7619047619047619,-5
C871,Strict_position_out,P6,Local_deltaCP,Local_deltaCP,RF_depth1,0.5931965811965809,0.7261904761904762,-5
C871,Strict_position_out,P6,Sequence,Sequence,SVM_RBF,0.7293650663883335,0.5714285714285714,-5
C871,Strict_position_out,P6,Sequence_Local,Sequence_Local,RF_depth1,0.5776410256410254,0.7619047619047619,-5
C871,Strict_position_out,P6,ContactSeek_CCR,ContactSeek_CCR,RF_depth1,0.5878493589743587,0.7261904761904762,-5
C871,Strict_position_out,P6,Nested_all,Total_CP,LR_0.01,0.4928390214265843,0.7619047619047619,-5
C871,Strict_position_out,P7,Total_CP,Total_CP,LR_0.01,0.5,0.5,-5
C871,Strict_position_out,P7,Interface_RMS,Interface_RMS,LR_0.01,0.5,0.5,-5
C871,Strict_position_out,P7,CP_summary,CP_summary,LR_0.01,0.0,0.5,-5
C871,Strict_position_out,P7,Repository,Repository,LR_0.01,0.0,0.5,-5
C871,Strict_position_out,P7,Local_deltaCP,Local_deltaCP,LR_0.01,0.0,0.5,-5
C871,Strict_position_out,P7,Sequence,Sequence,LR_0.01,0.0,0.5,-5
C871,Strict_position_out,P7,Sequence_Local,Sequence_Local,LR_0.01,0.0,0.5,-5
C871,Strict_position_out,P7,ContactSeek_CCR,ContactSeek_CCR,LR_0.01,0.5,0.5,-5
C871,Strict_position_out,P7,Nested_all,Total_CP,LR_0.01,0.5,0.5,-5
C871,Strict_position_out,P8,Total_CP,Total_CP,RF_depth1,0.9195913751552849,0.8472222222222222,-5
C871,Strict_position_out,P8,Interface_RMS,Interface_RMS,SVM_RBF,0.7311239076175926,0.7222222222222222,-5
C871,Strict_position_out,P8,CP_summary,CP_summary,LR_0.1,0.2908585609906077,0.7777777777777777,-5
C871,Strict_position_out,P8,Repository,Repository,LR_1,0.13853316018945658,0.7777777777777777,-5
C871,Strict_position_out,P8,Local_deltaCP,Local_deltaCP,LR_1,2.735702880152401e-06,0.7916666666666667,-5
C871,Strict_position_out,P8,Sequence,Sequence,SVM_RBF,0.7179865254103748,0.6111111111111112,-5
C871,Strict_position_out,P8,Sequence_Local,Sequence_Local,LR_1,0.8163608060636709,0.7777777777777778,-5
C871,Strict_position_out,P8,ContactSeek_CCR,ContactSeek_CCR,SVM_RBF,0.7167099978337346,0.6666666666666667,-5
C871,Strict_position_out,P8,Nested_all,Total_CP,RF_depth1,0.9195913751552849,0.8472222222222222,-5
C871,LOOCV,p4_r5_she,Total_CP,Total_CP,LR_0.01,0.49428853152959684,0.7166666666666667,-10
C871,LOOCV,p4_r5_she,Interface_RMS,Interface_RMS,GaussianNB,0.7118149619259961,0.7666666666666666,-10
C871,LOOCV,p4_r5_she,CP_summary,CP_summary,RF_depth1,0.7927552930291155,0.8333333333333333,-10
C871,LOOCV,p4_r5_she,Repository,Repository,RF_depth1,0.5,0.7666666666666666,-10
C871,LOOCV,p4_r5_she,Local_deltaCP,Local_deltaCP,LR_1,0.0297476995714481,0.75,-10
C871,LOOCV,p4_r5_she,Sequence,Sequence,GaussianNB,0.5,0.5666666666666667,-10
C871,LOOCV,p4_r5_she,Sequence_Local,Sequence_Local,LR_0.01,0.37345577592430634,0.7166666666666667,-10
C871,LOOCV,p4_r5_she,ContactSeek_CCR,ContactSeek_CCR,GaussianNB,7.237629850447941e-290,0.8333333333333333,-10
C871,LOOCV,p4_r5_she,Nested_all,CP_summary,RF_depth1,0.7927552930291155,0.8333333333333333,-10
C871,LOOCV,p4_r5_she_plus_p7_r5_she,Total_CP,Total_CP,LR_0.01,0.49431686540358344,0.7166666666666667,-10
C871,LOOCV,p4_r5_she_plus_p7_r5_she,Interface_RMS,Interface_RMS,GaussianNB,0.7119585491186767,0.7666666666666666,-10
C871,LOOCV,p4_r5_she_plus_p7_r5_she,CP_summary,CP_summary,RF_depth1,0.7782422761214083,0.7166666666666667,-10
C871,LOOCV,p4_r5_she_plus_p7_r5_she,Repository,Repository,LR_0.01,0.44451231492258125,0.7166666666666667,-10
C871,LOOCV,p4_r5_she_plus_p7_r5_she,Local_deltaCP,Local_deltaCP,LR_1,0.0407252924098621,0.75,-10
C871,LOOCV,p4_r5_she_plus_p7_r5_she,Sequence,Sequence,LR_1,0.9911449018388172,0.5666666666666667,-10
C871,LOOCV,p4_r5_she_plus_p7_r5_she,Sequence_Local,Sequence_Local,LR_0.01,0.35078218212580253,0.7166666666666667,-10
C871,LOOCV,p4_r5_she_plus_p7_r5_she,ContactSeek_CCR,ContactSeek_CCR,GaussianNB,1.302732906272245e-304,0.8333333333333333,-10
C871,LOOCV,p4_r5_she_plus_p7_r5_she,Nested_all,ContactSeek_CCR,GaussianNB,1.302732906272245e-304,0.8333333333333333,-10
C871,LOOCV,p4_r5_sne,Total_CP,Total_CP,RF_depth1,0.48641681413955895,0.7142857142857143,-10
C871,LOOCV,p4_r5_sne,Interface_RMS,Interface_RMS,LR_0.01,0.4932708561998753,0.6785714285714286,-10
C871,LOOCV,p4_r5_sne,CP_summary,CP_summary,ExtraTrees_depth2,0.5155114775505587,0.8571428571428571,-10
C871,LOOCV,p4_r5_sne,Repository,Repository,ExtraTrees_depth2,0.5544042946615785,0.7857142857142857,-10
C871,LOOCV,p4_r5_sne,Local_deltaCP,Local_deltaCP,LR_0.01,0.408169051103196,0.6785714285714286,-10
C871,LOOCV,p4_r5_sne,Sequence,Sequence,RF_depth1,0.46718607106269805,0.7142857142857143,-10
C871,LOOCV,p4_r5_sne,Sequence_Local,Sequence_Local,LR_0.01,0.4888886148716537,0.7142857142857142,-10
C871,LOOCV,p4_r5_sne,ContactSeek_CCR,ContactSeek_CCR,LR_0.1,0.4269695058279386,0.7857142857142857,-10
C871,LOOCV,p4_r5_sne,Nested_all,CP_summary,ExtraTrees_depth2,0.5155114775505587,0.8571428571428571,-10
C871,LOOCV,p4_r5_sne_plus_p7_r5_sne,Total_CP,Total_CP,RF_depth1,0.3462521515018755,0.7142857142857142,-10
C871,LOOCV,p4_r5_sne_plus_p7_r5_sne,Interface_RMS,Interface_RMS,LR_0.01,0.4932670227737038,0.6785714285714286,-10
C871,LOOCV,p4_r5_sne_plus_p7_r5_sne,CP_summary,CP_summary,ExtraTrees_depth2,0.5424787336381074,0.8571428571428571,-10
C871,LOOCV,p4_r5_sne_plus_p7_r5_sne,Repository,Repository,RF_depth1,0.6149577718768511,0.8214285714285714,-10
C871,LOOCV,p4_r5_sne_plus_p7_r5_sne,Local_deltaCP,Local_deltaCP,LR_0.01,0.407011294350031,0.6785714285714286,-10
C871,LOOCV,p4_r5_sne_plus_p7_r5_sne,Sequence,Sequence,RF_depth1,0.4939201833742003,0.6785714285714286,-10
C871,LOOCV,p4_r5_sne_plus_p7_r5_sne,Sequence_Local,Sequence_Local,LR_0.01,0.39426024777092716,0.6785714285714286,-10
C871,LOOCV,p4_r5_sne_plus_p7_r5_sne,ContactSeek_CCR,ContactSeek_CCR,ExtraTrees_depth2,0.5,0.7857142857142857,-10
C871,LOOCV,p4_r5_sne_plus_p7_r5_sne,Nested_all,CP_summary,ExtraTrees_depth2,0.5424787336381074,0.8571428571428571,-10
C871,LOOCV,p4_r5_swd_plus_p7_r5_swd,Total_CP,Total_CP,RF_depth1,0.33925120375076157,0.7142857142857142,-10
C871,LOOCV,p4_r5_swd_plus_p7_r5_swd,Interface_RMS,Interface_RMS,LR_0.01,0.49262183559554595,0.6785714285714286,-10
C871,LOOCV,p4_r5_swd_plus_p7_r5_swd,CP_summary,CP_summary,RF_depth1,0.710429490476921,0.8214285714285714,-10
C871,LOOCV,p4_r5_swd_plus_p7_r5_swd,Repository,Repository,RF_depth1,0.655787542398109,0.7857142857142857,-10
C871,LOOCV,p4_r5_swd_plus_p7_r5_swd,Local_deltaCP,Local_deltaCP,LR_0.01,0.4105748983681479,0.6785714285714286,-10
C871,LOOCV,p4_r5_swd_plus_p7_r5_swd,Sequence,Sequence,ExtraTrees_depth2,0.2732208124477862,0.6428571428571428,-10
C871,LOOCV,p4_r5_swd_plus_p7_r5_swd,Sequence_Local,Sequence_Local,LR_0.01,0.39364358249184417,0.6785714285714286,-10
C871,LOOCV,p4_r5_swd_plus_p7_r5_swd,ContactSeek_CCR,ContactSeek_CCR,ExtraTrees_depth2,0.5399908949583178,0.7857142857142857,-10
C871,LOOCV,p4_r5_swd_plus_p7_r5_swd,Nested_all,CP_summary,RF_depth1,0.710429490476921,0.8214285714285714,-10
C871,LOOCV,p4_r5_the_plus_p7_r5_the,Total_CP,Total_CP,LR_1,0.5258741711305666,0.7142857142857143,-10
C871,LOOCV,p4_r5_the_plus_p7_r5_the,Interface_RMS,Interface_RMS,SVM_RBF,0.7286197263357337,0.75,-10
C871,LOOCV,p4_r5_the_plus_p7_r5_the,CP_summary,CP_summary,RF_depth1,0.7361927997399216,0.8571428571428572,-10
C871,LOOCV,p4_r5_the_plus_p7_r5_the,Repository,Repository,RF_depth1,0.5446181126762446,0.7857142857142857,-10
C871,LOOCV,p4_r5_the_plus_p7_r5_the,Local_deltaCP,Local_deltaCP,LR_0.01,0.4039223737539688,0.6785714285714286,-10
C871,LOOCV,p4_r5_the_plus_p7_r5_the,Sequence,Sequence,ExtraTrees_depth2,0.26144587320574164,0.7142857142857143,-10
C871,LOOCV,p4_r5_the_plus_p7_r5_the,Sequence_Local,Sequence_Local,LR_0.1,0.5,0.7142857142857142,-10
C871,LOOCV,p4_r5_the_plus_p7_r5_the,ContactSeek_CCR,ContactSeek_CCR,RF_depth1,0.5,0.8214285714285714,-10
C871,LOOCV,p4_r5_the_plus_p7_r5_the,Nested_all,CP_summary,RF_depth1,0.7361927997399216,0.8571428571428572,-10
C871,LOOCV,p5_r6_aye,Total_CP,Total_CP,LDA_shrinkage,0.5428501800832639,0.75,-10
C871,LOOCV,p5_r6_aye,Interface_RMS,Interface_RMS,SVM_RBF,0.7279054592378624,0.7142857142857142,-10
C871,LOOCV,p5_r6_aye,CP_summary,CP_summary,RF_depth1,0.752704112979927,0.8571428571428572,-10
C871,LOOCV,p5_r6_aye,Repository,Repository,RF_depth2,0.744374824440881,0.8214285714285714,-10
C871,LOOCV,p5_r6_aye,Local_deltaCP,Local_deltaCP,LR_0.01,0.40879592799195263,0.6785714285714286,-10
C871,LOOCV,p5_r6_aye,Sequence,Sequence,RF_depth2,0.49102211883243174,0.6785714285714286,-10
C871,LOOCV,p5_r6_aye,Sequence_Local,Sequence_Local,LR_0.01,0.39466263140678276,0.6785714285714286,-10
C871,LOOCV,p5_r6_aye,ContactSeek_CCR,ContactSeek_CCR,LR_0.1,0.44251547044271766,0.7857142857142857,-10
C871,LOOCV,p5_r6_aye,Nested_all,CP_summary,RF_depth1,0.752704112979927,0.8571428571428572,-10
C871,LOOCV,p5_r6_nye,Total_CP,Total_CP,LR_1,0.5264169705894433,0.7142857142857143,-10
C871,LOOCV,p5_r6_nye,Interface_RMS,Interface_RMS,RF_depth1,0.5040387751757662,0.7142857142857142,-10
C871,LOOCV,p5_r6_nye,CP_summary,CP_summary,RF_depth1,0.7545743536341134,0.8214285714285714,-10
C871,LOOCV,p5_r6_nye,Repository,Repository,RF_depth2,0.7554501266114252,0.7857142857142857,-10
C871,LOOCV,p5_r6_nye,Local_deltaCP,Local_deltaCP,LR_0.01,0.4202546710483144,0.6785714285714286,-10
C871,LOOCV,p5_r6_nye,Sequence,Sequence,RF_depth1,0.5,0.6428571428571428,-10
C871,LOOCV,p5_r6_nye,Sequence_Local,Sequence_Local,LR_0.01,0.4003220523733078,0.6785714285714286,-10
C871,LOOCV,p5_r6_nye,ContactSeek_CCR,ContactSeek_CCR,GaussianNB,9.201485706254425e-207,0.8571428571428571,-10
C871,LOOCV,p5_r6_nye,Nested_all,ContactSeek_CCR,GaussianNB,9.201485706254425e-207,0.8571428571428571,-10
C871,LOOCV,p5_r6_sfe,Total_CP,Total_CP,LR_0.01,0.4985701625811602,0.65,-10
C871,LOOCV,p5_r6_sfe,Interface_RMS,Interface_RMS,LR_1,0.5245250312790987,0.6833333333333333,-10
C871,LOOCV,p5_r6_sfe,CP_summary,CP_summary,RF_depth1,0.7776001885262634,0.7166666666666667,-10
C871,LOOCV,p5_r6_sfe,Repository,Repository,RF_depth1,0.6908459913282441,0.7166666666666667,-10
C871,LOOCV,p5_r6_sfe,Local_deltaCP,Local_deltaCP,SVM_RBF,0.3314719940489861,0.6666666666666666,-10
C871,LOOCV,p5_r6_sfe,Sequence,Sequence,LR_1,0.26297993580973805,0.6,-10
C871,LOOCV,p5_r6_sfe,Sequence_Local,Sequence_Local,LR_0.01,0.6321996096040121,0.6,-10
C871,LOOCV,p5_r6_sfe,ContactSeek_CCR,ContactSeek_CCR,ExtraTrees_depth2,0.665634518989782,0.8333333333333333,-10
C871,LOOCV,p5_r6_sfe,Nested_all,ContactSeek_CCR,ExtraTrees_depth2,0.665634518989782,0.8333333333333333,-10
C871,LOOCV,p5_r6_swd,Total_CP,Total_CP,LR_1,0.5256342413398134,0.7142857142857143,-10
C871,LOOCV,p5_r6_swd,Interface_RMS,Interface_RMS,RF_depth2,0.46114916497922265,0.7142857142857142,-10
C871,LOOCV,p5_r6_swd,CP_summary,CP_summary,RF_depth1,0.752704112979927,0.7857142857142857,-10
C871,LOOCV,p5_r6_swd,Repository,Repository,RF_depth1,0.7541636796599691,0.7857142857142857,-10
C871,LOOCV,p5_r6_swd,Local_deltaCP,Local_deltaCP,LR_0.01,0.4190371590410338,0.6785714285714286,-10
C871,LOOCV,p5_r6_swd,Sequence,Sequence,ExtraTrees_depth2,0.5980094043887145,0.6785714285714286,-10
C871,LOOCV,p5_r6_swd,Sequence_Local,Sequence_Local,LR_0.01,0.4043728495744606,0.6785714285714286,-10
C871,LOOCV,p5_r6_swd,ContactSeek_CCR,ContactSeek_CCR,GaussianNB,6.754636991103113e-295,0.8571428571428572,-10
C871,LOOCV,p5_r6_swd,Nested_all,ContactSeek_CCR,GaussianNB,6.754636991103113e-295,0.8571428571428572,-10
C871,LOOCV,p5_r6_syq,Total_CP,Total_CP,LR_0.01,0.4985701625811602,0.65,-10
C871,LOOCV,p5_r6_syq,Interface_RMS,Interface_RMS,LR_1,0.5288109870523419,0.6833333333333333,-10
C871,LOOCV,p5_r6_syq,CP_summary,CP_summary,RF_depth1,0.7292254337654105,0.75,-10
C871,LOOCV,p5_r6_syq,Repository,Repository,RF_depth1,0.38611227954740945,0.7166666666666667,-10
C871,LOOCV,p5_r6_syq,Local_deltaCP,Local_deltaCP,LR_1,0.0407252924098621,0.6666666666666666,-10
C871,LOOCV,p5_r6_syq,Sequence,Sequence,LR_1,0.299785084616126,0.6833333333333333,-10
C871,LOOCV,p5_r6_syq,Sequence_Local,Sequence_Local,SVM_RBF,0.43123488490124406,0.6333333333333333,-10
C871,LOOCV,p5_r6_syq,ContactSeek_CCR,ContactSeek_CCR,ExtraTrees_depth2,0.7274097935088648,0.8,-10
C871,LOOCV,p5_r6_syq,Nested_all,ContactSeek_CCR,ExtraTrees_depth2,0.7274097935088648,0.8,-10
C871,LOOCV,p5_r6_thn,Total_CP,Total_CP,LR_0.01,0.5006057474890633,0.75,-10
C871,LOOCV,p5_r6_thn,Interface_RMS,Interface_RMS,SVM_RBF,0.7286844281401926,0.7857142857142857,-10
C871,LOOCV,p5_r6_thn,CP_summary,CP_summary,RF_depth1,0.7327310617229348,0.8214285714285714,-10
C871,LOOCV,p5_r6_thn,Repository,Repository,GaussianNB,0.8717174439531585,0.7857142857142857,-10
C871,LOOCV,p5_r6_thn,Local_deltaCP,Local_deltaCP,LR_0.01,0.3305046178170038,0.7142857142857143,-10
C871,LOOCV,p5_r6_thn,Sequence,Sequence,GaussianNB,3.560551886887729e-05,0.6785714285714286,-10
C871,LOOCV,p5_r6_thn,Sequence_Local,Sequence_Local,GaussianNB,5.424255957762749e-19,0.75,-10
C871,LOOCV,p5_r6_thn,ContactSeek_CCR,ContactSeek_CCR,GaussianNB,4.2876258623087754e-226,0.8928571428571428,-10
C871,LOOCV,p5_r6_thn,Nested_all,ContactSeek_CCR,GaussianNB,4.2876258623087754e-226,0.8928571428571428,-10
C871,LOOCV,p5_r6_twd,Total_CP,Total_CP,LR_0.01,0.5005425764690209,0.6785714285714286,-10
C871,LOOCV,p5_r6_twd,Interface_RMS,Interface_RMS,RF_depth2,0.4597997045301899,0.7142857142857142,-10
C871,LOOCV,p5_r6_twd,CP_summary,CP_summary,RF_depth1,0.7855207709719836,0.8214285714285714,-10
C871,LOOCV,p5_r6_twd,Repository,Repository,GaussianNB,0.961379774955212,0.75,-10
C871,LOOCV,p5_r6_twd,Local_deltaCP,Local_deltaCP,LR_0.01,0.4155640358064022,0.6785714285714286,-10
C871,LOOCV,p5_r6_twd,Sequence,Sequence,ExtraTrees_depth2,0.45247072236636676,0.6785714285714286,-10
C871,LOOCV,p5_r6_twd,Sequence_Local,Sequence_Local,LR_0.01,0.40264445416882766,0.6785714285714286,-10
C871,LOOCV,p5_r6_twd,ContactSeek_CCR,ContactSeek_CCR,GaussianNB,0.001801413228163832,0.8214285714285714,-10
C871,LOOCV,p5_r6_twd,Nested_all,CP_summary,RF_depth1,0.7855207709719836,0.8214285714285714,-10
C871,LOOCV,p5_r6_tye,Total_CP,Total_CP,LDA_shrinkage,0.5356802488374224,0.7142857142857143,-10
C871,LOOCV,p5_r6_tye,Interface_RMS,Interface_RMS,RF_depth1,0.5157273169260396,0.7142857142857142,-10
C871,LOOCV,p5_r6_tye,CP_summary,CP_summary,LR_0.1,0.4849944566555831,0.7142857142857143,-10
C871,LOOCV,p5_r6_tye,Repository,Repository,GaussianNB,0.9716778098346699,0.75,-10
C871,LOOCV,p5_r6_tye,Local_deltaCP,Local_deltaCP,LR_0.01,0.40212561410676595,0.6785714285714286,-10
C871,LOOCV,p5_r6_tye,Sequence,Sequence,ExtraTrees_depth2,0.48457326827707525,0.6071428571428572,-10
C871,LOOCV,p5_r6_tye,Sequence_Local,Sequence_Local,LR_0.01,0.38832187567558046,0.6785714285714286,-10
C871,LOOCV,p5_r6_tye,ContactSeek_CCR,ContactSeek_CCR,GaussianNB,0.001801413228163832,0.8214285714285714,-10
C871,LOOCV,p5_r6_tye,Nested_all,ContactSeek_CCR,GaussianNB,0.001801413228163832,0.8214285714285714,-10
C871,LOOCV,p5_r6_vfn,Total_CP,Total_CP,LR_0.01,0.49876257893079484,0.65,-10
C871,LOOCV,p5_r6_vfn,Interface_RMS,Interface_RMS,LR_1,0.5288109870523419,0.6833333333333333,-10
C871,LOOCV,p5_r6_vfn,CP_summary,CP_summary,RF_depth1,0.7292254337654105,0.75,-10
C871,LOOCV,p5_r6_vfn,Repository,Repository,GaussianNB,0.999999991530709,0.7,-10
C871,LOOCV,p5_r6_vfn,Local_deltaCP,Local_deltaCP,LR_1,0.045922902469136856,0.6666666666666666,-10
C871,LOOCV,p5_r6_vfn,Sequence,Sequence,LR_1,0.3494420326342944,0.7666666666666666,-10
C871,LOOCV,p5_r6_vfn,Sequence_Local,Sequence_Local,LR_1,0.0076700797642109755,0.6666666666666666,-10
C871,LOOCV,p5_r6_vfn,ContactSeek_CCR,ContactSeek_CCR,ExtraTrees_depth2,0.7274097935088648,0.8,-10
C871,LOOCV,p5_r6_vfn,Nested_all,ContactSeek_CCR,ExtraTrees_depth2,0.7274097935088648,0.8,-10
C871,LOOCV,p6_r7_qfw,Total_CP,Total_CP,ExtraTrees_depth2,0.5,0.7142857142857142,-10
C871,LOOCV,p6_r7_qfw,Interface_RMS,Interface_RMS,RF_depth2,0.5311830339523623,0.8214285714285714,-10
C871,LOOCV,p6_r7_qfw,CP_summary,CP_summary,RF_depth1,0.5,0.7142857142857142,-10
C871,LOOCV,p6_r7_qfw,Repository,Repository,RF_depth1,0.5,0.7142857142857142,-10
C871,LOOCV,p6_r7_qfw,Local_deltaCP,Local_deltaCP,LR_0.01,0.400070817368845,0.6785714285714286,-10
C871,LOOCV,p6_r7_qfw,Sequence,Sequence,RF_depth1,0.383363709621098,0.5714285714285714,-10
C871,LOOCV,p6_r7_qfw,Sequence_Local,Sequence_Local,LR_0.01,0.38812366163829715,0.6785714285714286,-10
C871,LOOCV,p6_r7_qfw,ContactSeek_CCR,ContactSeek_CCR,GaussianNB,0.0016658900774122508,0.8571428571428571,-10
C871,LOOCV,p6_r7_qfw,Nested_all,ContactSeek_CCR,GaussianNB,0.0016658900774122508,0.8571428571428571,-10
C871,LOOCV,p6_r7_qrw,Total_CP,Total_CP,ExtraTrees_depth2,0.4989200134320847,0.7142857142857142,-10
C871,LOOCV,p6_r7_qrw,Interface_RMS,Interface_RMS,RF_depth2,0.5412132458621678,0.7857142857142857,-10
C871,LOOCV,p6_r7_qrw,CP_summary,CP_summary,LR_0.01,0.5,0.6785714285714286,-10
C871,LOOCV,p6_r7_qrw,Repository,Repository,LR_0.01,0.4352996024123473,0.6785714285714286,-10
C871,LOOCV,p6_r7_qrw,Local_deltaCP,Local_deltaCP,LR_0.01,0.400070817368845,0.6785714285714286,-10
C871,LOOCV,p6_r7_qrw,Sequence,Sequence,ExtraTrees_depth2,0.4046310929099196,0.5714285714285714,-10
C871,LOOCV,p6_r7_qrw,Sequence_Local,Sequence_Local,LR_0.01,0.37604318426640226,0.6785714285714286,-10
C871,LOOCV,p6_r7_qrw,ContactSeek_CCR,ContactSeek_CCR,GaussianNB,0.0016658900774122508,0.8214285714285714,-10
C871,LOOCV,p6_r7_qrw,Nested_all,ContactSeek_CCR,GaussianNB,0.0016658900774122508,0.8214285714285714,-10
C871,LOOCV,p6_r7_trq,Total_CP,Total_CP,RF_depth1,0.6805397431467943,0.75,-10
C871,LOOCV,p6_r7_trq,Interface_RMS,Interface_RMS,SVM_RBF,0.7304601385558851,0.75,-10
C871,LOOCV,p6_r7_trq,CP_summary,CP_summary,RF_depth1,0.3119659199117081,0.7666666666666666,-10
C871,LOOCV,p6_r7_trq,Repository,Repository,RF_depth2,0.3807582195301433,0.7666666666666666,-10
C871,LOOCV,p6_r7_trq,Local_deltaCP,Local_deltaCP,SVM_RBF,0.3476154220280178,0.75,-10
C871,LOOCV,p6_r7_trq,Sequence,Sequence,LR_0.1,0.4145123667984535,0.7666666666666666,-10
C871,LOOCV,p6_r7_trq,Sequence_Local,Sequence_Local,LR_0.1,0.4038102883322999,0.7666666666666666,-10
C871,LOOCV,p6_r7_trq,ContactSeek_CCR,ContactSeek_CCR,ExtraTrees_depth2,0.813728591240201,0.7333333333333334,-10
C871,LOOCV,p6_r7_trq,Nested_all,CP_summary,RF_depth1,0.3119659199117081,0.7666666666666666,-10
C871,LOOCV,p6_r7_wfd,Total_CP,Total_CP,LDA_shrinkage,0.6266715040233819,0.8166666666666667,-10
C871,LOOCV,p6_r7_wfd,Interface_RMS,Interface_RMS,RF_depth2,0.6169058400608963,0.8666666666666667,-10
C871,LOOCV,p6_r7_wfd,CP_summary,CP_summary,ExtraTrees_depth2,0.5970161567878285,0.8666666666666667,-10
C871,LOOCV,p6_r7_wfd,Repository,Repository,GaussianNB,0.9927752635756165,0.7666666666666666,-10
C871,LOOCV,p6_r7_wfd,Local_deltaCP,Local_deltaCP,LR_1,0.012668776458340846,0.75,-10
C871,LOOCV,p6_r7_wfd,Sequence,Sequence,LR_0.01,0.468245696376937,0.75,-10
C871,LOOCV,p6_r7_wfd,Sequence_Local,Sequence_Local,LR_0.1,0.4187370775503705,0.8,-10
C871,LOOCV,p6_r7_wfd,ContactSeek_CCR,ContactSeek_CCR,ExtraTrees_depth2,0.6937414892039502,0.8333333333333333,-10
C871,LOOCV,p6_r7_wfd,Nested_all,Interface_RMS,RF_depth2,0.6169058400608963,0.8666666666666667,-10
C871,LOOCV,p6_r7_wfq,Total_CP,Total_CP,LR_0.01,0.5,0.6785714285714286,-10
C871,LOOCV,p6_r7_wfq,Interface_RMS,Interface_RMS,RF_depth2,0.5083852866889004,0.7857142857142857,-10
C871,LOOCV,p6_r7_wfq,CP_summary,CP_summary,GaussianNB,0.9333162907267132,0.7142857142857143,-10
C871,LOOCV,p6_r7_wfq,Repository,Repository,LR_0.01,0.4502434400444858,0.6785714285714286,-10
C871,LOOCV,p6_r7_wfq,Local_deltaCP,Local_deltaCP,LR_0.01,0.4045341480306961,0.6785714285714286,-10
C871,LOOCV,p6_r7_wfq,Sequence,Sequence,LDA_shrinkage,0.5,0.6428571428571428,-10
C871,LOOCV,p6_r7_wfq,Sequence_Local,Sequence_Local,LR_0.01,0.3796455919783436,0.6785714285714286,-10
C871,LOOCV,p6_r7_wfq,ContactSeek_CCR,ContactSeek_CCR,GaussianNB,0.0007283700267187941,0.8571428571428571,-10
C871,LOOCV,p6_r7_wfq,Nested_all,ContactSeek_CCR,GaussianNB,0.0007283700267187941,0.8571428571428571,-10
C871,LOOCV,p7_r5_syvirr,Total_CP,Total_CP,LR_0.01,0.5,0.6785714285714286,-10
C871,LOOCV,p7_r5_syvirr,Interface_RMS,Interface_RMS,RF_depth2,0.5420868992475489,0.7857142857142857,-10
C871,LOOCV,p7_r5_syvirr,CP_summary,CP_summary,GaussianNB,0.05469043269662674,0.7142857142857142,-10
C871,LOOCV,p7_r5_syvirr,Repository,Repository,LR_0.01,0.4454224697180963,0.6785714285714286,-10
C871,LOOCV,p7_r5_syvirr,Local_deltaCP,Local_deltaCP,LR_0.01,0.360111580818271,0.6428571428571428,-10
C871,LOOCV,p7_r5_syvirr,Sequence,Sequence,LDA_shrinkage,0.5,0.6785714285714286,-10
C871,LOOCV,p7_r5_syvirr,Sequence_Local,Sequence_Local,LR_0.01,0.35934484582954873,0.6428571428571428,-10
C871,LOOCV,p7_r5_syvirr,ContactSeek_CCR,ContactSeek_CCR,GaussianNB,0.9999999999960778,0.8214285714285714,-10
C871,LOOCV,p7_r5_syvirr,Nested_all,ContactSeek_CCR,GaussianNB,0.9999999999960778,0.8214285714285714,-10
C871,LOOCV,p8_r6_gve,Total_CP,Total_CP,LDA_shrinkage,0.5356065834064728,0.75,-10
C871,LOOCV,p8_r6_gve,Interface_RMS,Interface_RMS,RF_depth2,0.5,0.8214285714285714,-10
C871,LOOCV,p8_r6_gve,CP_summary,CP_summary,GaussianNB,0.02842052940190819,0.7142857142857142,-10
C871,LOOCV,p8_r6_gve,Repository,Repository,LR_0.01,0.44335967418335254,0.6785714285714286,-10
C871,LOOCV,p8_r6_gve,Local_deltaCP,Local_deltaCP,GaussianNB,1.1493293540835551e-24,0.6428571428571428,-10
C871,LOOCV,p8_r6_gve,Sequence,Sequence,LDA_shrinkage,0.9164890185214802,0.6428571428571428,-10
C871,LOOCV,p8_r6_gve,Sequence_Local,Sequence_Local,SVM_RBF,0.3953914001324822,0.6785714285714286,-10
C871,LOOCV,p8_r6_gve,ContactSeek_CCR,ContactSeek_CCR,GaussianNB,0.9999999999960778,0.8214285714285714,-10
C871,LOOCV,p8_r6_gve,Nested_all,Interface_RMS,RF_depth2,0.5,0.8214285714285714,-10
C871,Position_group_out,4,Total_CP,Total_CP,LR_0.01,0.49763263091778986,0.7142857142857143,-10
C871,Position_group_out,4,Interface_RMS,Interface_RMS,ExtraTrees_depth2,0.5027850365952833,0.6428571428571428,-10
C871,Position_group_out,4,CP_summary,CP_summary,RF_depth1,0.6177569739652684,0.8928571428571428,-10
C871,Position_group_out,4,Repository,Repository,RF_depth1,0.6735141301369416,0.8571428571428572,-10
C871,Position_group_out,4,Local_deltaCP,Local_deltaCP,SVM_RBF,0.5775921780822243,0.6071428571428572,-10
C871,Position_group_out,4,Sequence,Sequence,RF_depth2,0.658805391552369,0.7142857142857143,-10
C871,Position_group_out,4,Sequence_Local,Sequence_Local,SVM_RBF,0.5781651760312599,0.6071428571428572,-10
C871,Position_group_out,4,ContactSeek_CCR,ContactSeek_CCR,GaussianNB,3.0102392048522115e-287,0.6309523809523809,-10
C871,Position_group_out,4,Nested_all,CP_summary,RF_depth1,0.6177569739652684,0.8928571428571428,-10
C871,Position_group_out,4+7,Total_CP,Total_CP,GaussianNB,0.0033083199424677762,0.7083333333333333,-10
C871,Position_group_out,4+7,Interface_RMS,Interface_RMS,LR_0.01,0.49251889006338967,0.7083333333333333,-10
C871,Position_group_out,4+7,CP_summary,CP_summary,LR_0.01,0.43151904408249464,0.7083333333333333,-10
C871,Position_group_out,4+7,Repository,Repository,LR_0.01,0.4394343337582616,0.7083333333333333,-10
C871,Position_group_out,4+7,Local_deltaCP,Local_deltaCP,ExtraTrees_depth2,0.9521008403361344,0.5416666666666667,-10
C871,Position_group_out,4+7,Sequence,Sequence,RF_depth1,0.606673964923965,0.6666666666666666,-10
C871,Position_group_out,4+7,Sequence_Local,Sequence_Local,SVM_RBF,0.6581371130100804,0.5833333333333334,-10
C871,Position_group_out,4+7,ContactSeek_CCR,ContactSeek_CCR,RF_depth1,0.6814754350115348,0.7083333333333334,-10
C871,Position_group_out,4+7,Nested_all,ContactSeek_CCR,RF_depth1,0.6814754350115348,0.7083333333333334,-10
C871,Position_group_out,5,Total_CP,Total_CP,RF_depth1,0.5173571428571431,0.5833333333333333,-10
C871,Position_group_out,5,Interface_RMS,Interface_RMS,SVM_RBF,0.4021107963329916,0.6666666666666666,-10
C871,Position_group_out,5,CP_summary,CP_summary,SVM_RBF,0.2893461917816997,0.75,-10
C871,Position_group_out,5,Repository,Repository,ExtraTrees_depth2,0.473297619047619,0.7638888888888888,-10
C871,Position_group_out,5,Local_deltaCP,Local_deltaCP,LR_0.1,0.4256602461967832,0.7083333333333333,-10
C871,Position_group_out,5,Sequence,Sequence,SVM_RBF,0.4325295895725384,0.75,-10
C871,Position_group_out,5,Sequence_Local,Sequence_Local,LR_0.1,0.3793187412585075,0.7083333333333333,-10
C871,Position_group_out,5,ContactSeek_CCR,ContactSeek_CCR,SVM_RBF,0.4278771632933389,0.7777777777777778,-10
C871,Position_group_out,5,Nested_all,ContactSeek_CCR,SVM_RBF,0.4278771632933389,0.7777777777777778,-10
C871,Position_group_out,6,Total_CP,Total_CP,LR_0.01,0.49228040846632015,0.7583333333333333,-10
C871,Position_group_out,6,Interface_RMS,Interface_RMS,RF_depth2,0.759808417770416,0.6666666666666666,-10
C871,Position_group_out,6,CP_summary,CP_summary,LR_0.01,0.48674556640374056,0.7583333333333333,-10
C871,Position_group_out,6,Repository,Repository,LR_0.1,0.3948706217657669,0.7583333333333333,-10
C871,Position_group_out,6,Local_deltaCP,Local_deltaCP,ExtraTrees_depth2,0.6611904761904766,0.6333333333333333,-10
C871,Position_group_out,6,Sequence,Sequence,LR_1,0.6102532244893338,0.8166666666666667,-10
C871,Position_group_out,6,Sequence_Local,Sequence_Local,LR_1,0.6648041278763632,0.6666666666666666,-10
C871,Position_group_out,6,ContactSeek_CCR,ContactSeek_CCR,RF_depth1,0.5119166666666668,0.7583333333333333,-10
C871,Position_group_out,6,Nested_all,Sequence,LR_1,0.6102532244893338,0.8166666666666667,-10
C871,Position_group_out,7,Total_CP,Total_CP,RF_depth1,0.5427443246468016,0.7142857142857143,-10
C871,Position_group_out,7,Interface_RMS,Interface_RMS,SVM_RBF,0.7302488773322491,0.6071428571428572,-10
C871,Position_group_out,7,CP_summary,CP_summary,RF_depth1,0.8560884099560571,0.7142857142857143,-10
C871,Position_group_out,7,Repository,Repository,RF_depth1,0.7830089812148637,0.75,-10
C871,Position_group_out,7,Local_deltaCP,Local_deltaCP,LR_0.01,0.009512926853292029,0.5714285714285714,-10
C871,Position_group_out,7,Sequence,Sequence,RF_depth1,0.6210245874266773,0.6428571428571428,-10
C871,Position_group_out,7,Sequence_Local,Sequence_Local,LR_0.01,0.02087418162121272,0.5714285714285714,-10
C871,Position_group_out,7,ContactSeek_CCR,ContactSeek_CCR,RF_depth1,0.7003812293657496,0.75,-10
C871,Position_group_out,7,Nested_all,Repository,RF_depth1,0.7830089812148637,0.75,-10
C871,Position_group_out,8,Total_CP,Total_CP,RF_depth1,0.5,0.7142857142857143,-10
C871,Position_group_out,8,Interface_RMS,Interface_RMS,RF_depth2,0.7415270562770562,0.6428571428571428,-10
C871,Position_group_out,8,CP_summary,CP_summary,RF_depth1,0.7954547462341582,0.75,-10
C871,Position_group_out,8,Repository,Repository,RF_depth1,0.6744659319438734,0.75,-10
C871,Position_group_out,8,Local_deltaCP,Local_deltaCP,LR_0.01,0.011986615260992236,0.6071428571428572,-10
C871,Position_group_out,8,Sequence,Sequence,RF_depth1,0.6065225477137242,0.6428571428571428,-10
C871,Position_group_out,8,Sequence_Local,Sequence_Local,RF_depth1,0.739317561523444,0.6428571428571428,-10
C871,Position_group_out,8,ContactSeek_CCR,ContactSeek_CCR,RF_depth1,0.762381340881341,0.75,-10
C871,Position_group_out,8,Nested_all,CP_summary,RF_depth1,0.7954547462341582,0.75,-10
C871,Strict_position_out,P4,Total_CP,Total_CP,GaussianNB,0.5,0.7090909090909091,-10
C871,Strict_position_out,P4,Interface_RMS,Interface_RMS,LR_0.01,0.43236713188726206,0.7545454545454545,-10
C871,Strict_position_out,P4,CP_summary,CP_summary,LR_0.1,0.2554965947708868,0.7545454545454545,-10
C871,Strict_position_out,P4,Repository,Repository,LR_0.1,0.26008859825172154,0.7545454545454545,-10
C871,Strict_position_out,P4,Local_deltaCP,Local_deltaCP,SVM_RBF,0.673833397918182,0.5454545454545454,-10
C871,Strict_position_out,P4,Sequence,Sequence,RF_depth1,0.5332757506185499,0.6545454545454545,-10
C871,Strict_position_out,P4,Sequence_Local,Sequence_Local,SVM_RBF,0.6648784501366061,0.5909090909090909,-10
C871,Strict_position_out,P4,ContactSeek_CCR,ContactSeek_CCR,ExtraTrees_depth2,0.7124999999999998,0.6636363636363636,-10
C871,Strict_position_out,P4,Nested_all,Interface_RMS,LR_0.01,0.43236713188726206,0.7545454545454545,-10
C871,Strict_position_out,P5,Total_CP,Total_CP,SVM_RBF,0.3497170887286458,0.5694444444444444,-10
C871,Strict_position_out,P5,Interface_RMS,Interface_RMS,ExtraTrees_depth2,0.5037961855396067,0.6388888888888888,-10
C871,Strict_position_out,P5,CP_summary,CP_summary,LR_1,0.4838269017685215,0.7777777777777778,-10
C871,Strict_position_out,P5,Repository,Repository,LR_1,0.5234593464927668,0.8055555555555556,-10
C871,Strict_position_out,P5,Local_deltaCP,Local_deltaCP,RF_depth1,0.5883414949287711,0.6388888888888888,-10
C871,Strict_position_out,P5,Sequence,Sequence,ExtraTrees_depth2,0.8465714285714288,0.5972222222222222,-10
C871,Strict_position_out,P5,Sequence_Local,Sequence_Local,RF_depth1,0.561356658473666,0.7152777777777778,-10
C871,Strict_position_out,P5,ContactSeek_CCR,ContactSeek_CCR,RF_depth1,0.4928452380952383,0.75,-10
C871,Strict_position_out,P5,Nested_all,Repository,LR_1,0.5234593464927668,0.8055555555555556,-10
C871,Strict_position_out,P6,Total_CP,Total_CP,LR_0.01,0.49228040846632015,0.7583333333333333,-10
C871,Strict_position_out,P6,Interface_RMS,Interface_RMS,SVM_RBF,0.7309592760432673,0.6666666666666666,-10
C871,Strict_position_out,P6,CP_summary,CP_summary,LR_0.01,0.48674556640374056,0.7583333333333333,-10
C871,Strict_position_out,P6,Repository,Repository,LR_0.1,0.3948706217657669,0.7583333333333333,-10
C871,Strict_position_out,P6,Local_deltaCP,Local_deltaCP,LR_1,0.1289853829375187,0.6583333333333333,-10
C871,Strict_position_out,P6,Sequence,Sequence,SVM_RBF,0.48217404639607,0.65,-10
C871,Strict_position_out,P6,Sequence_Local,Sequence_Local,LR_0.1,0.7269139378607412,0.5958333333333333,-10
C871,Strict_position_out,P6,ContactSeek_CCR,ContactSeek_CCR,RF_depth1,0.5119166666666668,0.7583333333333333,-10
C871,Strict_position_out,P6,Nested_all,Total_CP,LR_0.01,0.49228040846632015,0.7583333333333333,-10
C871,Strict_position_out,P7,Total_CP,Total_CP,GaussianNB,0.5,0.6590909090909092,-10
C871,Strict_position_out,P7,Interface_RMS,Interface_RMS,LR_0.01,0.42424599671833824,0.7045454545454546,-10
C871,Strict_position_out,P7,CP_summary,CP_summary,LR_0.01,0.4232391345008639,0.7045454545454546,-10
C871,Strict_position_out,P7,Repository,Repository,LR_0.01,0.43130018738923237,0.7045454545454546,-10
C871,Strict_position_out,P7,Local_deltaCP,Local_deltaCP,RF_depth1,0.8660771728271728,0.5909090909090909,-10
C871,Strict_position_out,P7,Sequence,Sequence,RF_depth1,0.5551427694663662,0.6818181818181819,-10
C871,Strict_position_out,P7,Sequence_Local,Sequence_Local,RF_depth1,0.8165697635697635,0.5909090909090909,-10
C871,Strict_position_out,P7,ContactSeek_CCR,ContactSeek_CCR,GaussianNB,3.728821605146157e-25,0.6590909090909092,-10
C871,Strict_position_out,P7,Nested_all,Interface_RMS,LR_0.01,0.42424599671833824,0.7045454545454546,-10
C871,Strict_position_out,P8,Total_CP,Total_CP,RF_depth1,0.5,0.7142857142857143,-10
C871,Strict_position_out,P8,Interface_RMS,Interface_RMS,SVM_RBF,0.730114051896872,0.6428571428571428,-10
C871,Strict_position_out,P8,CP_summary,CP_summary,RF_depth1,0.7954547462341582,0.75,-10
C871,Strict_position_out,P8,Repository,Repository,RF_depth1,0.665689765794379,0.7857142857142857,-10
C871,Strict_position_out,P8,Local_deltaCP,Local_deltaCP,LR_0.01,0.011986615260992236,0.5714285714285714,-10
C871,Strict_position_out,P8,Sequence,Sequence,GaussianNB,7.967791155091216e-19,0.6785714285714286,-10
C871,Strict_position_out,P8,Sequence_Local,Sequence_Local,RF_depth1,0.7382962067858139,0.6071428571428572,-10
C871,Strict_position_out,P8,ContactSeek_CCR,ContactSeek_CCR,RF_depth1,0.762381340881341,0.75,-10
C871,Strict_position_out,P8,Nested_all,Repository,RF_depth1,0.665689765794379,0.7857142857142857,-10
C871,LOOCV,p4_r5_she,Total_CP,Total_CP,ExtraTrees_depth2,0.5315988132617888,0.7596153846153846,-15
C871,LOOCV,p4_r5_she,Interface_RMS,Interface_RMS,SVM_RBF,0.7302452337251633,0.7836538461538461,-15
C871,LOOCV,p4_r5_she,CP_summary,CP_summary,RF_depth1,0.5644039336419862,0.8605769230769231,-15
C871,LOOCV,p4_r5_she,Repository,Repository,RF_depth1,0.5725828626557659,0.8605769230769231,-15
C871,LOOCV,p4_r5_she,Local_deltaCP,Local_deltaCP,LR_0.01,0.4779388126362564,0.6971153846153846,-15
C871,LOOCV,p4_r5_she,Sequence,Sequence,ExtraTrees_depth2,0.9630478147554129,0.5769230769230769,-15
C871,LOOCV,p4_r5_she,Sequence_Local,Sequence_Local,RF_depth1,0.4049881188959472,0.6730769230769231,-15
C871,LOOCV,p4_r5_she,ContactSeek_CCR,ContactSeek_CCR,RF_depth1,0.5454244766530282,0.8221153846153846,-15
C871,LOOCV,p4_r5_she,Nested_all,CP_summary,RF_depth1,0.5644039336419862,0.8605769230769231,-15
C871,LOOCV,p4_r5_she_plus_p7_r5_she,Total_CP,Total_CP,ExtraTrees_depth2,0.5298687975878076,0.7596153846153846,-15
C871,LOOCV,p4_r5_she_plus_p7_r5_she,Interface_RMS,Interface_RMS,SVM_RBF,0.730261123580604,0.7836538461538461,-15
C871,LOOCV,p4_r5_she_plus_p7_r5_she,CP_summary,CP_summary,RF_depth1,0.6616414076655097,0.7596153846153846,-15
C871,LOOCV,p4_r5_she_plus_p7_r5_she,Repository,Repository,LR_0.01,0.5158269858711155,0.7211538461538461,-15
C871,LOOCV,p4_r5_she_plus_p7_r5_she,Local_deltaCP,Local_deltaCP,LR_1,0.5114168668534704,0.7211538461538461,-15
C871,LOOCV,p4_r5_she_plus_p7_r5_she,Sequence,Sequence,ExtraTrees_depth2,0.9313632718524458,0.6153846153846154,-15
C871,LOOCV,p4_r5_she_plus_p7_r5_she,Sequence_Local,Sequence_Local,LR_0.01,0.489147591083794,0.6586538461538461,-15
C871,LOOCV,p4_r5_she_plus_p7_r5_she,ContactSeek_CCR,ContactSeek_CCR,LR_0.01,0.5178073539827992,0.8605769230769231,-15
C871,LOOCV,p4_r5_she_plus_p7_r5_she,Nested_all,ContactSeek_CCR,LR_0.01,0.5178073539827992,0.8605769230769231,-15
C871,LOOCV,p4_r5_sne,Total_CP,Total_CP,RF_depth1,0.691372982520114,0.7777777777777777,-15
C871,LOOCV,p4_r5_sne,Interface_RMS,Interface_RMS,RF_depth2,0.5530998524917601,0.7638888888888888,-15
C871,LOOCV,p4_r5_sne,CP_summary,CP_summary,RF_depth1,0.6225719526257549,0.7777777777777777,-15
C871,LOOCV,p4_r5_sne,Repository,Repository,RF_depth1,0.6402458775752244,0.7361111111111112,-15
C871,LOOCV,p4_r5_sne,Local_deltaCP,Local_deltaCP,LR_0.01,0.4266750870649672,0.6805555555555556,-15
C871,LOOCV,p4_r5_sne,Sequence,Sequence,LR_0.1,0.5234149866973257,0.7222222222222222,-15
C871,LOOCV,p4_r5_sne,Sequence_Local,Sequence_Local,LR_0.01,0.4660277800414555,0.6944444444444444,-15
C871,LOOCV,p4_r5_sne,ContactSeek_CCR,ContactSeek_CCR,RF_depth1,0.5638613829080653,0.875,-15
C871,LOOCV,p4_r5_sne,Nested_all,ContactSeek_CCR,RF_depth1,0.5638613829080653,0.875,-15
C871,LOOCV,p4_r5_sne_plus_p7_r5_sne,Total_CP,Total_CP,RF_depth1,0.6803363288525879,0.7777777777777777,-15
C871,LOOCV,p4_r5_sne_plus_p7_r5_sne,Interface_RMS,Interface_RMS,RF_depth2,0.5513405243585929,0.7638888888888888,-15
C871,LOOCV,p4_r5_sne_plus_p7_r5_sne,CP_summary,CP_summary,RF_depth1,0.6809247236416289,0.7361111111111112,-15
C871,LOOCV,p4_r5_sne_plus_p7_r5_sne,Repository,Repository,RF_depth1,0.6646449381686748,0.7361111111111112,-15
C871,LOOCV,p4_r5_sne_plus_p7_r5_sne,Local_deltaCP,Local_deltaCP,ExtraTrees_depth2,0.5929764336985165,0.6805555555555556,-15
C871,LOOCV,p4_r5_sne_plus_p7_r5_sne,Sequence,Sequence,GaussianNB,8.33680327896739e-16,0.6944444444444444,-15
C871,LOOCV,p4_r5_sne_plus_p7_r5_sne,Sequence_Local,Sequence_Local,LR_1,0.9695918135346363,0.6666666666666666,-15
C871,LOOCV,p4_r5_sne_plus_p7_r5_sne,ContactSeek_CCR,ContactSeek_CCR,ExtraTrees_depth2,0.7184993728934506,0.7916666666666667,-15
C871,LOOCV,p4_r5_sne_plus_p7_r5_sne,Nested_all,ContactSeek_CCR,ExtraTrees_depth2,0.7184993728934506,0.7916666666666667,-15
C871,LOOCV,p4_r5_swd_plus_p7_r5_swd,Total_CP,Total_CP,LR_0.01,0.5000705629853895,0.7361111111111112,-15
C871,LOOCV,p4_r5_swd_plus_p7_r5_swd,Interface_RMS,Interface_RMS,RF_depth1,0.654989799957155,0.7361111111111112,-15
C871,LOOCV,p4_r5_swd_plus_p7_r5_swd,CP_summary,CP_summary,RF_depth1,0.6643429996904602,0.7777777777777777,-15
C871,LOOCV,p4_r5_swd_plus_p7_r5_swd,Repository,Repository,RF_depth2,0.5589919852693628,0.7222222222222222,-15
C871,LOOCV,p4_r5_swd_plus_p7_r5_swd,Local_deltaCP,Local_deltaCP,GaussianNB,2.376755855906501e-50,0.6805555555555556,-15
C871,LOOCV,p4_r5_swd_plus_p7_r5_swd,Sequence,Sequence,GaussianNB,8.33680327896739e-16,0.6944444444444444,-15
C871,LOOCV,p4_r5_swd_plus_p7_r5_swd,Sequence_Local,Sequence_Local,LR_0.1,0.716115413970875,0.7361111111111112,-15
C871,LOOCV,p4_r5_swd_plus_p7_r5_swd,ContactSeek_CCR,ContactSeek_CCR,GaussianNB,0.5,0.8194444444444444,-15
C871,LOOCV,p4_r5_swd_plus_p7_r5_swd,Nested_all,ContactSeek_CCR,GaussianNB,0.5,0.8194444444444444,-15
C871,LOOCV,p4_r5_the_plus_p7_r5_the,Total_CP,Total_CP,LR_0.01,0.5000705629853895,0.7361111111111112,-15
C871,LOOCV,p4_r5_the_plus_p7_r5_the,Interface_RMS,Interface_RMS,SVM_RBF,0.7266985971740056,0.7638888888888888,-15
C871,LOOCV,p4_r5_the_plus_p7_r5_the,CP_summary,CP_summary,RF_depth1,0.5,0.9027777777777777,-15
C871,LOOCV,p4_r5_the_plus_p7_r5_the,Repository,Repository,RF_depth1,0.43753660251330806,0.8472222222222222,-15
C871,LOOCV,p4_r5_the_plus_p7_r5_the,Local_deltaCP,Local_deltaCP,GaussianNB,8.936527534937652e-22,0.7083333333333333,-15
C871,LOOCV,p4_r5_the_plus_p7_r5_the,Sequence,Sequence,LR_0.1,0.5143733118514102,0.7638888888888888,-15
C871,LOOCV,p4_r5_the_plus_p7_r5_the,Sequence_Local,Sequence_Local,LR_0.1,0.7308077774713774,0.6944444444444444,-15
C871,LOOCV,p4_r5_the_plus_p7_r5_the,ContactSeek_CCR,ContactSeek_CCR,GaussianNB,0.5,0.8194444444444444,-15
C871,LOOCV,p4_r5_the_plus_p7_r5_the,Nested_all,CP_summary,RF_depth1,0.5,0.9027777777777777,-15
C871,LOOCV,p5_r6_aye,Total_CP,Total_CP,LR_0.01,0.5014358242783326,0.7836538461538461,-15
C871,LOOCV,p5_r6_aye,Interface_RMS,Interface_RMS,RF_depth2,0.5,0.7451923076923077,-15
C871,LOOCV,p5_r6_aye,CP_summary,CP_summary,RF_depth1,0.6742079186026607,0.8221153846153846,-15
C871,LOOCV,p5_r6_aye,Repository,Repository,RF_depth1,0.6300897161787321,0.8221153846153846,-15
C871,LOOCV,p5_r6_aye,Local_deltaCP,Local_deltaCP,LR_0.01,0.3749942973827379,0.6490384615384616,-15
C871,LOOCV,p5_r6_aye,Sequence,Sequence,LR_0.1,0.8308823545712908,0.5769230769230769,-15
C871,LOOCV,p5_r6_aye,Sequence_Local,Sequence_Local,LR_0.1,0.9324695809521546,0.6153846153846154,-15
C871,LOOCV,p5_r6_aye,ContactSeek_CCR,ContactSeek_CCR,GaussianNB,3.2051937200331657e-152,0.8221153846153846,-15
C871,LOOCV,p5_r6_aye,Nested_all,CP_summary,RF_depth1,0.6742079186026607,0.8221153846153846,-15
C871,LOOCV,p5_r6_nye,Total_CP,Total_CP,LR_0.01,0.5000469655070269,0.7361111111111112,-15
C871,LOOCV,p5_r6_nye,Interface_RMS,Interface_RMS,SVM_RBF,0.7267738047184091,0.7638888888888888,-15
C871,LOOCV,p5_r6_nye,CP_summary,CP_summary,RF_depth2,0.4819102016299457,0.8194444444444444,-15
C871,LOOCV,p5_r6_nye,Repository,Repository,RF_depth1,0.43387981405034426,0.7638888888888888,-15
C871,LOOCV,p5_r6_nye,Local_deltaCP,Local_deltaCP,GaussianNB,2.6610593841385833e-67,0.6805555555555556,-15
C871,LOOCV,p5_r6_nye,Sequence,Sequence,LDA_shrinkage,0.9999985633377524,0.7083333333333334,-15
C871,LOOCV,p5_r6_nye,Sequence_Local,Sequence_Local,LR_0.01,0.5367965104857837,0.6805555555555556,-15
C871,LOOCV,p5_r6_nye,ContactSeek_CCR,ContactSeek_CCR,GaussianNB,0.5,0.8194444444444444,-15
C871,LOOCV,p5_r6_nye,Nested_all,CP_summary,RF_depth2,0.4819102016299457,0.8194444444444444,-15
C871,LOOCV,p5_r6_sfe,Total_CP,Total_CP,LDA_shrinkage,0.5373558711639681,0.7451923076923077,-15
C871,LOOCV,p5_r6_sfe,Interface_RMS,Interface_RMS,RF_depth2,0.5,0.7451923076923077,-15
C871,LOOCV,p5_r6_sfe,CP_summary,CP_summary,GaussianNB,0.9730674134857502,0.7067307692307692,-15
C871,LOOCV,p5_r6_sfe,Repository,Repository,RF_depth1,0.6823878395754032,0.7211538461538461,-15
C871,LOOCV,p5_r6_sfe,Local_deltaCP,Local_deltaCP,RF_depth1,0.46051045729199896,0.6586538461538461,-15
C871,LOOCV,p5_r6_sfe,Sequence,Sequence,LR_0.01,0.601814364943523,0.5384615384615384,-15
C871,LOOCV,p5_r6_sfe,Sequence_Local,Sequence_Local,RF_depth1,0.46562215189006795,0.6586538461538461,-15
C871,LOOCV,p5_r6_sfe,ContactSeek_CCR,ContactSeek_CCR,GaussianNB,1.0554265462600975e-185,0.7836538461538461,-15
C871,LOOCV,p5_r6_sfe,Nested_all,ContactSeek_CCR,GaussianNB,1.0554265462600975e-185,0.7836538461538461,-15
C871,LOOCV,p5_r6_swd,Total_CP,Total_CP,LR_0.01,0.5000874170239104,0.7361111111111112,-15
C871,LOOCV,p5_r6_swd,Interface_RMS,Interface_RMS,SVM_RBF,0.726698167284664,0.7638888888888888,-15
C871,LOOCV,p5_r6_swd,CP_summary,CP_summary,RF_depth1,0.4053653844943746,0.8055555555555556,-15
C871,LOOCV,p5_r6_swd,Repository,Repository,RF_depth1,0.4431839530209592,0.7638888888888888,-15
C871,LOOCV,p5_r6_swd,Local_deltaCP,Local_deltaCP,GaussianNB,3.2023321058166685e-67,0.6805555555555556,-15
C871,LOOCV,p5_r6_swd,Sequence,Sequence,LR_1,0.5111855256688693,0.6805555555555556,-15
C871,LOOCV,p5_r6_swd,Sequence_Local,Sequence_Local,LR_0.01,0.5323809563014053,0.7638888888888888,-15
C871,LOOCV,p5_r6_swd,ContactSeek_CCR,ContactSeek_CCR,GaussianNB,0.5,0.7777777777777777,-15
C871,LOOCV,p5_r6_swd,Nested_all,CP_summary,RF_depth1,0.4053653844943746,0.8055555555555556,-15
C871,LOOCV,p5_r6_syq,Total_CP,Total_CP,LDA_shrinkage,0.5457383290705609,0.7451923076923077,-15
C871,LOOCV,p5_r6_syq,Interface_RMS,Interface_RMS,RF_depth2,0.5,0.7451923076923077,-15
C871,LOOCV,p5_r6_syq,CP_summary,CP_summary,LR_0.01,0.5223880528700988,0.7067307692307692,-15
C871,LOOCV,p5_r6_syq,Repository,Repository,RF_depth1,0.6561535362011396,0.7596153846153846,-15
C871,LOOCV,p5_r6_syq,Local_deltaCP,Local_deltaCP,RF_depth1,0.5,0.6586538461538461,-15
C871,LOOCV,p5_r6_syq,Sequence,Sequence,LR_0.1,0.8043209210099154,0.5769230769230769,-15
C871,LOOCV,p5_r6_syq,Sequence_Local,Sequence_Local,LR_0.1,0.9186679791597698,0.6153846153846154,-15
C871,LOOCV,p5_r6_syq,ContactSeek_CCR,ContactSeek_CCR,GaussianNB,1.0554265462600975e-185,0.7836538461538461,-15
C871,LOOCV,p5_r6_syq,Nested_all,ContactSeek_CCR,GaussianNB,1.0554265462600975e-185,0.7836538461538461,-15
C871,LOOCV,p5_r6_thn,Total_CP,Total_CP,LR_0.01,0.5,0.7777777777777778,-15
C871,LOOCV,p5_r6_thn,Interface_RMS,Interface_RMS,RF_depth2,0.6701686940930096,0.7361111111111112,-15
C871,LOOCV,p5_r6_thn,CP_summary,CP_summary,RF_depth1,0.36351145720989975,0.9027777777777777,-15
C871,LOOCV,p5_r6_thn,Repository,Repository,RF_depth1,0.3876115528087145,0.8472222222222222,-15
C871,LOOCV,p5_r6_thn,Local_deltaCP,Local_deltaCP,GaussianNB,3.2023321058166685e-67,0.7222222222222222,-15
C871,LOOCV,p5_r6_thn,Sequence,Sequence,LR_0.1,0.4821501187712822,0.7083333333333333,-15
C871,LOOCV,p5_r6_thn,Sequence_Local,Sequence_Local,RF_depth1,0.4137251860827219,0.7361111111111112,-15
C871,LOOCV,p5_r6_thn,ContactSeek_CCR,ContactSeek_CCR,ExtraTrees_depth2,0.37420864651120406,0.7916666666666666,-15
C871,LOOCV,p5_r6_thn,Nested_all,CP_summary,RF_depth1,0.36351145720989975,0.9027777777777777,-15
C871,LOOCV,p5_r6_twd,Total_CP,Total_CP,LR_0.01,0.5,0.7361111111111112,-15
C871,LOOCV,p5_r6_twd,Interface_RMS,Interface_RMS,SVM_RBF,0.728262424299285,0.75,-15
C871,LOOCV,p5_r6_twd,CP_summary,CP_summary,RF_depth1,0.5360756061156826,0.8194444444444444,-15
C871,LOOCV,p5_r6_twd,Repository,Repository,RF_depth2,0.5554258541986532,0.7777777777777777,-15
C871,LOOCV,p5_r6_twd,Local_deltaCP,Local_deltaCP,RF_depth1,0.43842450125474614,0.7361111111111112,-15
C871,LOOCV,p5_r6_twd,Sequence,Sequence,LR_0.01,0.5,0.6666666666666666,-15
C871,LOOCV,p5_r6_twd,Sequence_Local,Sequence_Local,RF_depth1,0.46180586110345767,0.6944444444444444,-15
C871,LOOCV,p5_r6_twd,ContactSeek_CCR,ContactSeek_CCR,LR_0.1,0.5,0.7777777777777777,-15
C871,LOOCV,p5_r6_twd,Nested_all,CP_summary,RF_depth1,0.5360756061156826,0.8194444444444444,-15
C871,LOOCV,p5_r6_tye,Total_CP,Total_CP,LR_0.01,0.49958020209020215,0.7361111111111112,-15
C871,LOOCV,p5_r6_tye,Interface_RMS,Interface_RMS,SVM_RBF,0.7248591977249832,0.75,-15
C871,LOOCV,p5_r6_tye,CP_summary,CP_summary,RF_depth1,0.5537594770834247,0.8194444444444444,-15
C871,LOOCV,p5_r6_tye,Repository,Repository,RF_depth1,0.5237369100876852,0.8194444444444444,-15
C871,LOOCV,p5_r6_tye,Local_deltaCP,Local_deltaCP,RF_depth1,0.43086428173600305,0.7361111111111112,-15
C871,LOOCV,p5_r6_tye,Sequence,Sequence,LR_0.01,0.5,0.6666666666666666,-15
C871,LOOCV,p5_r6_tye,Sequence_Local,Sequence_Local,RF_depth1,0.4473685328974525,0.7361111111111112,-15
C871,LOOCV,p5_r6_tye,ContactSeek_CCR,ContactSeek_CCR,GaussianNB,4.301236296423658e-283,0.8194444444444444,-15
C871,LOOCV,p5_r6_tye,Nested_all,CP_summary,RF_depth1,0.5537594770834247,0.8194444444444444,-15
C871,LOOCV,p5_r6_vfn,Total_CP,Total_CP,RF_depth1,0.3924145538112598,0.7211538461538461,-15
C871,LOOCV,p5_r6_vfn,Interface_RMS,Interface_RMS,RF_depth2,0.48358254934151423,0.7451923076923077,-15
C871,LOOCV,p5_r6_vfn,CP_summary,CP_summary,GaussianNB,0.9194732455602257,0.7067307692307692,-15
C871,LOOCV,p5_r6_vfn,Repository,Repository,RF_depth1,0.6561535362011396,0.7596153846153846,-15
C871,LOOCV,p5_r6_vfn,Local_deltaCP,Local_deltaCP,RF_depth1,0.5,0.6586538461538461,-15
C871,LOOCV,p5_r6_vfn,Sequence,Sequence,LR_0.01,0.5247143528933238,0.5913461538461539,-15
C871,LOOCV,p5_r6_vfn,Sequence_Local,Sequence_Local,RF_depth2,0.5126769678372963,0.6586538461538461,-15
C871,LOOCV,p5_r6_vfn,ContactSeek_CCR,ContactSeek_CCR,ExtraTrees_depth2,0.4017723912980588,0.7596153846153846,-15
C871,LOOCV,p5_r6_vfn,Nested_all,Repository,RF_depth1,0.6561535362011396,0.7596153846153846,-15
C871,LOOCV,p6_r7_qfw,Total_CP,Total_CP,LR_0.01,0.4996846251971304,0.7115384615384616,-15
C871,LOOCV,p6_r7_qfw,Interface_RMS,Interface_RMS,LR_0.01,0.5019355239467779,0.7355769230769231,-15
C871,LOOCV,p6_r7_qfw,CP_summary,CP_summary,RF_depth1,0.45437208023063,0.7355769230769231,-15
C871,LOOCV,p6_r7_qfw,Repository,Repository,RF_depth1,0.6561535362011396,0.7596153846153846,-15
C871,LOOCV,p6_r7_qfw,Local_deltaCP,Local_deltaCP,RF_depth1,0.36001047110625034,0.7115384615384616,-15
C871,LOOCV,p6_r7_qfw,Sequence,Sequence,LR_1,0.9407872538913465,0.6153846153846154,-15
C871,LOOCV,p6_r7_qfw,Sequence_Local,Sequence_Local,RF_depth1,0.3387374778175314,0.6490384615384616,-15
C871,LOOCV,p6_r7_qfw,ContactSeek_CCR,ContactSeek_CCR,RF_depth1,0.5409490272187732,0.7836538461538461,-15
C871,LOOCV,p6_r7_qfw,Nested_all,ContactSeek_CCR,RF_depth1,0.5409490272187732,0.7836538461538461,-15
C871,LOOCV,p6_r7_qrw,Total_CP,Total_CP,LR_0.01,0.5,0.7361111111111112,-15
C871,LOOCV,p6_r7_qrw,Interface_RMS,Interface_RMS,SVM_RBF,0.7250675854232711,0.7083333333333333,-15
C871,LOOCV,p6_r7_qrw,CP_summary,CP_summary,RF_depth1,0.4294891800138648,0.7916666666666666,-15
C871,LOOCV,p6_r7_qrw,Repository,Repository,RF_depth1,0.5,0.75,-15
C871,LOOCV,p6_r7_qrw,Local_deltaCP,Local_deltaCP,LR_0.01,0.490893826561407,0.7083333333333333,-15
C871,LOOCV,p6_r7_qrw,Sequence,Sequence,GaussianNB,0.0041806038958999816,0.7638888888888888,-15
C871,LOOCV,p6_r7_qrw,Sequence_Local,Sequence_Local,LR_1,0.842214074179598,0.7083333333333334,-15
C871,LOOCV,p6_r7_qrw,ContactSeek_CCR,ContactSeek_CCR,LR_0.1,0.4842404614974476,0.8194444444444444,-15
C871,LOOCV,p6_r7_qrw,Nested_all,ContactSeek_CCR,LR_0.1,0.4842404614974476,0.8194444444444444,-15
C871,LOOCV,p6_r7_trq,Total_CP,Total_CP,RF_depth1,0.6374749092026444,0.7451923076923077,-15
C871,LOOCV,p6_r7_trq,Interface_RMS,Interface_RMS,LR_0.01,0.5019337061069604,0.7355769230769231,-15
C871,LOOCV,p6_r7_trq,CP_summary,CP_summary,LR_0.01,0.5040289509541275,0.7596153846153846,-15
C871,LOOCV,p6_r7_trq,Repository,Repository,RF_depth1,0.7399436275720863,0.7836538461538461,-15
C871,LOOCV,p6_r7_trq,Local_deltaCP,Local_deltaCP,LR_1,0.003804878472009939,0.6875,-15
C871,LOOCV,p6_r7_trq,Sequence,Sequence,LR_1,0.9241910001409721,0.6153846153846154,-15
C871,LOOCV,p6_r7_trq,Sequence_Local,Sequence_Local,RF_depth1,0.33796507554485866,0.6490384615384616,-15
C871,LOOCV,p6_r7_trq,ContactSeek_CCR,ContactSeek_CCR,GaussianNB,1.7659937079575112e-179,0.7836538461538461,-15
C871,LOOCV,p6_r7_trq,Nested_all,Repository,RF_depth1,0.7399436275720863,0.7836538461538461,-15
C871,LOOCV,p6_r7_wfd,Total_CP,Total_CP,RF_depth1,0.5,0.8076923076923077,-15
C871,LOOCV,p6_r7_wfd,Interface_RMS,Interface_RMS,RF_depth1,0.6007825308507818,0.8461538461538461,-15
C871,LOOCV,p6_r7_wfd,CP_summary,CP_summary,RF_depth1,0.6940940539315742,0.8461538461538461,-15
C871,LOOCV,p6_r7_wfd,Repository,Repository,RF_depth1,0.6717850477692386,0.8461538461538461,-15
C871,LOOCV,p6_r7_wfd,Local_deltaCP,Local_deltaCP,SVM_RBF,0.31835406339014416,0.6875,-15
C871,LOOCV,p6_r7_wfd,Sequence,Sequence,RF_depth1,0.3816966987841125,0.5865384615384616,-15
C871,LOOCV,p6_r7_wfd,Sequence_Local,Sequence_Local,RF_depth1,0.5933943019505258,0.6826923076923077,-15
C871,LOOCV,p6_r7_wfd,ContactSeek_CCR,ContactSeek_CCR,RF_depth2,0.5464962193610106,0.7836538461538461,-15
C871,LOOCV,p6_r7_wfd,Nested_all,Interface_RMS,RF_depth1,0.6007825308507818,0.8461538461538461,-15
C871,LOOCV,p6_r7_wfq,Total_CP,Total_CP,LR_0.01,0.5,0.7361111111111112,-15
C871,LOOCV,p6_r7_wfq,Interface_RMS,Interface_RMS,RF_depth2,0.7025061643822748,0.6944444444444444,-15
C871,LOOCV,p6_r7_wfq,CP_summary,CP_summary,RF_depth1,0.37381270083554696,0.7916666666666666,-15
C871,LOOCV,p6_r7_wfq,Repository,Repository,RF_depth1,0.7621465212128249,0.7916666666666667,-15
C871,LOOCV,p6_r7_wfq,Local_deltaCP,Local_deltaCP,GaussianNB,5.842100169284104e-51,0.6805555555555556,-15
C871,LOOCV,p6_r7_wfq,Sequence,Sequence,GaussianNB,1.1225947565495478e-05,0.8055555555555556,-15
C871,LOOCV,p6_r7_wfq,Sequence_Local,Sequence_Local,LR_0.01,0.5,0.7083333333333333,-15
C871,LOOCV,p6_r7_wfq,ContactSeek_CCR,ContactSeek_CCR,GaussianNB,2.6210169652967578e-282,0.8611111111111112,-15
C871,LOOCV,p6_r7_wfq,Nested_all,ContactSeek_CCR,GaussianNB,2.6210169652967578e-282,0.8611111111111112,-15
C871,LOOCV,p7_r5_syvirr,Total_CP,Total_CP,LR_0.01,0.5,0.7361111111111112,-15
C871,LOOCV,p7_r5_syvirr,Interface_RMS,Interface_RMS,RF_depth2,0.6952431662349113,0.6944444444444444,-15
C871,LOOCV,p7_r5_syvirr,CP_summary,CP_summary,ExtraTrees_depth2,0.390673538987747,0.7361111111111112,-15
C871,LOOCV,p7_r5_syvirr,Repository,Repository,RF_depth1,0.3811178639087931,0.6944444444444444,-15
C871,LOOCV,p7_r5_syvirr,Local_deltaCP,Local_deltaCP,GaussianNB,4.396136347719166e-49,0.6388888888888888,-15
C871,LOOCV,p7_r5_syvirr,Sequence,Sequence,RF_depth2,0.6745805112990679,0.6805555555555556,-15
C871,LOOCV,p7_r5_syvirr,Sequence_Local,Sequence_Local,LR_0.1,0.8443737434362562,0.625,-15
C871,LOOCV,p7_r5_syvirr,ContactSeek_CCR,ContactSeek_CCR,GaussianNB,4.302857831463032e-275,0.8611111111111112,-15
C871,LOOCV,p7_r5_syvirr,Nested_all,ContactSeek_CCR,GaussianNB,4.302857831463032e-275,0.8611111111111112,-15
C871,LOOCV,p8_r6_gve,Total_CP,Total_CP,ExtraTrees_depth2,0.5062479310714334,0.75,-15
C871,LOOCV,p8_r6_gve,Interface_RMS,Interface_RMS,RF_depth2,0.5823140323755653,0.7361111111111112,-15
C871,LOOCV,p8_r6_gve,CP_summary,CP_summary,ExtraTrees_depth2,0.39457315569221624,0.7361111111111112,-15
C871,LOOCV,p8_r6_gve,Repository,Repository,RF_depth1,0.5926740700317906,0.7222222222222222,-15
C871,LOOCV,p8_r6_gve,Local_deltaCP,Local_deltaCP,GaussianNB,4.396136347719166e-49,0.6388888888888888,-15
C871,LOOCV,p8_r6_gve,Sequence,Sequence,LR_0.1,0.7313103416806133,0.611111111111111,-15
C871,LOOCV,p8_r6_gve,Sequence_Local,Sequence_Local,LR_0.1,0.8612807624051982,0.625,-15
C871,LOOCV,p8_r6_gve,ContactSeek_CCR,ContactSeek_CCR,GaussianNB,4.302857831462964e-275,0.8611111111111112,-15
C871,LOOCV,p8_r6_gve,Nested_all,ContactSeek_CCR,GaussianNB,4.302857831462964e-275,0.8611111111111112,-15
C871,Position_group_out,4,Total_CP,Total_CP,LR_0.01,0.49740296803545003,0.7083333333333333,-15
C871,Position_group_out,4,Interface_RMS,Interface_RMS,SVM_RBF,0.7308085630400112,0.6458333333333334,-15
C871,Position_group_out,4,CP_summary,CP_summary,RF_depth1,0.6325849520576563,0.8333333333333333,-15
C871,Position_group_out,4,Repository,Repository,RF_depth2,0.6225060137040053,0.7708333333333333,-15
C871,Position_group_out,4,Local_deltaCP,Local_deltaCP,ExtraTrees_depth2,0.8032381593801631,0.5833333333333334,-15
C871,Position_group_out,4,Sequence,Sequence,RF_depth2,0.7023627623861175,0.6458333333333334,-15
C871,Position_group_out,4,Sequence_Local,Sequence_Local,ExtraTrees_depth2,0.7970696289072942,0.625,-15
C871,Position_group_out,4,ContactSeek_CCR,ContactSeek_CCR,ExtraTrees_depth2,0.5859787250254742,0.6875,-15
C871,Position_group_out,4,Nested_all,CP_summary,RF_depth1,0.6325849520576563,0.8333333333333333,-15
C871,Position_group_out,4+7,Total_CP,Total_CP,ExtraTrees_depth2,0.5,0.7,-15
C871,Position_group_out,4+7,Interface_RMS,Interface_RMS,GaussianNB,3.39829014061893e-18,0.7,-15
C871,Position_group_out,4+7,CP_summary,CP_summary,LR_0.01,0.485419738534836,0.7125,-15
C871,Position_group_out,4+7,Repository,Repository,RF_depth2,0.5499642857142857,0.7625,-15
C871,Position_group_out,4+7,Local_deltaCP,Local_deltaCP,RF_depth1,0.9089723141783213,0.55,-15
C871,Position_group_out,4+7,Sequence,Sequence,RF_depth1,0.6509714812015268,0.7,-15
C871,Position_group_out,4+7,Sequence_Local,Sequence_Local,RF_depth1,0.8892931812638942,0.55,-15
C871,Position_group_out,4+7,ContactSeek_CCR,ContactSeek_CCR,RF_depth1,0.7408394660894662,0.7,-15
C871,Position_group_out,4+7,Nested_all,Repository,RF_depth2,0.5499642857142857,0.7625,-15
C871,Position_group_out,5,Total_CP,Total_CP,RF_depth1,0.5173571428571431,0.7125,-15
C871,Position_group_out,5,Interface_RMS,Interface_RMS,RF_depth1,0.47465252584711926,0.775,-15
C871,Position_group_out,5,CP_summary,CP_summary,LR_0.1,0.45680025499598453,0.8375,-15
C871,Position_group_out,5,Repository,Repository,RF_depth1,0.5,0.7375,-15
C871,Position_group_out,5,Local_deltaCP,Local_deltaCP,LR_0.01,0.5309096724394178,0.7125,-15
C871,Position_group_out,5,Sequence,Sequence,LR_0.01,0.5069519041510422,0.8125,-15
C871,Position_group_out,5,Sequence_Local,Sequence_Local,LR_0.1,0.5517945368333071,0.775,-15
C871,Position_group_out,5,ContactSeek_CCR,ContactSeek_CCR,SVM_RBF,0.3749313446410786,0.9,-15
C871,Position_group_out,5,Nested_all,ContactSeek_CCR,SVM_RBF,0.3749313446410786,0.9,-15
C871,Position_group_out,6,Total_CP,Total_CP,LR_0.01,0.4974631042737861,0.7878787878787878,-15
C871,Position_group_out,6,Interface_RMS,Interface_RMS,SVM_RBF,0.5698311913688485,0.6515151515151515,-15
C871,Position_group_out,6,CP_summary,CP_summary,LR_0.01,0.49060248819121155,0.7878787878787878,-15
C871,Position_group_out,6,Repository,Repository,LR_0.1,0.40673841229443236,0.7878787878787878,-15
C871,Position_group_out,6,Local_deltaCP,Local_deltaCP,LR_0.1,0.6020400541019364,0.6439393939393939,-15
C871,Position_group_out,6,Sequence,Sequence,LR_0.01,0.5042874391480541,0.7803030303030303,-15
C871,Position_group_out,6,Sequence_Local,Sequence_Local,LR_1,0.3004426044010716,0.6893939393939394,-15
C871,Position_group_out,6,ContactSeek_CCR,ContactSeek_CCR,LDA_shrinkage,1.2174221370325817e-71,0.7878787878787878,-15
C871,Position_group_out,6,Nested_all,Total_CP,LR_0.01,0.4974631042737861,0.7878787878787878,-15
C871,Position_group_out,7,Total_CP,Total_CP,RF_depth1,0.5742826428685737,0.7222222222222222,-15
C871,Position_group_out,7,Interface_RMS,Interface_RMS,RF_depth2,0.7752484376940497,0.611111111111111,-15
C871,Position_group_out,7,CP_summary,CP_summary,RF_depth1,0.6241289448751346,0.8055555555555556,-15
C871,Position_group_out,7,Repository,Repository,RF_depth1,0.738872735370599,0.8055555555555556,-15
C871,Position_group_out,7,Local_deltaCP,Local_deltaCP,GaussianNB,1.737840345101745e-21,0.6111111111111112,-15
C871,Position_group_out,7,Sequence,Sequence,SVM_RBF,0.4809463647133593,0.6805555555555556,-15
C871,Position_group_out,7,Sequence_Local,Sequence_Local,ExtraTrees_depth2,0.8088116556321001,0.5972222222222222,-15
C871,Position_group_out,7,ContactSeek_CCR,ContactSeek_CCR,RF_depth2,0.6850889158564202,0.7916666666666667,-15
C871,Position_group_out,7,Nested_all,CP_summary,RF_depth1,0.6241289448751346,0.8055555555555556,-15
C871,Position_group_out,8,Total_CP,Total_CP,RF_depth1,0.6030792559090272,0.7638888888888888,-15
C871,Position_group_out,8,Interface_RMS,Interface_RMS,SVM_RBF,0.7308474749727307,0.6527777777777778,-15
C871,Position_group_out,8,CP_summary,CP_summary,RF_depth1,0.6147211172111717,0.8055555555555556,-15
C871,Position_group_out,8,Repository,Repository,RF_depth1,0.6787323290988693,0.8055555555555556,-15
C871,Position_group_out,8,Local_deltaCP,Local_deltaCP,GaussianNB,1.737840345101745e-21,0.6111111111111112,-15
C871,Position_group_out,8,Sequence,Sequence,LR_0.1,0.5651013391740597,0.6527777777777778,-15
C871,Position_group_out,8,Sequence_Local,Sequence_Local,ExtraTrees_depth2,0.8018579365748586,0.6388888888888888,-15
C871,Position_group_out,8,ContactSeek_CCR,ContactSeek_CCR,RF_depth1,0.6576321223407415,0.7361111111111112,-15
C871,Position_group_out,8,Nested_all,CP_summary,RF_depth1,0.6147211172111717,0.8055555555555556,-15
C871,Strict_position_out,P4,Total_CP,Total_CP,ExtraTrees_depth2,0.49628571428571433,0.7301587301587301,-15
C871,Strict_position_out,P4,Interface_RMS,Interface_RMS,GaussianNB,6.570870599169699e-47,0.7301587301587301,-15
C871,Strict_position_out,P4,CP_summary,CP_summary,LR_0.01,0.48561313483193025,0.746031746031746,-15
C871,Strict_position_out,P4,Repository,Repository,LR_0.01,0.44628438686501143,0.7301587301587301,-15
C871,Strict_position_out,P4,Local_deltaCP,Local_deltaCP,SVM_RBF,0.6697584502288014,0.6111111111111112,-15
C871,Strict_position_out,P4,Sequence,Sequence,RF_depth2,0.5693710892494646,0.6666666666666666,-15
C871,Strict_position_out,P4,Sequence_Local,Sequence_Local,RF_depth1,0.9342603533975875,0.5555555555555556,-15
C871,Strict_position_out,P4,ContactSeek_CCR,ContactSeek_CCR,ExtraTrees_depth2,0.8783750000000001,0.6904761904761905,-15
C871,Strict_position_out,P4,Nested_all,CP_summary,LR_0.01,0.48561313483193025,0.746031746031746,-15
C871,Strict_position_out,P5,Total_CP,Total_CP,RF_depth1,0.5173571428571431,0.7125,-15
C871,Strict_position_out,P5,Interface_RMS,Interface_RMS,SVM_RBF,0.37613546854017665,0.78125,-15
C871,Strict_position_out,P5,CP_summary,CP_summary,LR_0.1,0.46404067609241817,0.9,-15
C871,Strict_position_out,P5,Repository,Repository,RF_depth1,0.5182486163594859,0.80625,-15
C871,Strict_position_out,P5,Local_deltaCP,Local_deltaCP,LR_0.01,0.42338384920545163,0.7,-15
C871,Strict_position_out,P5,Sequence,Sequence,LR_0.01,0.5078661900651273,0.6625,-15
C871,Strict_position_out,P5,Sequence_Local,Sequence_Local,LR_0.01,0.42688785394995965,0.7,-15
C871,Strict_position_out,P5,ContactSeek_CCR,ContactSeek_CCR,SVM_RBF,0.38141072678863397,0.75,-15
C871,Strict_position_out,P5,Nested_all,CP_summary,LR_0.1,0.46404067609241817,0.9,-15
C871,Strict_position_out,P6,Total_CP,Total_CP,LR_0.01,0.4974631042737861,0.7878787878787878,-15
C871,Strict_position_out,P6,Interface_RMS,Interface_RMS,SVM_RBF,0.5646758652139021,0.6515151515151515,-15
C871,Strict_position_out,P6,CP_summary,CP_summary,LR_0.01,0.49060248819121155,0.7878787878787878,-15
C871,Strict_position_out,P6,Repository,Repository,LR_0.1,0.40673841229443236,0.7878787878787878,-15
C871,Strict_position_out,P6,Local_deltaCP,Local_deltaCP,LR_0.1,0.5,0.6401515151515151,-15
C871,Strict_position_out,P6,Sequence,Sequence,LR_1,0.7536367982497487,0.6931818181818181,-15
C871,Strict_position_out,P6,Sequence_Local,Sequence_Local,LR_1,0.22522868577436989,0.6856060606060606,-15
C871,Strict_position_out,P6,ContactSeek_CCR,ContactSeek_CCR,LR_1,0.04406951270485934,0.7878787878787878,-15
C871,Strict_position_out,P6,Nested_all,Total_CP,LR_0.01,0.4974631042737861,0.7878787878787878,-15
C871,Strict_position_out,P7,Total_CP,Total_CP,RF_depth1,0.5258333333333334,0.6458333333333333,-15
C871,Strict_position_out,P7,Interface_RMS,Interface_RMS,GaussianNB,8.737087125913091e-12,0.6944444444444444,-15
C871,Strict_position_out,P7,CP_summary,CP_summary,RF_depth1,0.5329654520287908,0.8194444444444444,-15
C871,Strict_position_out,P7,Repository,Repository,LR_0.01,0.4496882424696484,0.6944444444444444,-15
C871,Strict_position_out,P7,Local_deltaCP,Local_deltaCP,ExtraTrees_depth2,0.9449531825916264,0.6041666666666666,-15
C871,Strict_position_out,P7,Sequence,Sequence,RF_depth1,0.5501666666666667,0.7222222222222222,-15
C871,Strict_position_out,P7,Sequence_Local,Sequence_Local,RF_depth1,0.8659282125392107,0.5555555555555556,-15
C871,Strict_position_out,P7,ContactSeek_CCR,ContactSeek_CCR,ExtraTrees_depth2,0.5536934306011767,0.7013888888888888,-15
C871,Strict_position_out,P7,Nested_all,CP_summary,RF_depth1,0.5329654520287908,0.8194444444444444,-15
C871,Strict_position_out,P8,Total_CP,Total_CP,RF_depth1,0.5969759577154161,0.7638888888888888,-15
C871,Strict_position_out,P8,Interface_RMS,Interface_RMS,RF_depth2,0.5723113954274879,0.6597222222222222,-15
C871,Strict_position_out,P8,CP_summary,CP_summary,RF_depth1,0.41798927247940804,0.7916666666666666,-15
C871,Strict_position_out,P8,Repository,Repository,RF_depth2,0.5075038873198184,0.7916666666666666,-15
C871,Strict_position_out,P8,Local_deltaCP,Local_deltaCP,GaussianNB,1.2306802964023958e-17,0.6111111111111112,-15
C871,Strict_position_out,P8,Sequence,Sequence,LR_0.01,0.49770159388305935,0.7083333333333333,-15
C871,Strict_position_out,P8,Sequence_Local,Sequence_Local,GaussianNB,0.5,0.5694444444444444,-15
C871,Strict_position_out,P8,ContactSeek_CCR,ContactSeek_CCR,RF_depth2,0.7225364524108042,0.75,-15
C871,Strict_position_out,P8,Nested_all,CP_summary,RF_depth1,0.41798927247940804,0.7916666666666666,-15
C871,LOOCV,p4_r5_she,Total_CP,Total_CP,LR_0.01,0.5002429507896818,0.7727272727272727,-20
C871,LOOCV,p4_r5_she,Interface_RMS,Interface_RMS,LR_0.01,0.49714165267692645,0.7272727272727273,-20
C871,LOOCV,p4_r5_she,CP_summary,CP_summary,RF_depth1,0.32467969073025743,0.8181818181818181,-20
C871,LOOCV,p4_r5_she,Repository,Repository,RF_depth1,0.30500396825396825,0.7727272727272727,-20
C871,LOOCV,p4_r5_she,Local_deltaCP,Local_deltaCP,LR_0.01,0.4429127654668584,0.7272727272727273,-20
C871,LOOCV,p4_r5_she,Sequence,Sequence,LR_0.01,0.6021357991819063,0.55,-20
C871,LOOCV,p4_r5_she,Sequence_Local,Sequence_Local,LR_0.01,0.3260097317672219,0.6818181818181819,-20
C871,LOOCV,p4_r5_she,ContactSeek_CCR,ContactSeek_CCR,GaussianNB,3.906759094152324e-227,0.7636363636363637,-20
C871,LOOCV,p4_r5_she,Nested_all,CP_summary,RF_depth1,0.32467969073025743,0.8181818181818181,-20
C871,LOOCV,p4_r5_she_plus_p7_r5_she,Total_CP,Total_CP,LR_0.01,0.5002189205227485,0.7727272727272727,-20
C871,LOOCV,p4_r5_she_plus_p7_r5_she,Interface_RMS,Interface_RMS,LR_0.01,0.4971403520614852,0.7272727272727273,-20
C871,LOOCV,p4_r5_she_plus_p7_r5_she,CP_summary,CP_summary,RF_depth1,0.34690047314468947,0.8636363636363636,-20
C871,LOOCV,p4_r5_she_plus_p7_r5_she,Repository,Repository,RF_depth1,0.3566960678210678,0.8136363636363637,-20
C871,LOOCV,p4_r5_she_plus_p7_r5_she,Local_deltaCP,Local_deltaCP,LR_0.01,0.44027552584510266,0.7272727272727273,-20
C871,LOOCV,p4_r5_she_plus_p7_r5_she,Sequence,Sequence,ExtraTrees_depth2,0.8023333333333331,0.6,-20
C871,LOOCV,p4_r5_she_plus_p7_r5_she,Sequence_Local,Sequence_Local,LR_0.01,0.3125926639318876,0.6818181818181819,-20
C871,LOOCV,p4_r5_she_plus_p7_r5_she,ContactSeek_CCR,ContactSeek_CCR,GaussianNB,0.5,0.8045454545454545,-20
C871,LOOCV,p4_r5_she_plus_p7_r5_she,Nested_all,CP_summary,RF_depth1,0.34690047314468947,0.8636363636363636,-20
C871,LOOCV,p4_r5_sne,Total_CP,Total_CP,LR_0.01,0.5002057898980423,0.7727272727272727,-20
C871,LOOCV,p4_r5_sne,Interface_RMS,Interface_RMS,LR_0.01,0.49714108640734045,0.7272727272727273,-20
C871,LOOCV,p4_r5_sne,CP_summary,CP_summary,RF_depth1,0.36373440733263246,0.8590909090909091,-20
C871,LOOCV,p4_r5_sne,Repository,Repository,RF_depth1,0.35058967884542513,0.8590909090909091,-20
C871,LOOCV,p4_r5_sne,Local_deltaCP,Local_deltaCP,LR_0.01,0.442411896682311,0.7272727272727273,-20
C871,LOOCV,p4_r5_sne,Sequence,Sequence,LR_0.01,0.6022914893954537,0.55,-20
C871,LOOCV,p4_r5_sne,Sequence_Local,Sequence_Local,LR_0.01,0.3250696960205146,0.6818181818181819,-20
C871,LOOCV,p4_r5_sne,ContactSeek_CCR,ContactSeek_CCR,GaussianNB,0.5,0.8545454545454545,-20
C871,LOOCV,p4_r5_sne,Nested_all,CP_summary,RF_depth1,0.36373440733263246,0.8590909090909091,-20
C871,LOOCV,p4_r5_sne_plus_p7_r5_sne,Total_CP,Total_CP,RF_depth1,0.5,0.8194444444444444,-20
C871,LOOCV,p4_r5_sne_plus_p7_r5_sne,Interface_RMS,Interface_RMS,LR_0.01,0.4979210310368706,0.7083333333333334,-20
C871,LOOCV,p4_r5_sne_plus_p7_r5_sne,CP_summary,CP_summary,RF_depth1,0.5756439986611841,0.8472222222222222,-20
C871,LOOCV,p4_r5_sne_plus_p7_r5_sne,Repository,Repository,RF_depth1,0.3581641372452906,0.8194444444444444,-20
C871,LOOCV,p4_r5_sne_plus_p7_r5_sne,Local_deltaCP,Local_deltaCP,LR_0.01,0.44822410980100025,0.75,-20
C871,LOOCV,p4_r5_sne_plus_p7_r5_sne,Sequence,Sequence,LR_1,0.5,0.6111111111111112,-20
C871,LOOCV,p4_r5_sne_plus_p7_r5_sne,Sequence_Local,Sequence_Local,LR_0.01,0.43714628450184523,0.75,-20
C871,LOOCV,p4_r5_sne_plus_p7_r5_sne,ContactSeek_CCR,ContactSeek_CCR,RF_depth1,0.5,0.8888888888888888,-20
C871,LOOCV,p4_r5_sne_plus_p7_r5_sne,Nested_all,ContactSeek_CCR,RF_depth1,0.5,0.8888888888888888,-20
C871,LOOCV,p4_r5_swd_plus_p7_r5_swd,Total_CP,Total_CP,RF_depth1,0.6211227038217173,0.7638888888888888,-20
C871,LOOCV,p4_r5_swd_plus_p7_r5_swd,Interface_RMS,Interface_RMS,LR_0.01,0.5,0.7083333333333334,-20
C871,LOOCV,p4_r5_swd_plus_p7_r5_swd,CP_summary,CP_summary,RF_depth1,0.5733381698156383,0.9027777777777777,-20
C871,LOOCV,p4_r5_swd_plus_p7_r5_swd,Repository,Repository,RF_depth1,0.5100408858130909,0.8055555555555556,-20
C871,LOOCV,p4_r5_swd_plus_p7_r5_swd,Local_deltaCP,Local_deltaCP,LR_0.01,0.35569200401352963,0.6666666666666666,-20
C871,LOOCV,p4_r5_swd_plus_p7_r5_swd,Sequence,Sequence,RF_depth1,0.5383070667734777,0.6111111111111112,-20
C871,LOOCV,p4_r5_swd_plus_p7_r5_swd,Sequence_Local,Sequence_Local,ExtraTrees_depth2,0.04023274672187715,0.7083333333333334,-20
C871,LOOCV,p4_r5_swd_plus_p7_r5_swd,ContactSeek_CCR,ContactSeek_CCR,ExtraTrees_depth2,0.5,0.7916666666666666,-20
C871,LOOCV,p4_r5_swd_plus_p7_r5_swd,Nested_all,CP_summary,RF_depth1,0.5733381698156383,0.9027777777777777,-20
C871,LOOCV,p4_r5_the_plus_p7_r5_the,Total_CP,Total_CP,RF_depth1,0.6209688576678711,0.7638888888888888,-20
C871,LOOCV,p4_r5_the_plus_p7_r5_the,Interface_RMS,Interface_RMS,LR_0.01,0.49791927928170987,0.7083333333333334,-20
C871,LOOCV,p4_r5_the_plus_p7_r5_the,CP_summary,CP_summary,RF_depth1,0.5736870070249407,0.8472222222222222,-20
C871,LOOCV,p4_r5_the_plus_p7_r5_the,Repository,Repository,RF_depth1,0.18805633221221602,0.8194444444444444,-20
C871,LOOCV,p4_r5_the_plus_p7_r5_the,Local_deltaCP,Local_deltaCP,LR_0.01,0.44132267746923703,0.75,-20
C871,LOOCV,p4_r5_the_plus_p7_r5_the,Sequence,Sequence,RF_depth2,0.3709056591835498,0.6527777777777778,-20
C871,LOOCV,p4_r5_the_plus_p7_r5_the,Sequence_Local,Sequence_Local,ExtraTrees_depth2,0.050192830755490594,0.7083333333333334,-20
C871,LOOCV,p4_r5_the_plus_p7_r5_the,ContactSeek_CCR,ContactSeek_CCR,RF_depth1,0.5,0.8888888888888888,-20
C871,LOOCV,p4_r5_the_plus_p7_r5_the,Nested_all,ContactSeek_CCR,RF_depth1,0.5,0.8888888888888888,-20
C871,LOOCV,p5_r6_aye,Total_CP,Total_CP,LR_1,0.4960814463039093,0.7727272727272727,-20
C871,LOOCV,p5_r6_aye,Interface_RMS,Interface_RMS,RF_depth2,0.4571347419969781,0.759090909090909,-20
C871,LOOCV,p5_r6_aye,CP_summary,CP_summary,RF_depth1,0.2820378787878788,0.8181818181818181,-20
C871,LOOCV,p5_r6_aye,Repository,Repository,RF_depth1,0.42286886724386724,0.8590909090909091,-20
C871,LOOCV,p5_r6_aye,Local_deltaCP,Local_deltaCP,LR_0.01,0.42259266921036087,0.7272727272727273,-20
C871,LOOCV,p5_r6_aye,Sequence,Sequence,RF_depth2,0.31175388017611394,0.5818181818181818,-20
C871,LOOCV,p5_r6_aye,Sequence_Local,Sequence_Local,LR_0.01,0.36575684566884475,0.7272727272727273,-20
C871,LOOCV,p5_r6_aye,ContactSeek_CCR,ContactSeek_CCR,GaussianNB,0.5,0.8090909090909091,-20
C871,LOOCV,p5_r6_aye,Nested_all,Repository,RF_depth1,0.42286886724386724,0.8590909090909091,-20
C871,LOOCV,p5_r6_nye,Total_CP,Total_CP,LR_1,0.5075622203571211,0.8181818181818181,-20
C871,LOOCV,p5_r6_nye,Interface_RMS,Interface_RMS,SVM_RBF,0.7238623001701925,0.8136363636363637,-20
C871,LOOCV,p5_r6_nye,CP_summary,CP_summary,RF_depth1,0.3145198412698412,0.9090909090909092,-20
C871,LOOCV,p5_r6_nye,Repository,Repository,RF_depth1,0.42286886724386724,0.9045454545454545,-20
C871,LOOCV,p5_r6_nye,Local_deltaCP,Local_deltaCP,LR_0.01,0.4522207246800095,0.7727272727272727,-20
C871,LOOCV,p5_r6_nye,Sequence,Sequence,RF_depth2,0.3084898260637853,0.6318181818181818,-20
C871,LOOCV,p5_r6_nye,Sequence_Local,Sequence_Local,RF_depth1,0.35544841269841265,0.7636363636363637,-20
C871,LOOCV,p5_r6_nye,ContactSeek_CCR,ContactSeek_CCR,GaussianNB,1.2485053465198658e-225,0.8136363636363637,-20
C871,LOOCV,p5_r6_nye,Nested_all,CP_summary,RF_depth1,0.3145198412698412,0.9090909090909092,-20
C871,LOOCV,p5_r6_sfe,Total_CP,Total_CP,LR_0.01,0.5004024946268132,0.7681818181818182,-20
C871,LOOCV,p5_r6_sfe,Interface_RMS,Interface_RMS,RF_depth1,0.5147521645021647,0.7636363636363637,-20
C871,LOOCV,p5_r6_sfe,CP_summary,CP_summary,RF_depth1,0.3449492844726455,0.8636363636363636,-20
C871,LOOCV,p5_r6_sfe,Repository,Repository,RF_depth1,0.4323618280154485,0.8590909090909091,-20
C871,LOOCV,p5_r6_sfe,Local_deltaCP,Local_deltaCP,LR_0.01,0.44863736008821775,0.7727272727272727,-20
C871,LOOCV,p5_r6_sfe,Sequence,Sequence,RF_depth2,0.3253362193362193,0.6772727272727272,-20
C871,LOOCV,p5_r6_sfe,Sequence_Local,Sequence_Local,LR_0.01,0.3713209038619207,0.7272727272727273,-20
C871,LOOCV,p5_r6_sfe,ContactSeek_CCR,ContactSeek_CCR,GaussianNB,8.854956304496387e-233,0.8136363636363637,-20
C871,LOOCV,p5_r6_sfe,Nested_all,CP_summary,RF_depth1,0.3449492844726455,0.8636363636363636,-20
C871,LOOCV,p5_r6_swd,Total_CP,Total_CP,LR_0.01,0.502511553581763,0.75,-20
C871,LOOCV,p5_r6_swd,Interface_RMS,Interface_RMS,LR_0.01,0.4979193088434784,0.7083333333333334,-20
C871,LOOCV,p5_r6_swd,CP_summary,CP_summary,RF_depth1,0.5,0.8194444444444444,-20
C871,LOOCV,p5_r6_swd,Repository,Repository,RF_depth1,0.5,0.8194444444444444,-20
C871,LOOCV,p5_r6_swd,Local_deltaCP,Local_deltaCP,SVM_RBF,0.5215315495129336,0.7638888888888888,-20
C871,LOOCV,p5_r6_swd,Sequence,Sequence,RF_depth1,0.3658563610603637,0.6527777777777778,-20
C871,LOOCV,p5_r6_swd,Sequence_Local,Sequence_Local,RF_depth1,0.22321513120347403,0.7083333333333334,-20
C871,LOOCV,p5_r6_swd,ContactSeek_CCR,ContactSeek_CCR,ExtraTrees_depth2,0.32975498788240065,0.8055555555555556,-20
C871,LOOCV,p5_r6_swd,Nested_all,CP_summary,RF_depth1,0.5,0.8194444444444444,-20
C871,LOOCV,p5_r6_syq,Total_CP,Total_CP,RF_depth1,0.5,0.7636363636363637,-20
C871,LOOCV,p5_r6_syq,Interface_RMS,Interface_RMS,RF_depth2,0.43504717634388124,0.7636363636363637,-20
C871,LOOCV,p5_r6_syq,CP_summary,CP_summary,RF_depth1,0.32353045330381436,0.8636363636363636,-20
C871,LOOCV,p5_r6_syq,Repository,Repository,RF_depth1,0.39793382123580273,0.8590909090909091,-20
C871,LOOCV,p5_r6_syq,Local_deltaCP,Local_deltaCP,LR_0.01,0.4485137028887878,0.7727272727272727,-20
C871,LOOCV,p5_r6_syq,Sequence,Sequence,RF_depth2,0.28795634920634927,0.5909090909090909,-20
C871,LOOCV,p5_r6_syq,Sequence_Local,Sequence_Local,LR_0.01,0.3763088891973627,0.7272727272727273,-20
C871,LOOCV,p5_r6_syq,ContactSeek_CCR,ContactSeek_CCR,GaussianNB,8.854956304496387e-233,0.8136363636363637,-20
C871,LOOCV,p5_r6_syq,Nested_all,CP_summary,RF_depth1,0.32353045330381436,0.8636363636363636,-20
C871,LOOCV,p5_r6_thn,Total_CP,Total_CP,RF_depth1,0.5,0.7636363636363637,-20
C871,LOOCV,p5_r6_thn,Interface_RMS,Interface_RMS,RF_depth2,0.43504717634388124,0.7636363636363637,-20
C871,LOOCV,p5_r6_thn,CP_summary,CP_summary,RF_depth2,0.3377312063904221,0.8636363636363636,-20
C871,LOOCV,p5_r6_thn,Repository,Repository,RF_depth1,0.3833568927645545,0.8590909090909091,-20
C871,LOOCV,p5_r6_thn,Local_deltaCP,Local_deltaCP,LR_0.01,0.44990789035746215,0.7727272727272727,-20
C871,LOOCV,p5_r6_thn,Sequence,Sequence,LR_1,0.9832410454454223,0.6,-20
C871,LOOCV,p5_r6_thn,Sequence_Local,Sequence_Local,LR_0.01,0.3753896003247928,0.7272727272727273,-20
C871,LOOCV,p5_r6_thn,ContactSeek_CCR,ContactSeek_CCR,ExtraTrees_depth2,0.5521643856143856,0.8545454545454545,-20
C871,LOOCV,p5_r6_thn,Nested_all,CP_summary,RF_depth2,0.3377312063904221,0.8636363636363636,-20
C871,LOOCV,p5_r6_twd,Total_CP,Total_CP,LR_0.1,0.5164690868605373,0.8055555555555556,-20
C871,LOOCV,p5_r6_twd,Interface_RMS,Interface_RMS,RF_depth2,0.6654453256279216,0.75,-20
C871,LOOCV,p5_r6_twd,CP_summary,CP_summary,RF_depth1,0.3176482730633389,0.8194444444444444,-20
C871,LOOCV,p5_r6_twd,Repository,Repository,RF_depth1,0.341717196978651,0.8194444444444444,-20
C871,LOOCV,p5_r6_twd,Local_deltaCP,Local_deltaCP,RF_depth1,0.19067731869973137,0.7083333333333334,-20
C871,LOOCV,p5_r6_twd,Sequence,Sequence,RF_depth2,0.3716905126372615,0.6527777777777778,-20
C871,LOOCV,p5_r6_twd,Sequence_Local,Sequence_Local,RF_depth1,0.22735805256717206,0.7083333333333334,-20
C871,LOOCV,p5_r6_twd,ContactSeek_CCR,ContactSeek_CCR,ExtraTrees_depth2,0.5,0.7361111111111112,-20
C871,LOOCV,p5_r6_twd,Nested_all,CP_summary,RF_depth1,0.3176482730633389,0.8194444444444444,-20
C871,LOOCV,p5_r6_tye,Total_CP,Total_CP,RF_depth1,0.6488766365885985,0.7638888888888888,-20
C871,LOOCV,p5_r6_tye,Interface_RMS,Interface_RMS,LR_0.01,0.4979217520265107,0.7083333333333334,-20
C871,LOOCV,p5_r6_tye,CP_summary,CP_summary,RF_depth1,0.3679409999717741,0.8194444444444444,-20
C871,LOOCV,p5_r6_tye,Repository,Repository,LR_0.01,0.5207441794892687,0.8333333333333333,-20
C871,LOOCV,p5_r6_tye,Local_deltaCP,Local_deltaCP,SVM_RBF,0.522417750077695,0.7638888888888888,-20
C871,LOOCV,p5_r6_tye,Sequence,Sequence,RF_depth2,0.3778357259113529,0.625,-20
C871,LOOCV,p5_r6_tye,Sequence_Local,Sequence_Local,RF_depth1,0.22321513120347403,0.7083333333333334,-20
C871,LOOCV,p5_r6_tye,ContactSeek_CCR,ContactSeek_CCR,RF_depth1,0.4318757251506672,0.8055555555555556,-20
C871,LOOCV,p5_r6_tye,Nested_all,Repository,LR_0.01,0.5207441794892687,0.8333333333333333,-20
C871,LOOCV,p5_r6_vfn,Total_CP,Total_CP,LR_0.01,0.5006475209294154,0.7681818181818182,-20
C871,LOOCV,p5_r6_vfn,Interface_RMS,Interface_RMS,RF_depth2,0.42627194761822773,0.7636363636363637,-20
C871,LOOCV,p5_r6_vfn,CP_summary,CP_summary,RF_depth1,0.3270568310489703,0.8636363636363636,-20
C871,LOOCV,p5_r6_vfn,Repository,Repository,RF_depth1,0.3710494622211308,0.8590909090909091,-20
C871,LOOCV,p5_r6_vfn,Local_deltaCP,Local_deltaCP,LR_0.01,0.41813548034239223,0.7272727272727273,-20
C871,LOOCV,p5_r6_vfn,Sequence,Sequence,RF_depth2,0.2645987689046897,0.5818181818181818,-20
C871,LOOCV,p5_r6_vfn,Sequence_Local,Sequence_Local,LR_0.01,0.3766754248586611,0.7272727272727273,-20
C871,LOOCV,p5_r6_vfn,ContactSeek_CCR,ContactSeek_CCR,GaussianNB,7.268278273017176e-232,0.8136363636363637,-20
C871,LOOCV,p5_r6_vfn,Nested_all,CP_summary,RF_depth1,0.3270568310489703,0.8636363636363636,-20
C871,LOOCV,p6_r7_qfw,Total_CP,Total_CP,LR_0.01,0.5,0.7727272727272727,-20
C871,LOOCV,p6_r7_qfw,Interface_RMS,Interface_RMS,LR_0.01,0.49765369697172224,0.7272727272727273,-20
C871,LOOCV,p6_r7_qfw,CP_summary,CP_summary,RF_depth1,0.29919475297954545,0.8636363636363636,-20
C871,LOOCV,p6_r7_qfw,Repository,Repository,RF_depth1,0.32552398989898984,0.8636363636363636,-20
C871,LOOCV,p6_r7_qfw,Local_deltaCP,Local_deltaCP,LR_0.01,0.4238911245271358,0.7727272727272727,-20
C871,LOOCV,p6_r7_qfw,Sequence,Sequence,RF_depth2,0.5,0.6136363636363636,-20
C871,LOOCV,p6_r7_qfw,Sequence_Local,Sequence_Local,LR_0.01,0.3916455940615371,0.7727272727272727,-20
C871,LOOCV,p6_r7_qfw,ContactSeek_CCR,ContactSeek_CCR,RF_depth1,0.21609511333864187,0.8181818181818181,-20
C871,LOOCV,p6_r7_qfw,Nested_all,CP_summary,RF_depth1,0.29919475297954545,0.8636363636363636,-20
C871,LOOCV,p6_r7_qrw,Total_CP,Total_CP,LR_0.01,0.5022877757112075,0.8055555555555556,-20
C871,LOOCV,p6_r7_qrw,Interface_RMS,Interface_RMS,LR_0.01,0.4979146123252224,0.7083333333333334,-20
C871,LOOCV,p6_r7_qrw,CP_summary,CP_summary,GaussianNB,0.2426255167402353,0.8333333333333333,-20
C871,LOOCV,p6_r7_qrw,Repository,Repository,SVM_RBF,0.5,0.8333333333333333,-20
C871,LOOCV,p6_r7_qrw,Local_deltaCP,Local_deltaCP,LR_1,0.1948313422593982,0.7222222222222222,-20
C871,LOOCV,p6_r7_qrw,Sequence,Sequence,RF_depth1,0.390568653577574,0.6527777777777778,-20
C871,LOOCV,p6_r7_qrw,Sequence_Local,Sequence_Local,LR_0.01,0.46564900830649536,0.7361111111111112,-20
C871,LOOCV,p6_r7_qrw,ContactSeek_CCR,ContactSeek_CCR,RF_depth1,0.44001261691851845,0.8055555555555556,-20
C871,LOOCV,p6_r7_qrw,Nested_all,CP_summary,GaussianNB,0.2426255167402353,0.8333333333333333,-20
C871,LOOCV,p6_r7_trq,Total_CP,Total_CP,RF_depth1,0.5638897559449405,0.8090909090909091,-20
C871,LOOCV,p6_r7_trq,Interface_RMS,Interface_RMS,LR_0.01,0.4976538445809455,0.7272727272727273,-20
C871,LOOCV,p6_r7_trq,CP_summary,CP_summary,RF_depth1,0.4197003968253967,0.9090909090909092,-20
C871,LOOCV,p6_r7_trq,Repository,Repository,RF_depth1,0.35900595238095234,0.9090909090909092,-20
C871,LOOCV,p6_r7_trq,Local_deltaCP,Local_deltaCP,LR_0.01,0.4241379093786968,0.7727272727272727,-20
C871,LOOCV,p6_r7_trq,Sequence,Sequence,LDA_shrinkage,0.0003255782190550227,0.6318181818181818,-20
C871,LOOCV,p6_r7_trq,Sequence_Local,Sequence_Local,LR_0.01,0.3992840251344828,0.7727272727272727,-20
C871,LOOCV,p6_r7_trq,ContactSeek_CCR,ContactSeek_CCR,GaussianNB,7.195288345537759e-232,0.8136363636363637,-20
C871,LOOCV,p6_r7_trq,Nested_all,CP_summary,RF_depth1,0.4197003968253967,0.9090909090909092,-20
C871,LOOCV,p6_r7_wfd,Total_CP,Total_CP,RF_depth1,0.5,0.8090909090909091,-20
C871,LOOCV,p6_r7_wfd,Interface_RMS,Interface_RMS,RF_depth1,0.5,0.8181818181818181,-20
C871,LOOCV,p6_r7_wfd,CP_summary,CP_summary,RF_depth1,0.37729563492063484,0.9090909090909092,-20
C871,LOOCV,p6_r7_wfd,Repository,Repository,RF_depth1,0.3285515873015873,0.9090909090909092,-20
C871,LOOCV,p6_r7_wfd,Local_deltaCP,Local_deltaCP,LR_0.01,0.41677922532878875,0.7727272727272727,-20
C871,LOOCV,p6_r7_wfd,Sequence,Sequence,RF_depth2,0.48920562770562764,0.6636363636363636,-20
C871,LOOCV,p6_r7_wfd,Sequence_Local,Sequence_Local,LR_0.01,0.3893126390466518,0.7727272727272727,-20
C871,LOOCV,p6_r7_wfd,ContactSeek_CCR,ContactSeek_CCR,GaussianNB,2.5080817793747347e-232,0.8136363636363637,-20
C871,LOOCV,p6_r7_wfd,Nested_all,CP_summary,RF_depth1,0.37729563492063484,0.9090909090909092,-20
C871,LOOCV,p6_r7_wfq,Total_CP,Total_CP,LR_0.01,0.5023948165913612,0.8055555555555556,-20
C871,LOOCV,p6_r7_wfq,Interface_RMS,Interface_RMS,LR_0.01,0.49788818415454683,0.7083333333333334,-20
C871,LOOCV,p6_r7_wfq,CP_summary,CP_summary,RF_depth1,0.560751739744331,0.9444444444444444,-20
C871,LOOCV,p6_r7_wfq,Repository,Repository,RF_depth1,0.5706696832197549,0.9444444444444444,-20
C871,LOOCV,p6_r7_wfq,Local_deltaCP,Local_deltaCP,GaussianNB,3.9940317239403484e-50,0.75,-20
C871,LOOCV,p6_r7_wfq,Sequence,Sequence,LR_1,0.3329136955646575,0.6805555555555556,-20
C871,LOOCV,p6_r7_wfq,Sequence_Local,Sequence_Local,LR_0.01,0.49610123584128185,0.7638888888888888,-20
C871,LOOCV,p6_r7_wfq,ContactSeek_CCR,ContactSeek_CCR,RF_depth1,0.4374068815283214,0.9027777777777777,-20
C871,LOOCV,p6_r7_wfq,Nested_all,CP_summary,RF_depth1,0.560751739744331,0.9444444444444444,-20
C871,LOOCV,p7_r5_syvirr,Total_CP,Total_CP,LR_0.01,0.5021497179048038,0.8055555555555556,-20
C871,LOOCV,p7_r5_syvirr,Interface_RMS,Interface_RMS,LR_0.01,0.4978923750365901,0.7083333333333334,-20
C871,LOOCV,p7_r5_syvirr,CP_summary,CP_summary,RF_depth1,0.33930095764444884,0.8333333333333333,-20
C871,LOOCV,p7_r5_syvirr,Repository,Repository,RF_depth2,0.6432584600402305,0.8472222222222222,-20
C871,LOOCV,p7_r5_syvirr,Local_deltaCP,Local_deltaCP,LR_0.1,0.42328008813878126,0.7916666666666667,-20
C871,LOOCV,p7_r5_syvirr,Sequence,Sequence,ExtraTrees_depth2,0.6197953216374263,0.6805555555555556,-20
C871,LOOCV,p7_r5_syvirr,Sequence_Local,Sequence_Local,LR_0.01,0.47644216412853246,0.75,-20
C871,LOOCV,p7_r5_syvirr,ContactSeek_CCR,ContactSeek_CCR,LDA_shrinkage,0.001232016415073704,0.7638888888888888,-20
C871,LOOCV,p7_r5_syvirr,Nested_all,Repository,RF_depth2,0.6432584600402305,0.8472222222222222,-20
C871,LOOCV,p8_r6_gve,Total_CP,Total_CP,LR_0.01,0.502077026327492,0.8611111111111112,-20
C871,LOOCV,p8_r6_gve,Interface_RMS,Interface_RMS,LR_0.01,0.49790326729060536,0.7083333333333334,-20
C871,LOOCV,p8_r6_gve,CP_summary,CP_summary,RF_depth1,0.3345139994470542,0.8333333333333333,-20
C871,LOOCV,p8_r6_gve,Repository,Repository,LR_0.01,0.49202695702009097,0.7777777777777777,-20
C871,LOOCV,p8_r6_gve,Local_deltaCP,Local_deltaCP,LR_0.01,0.47644000768510186,0.7916666666666667,-20
C871,LOOCV,p8_r6_gve,Sequence,Sequence,RF_depth2,0.3760947895460384,0.6666666666666666,-20
C871,LOOCV,p8_r6_gve,Sequence_Local,Sequence_Local,LR_0.01,0.4846957047738707,0.7916666666666667,-20
C871,LOOCV,p8_r6_gve,ContactSeek_CCR,ContactSeek_CCR,RF_depth1,0.4217674130720075,0.8055555555555556,-20
C871,LOOCV,p8_r6_gve,Nested_all,Total_CP,LR_0.01,0.502077026327492,0.8611111111111112,-20
C871,Position_group_out,4,Total_CP,Total_CP,LR_0.01,0.49740296803545003,0.75,-20
C871,Position_group_out,4,Interface_RMS,Interface_RMS,SVM_RBF,0.5899302008015602,0.7,-20
C871,Position_group_out,4,CP_summary,CP_summary,LR_0.01,0.5113774205481483,0.75,-20
C871,Position_group_out,4,Repository,Repository,LR_1,0.47495994932931146,0.8,-20
C871,Position_group_out,4,Local_deltaCP,Local_deltaCP,LR_0.01,0.987306742704803,0.55,-20
C871,Position_group_out,4,Sequence,Sequence,LR_0.01,0.543849682905814,0.6,-20
C871,Position_group_out,4,Sequence_Local,Sequence_Local,LR_0.01,0.9872436993880664,0.55,-20
C871,Position_group_out,4,ContactSeek_CCR,ContactSeek_CCR,ExtraTrees_depth2,0.5767813397129182,0.75,-20
C871,Position_group_out,4,Nested_all,Repository,LR_1,0.47495994932931146,0.8,-20
C871,Position_group_out,4+7,Total_CP,Total_CP,RF_depth1,0.5545501947295612,0.7922077922077921,-20
C871,Position_group_out,4+7,Interface_RMS,Interface_RMS,GaussianNB,0.029992167718857904,0.7272727272727273,-20
C871,Position_group_out,4+7,CP_summary,CP_summary,RF_depth1,0.46107314129805554,0.7922077922077921,-20
C871,Position_group_out,4+7,Repository,Repository,RF_depth1,0.42596767443140404,0.7922077922077921,-20
C871,Position_group_out,4+7,Local_deltaCP,Local_deltaCP,ExtraTrees_depth2,0.8581926902473884,0.5974025974025974,-20
C871,Position_group_out,4+7,Sequence,Sequence,RF_depth2,0.5774496804265241,0.7857142857142857,-20
C871,Position_group_out,4+7,Sequence_Local,Sequence_Local,SVM_RBF,0.5998180219567779,0.5974025974025974,-20
C871,Position_group_out,4+7,ContactSeek_CCR,ContactSeek_CCR,RF_depth1,0.5371582577859197,0.9285714285714286,-20
C871,Position_group_out,4+7,Nested_all,ContactSeek_CCR,RF_depth1,0.5371582577859197,0.9285714285714286,-20
C871,Position_group_out,5,Total_CP,Total_CP,RF_depth1,0.515228618131095,0.7738095238095238,-20
C871,Position_group_out,5,Interface_RMS,Interface_RMS,GaussianNB,0.10338539130654623,0.8333333333333333,-20
C871,Position_group_out,5,CP_summary,CP_summary,LR_0.01,0.48810107114730783,0.8333333333333333,-20
C871,Position_group_out,5,Repository,Repository,GaussianNB,0.04677226142740505,0.75,-20
C871,Position_group_out,5,Local_deltaCP,Local_deltaCP,LR_0.1,0.6646218160956092,0.7619047619047619,-20
C871,Position_group_out,5,Sequence,Sequence,LR_0.01,0.503235367995085,0.6309523809523809,-20
C871,Position_group_out,5,Sequence_Local,Sequence_Local,LR_0.1,0.6729137464891861,0.7619047619047619,-20
C871,Position_group_out,5,ContactSeek_CCR,ContactSeek_CCR,SVM_RBF,0.3998095992311323,0.8452380952380952,-20
C871,Position_group_out,5,Nested_all,ContactSeek_CCR,SVM_RBF,0.3998095992311323,0.8452380952380952,-20
C871,Position_group_out,6,Total_CP,Total_CP,RF_depth1,0.5059483646320724,0.8263888888888888,-20
C871,Position_group_out,6,Interface_RMS,Interface_RMS,SVM_RBF,0.6303198160457142,0.7083333333333333,-20
C871,Position_group_out,6,CP_summary,CP_summary,RF_depth1,0.5,1.0,-20
C871,Position_group_out,6,Repository,Repository,RF_depth1,0.5,1.0,-20
C871,Position_group_out,6,Local_deltaCP,Local_deltaCP,LR_0.01,0.551655784607407,0.8333333333333333,-20
C871,Position_group_out,6,Sequence,Sequence,LR_1,0.3805508987848283,0.7708333333333333,-20
C871,Position_group_out,6,Sequence_Local,Sequence_Local,LR_0.01,0.5383437103067503,0.8333333333333333,-20
C871,Position_group_out,6,ContactSeek_CCR,ContactSeek_CCR,LR_1,0.00021475025037183244,0.7777777777777778,-20
C871,Position_group_out,6,Nested_all,CP_summary,RF_depth1,0.5,1.0,-20
C871,Position_group_out,7,Total_CP,Total_CP,RF_depth1,0.5976402065858192,0.7638888888888888,-20
C871,Position_group_out,7,Interface_RMS,Interface_RMS,SVM_RBF,0.7307626231000324,0.6805555555555556,-20
C871,Position_group_out,7,CP_summary,CP_summary,RF_depth1,0.5,0.8194444444444444,-20
C871,Position_group_out,7,Repository,Repository,RF_depth1,0.564069974490635,0.8194444444444444,-20
C871,Position_group_out,7,Local_deltaCP,Local_deltaCP,SVM_RBF,0.5930605908703798,0.6388888888888888,-20
C871,Position_group_out,7,Sequence,Sequence,RF_depth1,0.4436556840411428,0.7361111111111112,-20
C871,Position_group_out,7,Sequence_Local,Sequence_Local,LR_0.01,0.0004927850898685343,0.625,-20
C871,Position_group_out,7,ContactSeek_CCR,ContactSeek_CCR,ExtraTrees_depth2,0.5745833333333332,0.8333333333333333,-20
C871,Position_group_out,7,Nested_all,ContactSeek_CCR,ExtraTrees_depth2,0.5745833333333332,0.8333333333333333,-20
C871,Position_group_out,8,Total_CP,Total_CP,RF_depth1,0.6013822700778826,0.8194444444444444,-20
C871,Position_group_out,8,Interface_RMS,Interface_RMS,SVM_RBF,0.7299102628955911,0.6944444444444444,-20
C871,Position_group_out,8,CP_summary,CP_summary,ExtraTrees_depth2,0.6028272292722758,0.9166666666666667,-20
C871,Position_group_out,8,Repository,Repository,RF_depth1,0.5,0.8194444444444444,-20
C871,Position_group_out,8,Local_deltaCP,Local_deltaCP,SVM_RBF,0.5963536492470644,0.6388888888888888,-20
C871,Position_group_out,8,Sequence,Sequence,ExtraTrees_depth2,0.2095936532507739,0.7222222222222222,-20
C871,Position_group_out,8,Sequence_Local,Sequence_Local,LR_0.01,0.0005474521527071908,0.5833333333333334,-20
C871,Position_group_out,8,ContactSeek_CCR,ContactSeek_CCR,ExtraTrees_depth2,0.623544117647059,0.7222222222222222,-20
C871,Position_group_out,8,Nested_all,CP_summary,ExtraTrees_depth2,0.6028272292722758,0.9166666666666667,-20
C871,Strict_position_out,P4,Total_CP,Total_CP,ExtraTrees_depth2,0.49628571428571433,0.7777777777777778,-20
C871,Strict_position_out,P4,Interface_RMS,Interface_RMS,GaussianNB,6.570870599169699e-47,0.7777777777777778,-20
C871,Strict_position_out,P4,CP_summary,CP_summary,LR_0.01,0.45261080558160305,0.7777777777777778,-20
C871,Strict_position_out,P4,Repository,Repository,LR_0.01,0.458029636626627,0.7777777777777778,-20
C871,Strict_position_out,P4,Local_deltaCP,Local_deltaCP,SVM_RBF,0.5897688313399772,0.6190476190476191,-20
C871,Strict_position_out,P4,Sequence,Sequence,RF_depth1,0.5829941548346623,0.6428571428571428,-20
C871,Strict_position_out,P4,Sequence_Local,Sequence_Local,RF_depth1,0.5750958008175397,0.6190476190476191,-20
C871,Strict_position_out,P4,ContactSeek_CCR,ContactSeek_CCR,ExtraTrees_depth2,0.7486554621848736,0.9285714285714286,-20
C871,Strict_position_out,P4,Nested_all,ContactSeek_CCR,ExtraTrees_depth2,0.7486554621848736,0.9285714285714286,-20
C871,Strict_position_out,P5,Total_CP,Total_CP,RF_depth1,0.515228618131095,0.7738095238095238,-20
C871,Strict_position_out,P5,Interface_RMS,Interface_RMS,LR_0.01,0.4986154198315062,0.8095238095238095,-20
C871,Strict_position_out,P5,CP_summary,CP_summary,LR_1,0.3169139403151974,0.8333333333333333,-20
C871,Strict_position_out,P5,Repository,Repository,LR_1,0.8164890514027914,0.7857142857142857,-20
C871,Strict_position_out,P5,Local_deltaCP,Local_deltaCP,LR_0.01,0.9223960757888521,0.6011904761904762,-20
C871,Strict_position_out,P5,Sequence,Sequence,LR_0.01,0.4910834704046999,0.5416666666666667,-20
C871,Strict_position_out,P5,Sequence_Local,Sequence_Local,LR_0.01,0.9071959797605329,0.6011904761904762,-20
C871,Strict_position_out,P5,ContactSeek_CCR,ContactSeek_CCR,SVM_RBF,0.36322056309404244,0.7083333333333334,-20
C871,Strict_position_out,P5,Nested_all,CP_summary,LR_1,0.3169139403151974,0.8333333333333333,-20
C871,Strict_position_out,P6,Total_CP,Total_CP,LR_0.01,0.4967845303192802,0.7777777777777778,-20
C871,Strict_position_out,P6,Interface_RMS,Interface_RMS,SVM_RBF,0.6171821520282559,0.7083333333333333,-20
C871,Strict_position_out,P6,CP_summary,CP_summary,RF_depth1,0.5,1.0,-20
C871,Strict_position_out,P6,Repository,Repository,RF_depth1,0.5,1.0,-20
C871,Strict_position_out,P6,Local_deltaCP,Local_deltaCP,LR_1,1.0381399560358455e-12,0.9097222222222222,-20
C871,Strict_position_out,P6,Sequence,Sequence,LR_1,0.331213753865218,0.7708333333333333,-20
C871,Strict_position_out,P6,Sequence_Local,Sequence_Local,LDA_shrinkage,6.485807587188445e-95,0.8854166666666667,-20
C871,Strict_position_out,P6,ContactSeek_CCR,ContactSeek_CCR,LDA_shrinkage,2.970453172954507e-09,0.8298611111111112,-20
C871,Strict_position_out,P6,Nested_all,CP_summary,RF_depth1,0.5,1.0,-20
C871,Strict_position_out,P7,Total_CP,Total_CP,RF_depth1,0.5,0.7348484848484849,-20
C871,Strict_position_out,P7,Interface_RMS,Interface_RMS,ExtraTrees_depth2,0.6660681818181813,0.6212121212121212,-20
C871,Strict_position_out,P7,CP_summary,CP_summary,RF_depth1,0.5,0.7803030303030303,-20
C871,Strict_position_out,P7,Repository,Repository,LDA_shrinkage,0.021141397106583977,0.7803030303030303,-20
C871,Strict_position_out,P7,Local_deltaCP,Local_deltaCP,LR_0.01,0.20056615891335736,0.5909090909090909,-20
C871,Strict_position_out,P7,Sequence,Sequence,RF_depth1,0.5,0.7424242424242424,-20
C871,Strict_position_out,P7,Sequence_Local,Sequence_Local,LR_0.01,0.20281203755805183,0.5909090909090909,-20
C871,Strict_position_out,P7,ContactSeek_CCR,ContactSeek_CCR,ExtraTrees_depth2,0.6243428140486965,0.8333333333333333,-20
C871,Strict_position_out,P7,Nested_all,ContactSeek_CCR,ExtraTrees_depth2,0.6243428140486965,0.8333333333333333,-20
C871,Strict_position_out,P8,Total_CP,Total_CP,RF_depth1,0.5909040945081938,0.8194444444444444,-20
C871,Strict_position_out,P8,Interface_RMS,Interface_RMS,SVM_RBF,0.7299016480338878,0.7083333333333333,-20
C871,Strict_position_out,P8,CP_summary,CP_summary,ExtraTrees_depth2,0.6028272292722758,0.8888888888888888,-20
C871,Strict_position_out,P8,Repository,Repository,ExtraTrees_depth2,0.6850816851183994,0.8472222222222222,-20
C871,Strict_position_out,P8,Local_deltaCP,Local_deltaCP,LR_0.01,0.00040943966645996756,0.6041666666666666,-20
C871,Strict_position_out,P8,Sequence,Sequence,RF_depth1,0.4331923774246542,0.6944444444444444,-20
C871,Strict_position_out,P8,Sequence_Local,Sequence_Local,LR_0.01,0.0005474521527071908,0.5833333333333334,-20
C871,Strict_position_out,P8,ContactSeek_CCR,ContactSeek_CCR,RF_depth1,0.5761713205176632,0.7777777777777778,-20
C871,Strict_position_out,P8,Nested_all,CP_summary,ExtraTrees_depth2,0.6028272292722758,0.8888888888888888,-20
C871,LOOCV,p4_r5_she,Total_CP,Total_CP,LR_0.01,0.5021559363697059,0.7638888888888888,-25
C871,LOOCV,p4_r5_she,Interface_RMS,Interface_RMS,LR_0.01,0.4978215560633207,0.7083333333333334,-25
C871,LOOCV,p4_r5_she,CP_summary,CP_summary,RF_depth1,0.6090557008113217,0.8611111111111112,-25
C871,LOOCV,p4_r5_she,Repository,Repository,RF_depth1,0.5,0.9166666666666667,-25
C871,LOOCV,p4_r5_she,Local_deltaCP,Local_deltaCP,GaussianNB,2.621521125245632e-58,0.7916666666666667,-25
C871,LOOCV,p4_r5_she,Sequence,Sequence,LR_0.01,0.5073501592071799,0.6527777777777778,-25
C871,LOOCV,p4_r5_she,Sequence_Local,Sequence_Local,LR_0.1,0.22949779353675853,0.7083333333333334,-25
C871,LOOCV,p4_r5_she,ContactSeek_CCR,ContactSeek_CCR,ExtraTrees_depth2,0.2401670829170828,0.875,-25
C871,LOOCV,p4_r5_she,Nested_all,Repository,RF_depth1,0.5,0.9166666666666667,-25
C871,LOOCV,p4_r5_she_plus_p7_r5_she,Total_CP,Total_CP,LR_0.01,0.5021559363697059,0.7638888888888888,-25
C871,LOOCV,p4_r5_she_plus_p7_r5_she,Interface_RMS,Interface_RMS,LR_0.01,0.497821354755664,0.7083333333333334,-25
C871,LOOCV,p4_r5_she_plus_p7_r5_she,CP_summary,CP_summary,RF_depth1,0.5,0.8194444444444444,-25
C871,LOOCV,p4_r5_she_plus_p7_r5_she,Repository,Repository,RF_depth1,0.5,0.9166666666666667,-25
C871,LOOCV,p4_r5_she_plus_p7_r5_she,Local_deltaCP,Local_deltaCP,GaussianNB,2.621521125245632e-58,0.7916666666666667,-25
C871,LOOCV,p4_r5_she_plus_p7_r5_she,Sequence,Sequence,LR_0.01,0.5096997927020812,0.6944444444444444,-25
C871,LOOCV,p4_r5_she_plus_p7_r5_she,Sequence_Local,Sequence_Local,LR_0.1,0.528382816033045,0.7222222222222222,-25
C871,LOOCV,p4_r5_she_plus_p7_r5_she,ContactSeek_CCR,ContactSeek_CCR,RF_depth1,0.5,0.8888888888888888,-25
C871,LOOCV,p4_r5_she_plus_p7_r5_she,Nested_all,Repository,RF_depth1,0.5,0.9166666666666667,-25
C871,LOOCV,p4_r5_sne,Total_CP,Total_CP,LR_0.01,0.5021559363697059,0.7638888888888888,-25
C871,LOOCV,p4_r5_sne,Interface_RMS,Interface_RMS,LR_0.01,0.4978214686398468,0.7083333333333334,-25
C871,LOOCV,p4_r5_sne,CP_summary,CP_summary,RF_depth1,0.2999920973867669,0.8333333333333333,-25
C871,LOOCV,p4_r5_sne,Repository,Repository,RF_depth1,0.4173344047965941,0.9166666666666667,-25
C871,LOOCV,p4_r5_sne,Local_deltaCP,Local_deltaCP,GaussianNB,6.199271049100795e-25,0.8055555555555556,-25
C871,LOOCV,p4_r5_sne,Sequence,Sequence,LR_1,0.061132977274785866,0.6666666666666666,-25
C871,LOOCV,p4_r5_sne,Sequence_Local,Sequence_Local,LR_0.1,0.22927063984510987,0.7083333333333334,-25
C871,LOOCV,p4_r5_sne,ContactSeek_CCR,ContactSeek_CCR,GaussianNB,3.2377433510577733e-244,0.9166666666666667,-25
C871,LOOCV,p4_r5_sne,Nested_all,Repository,RF_depth1,0.4173344047965941,0.9166666666666667,-25
C871,LOOCV,p4_r5_sne_plus_p7_r5_sne,Total_CP,Total_CP,RF_depth1,0.29728717119679293,0.7836538461538461,-25
C871,LOOCV,p4_r5_sne_plus_p7_r5_sne,Interface_RMS,Interface_RMS,LR_0.01,0.5,0.6923076923076923,-25
C871,LOOCV,p4_r5_sne_plus_p7_r5_sne,CP_summary,CP_summary,RF_depth1,0.6066524302278238,0.875,-25
C871,LOOCV,p4_r5_sne_plus_p7_r5_sne,Repository,Repository,RF_depth2,0.5218245679309181,0.9375,-25
C871,LOOCV,p4_r5_sne_plus_p7_r5_sne,Local_deltaCP,Local_deltaCP,GaussianNB,0.9999907620964665,0.7115384615384616,-25
C871,LOOCV,p4_r5_sne_plus_p7_r5_sne,Sequence,Sequence,LDA_shrinkage,0.5,0.6586538461538461,-25
C871,LOOCV,p4_r5_sne_plus_p7_r5_sne,Sequence_Local,Sequence_Local,LR_1,0.5,0.7211538461538461,-25
C871,LOOCV,p4_r5_sne_plus_p7_r5_sne,ContactSeek_CCR,ContactSeek_CCR,GaussianNB,7.850594654421785e-165,0.9230769230769231,-25
C871,LOOCV,p4_r5_sne_plus_p7_r5_sne,Nested_all,Repository,RF_depth2,0.5218245679309181,0.9375,-25
C871,LOOCV,p4_r5_swd_plus_p7_r5_swd,Total_CP,Total_CP,LR_0.01,0.5010363675057479,0.7307692307692308,-25
C871,LOOCV,p4_r5_swd_plus_p7_r5_swd,Interface_RMS,Interface_RMS,RF_depth2,0.5,0.7451923076923077,-25
C871,LOOCV,p4_r5_swd_plus_p7_r5_swd,CP_summary,CP_summary,RF_depth1,0.5,0.8221153846153846,-25
C871,LOOCV,p4_r5_swd_plus_p7_r5_swd,Repository,Repository,RF_depth1,0.5180130322256022,0.8990384615384616,-25
C871,LOOCV,p4_r5_swd_plus_p7_r5_swd,Local_deltaCP,Local_deltaCP,GaussianNB,0.9999999999995524,0.6730769230769231,-25
C871,LOOCV,p4_r5_swd_plus_p7_r5_swd,Sequence,Sequence,SVM_RBF,0.32146759199898167,0.5769230769230769,-25
C871,LOOCV,p4_r5_swd_plus_p7_r5_swd,Sequence_Local,Sequence_Local,LR_0.01,0.3645165249909525,0.6923076923076923,-25
C871,LOOCV,p4_r5_swd_plus_p7_r5_swd,ContactSeek_CCR,ContactSeek_CCR,RF_depth1,0.3340212581910592,0.8221153846153846,-25
C871,LOOCV,p4_r5_swd_plus_p7_r5_swd,Nested_all,Repository,RF_depth1,0.5180130322256022,0.8990384615384616,-25
C871,LOOCV,p4_r5_the_plus_p7_r5_the,Total_CP,Total_CP,LR_0.01,0.5004843349896007,0.7307692307692308,-25
C871,LOOCV,p4_r5_the_plus_p7_r5_the,Interface_RMS,Interface_RMS,RF_depth2,0.5337058428184853,0.7067307692307692,-25
C871,LOOCV,p4_r5_the_plus_p7_r5_the,CP_summary,CP_summary,RF_depth1,0.6325757775649893,0.8365384615384616,-25
C871,LOOCV,p4_r5_the_plus_p7_r5_the,Repository,Repository,RF_depth1,0.3905938336424243,0.8605769230769231,-25
C871,LOOCV,p4_r5_the_plus_p7_r5_the,Local_deltaCP,Local_deltaCP,GaussianNB,0.9999907620964665,0.7115384615384616,-25
C871,LOOCV,p4_r5_the_plus_p7_r5_the,Sequence,Sequence,LR_0.01,0.578226411307906,0.625,-25
C871,LOOCV,p4_r5_the_plus_p7_r5_the,Sequence_Local,Sequence_Local,LR_0.01,0.36657900577850877,0.6923076923076923,-25
C871,LOOCV,p4_r5_the_plus_p7_r5_the,ContactSeek_CCR,ContactSeek_CCR,RF_depth1,0.3458652104801101,0.9615384615384616,-25
C871,LOOCV,p4_r5_the_plus_p7_r5_the,Nested_all,ContactSeek_CCR,RF_depth1,0.3458652104801101,0.9615384615384616,-25
C871,LOOCV,p5_r6_aye,Total_CP,Total_CP,LR_0.01,0.5018350613216538,0.7638888888888888,-25
C871,LOOCV,p5_r6_aye,Interface_RMS,Interface_RMS,SVM_RBF,0.728515373981817,0.6805555555555556,-25
C871,LOOCV,p5_r6_aye,CP_summary,CP_summary,RF_depth1,0.348847818982774,0.7916666666666667,-25
C871,LOOCV,p5_r6_aye,Repository,Repository,RF_depth1,0.5,0.7777777777777777,-25
C871,LOOCV,p5_r6_aye,Local_deltaCP,Local_deltaCP,GaussianNB,5.0156773633392146e-51,0.75,-25
C871,LOOCV,p5_r6_aye,Sequence,Sequence,LR_0.01,0.4926771598003943,0.6805555555555556,-25
C871,LOOCV,p5_r6_aye,Sequence_Local,Sequence_Local,SVM_RBF,0.4511858574131949,0.7222222222222222,-25
C871,LOOCV,p5_r6_aye,ContactSeek_CCR,ContactSeek_CCR,RF_depth1,0.42971713402382794,0.8611111111111112,-25
C871,LOOCV,p5_r6_aye,Nested_all,ContactSeek_CCR,RF_depth1,0.42971713402382794,0.8611111111111112,-25
C871,LOOCV,p5_r6_nye,Total_CP,Total_CP,LR_0.01,0.5021943026689639,0.7638888888888888,-25
C871,LOOCV,p5_r6_nye,Interface_RMS,Interface_RMS,LR_0.01,0.497817225957058,0.7083333333333334,-25
C871,LOOCV,p5_r6_nye,CP_summary,CP_summary,RF_depth1,0.3818802168299561,0.8333333333333333,-25
C871,LOOCV,p5_r6_nye,Repository,Repository,RF_depth1,0.6033071244266344,0.8055555555555556,-25
C871,LOOCV,p5_r6_nye,Local_deltaCP,Local_deltaCP,GaussianNB,2.2557999081568975e-47,0.7916666666666667,-25
C871,LOOCV,p5_r6_nye,Sequence,Sequence,LR_0.01,0.49237866899735483,0.6805555555555556,-25
C871,LOOCV,p5_r6_nye,Sequence_Local,Sequence_Local,SVM_RBF,0.4648188139076566,0.7777777777777777,-25
C871,LOOCV,p5_r6_nye,ContactSeek_CCR,ContactSeek_CCR,RF_depth1,0.5,0.9027777777777777,-25
C871,LOOCV,p5_r6_nye,Nested_all,ContactSeek_CCR,RF_depth1,0.5,0.9027777777777777,-25
C871,LOOCV,p5_r6_sfe,Total_CP,Total_CP,LR_0.01,0.5007635271073707,0.7361111111111112,-25
C871,LOOCV,p5_r6_sfe,Interface_RMS,Interface_RMS,LR_0.01,0.497590260248255,0.6666666666666666,-25
C871,LOOCV,p5_r6_sfe,CP_summary,CP_summary,RF_depth1,0.2513607592705843,0.8333333333333333,-25
C871,LOOCV,p5_r6_sfe,Repository,Repository,RF_depth1,0.5,0.8611111111111112,-25
C871,LOOCV,p5_r6_sfe,Local_deltaCP,Local_deltaCP,GaussianNB,2.7233751987749027e-55,0.75,-25
C871,LOOCV,p5_r6_sfe,Sequence,Sequence,LR_0.01,0.5096603822034225,0.6944444444444444,-25
C871,LOOCV,p5_r6_sfe,Sequence_Local,Sequence_Local,SVM_RBF,0.4592893057489086,0.7638888888888888,-25
C871,LOOCV,p5_r6_sfe,ContactSeek_CCR,ContactSeek_CCR,RF_depth1,0.5,0.9027777777777777,-25
C871,LOOCV,p5_r6_sfe,Nested_all,ContactSeek_CCR,RF_depth1,0.5,0.9027777777777777,-25
C871,LOOCV,p5_r6_swd,Total_CP,Total_CP,LR_0.01,0.5004583626075558,0.7307692307692308,-25
C871,LOOCV,p5_r6_swd,Interface_RMS,Interface_RMS,LR_0.01,0.5,0.6923076923076923,-25
C871,LOOCV,p5_r6_swd,CP_summary,CP_summary,RF_depth1,0.44828721995939547,0.9615384615384616,-25
C871,LOOCV,p5_r6_swd,Repository,Repository,RF_depth1,0.5,0.9615384615384616,-25
C871,LOOCV,p5_r6_swd,Local_deltaCP,Local_deltaCP,LR_0.01,0.5905197441734031,0.7740384615384616,-25
C871,LOOCV,p5_r6_swd,Sequence,Sequence,LR_0.01,0.578226411307906,0.6875,-25
C871,LOOCV,p5_r6_swd,Sequence_Local,Sequence_Local,LR_0.01,0.576707580472726,0.7355769230769231,-25
C871,LOOCV,p5_r6_swd,ContactSeek_CCR,ContactSeek_CCR,ExtraTrees_depth2,0.4037008491508489,0.8990384615384616,-25
C871,LOOCV,p5_r6_swd,Nested_all,CP_summary,RF_depth1,0.44828721995939547,0.9615384615384616,-25
C871,LOOCV,p5_r6_syq,Total_CP,Total_CP,LR_0.01,0.5009664212987532,0.7361111111111112,-25
C871,LOOCV,p5_r6_syq,Interface_RMS,Interface_RMS,LR_0.01,0.49778568902794196,0.6666666666666666,-25
C871,LOOCV,p5_r6_syq,CP_summary,CP_summary,RF_depth1,0.3441074306069827,0.8194444444444444,-25
C871,LOOCV,p5_r6_syq,Repository,Repository,RF_depth1,0.4267103982916192,0.875,-25
C871,LOOCV,p5_r6_syq,Local_deltaCP,Local_deltaCP,GaussianNB,1.3187371999343399e-55,0.75,-25
C871,LOOCV,p5_r6_syq,Sequence,Sequence,LR_0.01,0.5192560410553364,0.7361111111111112,-25
C871,LOOCV,p5_r6_syq,Sequence_Local,Sequence_Local,SVM_RBF,0.4592893057489086,0.7638888888888888,-25
C871,LOOCV,p5_r6_syq,ContactSeek_CCR,ContactSeek_CCR,RF_depth1,0.5,0.9027777777777777,-25
C871,LOOCV,p5_r6_syq,Nested_all,ContactSeek_CCR,RF_depth1,0.5,0.9027777777777777,-25
C871,LOOCV,p5_r6_thn,Total_CP,Total_CP,LR_0.01,0.5008073796281874,0.7361111111111112,-25
C871,LOOCV,p5_r6_thn,Interface_RMS,Interface_RMS,LR_0.01,0.49775517300678984,0.6666666666666666,-25
C871,LOOCV,p5_r6_thn,CP_summary,CP_summary,RF_depth2,0.41339118435681155,0.8194444444444444,-25
C871,LOOCV,p5_r6_thn,Repository,Repository,RF_depth1,0.43684088316562875,0.9166666666666667,-25
C871,LOOCV,p5_r6_thn,Local_deltaCP,Local_deltaCP,GaussianNB,3.990381984655806e-55,0.75,-25
C871,LOOCV,p5_r6_thn,Sequence,Sequence,LR_0.1,0.5296335222532214,0.6944444444444444,-25
C871,LOOCV,p5_r6_thn,Sequence_Local,Sequence_Local,SVM_RBF,0.46097986467397556,0.7638888888888888,-25
C871,LOOCV,p5_r6_thn,ContactSeek_CCR,ContactSeek_CCR,RF_depth1,0.5,0.9027777777777777,-25
C871,LOOCV,p5_r6_thn,Nested_all,Repository,RF_depth1,0.43684088316562875,0.9166666666666667,-25
C871,LOOCV,p5_r6_twd,Total_CP,Total_CP,ExtraTrees_depth2,0.5,0.7692307692307692,-25
C871,LOOCV,p5_r6_twd,Interface_RMS,Interface_RMS,ExtraTrees_depth2,0.5027801606288449,0.7307692307692308,-25
C871,LOOCV,p5_r6_twd,CP_summary,CP_summary,RF_depth1,0.4595194353916813,0.8605769230769231,-25
C871,LOOCV,p5_r6_twd,Repository,Repository,RF_depth1,0.39730147490306045,0.9230769230769231,-25
C871,LOOCV,p5_r6_twd,Local_deltaCP,Local_deltaCP,GaussianNB,3.433164194048827e-48,0.8076923076923077,-25
C871,LOOCV,p5_r6_twd,Sequence,Sequence,LR_0.01,0.6138555374178372,0.625,-25
C871,LOOCV,p5_r6_twd,Sequence_Local,Sequence_Local,ExtraTrees_depth2,0.33979047619047587,0.7836538461538461,-25
C871,LOOCV,p5_r6_twd,ContactSeek_CCR,ContactSeek_CCR,ExtraTrees_depth2,0.09508665170697744,0.8221153846153846,-25
C871,LOOCV,p5_r6_twd,Nested_all,Repository,RF_depth1,0.39730147490306045,0.9230769230769231,-25
C871,LOOCV,p5_r6_tye,Total_CP,Total_CP,LR_0.01,0.5013529167910249,0.7836538461538461,-25
C871,LOOCV,p5_r6_tye,Interface_RMS,Interface_RMS,RF_depth2,0.5,0.7451923076923077,-25
C871,LOOCV,p5_r6_tye,CP_summary,CP_summary,RF_depth1,0.6585203749759776,0.8365384615384616,-25
C871,LOOCV,p5_r6_tye,Repository,Repository,RF_depth1,0.5825992437042788,0.8365384615384616,-25
C871,LOOCV,p5_r6_tye,Local_deltaCP,Local_deltaCP,GaussianNB,1.873966100478319e-61,0.8076923076923077,-25
C871,LOOCV,p5_r6_tye,Sequence,Sequence,LR_0.01,0.541941047806461,0.7115384615384616,-25
C871,LOOCV,p5_r6_tye,Sequence_Local,Sequence_Local,SVM_RBF,0.49294171418143706,0.7980769230769231,-25
C871,LOOCV,p5_r6_tye,ContactSeek_CCR,ContactSeek_CCR,RF_depth1,0.4526014534136924,0.875,-25
C871,LOOCV,p5_r6_tye,Nested_all,ContactSeek_CCR,RF_depth1,0.4526014534136924,0.875,-25
C871,LOOCV,p5_r6_vfn,Total_CP,Total_CP,LR_0.01,0.5009808004756582,0.7777777777777777,-25
C871,LOOCV,p5_r6_vfn,Interface_RMS,Interface_RMS,LR_0.01,0.49781787932381355,0.6666666666666666,-25
C871,LOOCV,p5_r6_vfn,CP_summary,CP_summary,RF_depth1,0.7099034582782274,0.7916666666666666,-25
C871,LOOCV,p5_r6_vfn,Repository,Repository,RF_depth1,0.43684088316562875,0.9166666666666667,-25
C871,LOOCV,p5_r6_vfn,Local_deltaCP,Local_deltaCP,GaussianNB,3.990381984655806e-55,0.75,-25
C871,LOOCV,p5_r6_vfn,Sequence,Sequence,LR_0.01,0.48854469455905825,0.6388888888888888,-25
C871,LOOCV,p5_r6_vfn,Sequence_Local,Sequence_Local,SVM_RBF,0.46227910804432704,0.7638888888888888,-25
C871,LOOCV,p5_r6_vfn,ContactSeek_CCR,ContactSeek_CCR,RF_depth1,0.5,0.9027777777777777,-25
C871,LOOCV,p5_r6_vfn,Nested_all,Repository,RF_depth1,0.43684088316562875,0.9166666666666667,-25
C871,LOOCV,p6_r7_qfw,Total_CP,Total_CP,LR_0.01,0.5019092905720957,0.7638888888888888,-25
C871,LOOCV,p6_r7_qfw,Interface_RMS,Interface_RMS,LR_1,0.5850867689745186,0.7222222222222222,-25
C871,LOOCV,p6_r7_qfw,CP_summary,CP_summary,RF_depth1,0.299283769857432,0.875,-25
C871,LOOCV,p6_r7_qfw,Repository,Repository,RF_depth1,0.4572919396938152,0.9166666666666667,-25
C871,LOOCV,p6_r7_qfw,Local_deltaCP,Local_deltaCP,SVM_RBF,0.5201763600940319,0.8055555555555556,-25
C871,LOOCV,p6_r7_qfw,Sequence,Sequence,LDA_shrinkage,0.00022252424344410554,0.6527777777777778,-25
C871,LOOCV,p6_r7_qfw,Sequence_Local,Sequence_Local,LR_0.01,0.47744388095474793,0.8333333333333333,-25
C871,LOOCV,p6_r7_qfw,ContactSeek_CCR,ContactSeek_CCR,RF_depth1,0.5,0.9027777777777777,-25
C871,LOOCV,p6_r7_qfw,Nested_all,Repository,RF_depth1,0.4572919396938152,0.9166666666666667,-25
C871,LOOCV,p6_r7_qrw,Total_CP,Total_CP,LR_0.01,0.501414902220665,0.7836538461538461,-25
C871,LOOCV,p6_r7_qrw,Interface_RMS,Interface_RMS,RF_depth2,0.48350361364798683,0.7451923076923077,-25
C871,LOOCV,p6_r7_qrw,CP_summary,CP_summary,RF_depth1,0.42414160609657847,0.8605769230769231,-25
C871,LOOCV,p6_r7_qrw,Repository,Repository,RF_depth1,0.3912127355925973,0.9230769230769231,-25
C871,LOOCV,p6_r7_qrw,Local_deltaCP,Local_deltaCP,LR_1,0.28794735233926005,0.8846153846153846,-25
C871,LOOCV,p6_r7_qrw,Sequence,Sequence,LR_1,0.9556341665840415,0.6875,-25
C871,LOOCV,p6_r7_qrw,Sequence_Local,Sequence_Local,LR_0.01,0.5063670035365078,0.8605769230769231,-25
C871,LOOCV,p6_r7_qrw,ContactSeek_CCR,ContactSeek_CCR,GaussianNB,9.634201844762772e-233,0.8605769230769231,-25
C871,LOOCV,p6_r7_qrw,Nested_all,Repository,RF_depth1,0.3912127355925973,0.9230769230769231,-25
C871,LOOCV,p6_r7_trq,Total_CP,Total_CP,LR_0.01,0.5017495702052446,0.7638888888888888,-25
C871,LOOCV,p6_r7_trq,Interface_RMS,Interface_RMS,LR_1,0.5850444404392745,0.7222222222222222,-25
C871,LOOCV,p6_r7_trq,CP_summary,CP_summary,RF_depth1,0.3308479921620867,0.9166666666666667,-25
C871,LOOCV,p6_r7_trq,Repository,Repository,RF_depth1,0.4461195254162899,0.9166666666666667,-25
C871,LOOCV,p6_r7_trq,Local_deltaCP,Local_deltaCP,SVM_RBF,0.5152126317680008,0.8055555555555556,-25
C871,LOOCV,p6_r7_trq,Sequence,Sequence,LDA_shrinkage,0.0004791573342084929,0.6944444444444444,-25
C871,LOOCV,p6_r7_trq,Sequence_Local,Sequence_Local,LR_0.1,0.4907838941620577,0.9027777777777777,-25
C871,LOOCV,p6_r7_trq,ContactSeek_CCR,ContactSeek_CCR,RF_depth1,0.507427003154886,0.9027777777777777,-25
C871,LOOCV,p6_r7_trq,Nested_all,CP_summary,RF_depth1,0.3308479921620867,0.9166666666666667,-25
C871,LOOCV,p6_r7_wfd,Total_CP,Total_CP,LR_0.01,0.5024286173489592,0.8055555555555556,-25
C871,LOOCV,p6_r7_wfd,Interface_RMS,Interface_RMS,LR_0.01,0.49788818493772846,0.7083333333333334,-25
C871,LOOCV,p6_r7_wfd,CP_summary,CP_summary,RF_depth1,0.5626313084385954,0.9444444444444444,-25
C871,LOOCV,p6_r7_wfd,Repository,Repository,RF_depth1,0.5946667624638028,0.9444444444444444,-25
C871,LOOCV,p6_r7_wfd,Local_deltaCP,Local_deltaCP,GaussianNB,3.9064075919930826e-50,0.75,-25
C871,LOOCV,p6_r7_wfd,Sequence,Sequence,LDA_shrinkage,1.9658406610559134e-05,0.6944444444444444,-25
C871,LOOCV,p6_r7_wfd,Sequence_Local,Sequence_Local,LR_0.01,0.4960883762807572,0.7638888888888888,-25
C871,LOOCV,p6_r7_wfd,ContactSeek_CCR,ContactSeek_CCR,RF_depth1,0.5,0.9027777777777777,-25
C871,LOOCV,p6_r7_wfd,Nested_all,CP_summary,RF_depth1,0.5626313084385954,0.9444444444444444,-25
C871,LOOCV,p6_r7_wfq,Total_CP,Total_CP,LR_0.01,0.5023948165913612,0.8055555555555556,-25
C871,LOOCV,p6_r7_wfq,Interface_RMS,Interface_RMS,LR_0.01,0.49788818415454683,0.7083333333333334,-25
C871,LOOCV,p6_r7_wfq,CP_summary,CP_summary,RF_depth1,0.560751739744331,0.9444444444444444,-25
C871,LOOCV,p6_r7_wfq,Repository,Repository,RF_depth1,0.5706696832197549,0.9444444444444444,-25
C871,LOOCV,p6_r7_wfq,Local_deltaCP,Local_deltaCP,GaussianNB,3.9940317239403484e-50,0.75,-25
C871,LOOCV,p6_r7_wfq,Sequence,Sequence,LR_1,0.3329136955646575,0.6805555555555556,-25
C871,LOOCV,p6_r7_wfq,Sequence_Local,Sequence_Local,LR_0.01,0.49610123584128185,0.7638888888888888,-25
C871,LOOCV,p6_r7_wfq,ContactSeek_CCR,ContactSeek_CCR,RF_depth1,0.4374068815283214,0.9027777777777777,-25
C871,LOOCV,p6_r7_wfq,Nested_all,CP_summary,RF_depth1,0.560751739744331,0.9444444444444444,-25
C871,LOOCV,p7_r5_syvirr,Total_CP,Total_CP,LR_0.01,0.5014482584343196,0.7836538461538461,-25
C871,LOOCV,p7_r5_syvirr,Interface_RMS,Interface_RMS,RF_depth2,0.6088094374650919,0.7740384615384616,-25
C871,LOOCV,p7_r5_syvirr,CP_summary,CP_summary,RF_depth1,0.4187344979990588,0.8605769230769231,-25
C871,LOOCV,p7_r5_syvirr,Repository,Repository,LR_0.01,0.5063655286443998,0.9615384615384616,-25
C871,LOOCV,p7_r5_syvirr,Local_deltaCP,Local_deltaCP,LR_1,0.28505768214974647,0.8221153846153846,-25
C871,LOOCV,p7_r5_syvirr,Sequence,Sequence,ExtraTrees_depth2,0.735079640174067,0.7115384615384616,-25
C871,LOOCV,p7_r5_syvirr,Sequence_Local,Sequence_Local,SVM_RBF,0.4145426964565825,0.8461538461538461,-25
C871,LOOCV,p7_r5_syvirr,ContactSeek_CCR,ContactSeek_CCR,GaussianNB,3.1050161360774664e-232,0.8605769230769231,-25
C871,LOOCV,p7_r5_syvirr,Nested_all,Repository,LR_0.01,0.5063655286443998,0.9615384615384616,-25
C871,LOOCV,p8_r6_gve,Total_CP,Total_CP,LR_0.01,0.5014482584343196,0.8461538461538461,-25
C871,LOOCV,p8_r6_gve,Interface_RMS,Interface_RMS,SVM_RBF,0.7274229313122775,0.7307692307692308,-25
C871,LOOCV,p8_r6_gve,CP_summary,CP_summary,RF_depth1,0.309550044540332,0.8846153846153846,-25
C871,LOOCV,p8_r6_gve,Repository,Repository,RF_depth1,0.3604368001395287,0.8846153846153846,-25
C871,LOOCV,p8_r6_gve,Local_deltaCP,Local_deltaCP,LR_0.1,0.37757108336777545,0.8076923076923077,-25
C871,LOOCV,p8_r6_gve,Sequence,Sequence,LR_0.01,0.5237341668607642,0.7355769230769231,-25
C871,LOOCV,p8_r6_gve,Sequence_Local,Sequence_Local,SVM_RBF,0.44935548433666206,0.8846153846153846,-25
C871,LOOCV,p8_r6_gve,ContactSeek_CCR,ContactSeek_CCR,GaussianNB,3.0958628580592135e-232,0.8605769230769231,-25
C871,LOOCV,p8_r6_gve,Nested_all,CP_summary,RF_depth1,0.309550044540332,0.8846153846153846,-25
C871,Position_group_out,4,Total_CP,Total_CP,SVM_RBF,0.716231958513222,0.8535353535353536,-25
C871,Position_group_out,4,Interface_RMS,Interface_RMS,ExtraTrees_depth2,0.5,0.6717171717171717,-25
C871,Position_group_out,4,CP_summary,CP_summary,RF_depth1,0.7058842327981536,0.8080808080808081,-25
C871,Position_group_out,4,Repository,Repository,RF_depth1,0.7167725623474165,0.8080808080808081,-25
C871,Position_group_out,4,Local_deltaCP,Local_deltaCP,LR_0.01,0.9750343135522475,0.6111111111111112,-25
C871,Position_group_out,4,Sequence,Sequence,LR_0.1,0.40526413960701646,0.6818181818181819,-25
C871,Position_group_out,4,Sequence_Local,Sequence_Local,LR_0.01,0.9697164884498282,0.6111111111111112,-25
C871,Position_group_out,4,ContactSeek_CCR,ContactSeek_CCR,ExtraTrees_depth2,0.7076666666666667,0.7777777777777778,-25
C871,Position_group_out,4,Nested_all,Total_CP,SVM_RBF,0.716231958513222,0.8535353535353536,-25
C871,Position_group_out,4+7,Total_CP,Total_CP,RF_depth1,0.5216124902446666,0.75,-25
C871,Position_group_out,4+7,Interface_RMS,Interface_RMS,GaussianNB,1.501308124654116e-132,0.7083333333333334,-25
C871,Position_group_out,4+7,CP_summary,CP_summary,RF_depth1,0.3502912087912088,0.8333333333333333,-25
C871,Position_group_out,4+7,Repository,Repository,LR_0.01,0.47662819522560046,0.75,-25
C871,Position_group_out,4+7,Local_deltaCP,Local_deltaCP,LR_0.01,0.18307945845679646,0.5833333333333334,-25
C871,Position_group_out,4+7,Sequence,Sequence,LR_1,0.4106068223478627,0.75,-25
C871,Position_group_out,4+7,Sequence_Local,Sequence_Local,ExtraTrees_depth2,0.2557500000000001,0.625,-25
C871,Position_group_out,4+7,ContactSeek_CCR,ContactSeek_CCR,ExtraTrees_depth2,0.5,1.0,-25
C871,Position_group_out,4+7,Nested_all,ContactSeek_CCR,ExtraTrees_depth2,0.5,1.0,-25
C871,Position_group_out,5,Total_CP,Total_CP,RF_depth1,0.515228618131095,0.6904761904761905,-25
C871,Position_group_out,5,Interface_RMS,Interface_RMS,LR_0.01,0.49986466566996307,0.75,-25
C871,Position_group_out,5,CP_summary,CP_summary,LR_0.01,0.4862268573763623,0.7857142857142857,-25
C871,Position_group_out,5,Repository,Repository,LR_1,0.8164890514027914,0.75,-25
C871,Position_group_out,5,Local_deltaCP,Local_deltaCP,LR_1,0.6804897095099037,0.8452380952380952,-25
C871,Position_group_out,5,Sequence,Sequence,RF_depth1,0.5429215609901358,0.7619047619047619,-25
C871,Position_group_out,5,Sequence_Local,Sequence_Local,LR_1,0.7611259216219328,0.8452380952380952,-25
C871,Position_group_out,5,ContactSeek_CCR,ContactSeek_CCR,SVM_RBF,0.36681489043894744,0.7857142857142857,-25
C871,Position_group_out,5,Nested_all,Local_deltaCP,LR_1,0.6804897095099037,0.8452380952380952,-25
C871,Position_group_out,6,Total_CP,Total_CP,RF_depth1,0.5059483646320724,0.8263888888888888,-25
C871,Position_group_out,6,Interface_RMS,Interface_RMS,SVM_RBF,0.6303198160457142,0.7083333333333333,-25
C871,Position_group_out,6,CP_summary,CP_summary,RF_depth1,0.5,1.0,-25
C871,Position_group_out,6,Repository,Repository,RF_depth1,0.5,1.0,-25
C871,Position_group_out,6,Local_deltaCP,Local_deltaCP,LR_0.01,0.551655784607407,0.8333333333333333,-25
C871,Position_group_out,6,Sequence,Sequence,LR_1,0.3805508987848283,0.7708333333333333,-25
C871,Position_group_out,6,Sequence_Local,Sequence_Local,LR_0.01,0.5383437103067503,0.8333333333333333,-25
C871,Position_group_out,6,ContactSeek_CCR,ContactSeek_CCR,LR_1,0.00021475025037183244,0.7777777777777778,-25
C871,Position_group_out,6,Nested_all,CP_summary,RF_depth1,0.5,1.0,-25
C871,Position_group_out,7,Total_CP,Total_CP,SVM_RBF,0.6152754089650039,0.7307692307692308,-25
C871,Position_group_out,7,Interface_RMS,Interface_RMS,ExtraTrees_depth2,0.5079902831793942,0.6682692307692308,-25
C871,Position_group_out,7,CP_summary,CP_summary,RF_depth1,0.33972284560737076,0.8461538461538461,-25
C871,Position_group_out,7,Repository,Repository,RF_depth1,0.45913954588557493,0.7836538461538461,-25
C871,Position_group_out,7,Local_deltaCP,Local_deltaCP,GaussianNB,4.560814010279477e-202,0.6153846153846154,-25
C871,Position_group_out,7,Sequence,Sequence,LR_1,0.3063958606414582,0.7451923076923077,-25
C871,Position_group_out,7,Sequence_Local,Sequence_Local,LR_0.01,0.0001789993329555029,0.6153846153846154,-25
C871,Position_group_out,7,ContactSeek_CCR,ContactSeek_CCR,ExtraTrees_depth2,0.623544117647059,0.8125,-25
C871,Position_group_out,7,Nested_all,CP_summary,RF_depth1,0.33972284560737076,0.8461538461538461,-25
C871,Position_group_out,8,Total_CP,Total_CP,RF_depth1,0.5794069166410707,0.7836538461538461,-25
C871,Position_group_out,8,Interface_RMS,Interface_RMS,ExtraTrees_depth2,0.6238141025641022,0.6105769230769231,-25
C871,Position_group_out,8,CP_summary,CP_summary,ExtraTrees_depth2,0.5250738436809326,0.8461538461538461,-25
C871,Position_group_out,8,Repository,Repository,RF_depth1,0.337616005354631,0.8461538461538461,-25
C871,Position_group_out,8,Local_deltaCP,Local_deltaCP,GaussianNB,4.560814010279477e-202,0.6153846153846154,-25
C871,Position_group_out,8,Sequence,Sequence,LR_1,0.2545603168301766,0.7692307692307692,-25
C871,Position_group_out,8,Sequence_Local,Sequence_Local,LR_0.01,0.00032654582314975075,0.6153846153846154,-25
C871,Position_group_out,8,ContactSeek_CCR,ContactSeek_CCR,ExtraTrees_depth2,0.623544117647059,0.75,-25
C871,Position_group_out,8,Nested_all,CP_summary,ExtraTrees_depth2,0.5250738436809326,0.8461538461538461,-25
C871,Strict_position_out,P4,Total_CP,Total_CP,SVM_RBF,0.7095524658668517,0.7666666666666666,-25
C871,Strict_position_out,P4,Interface_RMS,Interface_RMS,LR_0.01,0.4495897985642387,0.75,-25
C871,Strict_position_out,P4,CP_summary,CP_summary,LR_0.01,0.48903005814054995,0.8,-25
C871,Strict_position_out,P4,Repository,Repository,LR_0.01,0.48575308170085735,0.8,-25
C871,Strict_position_out,P4,Local_deltaCP,Local_deltaCP,SVM_RBF,0.6649841000169039,0.5833333333333334,-25
C871,Strict_position_out,P4,Sequence,Sequence,LR_1,0.8943388617275119,0.6166666666666667,-25
C871,Strict_position_out,P4,Sequence_Local,Sequence_Local,ExtraTrees_depth2,0.6030173160173159,0.6,-25
C871,Strict_position_out,P4,ContactSeek_CCR,ContactSeek_CCR,ExtraTrees_depth2,0.7486554621848736,1.0,-25
C871,Strict_position_out,P4,Nested_all,ContactSeek_CCR,ExtraTrees_depth2,0.7486554621848736,1.0,-25
C871,Strict_position_out,P5,Total_CP,Total_CP,SVM_RBF,0.3578024115871117,0.6428571428571428,-25
C871,Strict_position_out,P5,Interface_RMS,Interface_RMS,ExtraTrees_depth2,0.5047142857142854,0.7083333333333334,-25
C871,Strict_position_out,P5,CP_summary,CP_summary,LR_1,0.30892119496366666,0.7857142857142857,-25
C871,Strict_position_out,P5,Repository,Repository,LR_1,0.8164890514027914,0.8333333333333333,-25
C871,Strict_position_out,P5,Local_deltaCP,Local_deltaCP,LR_1,0.13117258709448631,0.8452380952380952,-25
C871,Strict_position_out,P5,Sequence,Sequence,LR_1,0.17232864390755795,0.6666666666666667,-25
C871,Strict_position_out,P5,Sequence_Local,Sequence_Local,LR_1,0.7693965875938007,0.7976190476190477,-25
C871,Strict_position_out,P5,ContactSeek_CCR,ContactSeek_CCR,LR_0.01,0.4550883549409025,0.8333333333333333,-25
C871,Strict_position_out,P5,Nested_all,Local_deltaCP,LR_1,0.13117258709448631,0.8452380952380952,-25
C871,Strict_position_out,P6,Total_CP,Total_CP,LR_0.01,0.4967845303192802,0.7777777777777778,-25
C871,Strict_position_out,P6,Interface_RMS,Interface_RMS,SVM_RBF,0.6171821520282559,0.7083333333333333,-25
C871,Strict_position_out,P6,CP_summary,CP_summary,RF_depth1,0.5,1.0,-25
C871,Strict_position_out,P6,Repository,Repository,RF_depth1,0.5,1.0,-25
C871,Strict_position_out,P6,Local_deltaCP,Local_deltaCP,LR_1,1.0381399560358455e-12,0.9097222222222222,-25
C871,Strict_position_out,P6,Sequence,Sequence,LR_1,0.331213753865218,0.7708333333333333,-25
C871,Strict_position_out,P6,Sequence_Local,Sequence_Local,LDA_shrinkage,6.485807587188445e-95,0.8854166666666667,-25
C871,Strict_position_out,P6,ContactSeek_CCR,ContactSeek_CCR,LDA_shrinkage,2.970453172954507e-09,0.8298611111111112,-25
C871,Strict_position_out,P6,Nested_all,CP_summary,RF_depth1,0.5,1.0,-25
C871,Strict_position_out,P7,Total_CP,Total_CP,RF_depth1,0.4347561702143743,0.6916666666666667,-25
C871,Strict_position_out,P7,Interface_RMS,Interface_RMS,LR_0.01,0.42374295458720673,0.7083333333333334,-25
C871,Strict_position_out,P7,CP_summary,CP_summary,RF_depth1,0.4266705794205794,0.7916666666666667,-25
C871,Strict_position_out,P7,Repository,Repository,LR_1,0.2628572295408014,0.875,-25
C871,Strict_position_out,P7,Local_deltaCP,Local_deltaCP,ExtraTrees_depth2,0.23516666666666658,0.6083333333333334,-25
C871,Strict_position_out,P7,Sequence,Sequence,LR_1,0.41065655098220893,0.75,-25
C871,Strict_position_out,P7,Sequence_Local,Sequence_Local,ExtraTrees_depth2,0.3168415750915752,0.6083333333333334,-25
C871,Strict_position_out,P7,ContactSeek_CCR,ContactSeek_CCR,ExtraTrees_depth2,0.4762142857142855,0.9583333333333333,-25
C871,Strict_position_out,P7,Nested_all,ContactSeek_CCR,ExtraTrees_depth2,0.4762142857142855,0.9583333333333333,-25
C871,Strict_position_out,P8,Total_CP,Total_CP,RF_depth1,0.5689287410713819,0.7836538461538461,-25
C871,Strict_position_out,P8,Interface_RMS,Interface_RMS,SVM_RBF,0.7298580316401073,0.6105769230769231,-25
C871,Strict_position_out,P8,CP_summary,CP_summary,RF_depth1,0.32507525985146074,0.8461538461538461,-25
C871,Strict_position_out,P8,Repository,Repository,RF_depth1,0.33151239988082093,0.8461538461538461,-25
C871,Strict_position_out,P8,Local_deltaCP,Local_deltaCP,GaussianNB,4.100115399076024e-23,0.6153846153846154,-25
C871,Strict_position_out,P8,Sequence,Sequence,LR_0.1,0.5151136860926988,0.8293269230769231,-25
C871,Strict_position_out,P8,Sequence_Local,Sequence_Local,LR_0.01,0.9667485165907321,0.625,-25
C871,Strict_position_out,P8,ContactSeek_CCR,ContactSeek_CCR,RF_depth1,0.6353349961442066,0.8125,-25
C871,Strict_position_out,P8,Nested_all,CP_summary,RF_depth1,0.32507525985146074,0.8461538461538461,-25
C871,LOOCV,p4_r5_she,Total_CP,Total_CP,LR_0.01,0.5017720717890704,0.7142857142857143,-30
C871,LOOCV,p4_r5_she,Interface_RMS,Interface_RMS,SVM_RBF,0.6291663920953796,0.7142857142857143,-30
C871,LOOCV,p4_r5_she,CP_summary,CP_summary,RF_depth1,0.3531258026419599,0.8214285714285714,-30
C871,LOOCV,p4_r5_she,Repository,Repository,RF_depth1,0.6501009652711385,0.8571428571428572,-30
C871,LOOCV,p4_r5_she,Local_deltaCP,Local_deltaCP,LR_0.01,0.5,0.8571428571428571,-30
C871,LOOCV,p4_r5_she,Sequence,Sequence,RF_depth1,0.643054048852937,0.5714285714285714,-30
C871,LOOCV,p4_r5_she,Sequence_Local,Sequence_Local,LR_0.01,0.48076137076604397,0.7857142857142857,-30
C871,LOOCV,p4_r5_she,ContactSeek_CCR,ContactSeek_CCR,ExtraTrees_depth2,0.3180816526891922,0.8571428571428571,-30
C871,LOOCV,p4_r5_she,Nested_all,Repository,RF_depth1,0.6501009652711385,0.8571428571428572,-30
C871,LOOCV,p4_r5_she_plus_p7_r5_she,Total_CP,Total_CP,LR_0.1,0.5133789277164134,0.7142857142857143,-30
C871,LOOCV,p4_r5_she_plus_p7_r5_she,Interface_RMS,Interface_RMS,SVM_RBF,0.6296982520377539,0.7142857142857143,-30
C871,LOOCV,p4_r5_she_plus_p7_r5_she,CP_summary,CP_summary,RF_depth1,0.36005941301429456,0.8214285714285714,-30
C871,LOOCV,p4_r5_she_plus_p7_r5_she,Repository,Repository,RF_depth1,0.6499256405958137,0.8571428571428572,-30
C871,LOOCV,p4_r5_she_plus_p7_r5_she,Local_deltaCP,Local_deltaCP,LDA_shrinkage,0.9969298531385147,0.9285714285714286,-30
C871,LOOCV,p4_r5_she_plus_p7_r5_she,Sequence,Sequence,ExtraTrees_depth2,0.8458498023715404,0.6428571428571428,-30
C871,LOOCV,p4_r5_she_plus_p7_r5_she,Sequence_Local,Sequence_Local,LR_1,0.9254194892778298,0.8571428571428572,-30
C871,LOOCV,p4_r5_she_plus_p7_r5_she,ContactSeek_CCR,ContactSeek_CCR,ExtraTrees_depth2,0.3068858218646445,0.8928571428571428,-30
C871,LOOCV,p4_r5_she_plus_p7_r5_she,Nested_all,Local_deltaCP,LDA_shrinkage,0.9969298531385147,0.9285714285714286,-30
C871,LOOCV,p4_r5_sne,Total_CP,Total_CP,LR_0.1,0.5133270291519769,0.7142857142857143,-30
C871,LOOCV,p4_r5_sne,Interface_RMS,Interface_RMS,SVM_RBF,0.6293990810210941,0.7142857142857143,-30
C871,LOOCV,p4_r5_sne,CP_summary,CP_summary,RF_depth1,0.4020731820232798,0.8571428571428571,-30
C871,LOOCV,p4_r5_sne,Repository,Repository,RF_depth1,0.5,0.8571428571428571,-30
C871,LOOCV,p4_r5_sne,Local_deltaCP,Local_deltaCP,LR_0.1,0.5571680408176091,0.8571428571428571,-30
C871,LOOCV,p4_r5_sne,Sequence,Sequence,RF_depth2,0.6717371166933213,0.6071428571428572,-30
C871,LOOCV,p4_r5_sne,Sequence_Local,Sequence_Local,LR_0.1,0.39406922584041876,0.8214285714285714,-30
C871,LOOCV,p4_r5_sne,ContactSeek_CCR,ContactSeek_CCR,ExtraTrees_depth2,0.28798454668745277,0.8571428571428571,-30
C871,LOOCV,p4_r5_sne,Nested_all,CP_summary,RF_depth1,0.4020731820232798,0.8571428571428571,-30
C871,LOOCV,p4_r5_sne_plus_p7_r5_sne,Total_CP,Total_CP,GaussianNB,0.6490496733734673,0.7333333333333334,-30
C871,LOOCV,p4_r5_sne_plus_p7_r5_sne,Interface_RMS,Interface_RMS,LR_0.01,0.5,0.6666666666666666,-30
C871,LOOCV,p4_r5_sne_plus_p7_r5_sne,CP_summary,CP_summary,RF_depth2,0.2439564344272362,0.9,-30
C871,LOOCV,p4_r5_sne_plus_p7_r5_sne,Repository,Repository,RF_depth1,0.30347852027768885,0.8833333333333333,-30
C871,LOOCV,p4_r5_sne_plus_p7_r5_sne,Local_deltaCP,Local_deltaCP,LR_0.01,0.509209685132586,0.7833333333333333,-30
C871,LOOCV,p4_r5_sne_plus_p7_r5_sne,Sequence,Sequence,LR_0.01,0.48280668452624165,0.65,-30
C871,LOOCV,p4_r5_sne_plus_p7_r5_sne,Sequence_Local,Sequence_Local,SVM_RBF,0.47647871446173085,0.7666666666666666,-30
C871,LOOCV,p4_r5_sne_plus_p7_r5_sne,ContactSeek_CCR,ContactSeek_CCR,GaussianNB,2.2624358357184536e-180,0.9,-30
C871,LOOCV,p4_r5_sne_plus_p7_r5_sne,Nested_all,CP_summary,RF_depth2,0.2439564344272362,0.9,-30
C871,LOOCV,p4_r5_swd_plus_p7_r5_swd,Total_CP,Total_CP,LR_0.01,0.5,0.6666666666666666,-30
C871,LOOCV,p4_r5_swd_plus_p7_r5_swd,Interface_RMS,Interface_RMS,LR_0.01,0.5,0.6666666666666666,-30
C871,LOOCV,p4_r5_swd_plus_p7_r5_swd,CP_summary,CP_summary,RF_depth1,0.2338510831631962,0.8666666666666667,-30
C871,LOOCV,p4_r5_swd_plus_p7_r5_swd,Repository,Repository,RF_depth1,0.4027009606698981,0.8833333333333333,-30
C871,LOOCV,p4_r5_swd_plus_p7_r5_swd,Local_deltaCP,Local_deltaCP,LR_0.01,0.42427110884836183,0.7333333333333334,-30
C871,LOOCV,p4_r5_swd_plus_p7_r5_swd,Sequence,Sequence,RF_depth1,0.2245152914873496,0.6166666666666667,-30
C871,LOOCV,p4_r5_swd_plus_p7_r5_swd,Sequence_Local,Sequence_Local,SVM_RBF,0.383725937959266,0.7166666666666667,-30
C871,LOOCV,p4_r5_swd_plus_p7_r5_swd,ContactSeek_CCR,ContactSeek_CCR,LR_0.01,0.47664988411167886,0.7666666666666666,-30
C871,LOOCV,p4_r5_swd_plus_p7_r5_swd,Nested_all,Repository,RF_depth1,0.4027009606698981,0.8833333333333333,-30
C871,LOOCV,p4_r5_the_plus_p7_r5_the,Total_CP,Total_CP,LR_0.01,0.5020618610700729,0.6666666666666666,-30
C871,LOOCV,p4_r5_the_plus_p7_r5_the,Interface_RMS,Interface_RMS,LR_0.01,0.5,0.6666666666666666,-30
C871,LOOCV,p4_r5_the_plus_p7_r5_the,CP_summary,CP_summary,RF_depth1,0.36705952529868946,0.9666666666666667,-30
C871,LOOCV,p4_r5_the_plus_p7_r5_the,Repository,Repository,RF_depth1,0.33822008415274674,0.9666666666666667,-30
C871,LOOCV,p4_r5_the_plus_p7_r5_the,Local_deltaCP,Local_deltaCP,SVM_RBF,0.48500924291190906,0.7666666666666666,-30
C871,LOOCV,p4_r5_the_plus_p7_r5_the,Sequence,Sequence,LR_0.01,0.48527525673147176,0.6333333333333333,-30
C871,LOOCV,p4_r5_the_plus_p7_r5_the,Sequence_Local,Sequence_Local,SVM_RBF,0.4740759154771346,0.7666666666666666,-30
C871,LOOCV,p4_r5_the_plus_p7_r5_the,ContactSeek_CCR,ContactSeek_CCR,ExtraTrees_depth2,0.3918088782562469,0.9333333333333333,-30
C871,LOOCV,p4_r5_the_plus_p7_r5_the,Nested_all,CP_summary,RF_depth1,0.36705952529868946,0.9666666666666667,-30
C871,LOOCV,p5_r6_aye,Total_CP,Total_CP,LR_0.01,0.5017309298669161,0.7142857142857143,-30
C871,LOOCV,p5_r6_aye,Interface_RMS,Interface_RMS,SVM_RBF,0.6530286028111887,0.7142857142857143,-30
C871,LOOCV,p5_r6_aye,CP_summary,CP_summary,RF_depth1,0.3267682236589047,0.8214285714285714,-30
C871,LOOCV,p5_r6_aye,Repository,Repository,RF_depth1,0.3276968430338476,0.8214285714285714,-30
C871,LOOCV,p5_r6_aye,Local_deltaCP,Local_deltaCP,LR_0.1,0.566032029019259,0.8571428571428571,-30
C871,LOOCV,p5_r6_aye,Sequence,Sequence,LR_1,0.03550143872374957,0.5714285714285714,-30
C871,LOOCV,p5_r6_aye,Sequence_Local,Sequence_Local,ExtraTrees_depth2,0.4034024004076575,0.8214285714285714,-30
C871,LOOCV,p5_r6_aye,ContactSeek_CCR,ContactSeek_CCR,ExtraTrees_depth2,0.3195866641381724,0.8214285714285714,-30
C871,LOOCV,p5_r6_aye,Nested_all,Local_deltaCP,LR_0.1,0.566032029019259,0.8571428571428571,-30
C871,LOOCV,p5_r6_nye,Total_CP,Total_CP,LR_0.01,0.5019940341837925,0.75,-30
C871,LOOCV,p5_r6_nye,Interface_RMS,Interface_RMS,LR_0.01,0.5,0.6785714285714286,-30
C871,LOOCV,p5_r6_nye,CP_summary,CP_summary,RF_depth1,0.30512128615055445,0.8214285714285714,-30
C871,LOOCV,p5_r6_nye,Repository,Repository,RF_depth1,0.31072053611793166,0.8214285714285714,-30
C871,LOOCV,p5_r6_nye,Local_deltaCP,Local_deltaCP,LR_0.1,0.5719343495274837,0.8571428571428571,-30
C871,LOOCV,p5_r6_nye,Sequence,Sequence,LR_1,0.03550143872374957,0.5714285714285714,-30
C871,LOOCV,p5_r6_nye,Sequence_Local,Sequence_Local,LR_0.1,0.39652027899388365,0.8214285714285714,-30
C871,LOOCV,p5_r6_nye,ContactSeek_CCR,ContactSeek_CCR,ExtraTrees_depth2,0.3056303113401512,0.8214285714285714,-30
C871,LOOCV,p5_r6_nye,Nested_all,Local_deltaCP,LR_0.1,0.5719343495274837,0.8571428571428571,-30
C871,LOOCV,p5_r6_sfe,Total_CP,Total_CP,LR_0.01,0.4969270631923175,0.6428571428571428,-30
C871,LOOCV,p5_r6_sfe,Interface_RMS,Interface_RMS,LR_0.01,0.5,0.6428571428571428,-30
C871,LOOCV,p5_r6_sfe,CP_summary,CP_summary,RF_depth1,0.640011751743977,0.8214285714285714,-30
C871,LOOCV,p5_r6_sfe,Repository,Repository,RF_depth1,0.3291123056786611,0.8214285714285714,-30
C871,LOOCV,p5_r6_sfe,Local_deltaCP,Local_deltaCP,LR_0.1,0.562888671437579,0.8571428571428571,-30
C871,LOOCV,p5_r6_sfe,Sequence,Sequence,SVM_RBF,0.3335256721699552,0.6071428571428571,-30
C871,LOOCV,p5_r6_sfe,Sequence_Local,Sequence_Local,LR_0.1,0.3840273358466895,0.8214285714285714,-30
C871,LOOCV,p5_r6_sfe,ContactSeek_CCR,ContactSeek_CCR,ExtraTrees_depth2,0.28157800233321917,0.8214285714285714,-30
C871,LOOCV,p5_r6_sfe,Nested_all,Local_deltaCP,LR_0.1,0.562888671437579,0.8571428571428571,-30
C871,LOOCV,p5_r6_swd,Total_CP,Total_CP,LR_1,0.40763666257657427,0.6785714285714286,-30
C871,LOOCV,p5_r6_swd,Interface_RMS,Interface_RMS,LR_0.01,0.5011678287464371,0.7142857142857143,-30
C871,LOOCV,p5_r6_swd,CP_summary,CP_summary,RF_depth1,0.6506645870052812,0.8214285714285714,-30
C871,LOOCV,p5_r6_swd,Repository,Repository,RF_depth1,0.3376177228047347,0.8214285714285714,-30
C871,LOOCV,p5_r6_swd,Local_deltaCP,Local_deltaCP,LR_0.1,0.562888671437579,0.8571428571428571,-30
C871,LOOCV,p5_r6_swd,Sequence,Sequence,SVM_RBF,0.32702171294495996,0.6785714285714286,-30
C871,LOOCV,p5_r6_swd,Sequence_Local,Sequence_Local,LR_0.1,0.3848257568728149,0.8214285714285714,-30
C871,LOOCV,p5_r6_swd,ContactSeek_CCR,ContactSeek_CCR,ExtraTrees_depth2,0.28157800233321917,0.8571428571428571,-30
C871,LOOCV,p5_r6_swd,Nested_all,Local_deltaCP,LR_0.1,0.562888671437579,0.8571428571428571,-30
C871,LOOCV,p5_r6_syq,Total_CP,Total_CP,LR_0.01,0.4972079682524002,0.6428571428571428,-30
C871,LOOCV,p5_r6_syq,Interface_RMS,Interface_RMS,LR_0.01,0.5,0.6428571428571428,-30
C871,LOOCV,p5_r6_syq,CP_summary,CP_summary,RF_depth1,0.6386972467699324,0.8214285714285714,-30
C871,LOOCV,p5_r6_syq,Repository,Repository,RF_depth1,0.6188706066734482,0.8214285714285714,-30
C871,LOOCV,p5_r6_syq,Local_deltaCP,Local_deltaCP,LR_0.1,0.562888671437579,0.8571428571428571,-30
C871,LOOCV,p5_r6_syq,Sequence,Sequence,LR_1,0.032341281209205194,0.6071428571428571,-30
C871,LOOCV,p5_r6_syq,Sequence_Local,Sequence_Local,LR_0.1,0.3840273358466895,0.8214285714285714,-30
C871,LOOCV,p5_r6_syq,ContactSeek_CCR,ContactSeek_CCR,ExtraTrees_depth2,0.28157800233321917,0.8214285714285714,-30
C871,LOOCV,p5_r6_syq,Nested_all,Local_deltaCP,LR_0.1,0.562888671437579,0.8571428571428571,-30
C871,LOOCV,p5_r6_thn,Total_CP,Total_CP,LR_0.01,0.49684143970469796,0.6428571428571428,-30
C871,LOOCV,p5_r6_thn,Interface_RMS,Interface_RMS,LR_0.01,0.5,0.6428571428571428,-30
C871,LOOCV,p5_r6_thn,CP_summary,CP_summary,RF_depth1,0.6386972467699324,0.8214285714285714,-30
C871,LOOCV,p5_r6_thn,Repository,Repository,RF_depth1,0.6061215037726542,0.8214285714285714,-30
C871,LOOCV,p5_r6_thn,Local_deltaCP,Local_deltaCP,LR_0.1,0.562888671437579,0.8571428571428571,-30
C871,LOOCV,p5_r6_thn,Sequence,Sequence,SVM_RBF,0.3266990239510128,0.6785714285714286,-30
C871,LOOCV,p5_r6_thn,Sequence_Local,Sequence_Local,LR_0.1,0.3843711488168735,0.8214285714285714,-30
C871,LOOCV,p5_r6_thn,ContactSeek_CCR,ContactSeek_CCR,ExtraTrees_depth2,0.28157800233321917,0.8214285714285714,-30
C871,LOOCV,p5_r6_thn,Nested_all,Local_deltaCP,LR_0.1,0.562888671437579,0.8571428571428571,-30
C871,LOOCV,p5_r6_twd,Total_CP,Total_CP,LR_0.01,0.5,0.6666666666666666,-30
C871,LOOCV,p5_r6_twd,Interface_RMS,Interface_RMS,LR_0.01,0.5,0.6666666666666666,-30
C871,LOOCV,p5_r6_twd,CP_summary,CP_summary,RF_depth1,0.7322502972993035,0.8333333333333333,-30
C871,LOOCV,p5_r6_twd,Repository,Repository,RF_depth1,0.5,0.8500000000000001,-30
C871,LOOCV,p5_r6_twd,Local_deltaCP,Local_deltaCP,LR_0.01,0.6141195607025016,0.8833333333333333,-30
C871,LOOCV,p5_r6_twd,Sequence,Sequence,RF_depth1,0.620027135628187,0.7,-30
C871,LOOCV,p5_r6_twd,Sequence_Local,Sequence_Local,ExtraTrees_depth2,0.5723410576351753,0.8833333333333333,-30
C871,LOOCV,p5_r6_twd,ContactSeek_CCR,ContactSeek_CCR,LR_0.01,0.4753695993454611,0.7333333333333334,-30
C871,LOOCV,p5_r6_twd,Nested_all,Local_deltaCP,LR_0.01,0.6141195607025016,0.8833333333333333,-30
C871,LOOCV,p5_r6_tye,Total_CP,Total_CP,LR_0.01,0.4980519587582506,0.6785714285714286,-30
C871,LOOCV,p5_r6_tye,Interface_RMS,Interface_RMS,LR_0.01,0.5015956122981894,0.7142857142857143,-30
C871,LOOCV,p5_r6_tye,CP_summary,CP_summary,RF_depth1,0.2690762198685961,0.8928571428571428,-30
C871,LOOCV,p5_r6_tye,Repository,Repository,RF_depth1,0.43603016561870434,0.8571428571428571,-30
C871,LOOCV,p5_r6_tye,Local_deltaCP,Local_deltaCP,GaussianNB,5.935836271225843e-37,0.8571428571428571,-30
C871,LOOCV,p5_r6_tye,Sequence,Sequence,SVM_RBF,0.32992053520422715,0.6428571428571428,-30
C871,LOOCV,p5_r6_tye,Sequence_Local,Sequence_Local,LR_0.1,0.39417790279351167,0.8214285714285714,-30
C871,LOOCV,p5_r6_tye,ContactSeek_CCR,ContactSeek_CCR,ExtraTrees_depth2,0.5,0.8928571428571428,-30
C871,LOOCV,p5_r6_tye,Nested_all,CP_summary,RF_depth1,0.2690762198685961,0.8928571428571428,-30
C871,LOOCV,p5_r6_vfn,Total_CP,Total_CP,LR_0.01,0.49749672080515617,0.6428571428571428,-30
C871,LOOCV,p5_r6_vfn,Interface_RMS,Interface_RMS,LR_0.01,0.5,0.6428571428571428,-30
C871,LOOCV,p5_r6_vfn,CP_summary,CP_summary,RF_depth1,0.6317531887919943,0.8214285714285714,-30
C871,LOOCV,p5_r6_vfn,Repository,Repository,RF_depth1,0.5,0.8214285714285714,-30
C871,LOOCV,p5_r6_vfn,Local_deltaCP,Local_deltaCP,LR_0.1,0.5597694782696055,0.8571428571428571,-30
C871,LOOCV,p5_r6_vfn,Sequence,Sequence,SVM_RBF,0.31616799520106253,0.6428571428571428,-30
C871,LOOCV,p5_r6_vfn,Sequence_Local,Sequence_Local,LR_0.1,0.3815165362586933,0.8214285714285714,-30
C871,LOOCV,p5_r6_vfn,ContactSeek_CCR,ContactSeek_CCR,LR_0.1,0.5,0.7857142857142857,-30
C871,LOOCV,p5_r6_vfn,Nested_all,Local_deltaCP,LR_0.1,0.5597694782696055,0.8571428571428571,-30
C871,LOOCV,p6_r7_qfw,Total_CP,Total_CP,LR_0.01,0.49791889356014496,0.6785714285714286,-30
C871,LOOCV,p6_r7_qfw,Interface_RMS,Interface_RMS,LR_0.01,0.5012740142331988,0.75,-30
C871,LOOCV,p6_r7_qfw,CP_summary,CP_summary,RF_depth1,0.3198773173913841,0.8214285714285714,-30
C871,LOOCV,p6_r7_qfw,Repository,Repository,RF_depth1,0.6483194071114091,0.8214285714285714,-30
C871,LOOCV,p6_r7_qfw,Local_deltaCP,Local_deltaCP,GaussianNB,1.52849953855322e-59,0.8928571428571428,-30
C871,LOOCV,p6_r7_qfw,Sequence,Sequence,SVM_RBF,0.44142203378203776,0.6428571428571428,-30
C871,LOOCV,p6_r7_qfw,Sequence_Local,Sequence_Local,LR_0.1,0.37766878866106357,0.8571428571428571,-30
C871,LOOCV,p6_r7_qfw,ContactSeek_CCR,ContactSeek_CCR,LR_0.1,0.5362731372246123,0.7857142857142857,-30
C871,LOOCV,p6_r7_qfw,Nested_all,Local_deltaCP,GaussianNB,1.52849953855322e-59,0.8928571428571428,-30
C871,LOOCV,p6_r7_qrw,Total_CP,Total_CP,GaussianNB,0.5529839616791841,0.8,-30
C871,LOOCV,p6_r7_qrw,Interface_RMS,Interface_RMS,SVM_RBF,0.6581582224091875,0.7833333333333333,-30
C871,LOOCV,p6_r7_qrw,CP_summary,CP_summary,RF_depth1,0.67907778574571,0.8833333333333333,-30
C871,LOOCV,p6_r7_qrw,Repository,Repository,RF_depth1,0.608123721142281,0.8833333333333333,-30
C871,LOOCV,p6_r7_qrw,Local_deltaCP,Local_deltaCP,LR_0.01,0.5444101615895971,0.9666666666666667,-30
C871,LOOCV,p6_r7_qrw,Sequence,Sequence,LR_0.1,0.39817098097912024,0.75,-30
C871,LOOCV,p6_r7_qrw,Sequence_Local,Sequence_Local,LR_0.01,0.5487682074547235,0.9666666666666667,-30
C871,LOOCV,p6_r7_qrw,ContactSeek_CCR,ContactSeek_CCR,RF_depth1,0.49051385045596907,0.8333333333333333,-30
C871,LOOCV,p6_r7_qrw,Nested_all,Local_deltaCP,LR_0.01,0.5444101615895971,0.9666666666666667,-30
C871,LOOCV,p6_r7_trq,Total_CP,Total_CP,LR_0.01,0.4979350278692162,0.6785714285714286,-30
C871,LOOCV,p6_r7_trq,Interface_RMS,Interface_RMS,LR_0.01,0.5012726950531832,0.75,-30
C871,LOOCV,p6_r7_trq,CP_summary,CP_summary,RF_depth1,0.36081416751764595,0.8214285714285714,-30
C871,LOOCV,p6_r7_trq,Repository,Repository,RF_depth1,0.5987588975613298,0.8214285714285714,-30
C871,LOOCV,p6_r7_trq,Local_deltaCP,Local_deltaCP,GaussianNB,3.5752029509529256e-59,0.8928571428571428,-30
C871,LOOCV,p6_r7_trq,Sequence,Sequence,LR_1,0.043329131930641133,0.6428571428571428,-30
C871,LOOCV,p6_r7_trq,Sequence_Local,Sequence_Local,LR_0.1,0.3721997567061943,0.8571428571428571,-30
C871,LOOCV,p6_r7_trq,ContactSeek_CCR,ContactSeek_CCR,ExtraTrees_depth2,0.2998314970733956,0.8214285714285714,-30
C871,LOOCV,p6_r7_trq,Nested_all,Local_deltaCP,GaussianNB,3.5752029509529256e-59,0.8928571428571428,-30
C871,LOOCV,p6_r7_wfd,Total_CP,Total_CP,LR_0.01,0.49798290160183634,0.6785714285714286,-30
C871,LOOCV,p6_r7_wfd,Interface_RMS,Interface_RMS,LR_0.01,0.5012726950531832,0.7142857142857143,-30
C871,LOOCV,p6_r7_wfd,CP_summary,CP_summary,RF_depth1,0.4280823017958485,0.8928571428571428,-30
C871,LOOCV,p6_r7_wfd,Repository,Repository,RF_depth1,0.43230517527646384,0.8928571428571428,-30
C871,LOOCV,p6_r7_wfd,Local_deltaCP,Local_deltaCP,GaussianNB,1.9925526774425466e-60,0.8571428571428572,-30
C871,LOOCV,p6_r7_wfd,Sequence,Sequence,ExtraTrees_depth2,0.8156658496732024,0.6785714285714286,-30
C871,LOOCV,p6_r7_wfd,Sequence_Local,Sequence_Local,LR_0.1,0.3724198426550523,0.8214285714285714,-30
C871,LOOCV,p6_r7_wfd,ContactSeek_CCR,ContactSeek_CCR,ExtraTrees_depth2,0.2998314970733956,0.8214285714285714,-30
C871,LOOCV,p6_r7_wfd,Nested_all,CP_summary,RF_depth1,0.4280823017958485,0.8928571428571428,-30
C871,LOOCV,p6_r7_wfq,Total_CP,Total_CP,LR_0.01,0.4979781011141483,0.6785714285714286,-30
C871,LOOCV,p6_r7_wfq,Interface_RMS,Interface_RMS,LR_0.01,0.5012726917491164,0.7142857142857143,-30
C871,LOOCV,p6_r7_wfq,CP_summary,CP_summary,LR_1,0.5,0.8571428571428572,-30
C871,LOOCV,p6_r7_wfq,Repository,Repository,RF_depth1,0.712161591204238,0.8571428571428572,-30
C871,LOOCV,p6_r7_wfq,Local_deltaCP,Local_deltaCP,GaussianNB,1.9925526774425466e-60,0.8571428571428572,-30
C871,LOOCV,p6_r7_wfq,Sequence,Sequence,ExtraTrees_depth2,0.7433035714285721,0.6428571428571428,-30
C871,LOOCV,p6_r7_wfq,Sequence_Local,Sequence_Local,LR_0.1,0.37261269329895075,0.8214285714285714,-30
C871,LOOCV,p6_r7_wfq,ContactSeek_CCR,ContactSeek_CCR,ExtraTrees_depth2,0.2890185375682024,0.8214285714285714,-30
C871,LOOCV,p6_r7_wfq,Nested_all,CP_summary,LR_1,0.5,0.8571428571428572,-30
C871,LOOCV,p7_r5_syvirr,Total_CP,Total_CP,GaussianNB,0.5490555249542683,0.8,-30
C871,LOOCV,p7_r5_syvirr,Interface_RMS,Interface_RMS,SVM_RBF,0.6581582224091875,0.7833333333333333,-30
C871,LOOCV,p7_r5_syvirr,CP_summary,CP_summary,RF_depth1,0.6386496498099066,0.8500000000000001,-30
C871,LOOCV,p7_r5_syvirr,Repository,Repository,RF_depth1,0.6018139183491951,0.8833333333333333,-30
C871,LOOCV,p7_r5_syvirr,Local_deltaCP,Local_deltaCP,LR_0.01,0.5601228754300789,0.8833333333333333,-30
C871,LOOCV,p7_r5_syvirr,Sequence,Sequence,RF_depth1,0.31528287936859534,0.7333333333333334,-30
C871,LOOCV,p7_r5_syvirr,Sequence_Local,Sequence_Local,LR_0.01,0.5576187110590864,0.8500000000000001,-30
C871,LOOCV,p7_r5_syvirr,ContactSeek_CCR,ContactSeek_CCR,GaussianNB,0.5,0.8500000000000001,-30
C871,LOOCV,p7_r5_syvirr,Nested_all,Repository,RF_depth1,0.6018139183491951,0.8833333333333333,-30
C871,LOOCV,p8_r6_gve,Total_CP,Total_CP,LR_0.01,0.5014996161990665,0.8,-30
C871,LOOCV,p8_r6_gve,Interface_RMS,Interface_RMS,SVM_RBF,0.646585333501569,0.7833333333333333,-30
C871,LOOCV,p8_r6_gve,CP_summary,CP_summary,RF_depth1,0.5,0.8166666666666667,-30
C871,LOOCV,p8_r6_gve,Repository,Repository,RF_depth1,0.379299646323624,0.8166666666666667,-30
C871,LOOCV,p8_r6_gve,Local_deltaCP,Local_deltaCP,LR_0.1,0.5919837092376294,0.8500000000000001,-30
C871,LOOCV,p8_r6_gve,Sequence,Sequence,LDA_shrinkage,1.4216695405470255e-07,0.7166666666666667,-30
C871,LOOCV,p8_r6_gve,Sequence_Local,Sequence_Local,LR_0.1,0.5,0.8500000000000001,-30
C871,LOOCV,p8_r6_gve,ContactSeek_CCR,ContactSeek_CCR,ExtraTrees_depth2,0.2827272727272729,0.9,-30
C871,LOOCV,p8_r6_gve,Nested_all,ContactSeek_CCR,ExtraTrees_depth2,0.2827272727272729,0.9,-30
C871,Position_group_out,4,Total_CP,Total_CP,SVM_RBF,0.6460910982160307,0.7692307692307692,-30
C871,Position_group_out,4,Interface_RMS,Interface_RMS,SVM_RBF,0.5,0.8076923076923077,-30
C871,Position_group_out,4,CP_summary,CP_summary,RF_depth1,0.8361877538725961,0.7142857142857143,-30
C871,Position_group_out,4,Repository,Repository,RF_depth1,0.7479980530571448,0.6758241758241759,-30
C871,Position_group_out,4,Local_deltaCP,Local_deltaCP,LR_0.01,0.9818001651192787,0.6428571428571428,-30
C871,Position_group_out,4,Sequence,Sequence,ExtraTrees_depth2,0.6322777777777772,0.7362637362637363,-30
C871,Position_group_out,4,Sequence_Local,Sequence_Local,LR_0.01,0.9800593510595947,0.6428571428571428,-30
C871,Position_group_out,4,ContactSeek_CCR,ContactSeek_CCR,ExtraTrees_depth2,0.36453148900500476,0.8131868131868132,-30
C871,Position_group_out,4,Nested_all,ContactSeek_CCR,ExtraTrees_depth2,0.36453148900500476,0.8131868131868132,-30
C871,Position_group_out,4+7,Total_CP,Total_CP,ExtraTrees_depth2,0.5,0.6785714285714286,-30
C871,Position_group_out,4+7,Interface_RMS,Interface_RMS,GaussianNB,1.501308124654116e-132,0.6785714285714286,-30
C871,Position_group_out,4+7,CP_summary,CP_summary,LDA_shrinkage,0.0019904629434871405,0.8571428571428572,-30
C871,Position_group_out,4+7,Repository,Repository,LR_1,0.17883640492906466,0.8214285714285714,-30
C871,Position_group_out,4+7,Local_deltaCP,Local_deltaCP,LR_1,0.9331534247271689,0.7857142857142857,-30
C871,Position_group_out,4+7,Sequence,Sequence,LDA_shrinkage,1.5069144355796428e-11,0.7857142857142857,-30
C871,Position_group_out,4+7,Sequence_Local,Sequence_Local,LR_0.01,0.6474196609410177,0.8214285714285714,-30
C871,Position_group_out,4+7,ContactSeek_CCR,ContactSeek_CCR,RF_depth1,0.33521298352715223,0.8928571428571428,-30
C871,Position_group_out,4+7,Nested_all,ContactSeek_CCR,RF_depth1,0.33521298352715223,0.8928571428571428,-30
C871,Position_group_out,5,Total_CP,Total_CP,RF_depth1,0.515228618131095,0.6904761904761905,-30
C871,Position_group_out,5,Interface_RMS,Interface_RMS,LR_0.01,0.49986466566996307,0.75,-30
C871,Position_group_out,5,CP_summary,CP_summary,LR_0.01,0.4862268573763623,0.7857142857142857,-30
C871,Position_group_out,5,Repository,Repository,LR_1,0.8164890514027914,0.75,-30
C871,Position_group_out,5,Local_deltaCP,Local_deltaCP,LR_1,0.6804897095099037,0.8452380952380952,-30
C871,Position_group_out,5,Sequence,Sequence,RF_depth1,0.5429215609901358,0.7619047619047619,-30
C871,Position_group_out,5,Sequence_Local,Sequence_Local,LR_1,0.7611259216219328,0.8452380952380952,-30
C871,Position_group_out,5,ContactSeek_CCR,ContactSeek_CCR,SVM_RBF,0.36681489043894744,0.7857142857142857,-30
C871,Position_group_out,5,Nested_all,Local_deltaCP,LR_1,0.6804897095099037,0.8452380952380952,-30
C871,Position_group_out,6,Total_CP,Total_CP,LR_0.01,0.5041755158024777,0.9166666666666667,-30
C871,Position_group_out,6,Interface_RMS,Interface_RMS,SVM_RBF,0.637984031452947,0.8636363636363636,-30
C871,Position_group_out,6,CP_summary,CP_summary,RF_depth1,0.6345519175012848,0.8333333333333333,-30
C871,Position_group_out,6,Repository,Repository,LR_1,0.5,0.8333333333333333,-30
C871,Position_group_out,6,Local_deltaCP,Local_deltaCP,LR_0.1,0.5,0.9545454545454546,-30
C871,Position_group_out,6,Sequence,Sequence,LR_0.01,0.5211995270916272,0.75,-30
C871,Position_group_out,6,Sequence_Local,Sequence_Local,LR_0.1,0.5,0.9545454545454546,-30
C871,Position_group_out,6,ContactSeek_CCR,ContactSeek_CCR,ExtraTrees_depth2,0.8013306858227164,0.75,-30
C871,Position_group_out,6,Nested_all,Local_deltaCP,LR_0.1,0.5,0.9545454545454546,-30
C871,Position_group_out,7,Total_CP,Total_CP,LR_0.01,0.5024911357351985,0.8333333333333333,-30
C871,Position_group_out,7,Interface_RMS,Interface_RMS,SVM_RBF,0.6878770826127265,0.8,-30
C871,Position_group_out,7,CP_summary,CP_summary,RF_depth1,0.36522516362183705,0.8166666666666667,-30
C871,Position_group_out,7,Repository,Repository,RF_depth1,0.5,0.7666666666666666,-30
C871,Position_group_out,7,Local_deltaCP,Local_deltaCP,ExtraTrees_depth2,0.3519563279857396,0.75,-30
C871,Position_group_out,7,Sequence,Sequence,LR_1,0.7543212705952369,0.75,-30
C871,Position_group_out,7,Sequence_Local,Sequence_Local,ExtraTrees_depth2,0.3776559714795007,0.75,-30
C871,Position_group_out,7,ContactSeek_CCR,ContactSeek_CCR,LR_0.01,0.5,0.7333333333333334,-30
C871,Position_group_out,7,Nested_all,Total_CP,LR_0.01,0.5024911357351985,0.8333333333333333,-30
C871,Position_group_out,8,Total_CP,Total_CP,LR_1,0.5295123455283512,0.8500000000000001,-30
C871,Position_group_out,8,Interface_RMS,Interface_RMS,SVM_RBF,0.6900793127444326,0.8333333333333333,-30
C871,Position_group_out,8,CP_summary,CP_summary,RF_depth1,0.25879984342325707,0.75,-30
C871,Position_group_out,8,Repository,Repository,RF_depth1,0.5,0.7666666666666666,-30
C871,Position_group_out,8,Local_deltaCP,Local_deltaCP,ExtraTrees_depth2,0.37731940144478837,0.75,-30
C871,Position_group_out,8,Sequence,Sequence,LR_1,0.8145568524236658,0.75,-30
C871,Position_group_out,8,Sequence_Local,Sequence_Local,RF_depth2,0.3364362641044478,0.7166666666666667,-30
C871,Position_group_out,8,ContactSeek_CCR,ContactSeek_CCR,ExtraTrees_depth2,0.1844658865139825,0.8833333333333333,-30
C871,Position_group_out,8,Nested_all,ContactSeek_CCR,ExtraTrees_depth2,0.1844658865139825,0.8833333333333333,-30
C871,Strict_position_out,P4,Total_CP,Total_CP,ExtraTrees_depth2,0.5217737443155399,0.7083333333333333,-30
C871,Strict_position_out,P4,Interface_RMS,Interface_RMS,LR_0.01,0.4495897985642387,0.7083333333333334,-30
C871,Strict_position_out,P4,CP_summary,CP_summary,LR_1,0.5,1.0,-30
C871,Strict_position_out,P4,Repository,Repository,RF_depth1,0.48570789500354733,0.9583333333333333,-30
C871,Strict_position_out,P4,Local_deltaCP,Local_deltaCP,LR_0.1,0.7740077247623837,0.625,-30
C871,Strict_position_out,P4,Sequence,Sequence,LDA_shrinkage,4.1963460897154684e-08,0.7083333333333334,-30
C871,Strict_position_out,P4,Sequence_Local,Sequence_Local,LR_1,0.939329684456248,0.7916666666666667,-30
C871,Strict_position_out,P4,ContactSeek_CCR,ContactSeek_CCR,ExtraTrees_depth2,0.3815121136173767,0.9166666666666667,-30
C871,Strict_position_out,P4,Nested_all,CP_summary,LR_1,0.5,1.0,-30
C871,Strict_position_out,P5,Total_CP,Total_CP,SVM_RBF,0.3578024115871117,0.6428571428571428,-30
C871,Strict_position_out,P5,Interface_RMS,Interface_RMS,ExtraTrees_depth2,0.5047142857142854,0.7083333333333334,-30
C871,Strict_position_out,P5,CP_summary,CP_summary,LR_1,0.30892119496366666,0.7857142857142857,-30
C871,Strict_position_out,P5,Repository,Repository,LR_1,0.8164890514027914,0.8333333333333333,-30
C871,Strict_position_out,P5,Local_deltaCP,Local_deltaCP,LR_1,0.13117258709448631,0.8452380952380952,-30
C871,Strict_position_out,P5,Sequence,Sequence,LR_1,0.17232864390755795,0.6666666666666667,-30
C871,Strict_position_out,P5,Sequence_Local,Sequence_Local,LR_1,0.7693965875938007,0.7976190476190477,-30
C871,Strict_position_out,P5,ContactSeek_CCR,ContactSeek_CCR,LR_0.01,0.4550883549409025,0.8333333333333333,-30
C871,Strict_position_out,P5,Nested_all,Local_deltaCP,LR_1,0.13117258709448631,0.8452380952380952,-30
C871,Strict_position_out,P6,Total_CP,Total_CP,LR_0.01,0.5045779112891462,0.875,-30
C871,Strict_position_out,P6,Interface_RMS,Interface_RMS,SVM_RBF,0.7255616958936666,0.8863636363636364,-30
C871,Strict_position_out,P6,CP_summary,CP_summary,RF_depth1,0.5899426523248992,0.8295454545454546,-30
C871,Strict_position_out,P6,Repository,Repository,LR_1,0.45236349227113026,0.875,-30
C871,Strict_position_out,P6,Local_deltaCP,Local_deltaCP,LR_0.01,0.6574962372436004,0.893939393939394,-30
C871,Strict_position_out,P6,Sequence,Sequence,LR_0.01,0.5175891459344012,0.7916666666666667,-30
C871,Strict_position_out,P6,Sequence_Local,Sequence_Local,LR_0.01,0.6361808872210424,0.893939393939394,-30
C871,Strict_position_out,P6,ContactSeek_CCR,ContactSeek_CCR,ExtraTrees_depth2,0.7660256410256401,0.7916666666666667,-30
C871,Strict_position_out,P6,Nested_all,Local_deltaCP,LR_0.01,0.6574962372436004,0.893939393939394,-30
C871,Strict_position_out,P7,Total_CP,Total_CP,GaussianNB,6.1111548498931016e-177,0.6428571428571428,-30
C871,Strict_position_out,P7,Interface_RMS,Interface_RMS,LR_0.01,0.42374295458720673,0.6785714285714286,-30
C871,Strict_position_out,P7,CP_summary,CP_summary,LDA_shrinkage,4.1140934919519796e-10,0.8571428571428572,-30
C871,Strict_position_out,P7,Repository,Repository,LR_0.01,0.5268617125010311,0.8333333333333333,-30
C871,Strict_position_out,P7,Local_deltaCP,Local_deltaCP,LR_0.01,0.5,0.6785714285714286,-30
C871,Strict_position_out,P7,Sequence,Sequence,LR_0.1,0.4008578403744611,0.7142857142857143,-30
C871,Strict_position_out,P7,Sequence_Local,Sequence_Local,LR_0.01,0.5,0.6785714285714286,-30
C871,Strict_position_out,P7,ContactSeek_CCR,ContactSeek_CCR,ExtraTrees_depth2,0.4762142857142855,0.8928571428571428,-30
C871,Strict_position_out,P7,Nested_all,ContactSeek_CCR,ExtraTrees_depth2,0.4762142857142855,0.8928571428571428,-30
C871,Strict_position_out,P8,Total_CP,Total_CP,LR_0.1,0.5143068527669303,0.8333333333333333,-30
C871,Strict_position_out,P8,Interface_RMS,Interface_RMS,SVM_RBF,0.6051755817956964,0.7833333333333333,-30
C871,Strict_position_out,P8,CP_summary,CP_summary,RF_depth1,0.23318063452415128,0.7416666666666667,-30
C871,Strict_position_out,P8,Repository,Repository,RF_depth1,0.21165170226021465,0.6833333333333333,-30
C871,Strict_position_out,P8,Local_deltaCP,Local_deltaCP,LR_0.01,0.9767015859938786,0.7333333333333334,-30
C871,Strict_position_out,P8,Sequence,Sequence,LR_1,0.8145568524236658,0.75,-30
C871,Strict_position_out,P8,Sequence_Local,Sequence_Local,LR_0.01,0.9728106905361007,0.7333333333333334,-30
C871,Strict_position_out,P8,ContactSeek_CCR,ContactSeek_CCR,ExtraTrees_depth2,0.2523965141612201,0.8833333333333333,-30
C871,Strict_position_out,P8,Nested_all,ContactSeek_CCR,ExtraTrees_depth2,0.2523965141612201,0.8833333333333333,-30
C871,LOOCV,p4_r5_she,Total_CP,Total_CP,GaussianNB,0.14573372926365785,0.7941176470588236,-35
C871,LOOCV,p4_r5_she,Interface_RMS,Interface_RMS,SVM_RBF,0.7228185952770709,0.7647058823529411,-35
C871,LOOCV,p4_r5_she,CP_summary,CP_summary,LR_1,0.628195191425839,0.875,-35
C871,LOOCV,p4_r5_she,Repository,Repository,LR_1,0.31568602267234847,0.6985294117647058,-35
C871,LOOCV,p4_r5_she,Local_deltaCP,Local_deltaCP,LR_0.1,0.32457376732609566,0.8235294117647058,-35
C871,LOOCV,p4_r5_she,Sequence,Sequence,SVM_RBF,0.3176240948999828,0.6470588235294118,-35
C871,LOOCV,p4_r5_she,Sequence_Local,Sequence_Local,RF_depth2,0.23633508282889076,0.7941176470588236,-35
C871,LOOCV,p4_r5_she,ContactSeek_CCR,ContactSeek_CCR,LR_0.01,0.528981132392044,0.7352941176470589,-35
C871,LOOCV,p4_r5_she,Nested_all,CP_summary,LR_1,0.628195191425839,0.875,-35
C871,LOOCV,p4_r5_she_plus_p7_r5_she,Total_CP,Total_CP,GaussianNB,0.14574231240784366,0.7941176470588236,-35
C871,LOOCV,p4_r5_she_plus_p7_r5_she,Interface_RMS,Interface_RMS,SVM_RBF,0.7227601197706004,0.7647058823529411,-35
C871,LOOCV,p4_r5_she_plus_p7_r5_she,CP_summary,CP_summary,LR_1,0.6285990067844641,0.875,-35
C871,LOOCV,p4_r5_she_plus_p7_r5_she,Repository,Repository,LR_1,0.31500890536025583,0.6985294117647058,-35
C871,LOOCV,p4_r5_she_plus_p7_r5_she,Local_deltaCP,Local_deltaCP,LR_0.1,0.5,0.9117647058823529,-35
C871,LOOCV,p4_r5_she_plus_p7_r5_she,Sequence,Sequence,SVM_RBF,0.3110018447887558,0.6470588235294118,-35
C871,LOOCV,p4_r5_she_plus_p7_r5_she,Sequence_Local,Sequence_Local,LR_0.1,0.47256713062746103,0.7867647058823529,-35
C871,LOOCV,p4_r5_she_plus_p7_r5_she,ContactSeek_CCR,ContactSeek_CCR,LR_0.1,0.7051156693676331,0.875,-35
C871,LOOCV,p4_r5_she_plus_p7_r5_she,Nested_all,Local_deltaCP,LR_0.1,0.5,0.9117647058823529,-35
C871,LOOCV,p4_r5_sne,Total_CP,Total_CP,SVM_RBF,0.719865244220796,0.7941176470588236,-35
C871,LOOCV,p4_r5_sne,Interface_RMS,Interface_RMS,SVM_RBF,0.7226921246054656,0.7647058823529411,-35
C871,LOOCV,p4_r5_sne,CP_summary,CP_summary,LR_1,0.6389437234199927,0.875,-35
C871,LOOCV,p4_r5_sne,Repository,Repository,RF_depth1,0.24329472470186986,0.7279411764705883,-35
C871,LOOCV,p4_r5_sne,Local_deltaCP,Local_deltaCP,LR_0.1,0.5,0.9117647058823529,-35
C871,LOOCV,p4_r5_sne,Sequence,Sequence,SVM_RBF,0.3844095455294759,0.625,-35
C871,LOOCV,p4_r5_sne,Sequence_Local,Sequence_Local,LR_0.1,0.47256713062746103,0.8161764705882353,-35
C871,LOOCV,p4_r5_sne,ContactSeek_CCR,ContactSeek_CCR,RF_depth1,0.33315260479534725,0.7279411764705883,-35
C871,LOOCV,p4_r5_sne,Nested_all,Local_deltaCP,LR_0.1,0.5,0.9117647058823529,-35
C871,LOOCV,p4_r5_sne_plus_p7_r5_sne,Total_CP,Total_CP,GaussianNB,0.08512564634439425,0.7647058823529411,-35
C871,LOOCV,p4_r5_sne_plus_p7_r5_sne,Interface_RMS,Interface_RMS,SVM_RBF,0.7227497403853178,0.7647058823529411,-35
C871,LOOCV,p4_r5_sne_plus_p7_r5_sne,CP_summary,CP_summary,LR_1,0.6853657463457913,0.875,-35
C871,LOOCV,p4_r5_sne_plus_p7_r5_sne,Repository,Repository,RF_depth1,0.24577116566328533,0.7573529411764706,-35
C871,LOOCV,p4_r5_sne_plus_p7_r5_sne,Local_deltaCP,Local_deltaCP,LR_0.01,0.5376384587911598,0.9117647058823529,-35
C871,LOOCV,p4_r5_sne_plus_p7_r5_sne,Sequence,Sequence,SVM_RBF,0.33330512058802,0.6397058823529411,-35
C871,LOOCV,p4_r5_sne_plus_p7_r5_sne,Sequence_Local,Sequence_Local,LR_0.01,0.5312180746497321,0.9411764705882353,-35
C871,LOOCV,p4_r5_sne_plus_p7_r5_sne,ContactSeek_CCR,ContactSeek_CCR,LR_0.1,0.7247760493533156,0.7205882352941176,-35
C871,LOOCV,p4_r5_sne_plus_p7_r5_sne,Nested_all,Sequence_Local,LR_0.01,0.5312180746497321,0.9411764705882353,-35
C871,LOOCV,p4_r5_swd_plus_p7_r5_swd,Total_CP,Total_CP,GaussianNB,0.8526198750612659,0.7573529411764706,-35
C871,LOOCV,p4_r5_swd_plus_p7_r5_swd,Interface_RMS,Interface_RMS,SVM_RBF,0.7276672944689719,0.7352941176470589,-35
C871,LOOCV,p4_r5_swd_plus_p7_r5_swd,CP_summary,CP_summary,LR_1,0.6812421249057908,0.8455882352941176,-35
C871,LOOCV,p4_r5_swd_plus_p7_r5_swd,Repository,Repository,LR_1,0.4497204074739089,0.7867647058823529,-35
C871,LOOCV,p4_r5_swd_plus_p7_r5_swd,Local_deltaCP,Local_deltaCP,LR_0.01,0.5357964303675136,0.8529411764705883,-35
C871,LOOCV,p4_r5_swd_plus_p7_r5_swd,Sequence,Sequence,SVM_RBF,0.3311602685044084,0.6691176470588236,-35
C871,LOOCV,p4_r5_swd_plus_p7_r5_swd,Sequence_Local,Sequence_Local,LR_0.01,0.5157697554675973,0.8823529411764706,-35
C871,LOOCV,p4_r5_swd_plus_p7_r5_swd,ContactSeek_CCR,ContactSeek_CCR,LR_0.1,0.7189643975385961,0.8455882352941176,-35
C871,LOOCV,p4_r5_swd_plus_p7_r5_swd,Nested_all,Sequence_Local,LR_0.01,0.5157697554675973,0.8823529411764706,-35
C871,LOOCV,p4_r5_the_plus_p7_r5_the,Total_CP,Total_CP,GaussianNB,0.07045922075041362,0.7777777777777778,-35
C871,LOOCV,p4_r5_the_plus_p7_r5_the,Interface_RMS,Interface_RMS,LR_0.01,0.5019687640053413,0.75,-35
C871,LOOCV,p4_r5_the_plus_p7_r5_the,CP_summary,CP_summary,LDA_shrinkage,0.7507146277391772,1.0,-35
C871,LOOCV,p4_r5_the_plus_p7_r5_the,Repository,Repository,LR_1,0.5,0.9722222222222222,-35
C871,LOOCV,p4_r5_the_plus_p7_r5_the,Local_deltaCP,Local_deltaCP,LR_0.01,0.5,0.8333333333333333,-35
C871,LOOCV,p4_r5_the_plus_p7_r5_the,Sequence,Sequence,SVM_RBF,0.2986926902553969,0.6944444444444444,-35
C871,LOOCV,p4_r5_the_plus_p7_r5_the,Sequence_Local,Sequence_Local,LR_0.01,0.48210268629829733,0.8333333333333333,-35
C871,LOOCV,p4_r5_the_plus_p7_r5_the,ContactSeek_CCR,ContactSeek_CCR,LR_0.1,0.6610971395034484,0.9722222222222222,-35
C871,LOOCV,p4_r5_the_plus_p7_r5_the,Nested_all,CP_summary,LDA_shrinkage,0.7507146277391772,1.0,-35
C871,LOOCV,p5_r6_aye,Total_CP,Total_CP,SVM_RBF,0.7158207878751857,0.7647058823529411,-35
C871,LOOCV,p5_r6_aye,Interface_RMS,Interface_RMS,SVM_RBF,0.7252318123660992,0.7352941176470589,-35
C871,LOOCV,p5_r6_aye,CP_summary,CP_summary,LR_1,0.63195154707863,0.875,-35
C871,LOOCV,p5_r6_aye,Repository,Repository,RF_depth1,0.2870292183093467,0.7573529411764706,-35
C871,LOOCV,p5_r6_aye,Local_deltaCP,Local_deltaCP,LR_0.01,0.531831620259566,0.8823529411764706,-35
C871,LOOCV,p5_r6_aye,Sequence,Sequence,RF_depth2,0.17376377619564368,0.5882352941176471,-35
C871,LOOCV,p5_r6_aye,Sequence_Local,Sequence_Local,LR_0.01,0.5,0.9117647058823529,-35
C871,LOOCV,p5_r6_aye,ContactSeek_CCR,ContactSeek_CCR,LR_0.1,0.7123719154988712,0.75,-35
C871,LOOCV,p5_r6_aye,Nested_all,Sequence_Local,LR_0.01,0.5,0.9117647058823529,-35
C871,LOOCV,p5_r6_nye,Total_CP,Total_CP,SVM_RBF,0.7223694047522307,0.7941176470588236,-35
C871,LOOCV,p5_r6_nye,Interface_RMS,Interface_RMS,RF_depth1,0.401945834819266,0.7647058823529411,-35
C871,LOOCV,p5_r6_nye,CP_summary,CP_summary,LR_1,0.6267485783869734,0.8455882352941176,-35
C871,LOOCV,p5_r6_nye,Repository,Repository,RF_depth2,0.25305320678704113,0.7573529411764706,-35
C871,LOOCV,p5_r6_nye,Local_deltaCP,Local_deltaCP,LR_0.01,0.5434502556622006,0.8823529411764706,-35
C871,LOOCV,p5_r6_nye,Sequence,Sequence,LR_1,0.20192292202486734,0.5808823529411764,-35
C871,LOOCV,p5_r6_nye,Sequence_Local,Sequence_Local,LR_0.01,0.5205412179581396,0.9117647058823529,-35
C871,LOOCV,p5_r6_nye,ContactSeek_CCR,ContactSeek_CCR,LR_0.1,0.7337838792624618,0.75,-35
C871,LOOCV,p5_r6_nye,Nested_all,Sequence_Local,LR_0.01,0.5205412179581396,0.9117647058823529,-35
C871,LOOCV,p5_r6_sfe,Total_CP,Total_CP,SVM_RBF,0.7160799421478821,0.7647058823529411,-35
C871,LOOCV,p5_r6_sfe,Interface_RMS,Interface_RMS,SVM_RBF,0.7220085211723979,0.7352941176470589,-35
C871,LOOCV,p5_r6_sfe,CP_summary,CP_summary,LR_1,0.6250074651775048,0.8455882352941176,-35
C871,LOOCV,p5_r6_sfe,Repository,Repository,LR_1,0.32935798600191224,0.7279411764705883,-35
C871,LOOCV,p5_r6_sfe,Local_deltaCP,Local_deltaCP,LR_0.01,0.5468430293359855,0.8823529411764706,-35
C871,LOOCV,p5_r6_sfe,Sequence,Sequence,SVM_RBF,0.3284702439048539,0.6102941176470589,-35
C871,LOOCV,p5_r6_sfe,Sequence_Local,Sequence_Local,LR_0.01,0.5205412179581396,0.9117647058823529,-35
C871,LOOCV,p5_r6_sfe,ContactSeek_CCR,ContactSeek_CCR,LR_0.1,0.7308634018906699,0.75,-35
C871,LOOCV,p5_r6_sfe,Nested_all,Sequence_Local,LR_0.01,0.5205412179581396,0.9117647058823529,-35
C871,LOOCV,p5_r6_swd,Total_CP,Total_CP,RF_depth2,0.5440178458049343,0.8455882352941176,-35
C871,LOOCV,p5_r6_swd,Interface_RMS,Interface_RMS,SVM_RBF,0.7250756182155967,0.7647058823529411,-35
C871,LOOCV,p5_r6_swd,CP_summary,CP_summary,LR_1,0.6677549642773956,0.8455882352941176,-35
C871,LOOCV,p5_r6_swd,Repository,Repository,LR_1,0.5396838308628905,0.6911764705882353,-35
C871,LOOCV,p5_r6_swd,Local_deltaCP,Local_deltaCP,LR_0.01,0.5545150268387341,0.8823529411764706,-35
C871,LOOCV,p5_r6_swd,Sequence,Sequence,SVM_RBF,0.30780633309020533,0.6764705882352942,-35
C871,LOOCV,p5_r6_swd,Sequence_Local,Sequence_Local,LR_0.01,0.531277293628684,0.9117647058823529,-35
C871,LOOCV,p5_r6_swd,ContactSeek_CCR,ContactSeek_CCR,LR_0.01,0.5,0.7058823529411764,-35
C871,LOOCV,p5_r6_swd,Nested_all,Sequence_Local,LR_0.01,0.531277293628684,0.9117647058823529,-35
C871,LOOCV,p5_r6_syq,Total_CP,Total_CP,SVM_RBF,0.7142181839064499,0.7647058823529411,-35
C871,LOOCV,p5_r6_syq,Interface_RMS,Interface_RMS,SVM_RBF,0.7228624207716363,0.7352941176470589,-35
C871,LOOCV,p5_r6_syq,CP_summary,CP_summary,LR_1,0.6245908415049423,0.8161764705882353,-35
C871,LOOCV,p5_r6_syq,Repository,Repository,LR_1,0.5334388157216142,0.6911764705882353,-35
C871,LOOCV,p5_r6_syq,Local_deltaCP,Local_deltaCP,LR_0.01,0.5461831199700522,0.8823529411764706,-35
C871,LOOCV,p5_r6_syq,Sequence,Sequence,SVM_RBF,0.33633131762653556,0.7279411764705883,-35
C871,LOOCV,p5_r6_syq,Sequence_Local,Sequence_Local,LR_0.01,0.5156093910352395,0.9117647058823529,-35
C871,LOOCV,p5_r6_syq,ContactSeek_CCR,ContactSeek_CCR,LR_0.1,0.7307238034644121,0.75,-35
C871,LOOCV,p5_r6_syq,Nested_all,Sequence_Local,LR_0.01,0.5156093910352395,0.9117647058823529,-35
C871,LOOCV,p5_r6_thn,Total_CP,Total_CP,SVM_RBF,0.7142181839064499,0.7647058823529411,-35
C871,LOOCV,p5_r6_thn,Interface_RMS,Interface_RMS,SVM_RBF,0.7228624207716363,0.7352941176470589,-35
C871,LOOCV,p5_r6_thn,CP_summary,CP_summary,RF_depth2,0.47843220876056847,0.8161764705882353,-35
C871,LOOCV,p5_r6_thn,Repository,Repository,RF_depth1,0.36833188806650535,0.6911764705882353,-35
C871,LOOCV,p5_r6_thn,Local_deltaCP,Local_deltaCP,LR_0.01,0.5478506274396726,0.8823529411764706,-35
C871,LOOCV,p5_r6_thn,Sequence,Sequence,SVM_RBF,0.3390403136786545,0.7279411764705883,-35
C871,LOOCV,p5_r6_thn,Sequence_Local,Sequence_Local,LR_0.01,0.520767208664336,0.9117647058823529,-35
C871,LOOCV,p5_r6_thn,ContactSeek_CCR,ContactSeek_CCR,LR_0.1,0.7371588605301085,0.75,-35
C871,LOOCV,p5_r6_thn,Nested_all,Sequence_Local,LR_0.01,0.520767208664336,0.9117647058823529,-35
C871,LOOCV,p5_r6_twd,Total_CP,Total_CP,SVM_RBF,0.7142181839064499,0.7647058823529411,-35
C871,LOOCV,p5_r6_twd,Interface_RMS,Interface_RMS,SVM_RBF,0.7235479782220782,0.7352941176470589,-35
C871,LOOCV,p5_r6_twd,CP_summary,CP_summary,RF_depth1,0.5,0.8161764705882353,-35
C871,LOOCV,p5_r6_twd,Repository,Repository,RF_depth1,0.3615108186435684,0.7205882352941176,-35
C871,LOOCV,p5_r6_twd,Local_deltaCP,Local_deltaCP,SVM_RBF,0.4231212263444579,0.9411764705882353,-35
C871,LOOCV,p5_r6_twd,Sequence,Sequence,SVM_RBF,0.3393213801613602,0.6985294117647058,-35
C871,LOOCV,p5_r6_twd,Sequence_Local,Sequence_Local,SVM_RBF,0.3712449075195716,0.9117647058823529,-35
C871,LOOCV,p5_r6_twd,ContactSeek_CCR,ContactSeek_CCR,ExtraTrees_depth2,0.5991579497039643,0.6985294117647058,-35
C871,LOOCV,p5_r6_twd,Nested_all,Local_deltaCP,SVM_RBF,0.4231212263444579,0.9411764705882353,-35
C871,LOOCV,p5_r6_tye,Total_CP,Total_CP,ExtraTrees_depth2,0.5023286939802782,0.7647058823529411,-35
C871,LOOCV,p5_r6_tye,Interface_RMS,Interface_RMS,SVM_RBF,0.7228624207716363,0.7647058823529411,-35
C871,LOOCV,p5_r6_tye,CP_summary,CP_summary,LR_1,0.6597797593271106,0.7867647058823529,-35
C871,LOOCV,p5_r6_tye,Repository,Repository,RF_depth1,0.37586462616174343,0.6911764705882353,-35
C871,LOOCV,p5_r6_tye,Local_deltaCP,Local_deltaCP,LR_0.01,0.556720554955701,0.8823529411764706,-35
C871,LOOCV,p5_r6_tye,Sequence,Sequence,SVM_RBF,0.330658691923822,0.6397058823529411,-35
C871,LOOCV,p5_r6_tye,Sequence_Local,Sequence_Local,LR_0.01,0.5383532227630667,0.9117647058823529,-35
C871,LOOCV,p5_r6_tye,ContactSeek_CCR,ContactSeek_CCR,ExtraTrees_depth2,0.6919309954751132,0.7573529411764706,-35
C871,LOOCV,p5_r6_tye,Nested_all,Sequence_Local,LR_0.01,0.5383532227630667,0.9117647058823529,-35
C871,LOOCV,p5_r6_vfn,Total_CP,Total_CP,SVM_RBF,0.7142181839064499,0.7647058823529411,-35
C871,LOOCV,p5_r6_vfn,Interface_RMS,Interface_RMS,SVM_RBF,0.7228624207716363,0.7352941176470589,-35
C871,LOOCV,p5_r6_vfn,CP_summary,CP_summary,LDA_shrinkage,0.6571291044047013,0.8455882352941176,-35
C871,LOOCV,p5_r6_vfn,Repository,Repository,RF_depth1,0.3664600056577809,0.6911764705882353,-35
C871,LOOCV,p5_r6_vfn,Local_deltaCP,Local_deltaCP,LR_0.01,0.5463469284415159,0.8823529411764706,-35
C871,LOOCV,p5_r6_vfn,Sequence,Sequence,SVM_RBF,0.3413236348463333,0.7279411764705883,-35
C871,LOOCV,p5_r6_vfn,Sequence_Local,Sequence_Local,LR_0.01,0.5185037710860594,0.9117647058823529,-35
C871,LOOCV,p5_r6_vfn,ContactSeek_CCR,ContactSeek_CCR,LR_0.1,0.7204856587870714,0.7205882352941176,-35
C871,LOOCV,p5_r6_vfn,Nested_all,Sequence_Local,LR_0.01,0.5185037710860594,0.9117647058823529,-35
C871,LOOCV,p6_r7_qfw,Total_CP,Total_CP,SVM_RBF,0.7162346044964051,0.7941176470588236,-35
C871,LOOCV,p6_r7_qfw,Interface_RMS,Interface_RMS,RF_depth2,0.32542621884013245,0.7647058823529411,-35
C871,LOOCV,p6_r7_qfw,CP_summary,CP_summary,LR_1,0.6978217726666108,0.875,-35
C871,LOOCV,p6_r7_qfw,Repository,Repository,LR_1,0.34134590239088514,0.7279411764705883,-35
C871,LOOCV,p6_r7_qfw,Local_deltaCP,Local_deltaCP,LR_0.01,0.5463469284415159,0.9117647058823529,-35
C871,LOOCV,p6_r7_qfw,Sequence,Sequence,SVM_RBF,0.3016932641219317,0.6764705882352942,-35
C871,LOOCV,p6_r7_qfw,Sequence_Local,Sequence_Local,LR_0.01,0.5,0.9117647058823529,-35
C871,LOOCV,p6_r7_qfw,ContactSeek_CCR,ContactSeek_CCR,LR_0.1,0.7234363453384962,0.75,-35
C871,LOOCV,p6_r7_qfw,Nested_all,Local_deltaCP,LR_0.01,0.5463469284415159,0.9117647058823529,-35
C871,LOOCV,p6_r7_qrw,Total_CP,Total_CP,SVM_RBF,0.6390976390026428,0.75,-35
C871,LOOCV,p6_r7_qrw,Interface_RMS,Interface_RMS,LR_0.01,0.5019875306851764,0.75,-35
C871,LOOCV,p6_r7_qrw,CP_summary,CP_summary,ExtraTrees_depth2,0.3869116469186129,0.8333333333333333,-35
C871,LOOCV,p6_r7_qrw,Repository,Repository,ExtraTrees_depth2,0.29642442361560023,0.8611111111111112,-35
C871,LOOCV,p6_r7_qrw,Local_deltaCP,Local_deltaCP,LR_0.01,0.5756450789556475,0.9444444444444444,-35
C871,LOOCV,p6_r7_qrw,Sequence,Sequence,SVM_RBF,0.3630505675436071,0.6388888888888888,-35
C871,LOOCV,p6_r7_qrw,Sequence_Local,Sequence_Local,LR_0.01,0.5645671024037515,0.9444444444444444,-35
C871,LOOCV,p6_r7_qrw,ContactSeek_CCR,ContactSeek_CCR,LR_0.01,0.5167659659947021,0.7222222222222222,-35
C871,LOOCV,p6_r7_qrw,Nested_all,Local_deltaCP,LR_0.01,0.5756450789556475,0.9444444444444444,-35
C871,LOOCV,p6_r7_trq,Total_CP,Total_CP,SVM_RBF,0.7189017063954328,0.7941176470588236,-35
C871,LOOCV,p6_r7_trq,Interface_RMS,Interface_RMS,RF_depth1,0.3756364186183678,0.7647058823529411,-35
C871,LOOCV,p6_r7_trq,CP_summary,CP_summary,LR_1,0.6132804669104885,0.8455882352941176,-35
C871,LOOCV,p6_r7_trq,Repository,Repository,RF_depth1,0.21694116265549324,0.6985294117647058,-35
C871,LOOCV,p6_r7_trq,Local_deltaCP,Local_deltaCP,LR_0.01,0.5465264368329861,0.9117647058823529,-35
C871,LOOCV,p6_r7_trq,Sequence,Sequence,ExtraTrees_depth2,0.8487714285714283,0.7279411764705883,-35
C871,LOOCV,p6_r7_trq,Sequence_Local,Sequence_Local,LR_0.01,0.5185037710860594,0.9411764705882353,-35
C871,LOOCV,p6_r7_trq,ContactSeek_CCR,ContactSeek_CCR,LR_0.1,0.7330076242199255,0.75,-35
C871,LOOCV,p6_r7_trq,Nested_all,Sequence_Local,LR_0.01,0.5185037710860594,0.9411764705882353,-35
C871,LOOCV,p6_r7_wfd,Total_CP,Total_CP,LR_0.01,0.5007096672311776,0.7647058823529411,-35
C871,LOOCV,p6_r7_wfd,Interface_RMS,Interface_RMS,LR_0.01,0.5019377716411271,0.7352941176470589,-35
C871,LOOCV,p6_r7_wfd,CP_summary,CP_summary,LR_1,0.6193133690082172,0.8455882352941176,-35
C871,LOOCV,p6_r7_wfd,Repository,Repository,RF_depth1,0.21943022714878552,0.7279411764705883,-35
C871,LOOCV,p6_r7_wfd,Local_deltaCP,Local_deltaCP,LR_0.01,0.5,0.8529411764705883,-35
C871,LOOCV,p6_r7_wfd,Sequence,Sequence,SVM_RBF,0.307984588686309,0.7058823529411764,-35
C871,LOOCV,p6_r7_wfd,Sequence_Local,Sequence_Local,LR_0.01,0.5185037710860594,0.8823529411764706,-35
C871,LOOCV,p6_r7_wfd,ContactSeek_CCR,ContactSeek_CCR,LR_0.1,0.7198254445494112,0.7205882352941176,-35
C871,LOOCV,p6_r7_wfd,Nested_all,Sequence_Local,LR_0.01,0.5185037710860594,0.8823529411764706,-35
C871,LOOCV,p6_r7_wfq,Total_CP,Total_CP,LR_0.01,0.5006990271350691,0.7647058823529411,-35
C871,LOOCV,p6_r7_wfq,Interface_RMS,Interface_RMS,LR_0.01,0.5019377803242316,0.7352941176470589,-35
C871,LOOCV,p6_r7_wfq,CP_summary,CP_summary,LR_1,0.6282947415644373,0.8455882352941176,-35
C871,LOOCV,p6_r7_wfq,Repository,Repository,LR_1,0.2764835525175367,0.6397058823529411,-35
C871,LOOCV,p6_r7_wfq,Local_deltaCP,Local_deltaCP,LR_0.01,0.5,0.8529411764705883,-35
C871,LOOCV,p6_r7_wfq,Sequence,Sequence,SVM_RBF,0.3398452731704102,0.7279411764705883,-35
C871,LOOCV,p6_r7_wfq,Sequence_Local,Sequence_Local,LR_0.01,0.5147215325734543,0.8823529411764706,-35
C871,LOOCV,p6_r7_wfq,ContactSeek_CCR,ContactSeek_CCR,LR_0.1,0.7192931471830127,0.7205882352941176,-35
C871,LOOCV,p6_r7_wfq,Nested_all,Sequence_Local,LR_0.01,0.5147215325734543,0.8823529411764706,-35
C871,LOOCV,p7_r5_syvirr,Total_CP,Total_CP,GaussianNB,0.03725733229203138,0.75,-35
C871,LOOCV,p7_r5_syvirr,Interface_RMS,Interface_RMS,LR_0.01,0.502019045334905,0.75,-35
C871,LOOCV,p7_r5_syvirr,CP_summary,CP_summary,LR_1,0.270462506994831,0.6666666666666666,-35
C871,LOOCV,p7_r5_syvirr,Repository,Repository,LR_1,0.6462704041916527,0.6666666666666666,-35
C871,LOOCV,p7_r5_syvirr,Local_deltaCP,Local_deltaCP,LR_0.01,0.5,0.8055555555555556,-35
C871,LOOCV,p7_r5_syvirr,Sequence,Sequence,SVM_RBF,0.32285692220065987,0.7777777777777778,-35
C871,LOOCV,p7_r5_syvirr,Sequence_Local,Sequence_Local,LR_0.01,0.4914390015925755,0.8333333333333333,-35
C871,LOOCV,p7_r5_syvirr,ContactSeek_CCR,ContactSeek_CCR,LR_0.01,0.5,0.6944444444444444,-35
C871,LOOCV,p7_r5_syvirr,Nested_all,Sequence_Local,LR_0.01,0.4914390015925755,0.8333333333333333,-35
C871,LOOCV,p8_r6_gve,Total_CP,Total_CP,GaussianNB,1.0240525987342431e-41,0.8611111111111112,-35
C871,LOOCV,p8_r6_gve,Interface_RMS,Interface_RMS,ExtraTrees_depth2,0.5177031521110468,0.75,-35
C871,LOOCV,p8_r6_gve,CP_summary,CP_summary,ExtraTrees_depth2,0.3724401725725255,0.8611111111111112,-35
C871,LOOCV,p8_r6_gve,Repository,Repository,GaussianNB,2.5733143435845843e-14,0.75,-35
C871,LOOCV,p8_r6_gve,Local_deltaCP,Local_deltaCP,LR_0.01,0.5678296318802898,0.8888888888888888,-35
C871,LOOCV,p8_r6_gve,Sequence,Sequence,SVM_RBF,0.33737647049469977,0.7777777777777777,-35
C871,LOOCV,p8_r6_gve,Sequence_Local,Sequence_Local,LR_0.01,0.5453933215495956,0.9166666666666667,-35
C871,LOOCV,p8_r6_gve,ContactSeek_CCR,ContactSeek_CCR,ExtraTrees_depth2,0.7097362637362626,0.8055555555555556,-35
C871,LOOCV,p8_r6_gve,Nested_all,Sequence_Local,LR_0.01,0.5453933215495956,0.9166666666666667,-35
C871,Position_group_out,4,Total_CP,Total_CP,GaussianNB,0.895392992096326,0.8125,-35
C871,Position_group_out,4,Interface_RMS,Interface_RMS,SVM_RBF,0.7201210779173227,0.875,-35
C871,Position_group_out,4,CP_summary,CP_summary,LR_1,0.6759816110146979,0.75,-35
C871,Position_group_out,4,Repository,Repository,LR_0.1,0.24342677763693626,0.5625,-35
C871,Position_group_out,4,Local_deltaCP,Local_deltaCP,LR_0.01,0.5658703213913902,0.78125,-35
C871,Position_group_out,4,Sequence,Sequence,ExtraTrees_depth2,0.8842857142857158,0.65625,-35
C871,Position_group_out,4,Sequence_Local,Sequence_Local,LR_0.01,0.5259639104244815,0.75,-35
C871,Position_group_out,4,ContactSeek_CCR,ContactSeek_CCR,LR_0.01,0.5456937886980441,0.8125,-35
C871,Position_group_out,4,Nested_all,Interface_RMS,SVM_RBF,0.7201210779173227,0.875,-35
C871,Position_group_out,4+7,Total_CP,Total_CP,ExtraTrees_depth2,0.5105236202864756,0.8,-35
C871,Position_group_out,4+7,Interface_RMS,Interface_RMS,SVM_RBF,0.7261669015086453,0.8666666666666667,-35
C871,Position_group_out,4+7,CP_summary,CP_summary,LR_1,0.24362199717545535,0.8333333333333333,-35
C871,Position_group_out,4+7,Repository,Repository,LR_1,0.18530349828158227,0.8,-35
C871,Position_group_out,4+7,Local_deltaCP,Local_deltaCP,LR_0.1,0.5,0.6666666666666666,-35
C871,Position_group_out,4+7,Sequence,Sequence,LR_1,0.36795631694023745,0.7333333333333334,-35
C871,Position_group_out,4+7,Sequence_Local,Sequence_Local,LR_0.1,0.6254620420682548,0.6666666666666666,-35
C871,Position_group_out,4+7,ContactSeek_CCR,ContactSeek_CCR,RF_depth1,0.3706027637280933,0.8666666666666667,-35
C871,Position_group_out,4+7,Nested_all,Interface_RMS,SVM_RBF,0.7261669015086453,0.8666666666666667,-35
C871,Position_group_out,5,Total_CP,Total_CP,SVM_RBF,0.630692506928322,0.7777777777777778,-35
C871,Position_group_out,5,Interface_RMS,Interface_RMS,SVM_RBF,0.4404139150537484,0.6666666666666666,-35
C871,Position_group_out,5,CP_summary,CP_summary,RF_depth1,0.4135051337551337,0.7777777777777778,-35
C871,Position_group_out,5,Repository,Repository,ExtraTrees_depth2,0.2525669404125287,0.7222222222222222,-35
C871,Position_group_out,5,Local_deltaCP,Local_deltaCP,ExtraTrees_depth2,0.540574229691877,0.5277777777777778,-35
C871,Position_group_out,5,Sequence,Sequence,LR_0.01,0.4974276822922298,0.8333333333333333,-35
C871,Position_group_out,5,Sequence_Local,Sequence_Local,ExtraTrees_depth2,0.559003250017956,0.6527777777777778,-35
C871,Position_group_out,5,ContactSeek_CCR,ContactSeek_CCR,LR_0.01,0.45465703980421396,0.6111111111111112,-35
C871,Position_group_out,5,Nested_all,Sequence,LR_0.01,0.4974276822922298,0.8333333333333333,-35
C871,Position_group_out,6,Total_CP,Total_CP,SVM_RBF,0.7176527672942709,0.8928571428571428,-35
C871,Position_group_out,6,Interface_RMS,Interface_RMS,LR_0.01,0.5043452156960391,0.8571428571428572,-35
C871,Position_group_out,6,CP_summary,CP_summary,SVM_RBF,0.43913199137904,0.6904761904761905,-35
C871,Position_group_out,6,Repository,Repository,ExtraTrees_depth2,0.21175000000000005,0.6428571428571428,-35
C871,Position_group_out,6,Local_deltaCP,Local_deltaCP,LR_0.01,0.5,0.6785714285714286,-35
C871,Position_group_out,6,Sequence,Sequence,SVM_RBF,0.2558479523246867,0.5714285714285714,-35
C871,Position_group_out,6,Sequence_Local,Sequence_Local,LR_0.01,0.3537866572797758,0.6785714285714286,-35
C871,Position_group_out,6,ContactSeek_CCR,ContactSeek_CCR,LR_0.01,0.561173767592573,0.8571428571428572,-35
C871,Position_group_out,6,Nested_all,Total_CP,SVM_RBF,0.7176527672942709,0.8928571428571428,-35
C871,Position_group_out,7,Total_CP,Total_CP,SVM_RBF,0.6667934350571847,0.75,-35
C871,Position_group_out,7,Interface_RMS,Interface_RMS,LR_0.01,0.5054170634752704,0.8333333333333333,-35
C871,Position_group_out,7,CP_summary,CP_summary,LR_0.1,0.4797464968406192,0.6666666666666666,-35
C871,Position_group_out,7,Repository,Repository,SVM_RBF,0.28954740470757245,0.5833333333333334,-35
C871,Position_group_out,7,Local_deltaCP,Local_deltaCP,LR_0.01,0.5,0.8333333333333333,-35
C871,Position_group_out,7,Sequence,Sequence,LR_0.01,0.43684885893188924,0.6111111111111112,-35
C871,Position_group_out,7,Sequence_Local,Sequence_Local,LR_0.01,0.47483437024313024,0.8333333333333333,-35
C871,Position_group_out,7,ContactSeek_CCR,ContactSeek_CCR,LR_0.01,0.5707223837070643,0.7777777777777778,-35
C871,Position_group_out,7,Nested_all,Interface_RMS,LR_0.01,0.5054170634752704,0.8333333333333333,-35
C871,Position_group_out,8,Total_CP,Total_CP,GaussianNB,0.9161139973245997,0.8333333333333333,-35
C871,Position_group_out,8,Interface_RMS,Interface_RMS,LR_0.01,0.5053544349843739,0.8333333333333333,-35
C871,Position_group_out,8,CP_summary,CP_summary,LR_0.1,0.463763457675334,0.7222222222222222,-35
C871,Position_group_out,8,Repository,Repository,LR_0.01,0.4641888392172234,0.5833333333333334,-35
C871,Position_group_out,8,Local_deltaCP,Local_deltaCP,ExtraTrees_depth2,0.30171590909090906,0.8333333333333333,-35
C871,Position_group_out,8,Sequence,Sequence,LR_0.1,0.2732209822778188,0.5277777777777778,-35
C871,Position_group_out,8,Sequence_Local,Sequence_Local,ExtraTrees_depth2,0.33705681818181815,0.8333333333333333,-35
C871,Position_group_out,8,ContactSeek_CCR,ContactSeek_CCR,LR_0.01,0.5063788626111405,0.75,-35
C871,Position_group_out,8,Nested_all,Total_CP,GaussianNB,0.9161139973245997,0.8333333333333333,-35
C871,Strict_position_out,P4,Total_CP,Total_CP,ExtraTrees_depth2,0.516175375938231,0.8461538461538461,-35
C871,Strict_position_out,P4,Interface_RMS,Interface_RMS,SVM_RBF,0.7240723081559072,0.9230769230769231,-35
C871,Strict_position_out,P4,CP_summary,CP_summary,LDA_shrinkage,0.08259998954101015,0.9230769230769231,-35
C871,Strict_position_out,P4,Repository,Repository,LR_1,0.3053614333674906,0.8076923076923077,-35
C871,Strict_position_out,P4,Local_deltaCP,Local_deltaCP,LR_0.1,0.8746465633102554,0.6538461538461539,-35
C871,Strict_position_out,P4,Sequence,Sequence,ExtraTrees_depth2,0.8642857142857141,0.8333333333333333,-35
C871,Strict_position_out,P4,Sequence_Local,Sequence_Local,LR_0.1,0.8507612668256668,0.6923076923076923,-35
C871,Strict_position_out,P4,ContactSeek_CCR,ContactSeek_CCR,ExtraTrees_depth2,0.44108489304812837,0.8846153846153846,-35
C871,Strict_position_out,P4,Nested_all,Interface_RMS,SVM_RBF,0.7240723081559072,0.9230769230769231,-35
C871,Strict_position_out,P5,Total_CP,Total_CP,LR_0.01,0.5,0.6666666666666666,-35
C871,Strict_position_out,P5,Interface_RMS,Interface_RMS,GaussianNB,0.6191525027312055,0.7083333333333333,-35
C871,Strict_position_out,P5,CP_summary,CP_summary,LR_1,0.30892119496366666,0.7222222222222222,-35
C871,Strict_position_out,P5,Repository,Repository,LR_1,0.8685009751891108,0.7638888888888888,-35
C871,Strict_position_out,P5,Local_deltaCP,Local_deltaCP,LDA_shrinkage,5.860621837590304e-281,0.6666666666666666,-35
C871,Strict_position_out,P5,Sequence,Sequence,LR_0.01,0.5,0.75,-35
C871,Strict_position_out,P5,Sequence_Local,Sequence_Local,LDA_shrinkage,2.528009167137625e-264,0.6388888888888888,-35
C871,Strict_position_out,P5,ContactSeek_CCR,ContactSeek_CCR,LR_0.01,0.4550883549409025,0.7222222222222222,-35
C871,Strict_position_out,P5,Nested_all,Repository,LR_1,0.8685009751891108,0.7638888888888888,-35
C871,Strict_position_out,P6,Total_CP,Total_CP,SVM_RBF,0.6953847129329722,0.8214285714285714,-35
C871,Strict_position_out,P6,Interface_RMS,Interface_RMS,LR_0.01,0.504780258946955,0.8571428571428572,-35
C871,Strict_position_out,P6,CP_summary,CP_summary,SVM_RBF,0.47272948313920965,0.5892857142857143,-35
C871,Strict_position_out,P6,Repository,Repository,ExtraTrees_depth2,0.24022407616892916,0.5714285714285714,-35
C871,Strict_position_out,P6,Local_deltaCP,Local_deltaCP,ExtraTrees_depth2,0.15379587079587084,0.6071428571428571,-35
C871,Strict_position_out,P6,Sequence,Sequence,ExtraTrees_depth2,0.7449592760180993,0.6964285714285714,-35
C871,Strict_position_out,P6,Sequence_Local,Sequence_Local,ExtraTrees_depth2,0.24904615482556652,0.6428571428571428,-35
C871,Strict_position_out,P6,ContactSeek_CCR,ContactSeek_CCR,LR_0.01,0.5982007741384767,0.8571428571428572,-35
C871,Strict_position_out,P6,Nested_all,Interface_RMS,LR_0.01,0.504780258946955,0.8571428571428572,-35
C871,Strict_position_out,P7,Total_CP,Total_CP,ExtraTrees_depth2,0.5201848272182942,0.8666666666666667,-35
C871,Strict_position_out,P7,Interface_RMS,Interface_RMS,SVM_RBF,0.7275984860211459,0.8666666666666667,-35
C871,Strict_position_out,P7,CP_summary,CP_summary,LDA_shrinkage,1.5324238488581046e-06,0.8,-35
C871,Strict_position_out,P7,Repository,Repository,LDA_shrinkage,4.064907115037613e-34,0.8333333333333333,-35
C871,Strict_position_out,P7,Local_deltaCP,Local_deltaCP,LR_0.01,2.006187345986802e-05,0.5666666666666667,-35
C871,Strict_position_out,P7,Sequence,Sequence,LR_1,0.20453609109829618,0.7,-35
C871,Strict_position_out,P7,Sequence_Local,Sequence_Local,LR_0.01,0.0001171756279628775,0.5666666666666667,-35
C871,Strict_position_out,P7,ContactSeek_CCR,ContactSeek_CCR,ExtraTrees_depth2,0.6611019091847263,1.0,-35
C871,Strict_position_out,P7,Nested_all,ContactSeek_CCR,ExtraTrees_depth2,0.6611019091847263,1.0,-35
C871,Strict_position_out,P8,Total_CP,Total_CP,SVM_RBF,0.7160377943283893,0.8055555555555556,-35
C871,Strict_position_out,P8,Interface_RMS,Interface_RMS,SVM_RBF,0.7252912943754989,0.8333333333333333,-35
C871,Strict_position_out,P8,CP_summary,CP_summary,LR_1,0.9262704557537242,0.6666666666666666,-35
C871,Strict_position_out,P8,Repository,Repository,LR_1,0.4099021450103876,0.6111111111111112,-35
C871,Strict_position_out,P8,Local_deltaCP,Local_deltaCP,ExtraTrees_depth2,0.28827615160896897,0.8333333333333333,-35
C871,Strict_position_out,P8,Sequence,Sequence,LR_0.1,0.18400394232551104,0.5833333333333334,-35
C871,Strict_position_out,P8,Sequence_Local,Sequence_Local,ExtraTrees_depth2,0.2464618531623176,0.7916666666666667,-35
C871,Strict_position_out,P8,ContactSeek_CCR,ContactSeek_CCR,LR_0.1,0.6320565681925983,0.8055555555555556,-35
C871,Strict_position_out,P8,Nested_all,Interface_RMS,SVM_RBF,0.7252912943754989,0.8333333333333333,-35
C295,LOOCV,p4_r5_she,Total_CP,Total_CP,LR_1,0.47229575731263057,0.6323529411764706,-5
C295,LOOCV,p4_r5_she,Interface_RMS,Interface_RMS,ExtraTrees_depth2,0.5972801851911653,0.7352941176470589,-5
C295,LOOCV,p4_r5_she,CP_summary,CP_summary,LR_0.01,0.47236723827163607,0.6617647058823529,-5
C295,LOOCV,p4_r5_she,Repository,Repository,RF_depth1,0.6442839074613154,0.6691176470588236,-5
C295,LOOCV,p4_r5_she,Local_deltaCP,Local_deltaCP,ExtraTrees_depth2,0.8169010989010993,0.6985294117647058,-5
C295,LOOCV,p4_r5_she,Sequence,Sequence,LR_1,0.8002057378186083,0.7352941176470589,-5
C295,LOOCV,p4_r5_she,Sequence_Local,Sequence_Local,ExtraTrees_depth2,0.7445910256410257,0.7279411764705883,-5
C295,LOOCV,p4_r5_she,ContactSeek_CCR,ContactSeek_CCR,LR_0.01,0.4431098514902904,0.7573529411764706,-5
C295,LOOCV,p4_r5_she,Nested_all,ContactSeek_CCR,LR_0.01,0.4431098514902904,0.7573529411764706,-5
C295,LOOCV,p4_r5_she_plus_p7_r5_she,Total_CP,Total_CP,LR_1,0.4805063727468,0.6944444444444444,-5
C295,LOOCV,p4_r5_she_plus_p7_r5_she,Interface_RMS,Interface_RMS,RF_depth2,0.7705891694893234,0.6944444444444444,-5
C295,LOOCV,p4_r5_she_plus_p7_r5_she,CP_summary,CP_summary,LR_0.01,0.5251689415072716,0.75,-5
C295,LOOCV,p4_r5_she_plus_p7_r5_she,Repository,Repository,LR_0.01,0.5403047593254187,0.7222222222222222,-5
C295,LOOCV,p4_r5_she_plus_p7_r5_she,Local_deltaCP,Local_deltaCP,LR_1,0.5,0.8055555555555556,-5
C295,LOOCV,p4_r5_she_plus_p7_r5_she,Sequence,Sequence,RF_depth1,0.5,0.75,-5
C295,LOOCV,p4_r5_she_plus_p7_r5_she,Sequence_Local,Sequence_Local,SVM_RBF,0.6487782661538286,0.9166666666666667,-5
C295,LOOCV,p4_r5_she_plus_p7_r5_she,ContactSeek_CCR,ContactSeek_CCR,LR_0.1,0.5684303948828634,0.8888888888888888,-5
C295,LOOCV,p4_r5_she_plus_p7_r5_she,Nested_all,Sequence_Local,SVM_RBF,0.6487782661538286,0.9166666666666667,-5
C295,LOOCV,p4_r5_sne,Total_CP,Total_CP,GaussianNB,0.5163714804996902,0.5735294117647058,-5
C295,LOOCV,p4_r5_sne,Interface_RMS,Interface_RMS,ExtraTrees_depth2,0.5675921439207829,0.7352941176470589,-5
C295,LOOCV,p4_r5_sne,CP_summary,CP_summary,SVM_RBF,0.6901951813504097,0.5808823529411764,-5
C295,LOOCV,p4_r5_sne,Repository,Repository,SVM_RBF,0.529559789569248,0.5955882352941176,-5
C295,LOOCV,p4_r5_sne,Local_deltaCP,Local_deltaCP,LDA_shrinkage,0.9999999998817866,0.7647058823529411,-5
C295,LOOCV,p4_r5_sne,Sequence,Sequence,SVM_RBF,0.7139556108462726,0.6764705882352942,-5
C295,LOOCV,p4_r5_sne,Sequence_Local,Sequence_Local,LR_1,0.7165323978724478,0.6985294117647058,-5
C295,LOOCV,p4_r5_sne,ContactSeek_CCR,ContactSeek_CCR,LR_0.1,0.5,0.8529411764705883,-5
C295,LOOCV,p4_r5_sne,Nested_all,ContactSeek_CCR,LR_0.1,0.5,0.8529411764705883,-5
C295,LOOCV,p4_r5_sne_plus_p7_r5_sne,Total_CP,Total_CP,GaussianNB,0.5088364256205286,0.6029411764705883,-5
C295,LOOCV,p4_r5_sne_plus_p7_r5_sne,Interface_RMS,Interface_RMS,ExtraTrees_depth2,0.5675921439207829,0.7352941176470589,-5
C295,LOOCV,p4_r5_sne_plus_p7_r5_sne,CP_summary,CP_summary,SVM_RBF,0.6897876806174021,0.6102941176470589,-5
C295,LOOCV,p4_r5_sne_plus_p7_r5_sne,Repository,Repository,SVM_RBF,0.5316995712342701,0.5661764705882353,-5
C295,LOOCV,p4_r5_sne_plus_p7_r5_sne,Local_deltaCP,Local_deltaCP,LR_1,0.8282425441457062,0.7647058823529411,-5
C295,LOOCV,p4_r5_sne_plus_p7_r5_sne,Sequence,Sequence,SVM_RBF,0.7141614348616372,0.6764705882352942,-5
C295,LOOCV,p4_r5_sne_plus_p7_r5_sne,Sequence_Local,Sequence_Local,LR_0.1,0.5463092559750866,0.6985294117647058,-5
C295,LOOCV,p4_r5_sne_plus_p7_r5_sne,ContactSeek_CCR,ContactSeek_CCR,LR_0.1,0.4243956828935832,0.9117647058823529,-5
C295,LOOCV,p4_r5_sne_plus_p7_r5_sne,Nested_all,ContactSeek_CCR,LR_0.1,0.4243956828935832,0.9117647058823529,-5
C295,LOOCV,p4_r5_swd_plus_p7_r5_swd,Total_CP,Total_CP,LR_0.01,0.4967452328196071,0.6911764705882353,-5
C295,LOOCV,p4_r5_swd_plus_p7_r5_swd,Interface_RMS,Interface_RMS,ExtraTrees_depth2,0.5613494786076076,0.7352941176470589,-5
C295,LOOCV,p4_r5_swd_plus_p7_r5_swd,CP_summary,CP_summary,SVM_RBF,0.6729252287716914,0.6397058823529411,-5
C295,LOOCV,p4_r5_swd_plus_p7_r5_swd,Repository,Repository,SVM_RBF,0.6567733529805151,0.6102941176470589,-5
C295,LOOCV,p4_r5_swd_plus_p7_r5_swd,Local_deltaCP,Local_deltaCP,LR_1,0.7969628375430793,0.7941176470588236,-5
C295,LOOCV,p4_r5_swd_plus_p7_r5_swd,Sequence,Sequence,SVM_RBF,0.7094150974947894,0.6470588235294118,-5
C295,LOOCV,p4_r5_swd_plus_p7_r5_swd,Sequence_Local,Sequence_Local,LR_0.1,0.5,0.7279411764705883,-5
C295,LOOCV,p4_r5_swd_plus_p7_r5_swd,ContactSeek_CCR,ContactSeek_CCR,LR_0.01,0.44479112995669434,0.8823529411764706,-5
C295,LOOCV,p4_r5_swd_plus_p7_r5_swd,Nested_all,ContactSeek_CCR,LR_0.01,0.44479112995669434,0.8823529411764706,-5
C295,LOOCV,p4_r5_the_plus_p7_r5_the,Total_CP,Total_CP,LR_0.01,0.4967019118639471,0.6911764705882353,-5
C295,LOOCV,p4_r5_the_plus_p7_r5_the,Interface_RMS,Interface_RMS,ExtraTrees_depth2,0.5304312623369413,0.7647058823529411,-5
C295,LOOCV,p4_r5_the_plus_p7_r5_the,CP_summary,CP_summary,SVM_RBF,0.665015861403667,0.6397058823529411,-5
C295,LOOCV,p4_r5_the_plus_p7_r5_the,Repository,Repository,RF_depth1,0.6942909847901453,0.6102941176470589,-5
C295,LOOCV,p4_r5_the_plus_p7_r5_the,Local_deltaCP,Local_deltaCP,LR_1,0.7839731526512137,0.7941176470588236,-5
C295,LOOCV,p4_r5_the_plus_p7_r5_the,Sequence,Sequence,LR_1,0.8354463797203915,0.6397058823529411,-5
C295,LOOCV,p4_r5_the_plus_p7_r5_the,Sequence_Local,Sequence_Local,LR_0.1,0.5,0.7279411764705883,-5
C295,LOOCV,p4_r5_the_plus_p7_r5_the,ContactSeek_CCR,ContactSeek_CCR,LR_0.01,0.4062789181668916,0.9705882352941176,-5
C295,LOOCV,p4_r5_the_plus_p7_r5_the,Nested_all,ContactSeek_CCR,LR_0.01,0.4062789181668916,0.9705882352941176,-5
C295,LOOCV,p5_r6_aye,Total_CP,Total_CP,LR_0.01,0.4956608807078092,0.625,-5
C295,LOOCV,p5_r6_aye,Interface_RMS,Interface_RMS,ExtraTrees_depth2,0.575858490961265,0.7058823529411764,-5
C295,LOOCV,p5_r6_aye,CP_summary,CP_summary,LR_0.01,0.478806915978888,0.6323529411764706,-5
C295,LOOCV,p5_r6_aye,Repository,Repository,LR_0.01,0.48221616341698403,0.6029411764705883,-5
C295,LOOCV,p5_r6_aye,Local_deltaCP,Local_deltaCP,LR_1,0.8355810852543226,0.7058823529411764,-5
C295,LOOCV,p5_r6_aye,Sequence,Sequence,LR_1,0.8558835690904283,0.6691176470588236,-5
C295,LOOCV,p5_r6_aye,Sequence_Local,Sequence_Local,LR_0.1,0.45823941168804005,0.6985294117647058,-5
C295,LOOCV,p5_r6_aye,ContactSeek_CCR,ContactSeek_CCR,LR_0.01,0.40997702673555436,0.9411764705882353,-5
C295,LOOCV,p5_r6_aye,Nested_all,ContactSeek_CCR,LR_0.01,0.40997702673555436,0.9411764705882353,-5
C295,LOOCV,p5_r6_nye,Total_CP,Total_CP,LR_0.01,0.49533978253109545,0.625,-5
C295,LOOCV,p5_r6_nye,Interface_RMS,Interface_RMS,RF_depth2,0.6089975540075359,0.7573529411764706,-5
C295,LOOCV,p5_r6_nye,CP_summary,CP_summary,LR_0.01,0.4788869703215122,0.6323529411764706,-5
C295,LOOCV,p5_r6_nye,Repository,Repository,LR_0.01,0.48221616341698403,0.6029411764705883,-5
C295,LOOCV,p5_r6_nye,Local_deltaCP,Local_deltaCP,LR_1,0.8432760223503761,0.6764705882352942,-5
C295,LOOCV,p5_r6_nye,Sequence,Sequence,LR_1,0.8520651742013127,0.6691176470588236,-5
C295,LOOCV,p5_r6_nye,Sequence_Local,Sequence_Local,LR_0.1,0.5,0.6985294117647058,-5
C295,LOOCV,p5_r6_nye,ContactSeek_CCR,ContactSeek_CCR,LR_0.01,0.46503065534183735,0.8823529411764706,-5
C295,LOOCV,p5_r6_nye,Nested_all,ContactSeek_CCR,LR_0.01,0.46503065534183735,0.8823529411764706,-5
C295,LOOCV,p5_r6_sfe,Total_CP,Total_CP,LR_0.01,0.49609476035256633,0.625,-5
C295,LOOCV,p5_r6_sfe,Interface_RMS,Interface_RMS,ExtraTrees_depth2,0.5754361625661542,0.7352941176470589,-5
C295,LOOCV,p5_r6_sfe,CP_summary,CP_summary,LR_0.01,0.4782483931991768,0.6323529411764706,-5
C295,LOOCV,p5_r6_sfe,Repository,Repository,SVM_RBF,0.5193773794772254,0.5955882352941176,-5
C295,LOOCV,p5_r6_sfe,Local_deltaCP,Local_deltaCP,LR_0.1,0.5696154130489708,0.6764705882352942,-5
C295,LOOCV,p5_r6_sfe,Sequence,Sequence,LR_1,0.8350042808312942,0.6691176470588236,-5
C295,LOOCV,p5_r6_sfe,Sequence_Local,Sequence_Local,LR_0.1,0.28814055054885257,0.7279411764705883,-5
C295,LOOCV,p5_r6_sfe,ContactSeek_CCR,ContactSeek_CCR,LR_0.01,0.43345257553022515,0.8529411764705883,-5
C295,LOOCV,p5_r6_sfe,Nested_all,ContactSeek_CCR,LR_0.01,0.43345257553022515,0.8529411764705883,-5
C295,LOOCV,p5_r6_swd,Total_CP,Total_CP,LR_0.01,0.4971393506294005,0.6617647058823529,-5
C295,LOOCV,p5_r6_swd,Interface_RMS,Interface_RMS,RF_depth2,0.8340239478112796,0.6176470588235294,-5
C295,LOOCV,p5_r6_swd,CP_summary,CP_summary,LR_0.01,0.47718742323467184,0.6323529411764706,-5
C295,LOOCV,p5_r6_swd,Repository,Repository,LR_0.01,0.47233145890728745,0.6323529411764706,-5
C295,LOOCV,p5_r6_swd,Local_deltaCP,Local_deltaCP,LR_1,0.7693073634292368,0.6764705882352942,-5
C295,LOOCV,p5_r6_swd,Sequence,Sequence,LR_1,0.8373464640871204,0.6691176470588236,-5
C295,LOOCV,p5_r6_swd,Sequence_Local,Sequence_Local,LR_0.1,0.31906805416518713,0.7279411764705883,-5
C295,LOOCV,p5_r6_swd,ContactSeek_CCR,ContactSeek_CCR,RF_depth1,0.7042564939208593,0.8823529411764706,-5
C295,LOOCV,p5_r6_swd,Nested_all,ContactSeek_CCR,RF_depth1,0.7042564939208593,0.8823529411764706,-5
C295,LOOCV,p5_r6_syq,Total_CP,Total_CP,LR_0.01,0.4962488277895233,0.625,-5
C295,LOOCV,p5_r6_syq,Interface_RMS,Interface_RMS,ExtraTrees_depth2,0.5781330876723028,0.7352941176470589,-5
C295,LOOCV,p5_r6_syq,CP_summary,CP_summary,LR_0.01,0.47994618805361555,0.6323529411764706,-5
C295,LOOCV,p5_r6_syq,Repository,Repository,SVM_RBF,0.5258805255443809,0.5661764705882353,-5
C295,LOOCV,p5_r6_syq,Local_deltaCP,Local_deltaCP,LR_1,0.7693073634292368,0.7058823529411764,-5
C295,LOOCV,p5_r6_syq,Sequence,Sequence,LR_1,0.8355938847741173,0.6691176470588236,-5
C295,LOOCV,p5_r6_syq,Sequence_Local,Sequence_Local,LR_1,0.2766334935534779,0.7279411764705883,-5
C295,LOOCV,p5_r6_syq,ContactSeek_CCR,ContactSeek_CCR,LR_0.01,0.43636645871253477,0.8235294117647058,-5
C295,LOOCV,p5_r6_syq,Nested_all,ContactSeek_CCR,LR_0.01,0.43636645871253477,0.8235294117647058,-5
C295,LOOCV,p5_r6_thn,Total_CP,Total_CP,LR_0.01,0.5030032669386559,0.6470588235294118,-5
C295,LOOCV,p5_r6_thn,Interface_RMS,Interface_RMS,ExtraTrees_depth2,0.5830283985042058,0.7352941176470589,-5
C295,LOOCV,p5_r6_thn,CP_summary,CP_summary,LR_0.01,0.47994618805361555,0.6323529411764706,-5
C295,LOOCV,p5_r6_thn,Repository,Repository,SVM_RBF,0.5,0.5955882352941176,-5
C295,LOOCV,p5_r6_thn,Local_deltaCP,Local_deltaCP,LR_0.01,0.5388923227825463,0.6470588235294118,-5
C295,LOOCV,p5_r6_thn,Sequence,Sequence,SVM_RBF,0.6676469219652004,0.6397058823529411,-5
C295,LOOCV,p5_r6_thn,Sequence_Local,Sequence_Local,LR_1,0.2766334935534779,0.7279411764705883,-5
C295,LOOCV,p5_r6_thn,ContactSeek_CCR,ContactSeek_CCR,LR_0.1,0.4640735654461958,0.8823529411764706,-5
C295,LOOCV,p5_r6_thn,Nested_all,ContactSeek_CCR,LR_0.1,0.4640735654461958,0.8823529411764706,-5
C295,LOOCV,p5_r6_twd,Total_CP,Total_CP,LR_0.01,0.5030015362755289,0.6470588235294118,-5
C295,LOOCV,p5_r6_twd,Interface_RMS,Interface_RMS,ExtraTrees_depth2,0.5900899521575922,0.6176470588235294,-5
C295,LOOCV,p5_r6_twd,CP_summary,CP_summary,LR_0.01,0.47986463189845885,0.6323529411764706,-5
C295,LOOCV,p5_r6_twd,Repository,Repository,SVM_RBF,0.5062279935250187,0.5661764705882353,-5
C295,LOOCV,p5_r6_twd,Local_deltaCP,Local_deltaCP,LR_1,0.7721327704568177,0.7058823529411764,-5
C295,LOOCV,p5_r6_twd,Sequence,Sequence,RF_depth2,0.5637724959541808,0.6323529411764706,-5
C295,LOOCV,p5_r6_twd,Sequence_Local,Sequence_Local,LR_1,0.2766334935534779,0.7279411764705883,-5
C295,LOOCV,p5_r6_twd,ContactSeek_CCR,ContactSeek_CCR,LR_0.01,0.4706703932255838,0.8235294117647058,-5
C295,LOOCV,p5_r6_twd,Nested_all,ContactSeek_CCR,LR_0.01,0.4706703932255838,0.8235294117647058,-5
C295,LOOCV,p5_r6_tye,Total_CP,Total_CP,LR_0.01,0.5030103745679901,0.6470588235294118,-5
C295,LOOCV,p5_r6_tye,Interface_RMS,Interface_RMS,ExtraTrees_depth2,0.5760944753994917,0.7352941176470589,-5
C295,LOOCV,p5_r6_tye,CP_summary,CP_summary,LR_0.01,0.47994618805361555,0.6323529411764706,-5
C295,LOOCV,p5_r6_tye,Repository,Repository,SVM_RBF,0.5118014407425222,0.5955882352941176,-5
C295,LOOCV,p5_r6_tye,Local_deltaCP,Local_deltaCP,LR_1,0.6941542200782547,0.7647058823529411,-5
C295,LOOCV,p5_r6_tye,Sequence,Sequence,LR_1,0.8383609520704404,0.6691176470588236,-5
C295,LOOCV,p5_r6_tye,Sequence_Local,Sequence_Local,LR_1,0.2766334935534779,0.7279411764705883,-5
C295,LOOCV,p5_r6_tye,ContactSeek_CCR,ContactSeek_CCR,LR_0.1,0.4383706902442458,0.8823529411764706,-5
C295,LOOCV,p5_r6_tye,Nested_all,ContactSeek_CCR,LR_0.1,0.4383706902442458,0.8823529411764706,-5
C295,LOOCV,p5_r6_vfn,Total_CP,Total_CP,LR_0.01,0.5030214036158033,0.6470588235294118,-5
C295,LOOCV,p5_r6_vfn,Interface_RMS,Interface_RMS,ExtraTrees_depth2,0.5819122255336414,0.7058823529411764,-5
C295,LOOCV,p5_r6_vfn,CP_summary,CP_summary,LR_0.1,0.4477246672289448,0.6323529411764706,-5
C295,LOOCV,p5_r6_vfn,Repository,Repository,LR_0.01,0.44282891731629137,0.5955882352941176,-5
C295,LOOCV,p5_r6_vfn,Local_deltaCP,Local_deltaCP,LR_1,0.7318573946782712,0.7352941176470589,-5
C295,LOOCV,p5_r6_vfn,Sequence,Sequence,SVM_RBF,0.7103960890708134,0.6470588235294118,-5
C295,LOOCV,p5_r6_vfn,Sequence_Local,Sequence_Local,LDA_shrinkage,0.9997668173573264,0.7279411764705883,-5
C295,LOOCV,p5_r6_vfn,ContactSeek_CCR,ContactSeek_CCR,LR_0.01,0.46812269632353115,0.7941176470588236,-5
C295,LOOCV,p5_r6_vfn,Nested_all,ContactSeek_CCR,LR_0.01,0.46812269632353115,0.7941176470588236,-5
C295,LOOCV,p6_r7_qfw,Total_CP,Total_CP,LR_0.01,0.5090299709385357,0.5555555555555556,-5
C295,LOOCV,p6_r7_qfw,Interface_RMS,Interface_RMS,RF_depth2,0.7924202616776677,0.6666666666666666,-5
C295,LOOCV,p6_r7_qfw,CP_summary,CP_summary,LR_1,0.8354199737127807,0.6666666666666666,-5
C295,LOOCV,p6_r7_qfw,Repository,Repository,LR_1,0.5,0.6944444444444444,-5
C295,LOOCV,p6_r7_qfw,Local_deltaCP,Local_deltaCP,SVM_RBF,0.5858677198953333,0.75,-5
C295,LOOCV,p6_r7_qfw,Sequence,Sequence,SVM_RBF,0.6874881689314174,0.75,-5
C295,LOOCV,p6_r7_qfw,Sequence_Local,Sequence_Local,LR_1,0.9137784104107209,0.6666666666666666,-5
C295,LOOCV,p6_r7_qfw,ContactSeek_CCR,ContactSeek_CCR,RF_depth1,0.6227670475817337,0.7777777777777777,-5
C295,LOOCV,p6_r7_qfw,Nested_all,ContactSeek_CCR,RF_depth1,0.6227670475817337,0.7777777777777777,-5
C295,LOOCV,p6_r7_qrw,Total_CP,Total_CP,LR_0.01,0.5030214036158033,0.6470588235294118,-5
C295,LOOCV,p6_r7_qrw,Interface_RMS,Interface_RMS,ExtraTrees_depth2,0.5899075772975353,0.7058823529411764,-5
C295,LOOCV,p6_r7_qrw,CP_summary,CP_summary,LR_0.01,0.4770259087375588,0.6323529411764706,-5
C295,LOOCV,p6_r7_qrw,Repository,Repository,LR_0.01,0.44665962062251785,0.5661764705882353,-5
C295,LOOCV,p6_r7_qrw,Local_deltaCP,Local_deltaCP,LR_1,0.6325075806583582,0.7058823529411764,-5
C295,LOOCV,p6_r7_qrw,Sequence,Sequence,LR_1,0.8763876574715137,0.7352941176470589,-5
C295,LOOCV,p6_r7_qrw,Sequence_Local,Sequence_Local,LR_0.1,0.46002330070207564,0.7941176470588236,-5
C295,LOOCV,p6_r7_qrw,ContactSeek_CCR,ContactSeek_CCR,LR_0.1,0.5393646710981502,0.8235294117647058,-5
C295,LOOCV,p6_r7_qrw,Nested_all,ContactSeek_CCR,LR_0.1,0.5393646710981502,0.8235294117647058,-5
C295,LOOCV,p6_r7_trq,Total_CP,Total_CP,LR_0.01,0.5030214036158033,0.6470588235294118,-5
C295,LOOCV,p6_r7_trq,Interface_RMS,Interface_RMS,ExtraTrees_depth2,0.5833681078865827,0.7058823529411764,-5
C295,LOOCV,p6_r7_trq,CP_summary,CP_summary,LR_0.01,0.49016049315738897,0.6029411764705883,-5
C295,LOOCV,p6_r7_trq,Repository,Repository,LR_0.01,0.4932183763189136,0.5735294117647058,-5
C295,LOOCV,p6_r7_trq,Local_deltaCP,Local_deltaCP,LR_1,0.7975903028551794,0.6764705882352942,-5
C295,LOOCV,p6_r7_trq,Sequence,Sequence,LR_1,0.8523948242414883,0.6985294117647058,-5
C295,LOOCV,p6_r7_trq,Sequence_Local,Sequence_Local,LR_1,0.2320887830020159,0.7279411764705883,-5
C295,LOOCV,p6_r7_trq,ContactSeek_CCR,ContactSeek_CCR,LR_0.1,0.4908676641466918,0.8529411764705883,-5
C295,LOOCV,p6_r7_trq,Nested_all,ContactSeek_CCR,LR_0.1,0.4908676641466918,0.8529411764705883,-5
C295,LOOCV,p6_r7_wfd,Total_CP,Total_CP,SVM_RBF,0.6435741567065221,0.75,-5
C295,LOOCV,p6_r7_wfd,Interface_RMS,Interface_RMS,GaussianNB,0.47075465395723093,0.8055555555555556,-5
C295,LOOCV,p6_r7_wfd,CP_summary,CP_summary,SVM_RBF,0.7526798255632569,0.5833333333333334,-5
C295,LOOCV,p6_r7_wfd,Repository,Repository,RF_depth1,0.9305119047619048,0.5555555555555556,-5
C295,LOOCV,p6_r7_wfd,Local_deltaCP,Local_deltaCP,LR_0.01,0.507512192991965,0.6944444444444444,-5
C295,LOOCV,p6_r7_wfd,Sequence,Sequence,SVM_RBF,0.6933858432476372,0.7222222222222222,-5
C295,LOOCV,p6_r7_wfd,Sequence_Local,Sequence_Local,LR_0.01,0.5531001631958095,0.6388888888888888,-5
C295,LOOCV,p6_r7_wfd,ContactSeek_CCR,ContactSeek_CCR,RF_depth1,0.6794706720274634,0.8611111111111112,-5
C295,LOOCV,p6_r7_wfd,Nested_all,ContactSeek_CCR,RF_depth1,0.6794706720274634,0.8611111111111112,-5
C295,LOOCV,p6_r7_wfq,Total_CP,Total_CP,LR_0.01,0.49512821643810256,0.625,-5
C295,LOOCV,p6_r7_wfq,Interface_RMS,Interface_RMS,ExtraTrees_depth2,0.5862325892421125,0.6764705882352942,-5
C295,LOOCV,p6_r7_wfq,CP_summary,CP_summary,SVM_RBF,0.45789278633319874,0.5955882352941176,-5
C295,LOOCV,p6_r7_wfq,Repository,Repository,SVM_RBF,0.5,0.5661764705882353,-5
C295,LOOCV,p6_r7_wfq,Local_deltaCP,Local_deltaCP,LR_1,0.7904789313608734,0.6764705882352942,-5
C295,LOOCV,p6_r7_wfq,Sequence,Sequence,SVM_RBF,0.5,0.75,-5
C295,LOOCV,p6_r7_wfq,Sequence_Local,Sequence_Local,LR_1,0.21200685367708338,0.7279411764705883,-5
C295,LOOCV,p6_r7_wfq,ContactSeek_CCR,ContactSeek_CCR,LR_0.1,0.48911333414749725,0.8235294117647058,-5
C295,LOOCV,p6_r7_wfq,Nested_all,ContactSeek_CCR,LR_0.1,0.48911333414749725,0.8235294117647058,-5
C295,LOOCV,p7_r5_syvirr,Total_CP,Total_CP,GaussianNB,0.6077602772666191,0.5555555555555556,-5
C295,LOOCV,p7_r5_syvirr,Interface_RMS,Interface_RMS,GaussianNB,0.48106743228868815,0.7777777777777777,-5
C295,LOOCV,p7_r5_syvirr,CP_summary,CP_summary,LDA_shrinkage,0.9995512934863096,0.6111111111111112,-5
C295,LOOCV,p7_r5_syvirr,Repository,Repository,RF_depth1,0.9724761904761904,0.5555555555555556,-5
C295,LOOCV,p7_r5_syvirr,Local_deltaCP,Local_deltaCP,LR_1,0.7222218832387592,0.6944444444444444,-5
C295,LOOCV,p7_r5_syvirr,Sequence,Sequence,RF_depth2,0.5,0.8055555555555556,-5
C295,LOOCV,p7_r5_syvirr,Sequence_Local,Sequence_Local,LR_1,0.21970099015129094,0.6944444444444444,-5
C295,LOOCV,p7_r5_syvirr,ContactSeek_CCR,ContactSeek_CCR,LR_0.1,0.5226302884998267,0.7777777777777778,-5
C295,LOOCV,p7_r5_syvirr,Nested_all,Sequence,RF_depth2,0.5,0.8055555555555556,-5
C295,LOOCV,p8_r6_gve,Total_CP,Total_CP,LR_0.01,0.4893193578034123,0.625,-5
C295,LOOCV,p8_r6_gve,Interface_RMS,Interface_RMS,ExtraTrees_depth2,0.5862784658768638,0.6764705882352942,-5
C295,LOOCV,p8_r6_gve,CP_summary,CP_summary,LR_0.01,0.4871646428266746,0.6029411764705883,-5
C295,LOOCV,p8_r6_gve,Repository,Repository,LR_0.01,0.42899174674273854,0.5955882352941176,-5
C295,LOOCV,p8_r6_gve,Local_deltaCP,Local_deltaCP,LR_1,0.7630744779432218,0.7352941176470589,-5
C295,LOOCV,p8_r6_gve,Sequence,Sequence,SVM_RBF,0.48224393451261055,0.75,-5
C295,LOOCV,p8_r6_gve,Sequence_Local,Sequence_Local,LR_0.1,0.38913691776151665,0.7279411764705883,-5
C295,LOOCV,p8_r6_gve,ContactSeek_CCR,ContactSeek_CCR,LR_0.1,0.5702004544441637,0.7941176470588236,-5
C295,LOOCV,p8_r6_gve,Nested_all,ContactSeek_CCR,LR_0.1,0.5702004544441637,0.7941176470588236,-5
C295,Position_group_out,4,Total_CP,Total_CP,LR_0.01,0.5106742806970541,0.53125,-5
C295,Position_group_out,4,Interface_RMS,Interface_RMS,RF_depth2,0.8973881685659268,0.71875,-5
C295,Position_group_out,4,CP_summary,CP_summary,LR_1,0.35655149830073396,0.53125,-5
C295,Position_group_out,4,Repository,Repository,SVM_RBF,0.7590229016545778,0.53125,-5
C295,Position_group_out,4,Local_deltaCP,Local_deltaCP,LR_0.01,0.7394234322154238,0.5625,-5
C295,Position_group_out,4,Sequence,Sequence,LR_1,0.7350665973175123,0.875,-5
C295,Position_group_out,4,Sequence_Local,Sequence_Local,LR_0.01,0.8109703682618781,0.53125,-5
C295,Position_group_out,4,ContactSeek_CCR,ContactSeek_CCR,LR_0.1,0.5754735923044261,0.78125,-5
C295,Position_group_out,4,Nested_all,Sequence,LR_1,0.7350665973175123,0.875,-5
C295,Position_group_out,4+7,Total_CP,Total_CP,LR_0.01,0.4902517144615586,0.8333333333333333,-5
C295,Position_group_out,4+7,Interface_RMS,Interface_RMS,ExtraTrees_depth2,0.4391479134900188,0.7666666666666666,-5
C295,Position_group_out,4+7,CP_summary,CP_summary,LR_0.01,0.4332785420910564,0.7666666666666666,-5
C295,Position_group_out,4+7,Repository,Repository,LR_0.01,0.429151190335782,0.7666666666666666,-5
C295,Position_group_out,4+7,Local_deltaCP,Local_deltaCP,LR_0.01,0.35658411113932265,0.7666666666666666,-5
C295,Position_group_out,4+7,Sequence,Sequence,RF_depth1,0.5886781466688489,0.7333333333333334,-5
C295,Position_group_out,4+7,Sequence_Local,Sequence_Local,LR_0.1,0.37412231834701837,0.7666666666666666,-5
C295,Position_group_out,4+7,ContactSeek_CCR,ContactSeek_CCR,LR_0.01,0.40786613740832933,0.7666666666666666,-5
C295,Position_group_out,4+7,Nested_all,Total_CP,LR_0.01,0.4902517144615586,0.8333333333333333,-5
C295,Position_group_out,5,Total_CP,Total_CP,SVM_RBF,0.5991998341365183,0.6388888888888888,-5
C295,Position_group_out,5,Interface_RMS,Interface_RMS,LR_0.01,0.501118178182109,0.7083333333333333,-5
C295,Position_group_out,5,CP_summary,CP_summary,SVM_RBF,0.5254740491865384,0.5138888888888888,-5
C295,Position_group_out,5,Repository,Repository,LR_0.01,0.0,0.5,-5
C295,Position_group_out,5,Local_deltaCP,Local_deltaCP,SVM_RBF,0.5707148893380919,0.7083333333333333,-5
C295,Position_group_out,5,Sequence,Sequence,RF_depth1,0.6554237429237431,0.6527777777777778,-5
C295,Position_group_out,5,Sequence_Local,Sequence_Local,LR_0.1,0.7560540157521776,0.6111111111111112,-5
C295,Position_group_out,5,ContactSeek_CCR,ContactSeek_CCR,RF_depth1,0.5604529637029638,0.8888888888888888,-5
C295,Position_group_out,5,Nested_all,ContactSeek_CCR,RF_depth1,0.5604529637029638,0.8888888888888888,-5
C295,Position_group_out,6,Total_CP,Total_CP,SVM_RBF,0.7330672005832877,0.6,-5
C295,Position_group_out,6,Interface_RMS,Interface_RMS,LR_0.01,0.5050869776896434,0.5666666666666667,-5
C295,Position_group_out,6,CP_summary,CP_summary,LR_1,0.724774368578624,0.8,-5
C295,Position_group_out,6,Repository,Repository,LR_1,0.6856399675893983,0.8333333333333333,-5
C295,Position_group_out,6,Local_deltaCP,Local_deltaCP,ExtraTrees_depth2,0.884595238095238,0.6333333333333333,-5
C295,Position_group_out,6,Sequence,Sequence,LR_1,0.6234791848524788,0.9,-5
C295,Position_group_out,6,Sequence_Local,Sequence_Local,ExtraTrees_depth2,0.8764166666666666,0.6666666666666666,-5
C295,Position_group_out,6,ContactSeek_CCR,ContactSeek_CCR,ExtraTrees_depth2,0.8674285714285714,0.7333333333333334,-5
C295,Position_group_out,6,Nested_all,Sequence,LR_1,0.6234791848524788,0.9,-5
C295,Position_group_out,7,Total_CP,Total_CP,SVM_RBF,0.4772717807294193,0.5833333333333333,-5
C295,Position_group_out,7,Interface_RMS,Interface_RMS,SVM_RBF,0.28576302347867466,0.8055555555555556,-5
C295,Position_group_out,7,CP_summary,CP_summary,SVM_RBF,0.7562116696145977,0.5555555555555556,-5
C295,Position_group_out,7,Repository,Repository,LR_0.01,0.0,0.5,-5
C295,Position_group_out,7,Local_deltaCP,Local_deltaCP,ExtraTrees_depth2,0.9666704598506068,0.5833333333333334,-5
C295,Position_group_out,7,Sequence,Sequence,LR_1,0.9320800106360012,0.75,-5
C295,Position_group_out,7,Sequence_Local,Sequence_Local,LR_0.01,0.6215720003436047,0.5833333333333334,-5
C295,Position_group_out,7,ContactSeek_CCR,ContactSeek_CCR,LR_0.1,0.3658464571518931,0.9166666666666667,-5
C295,Position_group_out,7,Nested_all,ContactSeek_CCR,LR_0.1,0.3658464571518931,0.9166666666666667,-5
C295,Position_group_out,8,Total_CP,Total_CP,SVM_RBF,0.31068044475023904,0.5367647058823529,-5
C295,Position_group_out,8,Interface_RMS,Interface_RMS,SVM_RBF,0.7398146220000591,0.6470588235294118,-5
C295,Position_group_out,8,CP_summary,CP_summary,SVM_RBF,0.7540007306885161,0.5588235294117647,-5
C295,Position_group_out,8,Repository,Repository,ExtraTrees_depth2,0.995625,0.5294117647058824,-5
C295,Position_group_out,8,Local_deltaCP,Local_deltaCP,LR_0.01,0.7394234322154238,0.5882352941176471,-5
C295,Position_group_out,8,Sequence,Sequence,LR_1,0.8836098329611615,0.7941176470588236,-5
C295,Position_group_out,8,Sequence_Local,Sequence_Local,LR_0.1,0.6534989034673389,0.5808823529411764,-5
C295,Position_group_out,8,ContactSeek_CCR,ContactSeek_CCR,LR_0.1,0.4902601339974419,0.8161764705882353,-5
C295,Position_group_out,8,Nested_all,ContactSeek_CCR,LR_0.1,0.4902601339974419,0.8161764705882353,-5
C295,Strict_position_out,P4,Total_CP,Total_CP,LR_0.1,0.45826871183499723,0.7948717948717949,-5
C295,Strict_position_out,P4,Interface_RMS,Interface_RMS,ExtraTrees_depth2,0.46563892530349177,0.7564102564102564,-5
C295,Strict_position_out,P4,CP_summary,CP_summary,LR_0.01,0.46707780363848467,0.7564102564102564,-5
C295,Strict_position_out,P4,Repository,Repository,LR_0.01,0.44707159703789123,0.7948717948717949,-5
C295,Strict_position_out,P4,Local_deltaCP,Local_deltaCP,LDA_shrinkage,4.049325951082328e-34,0.8846153846153846,-5
C295,Strict_position_out,P4,Sequence,Sequence,ExtraTrees_depth2,0.2820512820512816,0.717948717948718,-5
C295,Strict_position_out,P4,Sequence_Local,Sequence_Local,LDA_shrinkage,1.9386237340327917e-44,0.717948717948718,-5
C295,Strict_position_out,P4,ContactSeek_CCR,ContactSeek_CCR,LR_0.01,0.5437644169425194,0.7307692307692308,-5
C295,Strict_position_out,P4,Nested_all,Local_deltaCP,LDA_shrinkage,4.049325951082328e-34,0.8846153846153846,-5
C295,Strict_position_out,P5,Total_CP,Total_CP,SVM_RBF,0.40986869518562796,0.6388888888888888,-5
C295,Strict_position_out,P5,Interface_RMS,Interface_RMS,LR_0.01,0.5011035145286435,0.8055555555555556,-5
C295,Strict_position_out,P5,CP_summary,CP_summary,LR_0.1,0.6709900458925779,0.5069444444444444,-5
C295,Strict_position_out,P5,Repository,Repository,GaussianNB,0.9999999999999503,0.5138888888888888,-5
C295,Strict_position_out,P5,Local_deltaCP,Local_deltaCP,LR_0.01,0.47125760094898694,0.6388888888888888,-5
C295,Strict_position_out,P5,Sequence,Sequence,LR_0.1,0.7939702241822373,0.5555555555555556,-5
C295,Strict_position_out,P5,Sequence_Local,Sequence_Local,RF_depth1,0.49020934331369104,0.625,-5
C295,Strict_position_out,P5,ContactSeek_CCR,ContactSeek_CCR,LR_1,0.7221620864382796,0.8055555555555556,-5
C295,Strict_position_out,P5,Nested_all,Interface_RMS,LR_0.01,0.5011035145286435,0.8055555555555556,-5
C295,Strict_position_out,P6,Total_CP,Total_CP,LR_0.01,0.0,0.5,-5
C295,Strict_position_out,P6,Interface_RMS,Interface_RMS,LR_0.01,0.0,0.5,-5
C295,Strict_position_out,P6,CP_summary,CP_summary,LR_1,0.678434087170025,0.525,-5
C295,Strict_position_out,P6,Repository,Repository,LR_1,0.6733024331164343,0.525,-5
C295,Strict_position_out,P6,Local_deltaCP,Local_deltaCP,ExtraTrees_depth2,0.5583333333333329,0.5916666666666667,-5
C295,Strict_position_out,P6,Sequence,Sequence,LR_0.01,0.47268120778821066,0.5916666666666667,-5
C295,Strict_position_out,P6,Sequence_Local,Sequence_Local,ExtraTrees_depth2,0.4749999999999997,0.6083333333333334,-5
C295,Strict_position_out,P6,ContactSeek_CCR,ContactSeek_CCR,LR_0.01,0.0,0.5,-5
C295,Strict_position_out,P6,Nested_all,Sequence_Local,ExtraTrees_depth2,0.4749999999999997,0.6083333333333334,-5
C295,Strict_position_out,P7,Total_CP,Total_CP,LR_0.01,0.0,0.5,-5
C295,Strict_position_out,P7,Interface_RMS,Interface_RMS,LR_0.01,0.0,0.5,-5
C295,Strict_position_out,P7,CP_summary,CP_summary,LR_0.01,0.0,0.5,-5
C295,Strict_position_out,P7,Repository,Repository,LR_0.01,0.0,0.5,-5
C295,Strict_position_out,P7,Local_deltaCP,Local_deltaCP,LR_0.01,0.0,0.5,-5
C295,Strict_position_out,P7,Sequence,Sequence,LR_0.01,0.5,0.5,-5
C295,Strict_position_out,P7,Sequence_Local,Sequence_Local,LR_0.01,0.0,0.5,-5
C295,Strict_position_out,P7,ContactSeek_CCR,ContactSeek_CCR,LR_0.01,0.0,0.5,-5
C295,Strict_position_out,P7,Nested_all,Total_CP,LR_0.01,0.0,0.5,-5
C295,Strict_position_out,P8,Total_CP,Total_CP,LR_0.01,0.49437579366213086,0.6617647058823529,-5
C295,Strict_position_out,P8,Interface_RMS,Interface_RMS,SVM_RBF,0.32755693457873736,0.8345588235294117,-5
C295,Strict_position_out,P8,CP_summary,CP_summary,LR_0.01,0.4803696125131236,0.6617647058823529,-5
C295,Strict_position_out,P8,Repository,Repository,LR_0.01,0.479891912708952,0.6617647058823529,-5
C295,Strict_position_out,P8,Local_deltaCP,Local_deltaCP,LR_0.01,0.5,0.6580882352941176,-5
C295,Strict_position_out,P8,Sequence,Sequence,LR_1,0.9707988528141553,0.5882352941176471,-5
C295,Strict_position_out,P8,Sequence_Local,Sequence_Local,LR_0.01,0.5101776368201514,0.6397058823529411,-5
C295,Strict_position_out,P8,ContactSeek_CCR,ContactSeek_CCR,LR_0.1,0.4902601339974419,0.9264705882352942,-5
C295,Strict_position_out,P8,Nested_all,ContactSeek_CCR,LR_0.1,0.4902601339974419,0.9264705882352942,-5
C295,LOOCV,p4_r5_she,Total_CP,Total_CP,LR_0.01,0.4985206755882051,0.6586538461538461,-10
C295,LOOCV,p4_r5_she,Interface_RMS,Interface_RMS,ExtraTrees_depth2,0.4639843783137523,0.6586538461538461,-10
C295,LOOCV,p4_r5_she,CP_summary,CP_summary,SVM_RBF,0.6250092480989295,0.7451923076923077,-10
C295,LOOCV,p4_r5_she,Repository,Repository,SVM_RBF,0.5442304159506066,0.7836538461538461,-10
C295,LOOCV,p4_r5_she,Local_deltaCP,Local_deltaCP,SVM_RBF,0.44280614901591364,0.6875,-10
C295,LOOCV,p4_r5_she,Sequence,Sequence,LR_0.01,0.4834383973691985,0.7115384615384616,-10
C295,LOOCV,p4_r5_she,Sequence_Local,Sequence_Local,SVM_RBF,0.572861420418807,0.7067307692307692,-10
C295,LOOCV,p4_r5_she,ContactSeek_CCR,ContactSeek_CCR,LR_0.01,0.46006884996553654,0.7980769230769231,-10
C295,LOOCV,p4_r5_she,Nested_all,ContactSeek_CCR,LR_0.01,0.46006884996553654,0.7980769230769231,-10
C295,LOOCV,p4_r5_she_plus_p7_r5_she,Total_CP,Total_CP,LR_0.01,0.4996209961255423,0.6785714285714286,-10
C295,LOOCV,p4_r5_she_plus_p7_r5_she,Interface_RMS,Interface_RMS,RF_depth2,0.42400110564106686,0.75,-10
C295,LOOCV,p4_r5_she_plus_p7_r5_she,CP_summary,CP_summary,LR_0.1,0.5,0.75,-10
C295,LOOCV,p4_r5_she_plus_p7_r5_she,Repository,Repository,LR_0.01,0.5146746025257908,0.7857142857142857,-10
C295,LOOCV,p4_r5_she_plus_p7_r5_she,Local_deltaCP,Local_deltaCP,LR_0.01,0.47594389305277707,0.75,-10
C295,LOOCV,p4_r5_she_plus_p7_r5_she,Sequence,Sequence,LR_1,0.8337503241402775,0.8571428571428572,-10
C295,LOOCV,p4_r5_she_plus_p7_r5_she,Sequence_Local,Sequence_Local,LR_0.1,0.5283371039969569,0.8214285714285714,-10
C295,LOOCV,p4_r5_she_plus_p7_r5_she,ContactSeek_CCR,ContactSeek_CCR,LR_0.01,0.5425009126173768,0.7857142857142857,-10
C295,LOOCV,p4_r5_she_plus_p7_r5_she,Nested_all,Sequence,LR_1,0.8337503241402775,0.8571428571428572,-10
C295,LOOCV,p4_r5_sne,Total_CP,Total_CP,LR_0.1,0.49495219415694336,0.6201923076923077,-10
C295,LOOCV,p4_r5_sne,Interface_RMS,Interface_RMS,ExtraTrees_depth2,0.4556401201051255,0.7355769230769231,-10
C295,LOOCV,p4_r5_sne,CP_summary,CP_summary,LDA_shrinkage,0.8250898707342833,0.7451923076923077,-10
C295,LOOCV,p4_r5_sne,Repository,Repository,RF_depth1,0.8014235197766697,0.7307692307692308,-10
C295,LOOCV,p4_r5_sne,Local_deltaCP,Local_deltaCP,SVM_RBF,0.4395095201761101,0.7115384615384616,-10
C295,LOOCV,p4_r5_sne,Sequence,Sequence,LR_0.01,0.521226684804316,0.7211538461538461,-10
C295,LOOCV,p4_r5_sne,Sequence_Local,Sequence_Local,ExtraTrees_depth2,0.2502897231700163,0.6875,-10
C295,LOOCV,p4_r5_sne,ContactSeek_CCR,ContactSeek_CCR,ExtraTrees_depth2,0.6733810932119173,0.6923076923076923,-10
C295,LOOCV,p4_r5_sne,Nested_all,CP_summary,LDA_shrinkage,0.8250898707342833,0.7451923076923077,-10
C295,LOOCV,p4_r5_sne_plus_p7_r5_sne,Total_CP,Total_CP,LR_1,0.4889646473181579,0.6201923076923077,-10
C295,LOOCV,p4_r5_sne_plus_p7_r5_sne,Interface_RMS,Interface_RMS,ExtraTrees_depth2,0.4556401201051255,0.7355769230769231,-10
C295,LOOCV,p4_r5_sne_plus_p7_r5_sne,CP_summary,CP_summary,LDA_shrinkage,0.8043491785081234,0.7451923076923077,-10
C295,LOOCV,p4_r5_sne_plus_p7_r5_sne,Repository,Repository,ExtraTrees_depth2,0.6161274908608145,0.7211538461538461,-10
C295,LOOCV,p4_r5_sne_plus_p7_r5_sne,Local_deltaCP,Local_deltaCP,SVM_RBF,0.4395095201761101,0.7115384615384616,-10
C295,LOOCV,p4_r5_sne_plus_p7_r5_sne,Sequence,Sequence,LR_0.01,0.5,0.7355769230769231,-10
C295,LOOCV,p4_r5_sne_plus_p7_r5_sne,Sequence_Local,Sequence_Local,LR_0.01,0.5486498713747502,0.6682692307692308,-10
C295,LOOCV,p4_r5_sne_plus_p7_r5_sne,ContactSeek_CCR,ContactSeek_CCR,ExtraTrees_depth2,0.6493741662149105,0.7067307692307692,-10
C295,LOOCV,p4_r5_sne_plus_p7_r5_sne,Nested_all,CP_summary,LDA_shrinkage,0.8043491785081234,0.7451923076923077,-10
C295,LOOCV,p4_r5_swd_plus_p7_r5_swd,Total_CP,Total_CP,LR_1,0.45982133124362434,0.6586538461538461,-10
C295,LOOCV,p4_r5_swd_plus_p7_r5_swd,Interface_RMS,Interface_RMS,RF_depth1,0.6485770773776103,0.7307692307692308,-10
C295,LOOCV,p4_r5_swd_plus_p7_r5_swd,CP_summary,CP_summary,SVM_RBF,0.5,0.7596153846153846,-10
C295,LOOCV,p4_r5_swd_plus_p7_r5_swd,Repository,Repository,RF_depth1,0.6481505055508017,0.7451923076923077,-10
C295,LOOCV,p4_r5_swd_plus_p7_r5_swd,Local_deltaCP,Local_deltaCP,LR_0.1,0.3608615971602384,0.6730769230769231,-10
C295,LOOCV,p4_r5_swd_plus_p7_r5_swd,Sequence,Sequence,RF_depth1,0.708705179150928,0.7067307692307692,-10
C295,LOOCV,p4_r5_swd_plus_p7_r5_swd,Sequence_Local,Sequence_Local,LR_0.01,0.5544175854308475,0.7067307692307692,-10
C295,LOOCV,p4_r5_swd_plus_p7_r5_swd,ContactSeek_CCR,ContactSeek_CCR,ExtraTrees_depth2,0.6396357980150849,0.7211538461538461,-10
C295,LOOCV,p4_r5_swd_plus_p7_r5_swd,Nested_all,CP_summary,SVM_RBF,0.5,0.7596153846153846,-10
C295,LOOCV,p4_r5_the_plus_p7_r5_the,Total_CP,Total_CP,LR_1,0.4590769347694622,0.6586538461538461,-10
C295,LOOCV,p4_r5_the_plus_p7_r5_the,Interface_RMS,Interface_RMS,ExtraTrees_depth2,0.4166600094089763,0.7740384615384616,-10
C295,LOOCV,p4_r5_the_plus_p7_r5_the,CP_summary,CP_summary,LR_0.1,0.425743919820873,0.7980769230769231,-10
C295,LOOCV,p4_r5_the_plus_p7_r5_the,Repository,Repository,LR_1,0.261533880104874,0.7740384615384616,-10
C295,LOOCV,p4_r5_the_plus_p7_r5_the,Local_deltaCP,Local_deltaCP,SVM_RBF,0.5102530893654011,0.6971153846153846,-10
C295,LOOCV,p4_r5_the_plus_p7_r5_the,Sequence,Sequence,RF_depth1,0.6093410010892765,0.6971153846153846,-10
C295,LOOCV,p4_r5_the_plus_p7_r5_the,Sequence_Local,Sequence_Local,LR_0.01,0.5604087316459487,0.7067307692307692,-10
C295,LOOCV,p4_r5_the_plus_p7_r5_the,ContactSeek_CCR,ContactSeek_CCR,LR_0.1,0.08116443164397819,0.75,-10
C295,LOOCV,p4_r5_the_plus_p7_r5_the,Nested_all,CP_summary,LR_0.1,0.425743919820873,0.7980769230769231,-10
C295,LOOCV,p5_r6_aye,Total_CP,Total_CP,LR_0.01,0.49828501339253484,0.6586538461538461,-10
C295,LOOCV,p5_r6_aye,Interface_RMS,Interface_RMS,RF_depth2,0.4637742015550077,0.7355769230769231,-10
C295,LOOCV,p5_r6_aye,CP_summary,CP_summary,LR_0.1,0.45766119578948616,0.7355769230769231,-10
C295,LOOCV,p5_r6_aye,Repository,Repository,ExtraTrees_depth2,0.5937137937559063,0.7211538461538461,-10
C295,LOOCV,p5_r6_aye,Local_deltaCP,Local_deltaCP,ExtraTrees_depth2,0.29626576228238455,0.75,-10
C295,LOOCV,p5_r6_aye,Sequence,Sequence,LR_0.01,0.5,0.7355769230769231,-10
C295,LOOCV,p5_r6_aye,Sequence_Local,Sequence_Local,LR_0.01,0.4271867457325024,0.7115384615384616,-10
C295,LOOCV,p5_r6_aye,ContactSeek_CCR,ContactSeek_CCR,GaussianNB,8.71083769971311e-46,0.7740384615384616,-10
C295,LOOCV,p5_r6_aye,Nested_all,ContactSeek_CCR,GaussianNB,8.71083769971311e-46,0.7740384615384616,-10
C295,LOOCV,p5_r6_nye,Total_CP,Total_CP,ExtraTrees_depth2,0.5612633465610393,0.6923076923076923,-10
C295,LOOCV,p5_r6_nye,Interface_RMS,Interface_RMS,RF_depth1,0.6298200177141271,0.7307692307692308,-10
C295,LOOCV,p5_r6_nye,CP_summary,CP_summary,SVM_RBF,0.49526951314512113,0.7980769230769231,-10
C295,LOOCV,p5_r6_nye,Repository,Repository,LR_0.1,0.417032158412883,0.7355769230769231,-10
C295,LOOCV,p5_r6_nye,Local_deltaCP,Local_deltaCP,SVM_RBF,0.5485495381738572,0.7211538461538461,-10
C295,LOOCV,p5_r6_nye,Sequence,Sequence,LR_0.01,0.5,0.7355769230769231,-10
C295,LOOCV,p5_r6_nye,Sequence_Local,Sequence_Local,LR_0.01,0.573606037142629,0.7067307692307692,-10
C295,LOOCV,p5_r6_nye,ContactSeek_CCR,ContactSeek_CCR,LR_1,0.9190780562517853,0.7307692307692308,-10
C295,LOOCV,p5_r6_nye,Nested_all,CP_summary,SVM_RBF,0.49526951314512113,0.7980769230769231,-10
C295,LOOCV,p5_r6_sfe,Total_CP,Total_CP,ExtraTrees_depth2,0.562586278156116,0.6538461538461539,-10
C295,LOOCV,p5_r6_sfe,Interface_RMS,Interface_RMS,RF_depth2,0.44262476001672885,0.7355769230769231,-10
C295,LOOCV,p5_r6_sfe,CP_summary,CP_summary,LR_0.1,0.4847240742676767,0.7596153846153846,-10
C295,LOOCV,p5_r6_sfe,Repository,Repository,LR_0.1,0.417032158412883,0.7355769230769231,-10
C295,LOOCV,p5_r6_sfe,Local_deltaCP,Local_deltaCP,ExtraTrees_depth2,0.2929364136427757,0.75,-10
C295,LOOCV,p5_r6_sfe,Sequence,Sequence,LR_0.01,0.512095809729239,0.7980769230769231,-10
C295,LOOCV,p5_r6_sfe,Sequence_Local,Sequence_Local,LR_0.1,0.44705327098481507,0.7355769230769231,-10
C295,LOOCV,p5_r6_sfe,ContactSeek_CCR,ContactSeek_CCR,GaussianNB,3.953439091087622e-45,0.7740384615384616,-10
C295,LOOCV,p5_r6_sfe,Nested_all,Sequence,LR_0.01,0.512095809729239,0.7980769230769231,-10
C295,LOOCV,p5_r6_swd,Total_CP,Total_CP,RF_depth1,0.6963597766432303,0.6923076923076923,-10
C295,LOOCV,p5_r6_swd,Interface_RMS,Interface_RMS,SVM_RBF,0.28969749321726945,0.7355769230769231,-10
C295,LOOCV,p5_r6_swd,CP_summary,CP_summary,LR_0.01,0.47429392403166537,0.7355769230769231,-10
C295,LOOCV,p5_r6_swd,Repository,Repository,LR_0.01,0.5202232146068364,0.7451923076923077,-10
C295,LOOCV,p5_r6_swd,Local_deltaCP,Local_deltaCP,RF_depth1,0.408891335309264,0.7115384615384616,-10
C295,LOOCV,p5_r6_swd,Sequence,Sequence,LR_0.01,0.5,0.7355769230769231,-10
C295,LOOCV,p5_r6_swd,Sequence_Local,Sequence_Local,LR_0.01,0.5515504634628348,0.7451923076923077,-10
C295,LOOCV,p5_r6_swd,ContactSeek_CCR,ContactSeek_CCR,RF_depth2,0.7111611405687069,0.7692307692307692,-10
C295,LOOCV,p5_r6_swd,Nested_all,ContactSeek_CCR,RF_depth2,0.7111611405687069,0.7692307692307692,-10
C295,LOOCV,p5_r6_syq,Total_CP,Total_CP,LR_0.01,0.5030128980015686,0.6298076923076923,-10
C295,LOOCV,p5_r6_syq,Interface_RMS,Interface_RMS,SVM_RBF,0.29931836010391966,0.7355769230769231,-10
C295,LOOCV,p5_r6_syq,CP_summary,CP_summary,SVM_RBF,0.5938615581167054,0.7067307692307692,-10
C295,LOOCV,p5_r6_syq,Repository,Repository,LR_0.01,0.5203555394081127,0.7067307692307692,-10
C295,LOOCV,p5_r6_syq,Local_deltaCP,Local_deltaCP,LR_0.1,0.3704014916830128,0.7355769230769231,-10
C295,LOOCV,p5_r6_syq,Sequence,Sequence,LR_0.01,0.5,0.7355769230769231,-10
C295,LOOCV,p5_r6_syq,Sequence_Local,Sequence_Local,LR_0.1,0.4535904665117509,0.7980769230769231,-10
C295,LOOCV,p5_r6_syq,ContactSeek_CCR,ContactSeek_CCR,RF_depth1,0.5218972574840718,0.8365384615384616,-10
C295,LOOCV,p5_r6_syq,Nested_all,ContactSeek_CCR,RF_depth1,0.5218972574840718,0.8365384615384616,-10
C295,LOOCV,p5_r6_thn,Total_CP,Total_CP,RF_depth1,0.6109283574172764,0.6923076923076923,-10
C295,LOOCV,p5_r6_thn,Interface_RMS,Interface_RMS,RF_depth2,0.5563962175021194,0.7692307692307692,-10
C295,LOOCV,p5_r6_thn,CP_summary,CP_summary,LR_0.01,0.5344457145099049,0.7067307692307692,-10
C295,LOOCV,p5_r6_thn,Repository,Repository,RF_depth2,0.7164399442665219,0.7451923076923077,-10
C295,LOOCV,p5_r6_thn,Local_deltaCP,Local_deltaCP,LR_0.1,0.3368676295386108,0.7355769230769231,-10
C295,LOOCV,p5_r6_thn,Sequence,Sequence,LR_0.01,0.5,0.7355769230769231,-10
C295,LOOCV,p5_r6_thn,Sequence_Local,Sequence_Local,LR_0.1,0.4659580407850999,0.7980769230769231,-10
C295,LOOCV,p5_r6_thn,ContactSeek_CCR,ContactSeek_CCR,GaussianNB,7.081842843136069e-52,0.8125,-10
C295,LOOCV,p5_r6_thn,Nested_all,ContactSeek_CCR,GaussianNB,7.081842843136069e-52,0.8125,-10
C295,LOOCV,p5_r6_twd,Total_CP,Total_CP,RF_depth1,0.6109283574172764,0.6923076923076923,-10
C295,LOOCV,p5_r6_twd,Interface_RMS,Interface_RMS,LR_0.01,0.5051561656057113,0.7307692307692308,-10
C295,LOOCV,p5_r6_twd,CP_summary,CP_summary,RF_depth2,0.845658618315454,0.7307692307692308,-10
C295,LOOCV,p5_r6_twd,Repository,Repository,LR_0.01,0.5,0.7451923076923077,-10
C295,LOOCV,p5_r6_twd,Local_deltaCP,Local_deltaCP,LR_0.01,0.5451150528735345,0.7451923076923077,-10
C295,LOOCV,p5_r6_twd,Sequence,Sequence,LR_0.01,0.49941542950604856,0.6971153846153846,-10
C295,LOOCV,p5_r6_twd,Sequence_Local,Sequence_Local,LR_0.1,0.47027560869603025,0.7596153846153846,-10
C295,LOOCV,p5_r6_twd,ContactSeek_CCR,ContactSeek_CCR,RF_depth1,0.5745611090137879,0.7836538461538461,-10
C295,LOOCV,p5_r6_twd,Nested_all,ContactSeek_CCR,RF_depth1,0.5745611090137879,0.7836538461538461,-10
C295,LOOCV,p5_r6_tye,Total_CP,Total_CP,RF_depth1,0.596597003055184,0.6923076923076923,-10
C295,LOOCV,p5_r6_tye,Interface_RMS,Interface_RMS,ExtraTrees_depth2,0.6289772795799378,0.6923076923076923,-10
C295,LOOCV,p5_r6_tye,CP_summary,CP_summary,LR_0.1,0.44546740936053053,0.6971153846153846,-10
C295,LOOCV,p5_r6_tye,Repository,Repository,LR_0.01,0.5231042253245898,0.6682692307692308,-10
C295,LOOCV,p5_r6_tye,Local_deltaCP,Local_deltaCP,LR_0.01,0.5,0.7596153846153846,-10
C295,LOOCV,p5_r6_tye,Sequence,Sequence,LR_0.01,0.49606428587970236,0.7355769230769231,-10
C295,LOOCV,p5_r6_tye,Sequence_Local,Sequence_Local,LR_0.01,0.46818750035402146,0.7980769230769231,-10
C295,LOOCV,p5_r6_tye,ContactSeek_CCR,ContactSeek_CCR,LR_0.01,0.5258907359428984,0.7596153846153846,-10
C295,LOOCV,p5_r6_tye,Nested_all,Sequence_Local,LR_0.01,0.46818750035402146,0.7980769230769231,-10
C295,LOOCV,p5_r6_vfn,Total_CP,Total_CP,ExtraTrees_depth2,0.5277158118211339,0.6428571428571428,-10
C295,LOOCV,p5_r6_vfn,Interface_RMS,Interface_RMS,RF_depth1,0.548266700770596,0.75,-10
C295,LOOCV,p5_r6_vfn,CP_summary,CP_summary,LR_1,0.45842845488431416,0.7142857142857143,-10
C295,LOOCV,p5_r6_vfn,Repository,Repository,LR_0.01,0.5120544114698372,0.75,-10
C295,LOOCV,p5_r6_vfn,Local_deltaCP,Local_deltaCP,ExtraTrees_depth2,0.5765144939486666,0.7857142857142857,-10
C295,LOOCV,p5_r6_vfn,Sequence,Sequence,ExtraTrees_depth2,0.28104575163398643,0.8214285714285714,-10
C295,LOOCV,p5_r6_vfn,Sequence_Local,Sequence_Local,LR_0.01,0.5236817367218278,0.7857142857142857,-10
C295,LOOCV,p5_r6_vfn,ContactSeek_CCR,ContactSeek_CCR,LR_0.01,0.5,0.75,-10
C295,LOOCV,p5_r6_vfn,Nested_all,Sequence,ExtraTrees_depth2,0.28104575163398643,0.8214285714285714,-10
C295,LOOCV,p6_r7_qfw,Total_CP,Total_CP,LR_0.01,0.4987549328278886,0.6785714285714286,-10
C295,LOOCV,p6_r7_qfw,Interface_RMS,Interface_RMS,RF_depth1,0.4107645715059831,0.75,-10
C295,LOOCV,p6_r7_qfw,CP_summary,CP_summary,LR_0.1,0.461353216894101,0.75,-10
C295,LOOCV,p6_r7_qfw,Repository,Repository,LR_0.1,0.6488857058088855,0.7857142857142857,-10
C295,LOOCV,p6_r7_qfw,Local_deltaCP,Local_deltaCP,ExtraTrees_depth2,0.5891883932201267,0.7857142857142857,-10
C295,LOOCV,p6_r7_qfw,Sequence,Sequence,ExtraTrees_depth2,0.28104575163398643,0.7142857142857142,-10
C295,LOOCV,p6_r7_qfw,Sequence_Local,Sequence_Local,RF_depth2,0.6211574178343067,0.7142857142857143,-10
C295,LOOCV,p6_r7_qfw,ContactSeek_CCR,ContactSeek_CCR,RF_depth1,0.4306173168123826,0.7857142857142857,-10
C295,LOOCV,p6_r7_qfw,Nested_all,Repository,LR_0.1,0.6488857058088855,0.7857142857142857,-10
C295,LOOCV,p6_r7_qrw,Total_CP,Total_CP,LR_1,0.5908892749208157,0.7067307692307692,-10
C295,LOOCV,p6_r7_qrw,Interface_RMS,Interface_RMS,SVM_RBF,0.30851122324010904,0.6971153846153846,-10
C295,LOOCV,p6_r7_qrw,CP_summary,CP_summary,LR_0.1,0.42965488704857513,0.7355769230769231,-10
C295,LOOCV,p6_r7_qrw,Repository,Repository,LR_0.01,0.5259523238266675,0.7067307692307692,-10
C295,LOOCV,p6_r7_qrw,Local_deltaCP,Local_deltaCP,LR_0.01,0.38928148368068827,0.8125,-10
C295,LOOCV,p6_r7_qrw,Sequence,Sequence,LR_0.01,0.49514230155292704,0.7740384615384616,-10
C295,LOOCV,p6_r7_qrw,Sequence_Local,Sequence_Local,RF_depth1,0.48165485295002397,0.875,-10
C295,LOOCV,p6_r7_qrw,ContactSeek_CCR,ContactSeek_CCR,RF_depth1,0.5638088659866662,0.7980769230769231,-10
C295,LOOCV,p6_r7_qrw,Nested_all,Sequence_Local,RF_depth1,0.48165485295002397,0.875,-10
C295,LOOCV,p6_r7_trq,Total_CP,Total_CP,ExtraTrees_depth2,0.5277158118211339,0.6428571428571428,-10
C295,LOOCV,p6_r7_trq,Interface_RMS,Interface_RMS,RF_depth1,0.547025393916584,0.75,-10
C295,LOOCV,p6_r7_trq,CP_summary,CP_summary,LR_0.01,0.5116591054264762,0.6785714285714286,-10
C295,LOOCV,p6_r7_trq,Repository,Repository,LR_0.01,0.5120544114698372,0.75,-10
C295,LOOCV,p6_r7_trq,Local_deltaCP,Local_deltaCP,SVM_RBF,0.47665386436275653,0.6428571428571428,-10
C295,LOOCV,p6_r7_trq,Sequence,Sequence,LR_0.01,0.46833559986895806,0.6785714285714286,-10
C295,LOOCV,p6_r7_trq,Sequence_Local,Sequence_Local,LR_0.1,0.43583019107497306,0.6785714285714286,-10
C295,LOOCV,p6_r7_trq,ContactSeek_CCR,ContactSeek_CCR,RF_depth1,0.4055158851875008,0.7857142857142857,-10
C295,LOOCV,p6_r7_trq,Nested_all,ContactSeek_CCR,RF_depth1,0.4055158851875008,0.7857142857142857,-10
C295,LOOCV,p6_r7_wfd,Total_CP,Total_CP,ExtraTrees_depth2,0.5287960556082834,0.6428571428571428,-10
C295,LOOCV,p6_r7_wfd,Interface_RMS,Interface_RMS,RF_depth1,0.547025393916584,0.75,-10
C295,LOOCV,p6_r7_wfd,CP_summary,CP_summary,SVM_RBF,0.6599746009363647,0.7142857142857143,-10
C295,LOOCV,p6_r7_wfd,Repository,Repository,LR_0.01,0.5120544114698372,0.75,-10
C295,LOOCV,p6_r7_wfd,Local_deltaCP,Local_deltaCP,LR_0.01,0.5,0.6428571428571428,-10
C295,LOOCV,p6_r7_wfd,Sequence,Sequence,ExtraTrees_depth2,0.28104575163398643,0.7142857142857142,-10
C295,LOOCV,p6_r7_wfd,Sequence_Local,Sequence_Local,LR_0.01,0.5,0.6428571428571428,-10
C295,LOOCV,p6_r7_wfd,ContactSeek_CCR,ContactSeek_CCR,RF_depth1,0.5,0.75,-10
C295,LOOCV,p6_r7_wfd,Nested_all,Interface_RMS,RF_depth1,0.547025393916584,0.75,-10
C295,LOOCV,p6_r7_wfq,Total_CP,Total_CP,LR_0.01,0.5,0.6785714285714286,-10
C295,LOOCV,p6_r7_wfq,Interface_RMS,Interface_RMS,RF_depth1,0.5216563562558487,0.7857142857142857,-10
C295,LOOCV,p6_r7_wfq,CP_summary,CP_summary,LR_1,0.3115269407351523,0.7857142857142857,-10
C295,LOOCV,p6_r7_wfq,Repository,Repository,LR_0.01,0.5299583201711987,0.75,-10
C295,LOOCV,p6_r7_wfq,Local_deltaCP,Local_deltaCP,RF_depth1,0.5,0.6785714285714286,-10
C295,LOOCV,p6_r7_wfq,Sequence,Sequence,ExtraTrees_depth2,0.28104575163398643,0.7142857142857142,-10
C295,LOOCV,p6_r7_wfq,Sequence_Local,Sequence_Local,LR_0.01,0.4903482720256154,0.7142857142857143,-10
C295,LOOCV,p6_r7_wfq,ContactSeek_CCR,ContactSeek_CCR,RF_depth1,0.6603115042100207,0.75,-10
C295,LOOCV,p6_r7_wfq,Nested_all,Interface_RMS,RF_depth1,0.5216563562558487,0.7857142857142857,-10
C295,LOOCV,p7_r5_syvirr,Total_CP,Total_CP,ExtraTrees_depth2,0.5582750034750612,0.6428571428571428,-10
C295,LOOCV,p7_r5_syvirr,Interface_RMS,Interface_RMS,RF_depth2,0.5791389190292113,0.75,-10
C295,LOOCV,p7_r5_syvirr,CP_summary,CP_summary,LR_0.01,0.5,0.6785714285714286,-10
C295,LOOCV,p7_r5_syvirr,Repository,Repository,GaussianNB,0.9999449361310793,0.7142857142857143,-10
C295,LOOCV,p7_r5_syvirr,Local_deltaCP,Local_deltaCP,RF_depth1,0.30704990336581484,0.6428571428571428,-10
C295,LOOCV,p7_r5_syvirr,Sequence,Sequence,LR_0.01,0.5199324663412901,0.75,-10
C295,LOOCV,p7_r5_syvirr,Sequence_Local,Sequence_Local,LR_0.1,0.4415817687901441,0.6785714285714286,-10
C295,LOOCV,p7_r5_syvirr,ContactSeek_CCR,ContactSeek_CCR,RF_depth1,0.5,0.75,-10
C295,LOOCV,p7_r5_syvirr,Nested_all,Interface_RMS,RF_depth2,0.5791389190292113,0.75,-10
C295,LOOCV,p8_r6_gve,Total_CP,Total_CP,ExtraTrees_depth2,0.5494218934757589,0.6785714285714286,-10
C295,LOOCV,p8_r6_gve,Interface_RMS,Interface_RMS,RF_depth2,0.5791389190292113,0.75,-10
C295,LOOCV,p8_r6_gve,CP_summary,CP_summary,SVM_RBF,0.5646306439875888,0.6785714285714286,-10
C295,LOOCV,p8_r6_gve,Repository,Repository,LR_0.01,0.5,0.6785714285714286,-10
C295,LOOCV,p8_r6_gve,Local_deltaCP,Local_deltaCP,LR_1,0.3802949197414982,0.6785714285714286,-10
C295,LOOCV,p8_r6_gve,Sequence,Sequence,LR_0.01,0.48390138067692645,0.75,-10
C295,LOOCV,p8_r6_gve,Sequence_Local,Sequence_Local,LR_0.01,0.5,0.6428571428571428,-10
C295,LOOCV,p8_r6_gve,ContactSeek_CCR,ContactSeek_CCR,RF_depth1,0.5,0.6785714285714286,-10
C295,LOOCV,p8_r6_gve,Nested_all,Interface_RMS,RF_depth2,0.5791389190292113,0.75,-10
C295,Position_group_out,4,Total_CP,Total_CP,LR_0.01,0.49828878022979417,0.625,-10
C295,Position_group_out,4,Interface_RMS,Interface_RMS,ExtraTrees_depth2,0.4735605548662424,0.7291666666666667,-10
C295,Position_group_out,4,CP_summary,CP_summary,LR_0.1,0.3916665081914167,0.7083333333333333,-10
C295,Position_group_out,4,Repository,Repository,LR_0.01,0.4988669650750708,0.7083333333333333,-10
C295,Position_group_out,4,Local_deltaCP,Local_deltaCP,LR_0.1,0.4543281659021235,0.625,-10
C295,Position_group_out,4,Sequence,Sequence,LR_0.01,0.5350793064296123,0.6041666666666666,-10
C295,Position_group_out,4,Sequence_Local,Sequence_Local,LR_0.01,0.23854144288717036,0.5208333333333333,-10
C295,Position_group_out,4,ContactSeek_CCR,ContactSeek_CCR,LR_0.1,0.2665044974045803,0.7708333333333333,-10
C295,Position_group_out,4,Nested_all,ContactSeek_CCR,LR_0.1,0.2665044974045803,0.7708333333333333,-10
C295,Position_group_out,4+7,Total_CP,Total_CP,LR_0.01,0.5004830425826464,0.7207792207792207,-10
C295,Position_group_out,4+7,Interface_RMS,Interface_RMS,RF_depth1,0.38853940469860293,0.7662337662337663,-10
C295,Position_group_out,4+7,CP_summary,CP_summary,LR_0.01,0.5052597805076373,0.7922077922077921,-10
C295,Position_group_out,4+7,Repository,Repository,LR_0.01,0.5395360763704682,0.7727272727272727,-10
C295,Position_group_out,4+7,Local_deltaCP,Local_deltaCP,LR_0.1,0.5,0.8376623376623377,-10
C295,Position_group_out,4+7,Sequence,Sequence,ExtraTrees_depth2,0.5,0.7662337662337663,-10
C295,Position_group_out,4+7,Sequence_Local,Sequence_Local,LR_0.1,0.5246639231181892,0.8376623376623377,-10
C295,Position_group_out,4+7,ContactSeek_CCR,ContactSeek_CCR,RF_depth1,0.43633034612446364,0.8116883116883117,-10
C295,Position_group_out,4+7,Nested_all,Local_deltaCP,LR_0.1,0.5,0.8376623376623377,-10
C295,Position_group_out,5,Total_CP,Total_CP,SVM_RBF,0.7379773080281031,0.5833333333333334,-10
C295,Position_group_out,5,Interface_RMS,Interface_RMS,LR_0.01,0.5055732022271345,0.5833333333333334,-10
C295,Position_group_out,5,CP_summary,CP_summary,SVM_RBF,0.7086724215667318,0.5833333333333334,-10
C295,Position_group_out,5,Repository,Repository,LR_0.01,0.547892300778919,0.5119047619047619,-10
C295,Position_group_out,5,Local_deltaCP,Local_deltaCP,LR_1,0.001739140658392562,0.6309523809523809,-10
C295,Position_group_out,5,Sequence,Sequence,RF_depth1,0.5336965909962081,0.7738095238095238,-10
C295,Position_group_out,5,Sequence_Local,Sequence_Local,LR_1,0.01766411403123009,0.6309523809523809,-10
C295,Position_group_out,5,ContactSeek_CCR,ContactSeek_CCR,LR_0.01,0.6941723631343835,0.5952380952380952,-10
C295,Position_group_out,5,Nested_all,Sequence,RF_depth1,0.5336965909962081,0.7738095238095238,-10
C295,Position_group_out,6,Total_CP,Total_CP,LR_0.01,0.5005056428849123,0.7211538461538461,-10
C295,Position_group_out,6,Interface_RMS,Interface_RMS,ExtraTrees_depth2,0.48337320574162634,0.7596153846153846,-10
C295,Position_group_out,6,CP_summary,CP_summary,LR_1,0.7880257827675861,0.7692307692307692,-10
C295,Position_group_out,6,Repository,Repository,LR_0.01,0.5,0.7596153846153846,-10
C295,Position_group_out,6,Local_deltaCP,Local_deltaCP,SVM_RBF,0.6488781749193684,0.6538461538461539,-10
C295,Position_group_out,6,Sequence,Sequence,LR_1,0.65128608941839,0.7211538461538461,-10
C295,Position_group_out,6,Sequence_Local,Sequence_Local,SVM_RBF,0.654624230665035,0.6153846153846154,-10
C295,Position_group_out,6,ContactSeek_CCR,ContactSeek_CCR,RF_depth1,0.5344174510989527,0.7211538461538461,-10
C295,Position_group_out,6,Nested_all,CP_summary,LR_1,0.7880257827675861,0.7692307692307692,-10
C295,Position_group_out,7,Total_CP,Total_CP,GaussianNB,0.43896876537684576,0.6071428571428571,-10
C295,Position_group_out,7,Interface_RMS,Interface_RMS,ExtraTrees_depth2,0.5,0.75,-10
C295,Position_group_out,7,CP_summary,CP_summary,LR_0.01,0.47653037611255333,0.6428571428571428,-10
C295,Position_group_out,7,Repository,Repository,LR_0.01,0.4768511510791168,0.6071428571428571,-10
C295,Position_group_out,7,Local_deltaCP,Local_deltaCP,LR_0.1,0.44265027616388813,0.6428571428571428,-10
C295,Position_group_out,7,Sequence,Sequence,LR_0.01,0.5,0.8214285714285714,-10
C295,Position_group_out,7,Sequence_Local,Sequence_Local,LR_0.01,0.5108917639160617,0.6071428571428571,-10
C295,Position_group_out,7,ContactSeek_CCR,ContactSeek_CCR,LR_0.01,0.5019915052095903,0.75,-10
C295,Position_group_out,7,Nested_all,Sequence,LR_0.01,0.5,0.8214285714285714,-10
C295,Position_group_out,8,Total_CP,Total_CP,GaussianNB,0.4539663313432063,0.6071428571428571,-10
C295,Position_group_out,8,Interface_RMS,Interface_RMS,ExtraTrees_depth2,0.49252777777777773,0.75,-10
C295,Position_group_out,8,CP_summary,CP_summary,LR_0.01,0.47669243683207213,0.6428571428571428,-10
C295,Position_group_out,8,Repository,Repository,ExtraTrees_depth2,0.5878814324547513,0.6071428571428572,-10
C295,Position_group_out,8,Local_deltaCP,Local_deltaCP,LR_0.1,0.4145578510461988,0.6071428571428572,-10
C295,Position_group_out,8,Sequence,Sequence,LR_0.01,0.5070357327369162,0.75,-10
C295,Position_group_out,8,Sequence_Local,Sequence_Local,LR_0.01,0.6603973390378388,0.5714285714285714,-10
C295,Position_group_out,8,ContactSeek_CCR,ContactSeek_CCR,LR_0.01,0.5079004499090333,0.6785714285714286,-10
C295,Position_group_out,8,Nested_all,Interface_RMS,ExtraTrees_depth2,0.49252777777777773,0.75,-10
C295,Strict_position_out,P4,Total_CP,Total_CP,LR_0.01,0.4976766783933062,0.7301587301587301,-10
C295,Strict_position_out,P4,Interface_RMS,Interface_RMS,RF_depth1,0.3315612611355557,0.7857142857142857,-10
C295,Strict_position_out,P4,CP_summary,CP_summary,LDA_shrinkage,0.026073501395773486,0.8571428571428572,-10
C295,Strict_position_out,P4,Repository,Repository,LR_0.01,0.4639594278315704,0.7301587301587301,-10
C295,Strict_position_out,P4,Local_deltaCP,Local_deltaCP,LR_1,0.031054961787792972,0.746031746031746,-10
C295,Strict_position_out,P4,Sequence,Sequence,LR_0.01,0.4479390901155491,0.5714285714285714,-10
C295,Strict_position_out,P4,Sequence_Local,Sequence_Local,LR_0.01,0.27618699587318074,0.7301587301587301,-10
C295,Strict_position_out,P4,ContactSeek_CCR,ContactSeek_CCR,RF_depth1,0.36835078728461074,0.8015873015873016,-10
C295,Strict_position_out,P4,Nested_all,CP_summary,LDA_shrinkage,0.026073501395773486,0.8571428571428572,-10
C295,Strict_position_out,P5,Total_CP,Total_CP,SVM_RBF,0.7378240262950464,0.5833333333333334,-10
C295,Strict_position_out,P5,Interface_RMS,Interface_RMS,LR_0.01,0.4996235224265626,0.6011904761904762,-10
C295,Strict_position_out,P5,CP_summary,CP_summary,LR_0.01,0.4908598606377624,0.5714285714285714,-10
C295,Strict_position_out,P5,Repository,Repository,LR_0.01,0.5282161876449567,0.5059523809523809,-10
C295,Strict_position_out,P5,Local_deltaCP,Local_deltaCP,LR_0.1,0.08114825935301853,0.5773809523809523,-10
C295,Strict_position_out,P5,Sequence,Sequence,LR_0.01,0.5454282331265115,0.5476190476190477,-10
C295,Strict_position_out,P5,Sequence_Local,Sequence_Local,SVM_RBF,0.6429595629112421,0.5416666666666666,-10
C295,Strict_position_out,P5,ContactSeek_CCR,ContactSeek_CCR,LR_0.1,0.11235089359543904,0.6428571428571428,-10
C295,Strict_position_out,P5,Nested_all,ContactSeek_CCR,LR_0.1,0.11235089359543904,0.6428571428571428,-10
C295,Strict_position_out,P6,Total_CP,Total_CP,LR_0.01,0.5005565115594055,0.7211538461538461,-10
C295,Strict_position_out,P6,Interface_RMS,Interface_RMS,GaussianNB,0.4468198564065261,0.7980769230769231,-10
C295,Strict_position_out,P6,CP_summary,CP_summary,LR_1,0.7917126602504918,0.8076923076923077,-10
C295,Strict_position_out,P6,Repository,Repository,ExtraTrees_depth2,0.6473901098901091,0.7980769230769231,-10
C295,Strict_position_out,P6,Local_deltaCP,Local_deltaCP,SVM_RBF,0.6058794092263324,0.7451923076923077,-10
C295,Strict_position_out,P6,Sequence,Sequence,LR_1,0.646763696061873,0.6346153846153846,-10
C295,Strict_position_out,P6,Sequence_Local,Sequence_Local,SVM_RBF,0.6100304838196235,0.7067307692307692,-10
C295,Strict_position_out,P6,ContactSeek_CCR,ContactSeek_CCR,RF_depth1,0.5344174510989527,0.7211538461538461,-10
C295,Strict_position_out,P6,Nested_all,CP_summary,LR_1,0.7917126602504918,0.8076923076923077,-10
C295,Strict_position_out,P7,Total_CP,Total_CP,LR_0.01,0.5,0.696969696969697,-10
C295,Strict_position_out,P7,Interface_RMS,Interface_RMS,LR_0.01,0.49660276442220974,0.7878787878787878,-10
C295,Strict_position_out,P7,CP_summary,CP_summary,LR_0.01,0.4872699022771926,0.7424242424242424,-10
C295,Strict_position_out,P7,Repository,Repository,LR_0.01,0.47573751663440556,0.7424242424242424,-10
C295,Strict_position_out,P7,Local_deltaCP,Local_deltaCP,LR_0.01,0.5,0.9090909090909092,-10
C295,Strict_position_out,P7,Sequence,Sequence,LR_0.1,0.5786348815871813,0.7803030303030303,-10
C295,Strict_position_out,P7,Sequence_Local,Sequence_Local,LR_0.01,0.49616500831692967,0.9545454545454546,-10
C295,Strict_position_out,P7,ContactSeek_CCR,ContactSeek_CCR,LR_0.01,0.6263621957926907,0.8181818181818181,-10
C295,Strict_position_out,P7,Nested_all,Sequence_Local,LR_0.01,0.49616500831692967,0.9545454545454546,-10
C295,Strict_position_out,P8,Total_CP,Total_CP,SVM_RBF,0.6576223275125958,0.6071428571428571,-10
C295,Strict_position_out,P8,Interface_RMS,Interface_RMS,ExtraTrees_depth2,0.49252777777777773,0.6785714285714286,-10
C295,Strict_position_out,P8,CP_summary,CP_summary,LR_0.01,0.46560565788495434,0.6428571428571428,-10
C295,Strict_position_out,P8,Repository,Repository,LR_0.01,0.45740395849801996,0.6428571428571428,-10
C295,Strict_position_out,P8,Local_deltaCP,Local_deltaCP,LR_0.1,0.4145578510461988,0.6785714285714286,-10
C295,Strict_position_out,P8,Sequence,Sequence,LR_0.01,0.5280420864223418,0.625,-10
C295,Strict_position_out,P8,Sequence_Local,Sequence_Local,LR_0.01,0.4758383532734054,0.6428571428571428,-10
C295,Strict_position_out,P8,ContactSeek_CCR,ContactSeek_CCR,LR_0.01,0.5079004499090333,0.7142857142857143,-10
C295,Strict_position_out,P8,Nested_all,ContactSeek_CCR,LR_0.01,0.5079004499090333,0.7142857142857143,-10
C295,LOOCV,p4_r5_she,Total_CP,Total_CP,SVM_RBF,0.5,0.6826923076923077,-15
C295,LOOCV,p4_r5_she,Interface_RMS,Interface_RMS,ExtraTrees_depth2,0.4482267427356939,0.6682692307692308,-15
C295,LOOCV,p4_r5_she,CP_summary,CP_summary,LR_1,0.36801067218548256,0.7451923076923077,-15
C295,LOOCV,p4_r5_she,Repository,Repository,SVM_RBF,0.45679100761010527,0.7836538461538461,-15
C295,LOOCV,p4_r5_she,Local_deltaCP,Local_deltaCP,RF_depth1,0.42501224391864034,0.8605769230769231,-15
C295,LOOCV,p4_r5_she,Sequence,Sequence,LDA_shrinkage,0.10117313182475866,0.7836538461538461,-15
C295,LOOCV,p4_r5_she,Sequence_Local,Sequence_Local,RF_depth1,0.4063661992147546,0.8605769230769231,-15
C295,LOOCV,p4_r5_she,ContactSeek_CCR,ContactSeek_CCR,RF_depth1,0.5672085790076642,0.7115384615384616,-15
C295,LOOCV,p4_r5_she,Nested_all,Local_deltaCP,RF_depth1,0.42501224391864034,0.8605769230769231,-15
C295,LOOCV,p4_r5_she_plus_p7_r5_she,Total_CP,Total_CP,RF_depth1,0.5,0.6826923076923077,-15
C295,LOOCV,p4_r5_she_plus_p7_r5_she,Interface_RMS,Interface_RMS,SVM_RBF,0.36581074009616066,0.7067307692307692,-15
C295,LOOCV,p4_r5_she_plus_p7_r5_she,CP_summary,CP_summary,LR_1,0.3856492139625241,0.7451923076923077,-15
C295,LOOCV,p4_r5_she_plus_p7_r5_she,Repository,Repository,SVM_RBF,0.4566380690667807,0.8221153846153846,-15
C295,LOOCV,p4_r5_she_plus_p7_r5_she,Local_deltaCP,Local_deltaCP,ExtraTrees_depth2,0.6619350945284541,0.8125,-15
C295,LOOCV,p4_r5_she_plus_p7_r5_she,Sequence,Sequence,LR_0.1,0.5378325353753602,0.7451923076923077,-15
C295,LOOCV,p4_r5_she_plus_p7_r5_she,Sequence_Local,Sequence_Local,RF_depth1,0.526144185539924,0.7740384615384616,-15
C295,LOOCV,p4_r5_she_plus_p7_r5_she,ContactSeek_CCR,ContactSeek_CCR,LR_0.01,0.6126861877281896,0.7355769230769231,-15
C295,LOOCV,p4_r5_she_plus_p7_r5_she,Nested_all,Repository,SVM_RBF,0.4566380690667807,0.8221153846153846,-15
C295,LOOCV,p4_r5_sne,Total_CP,Total_CP,GaussianNB,0.45526171623298817,0.6071428571428571,-15
C295,LOOCV,p4_r5_sne,Interface_RMS,Interface_RMS,ExtraTrees_depth2,0.3738478731497746,0.6071428571428571,-15
C295,LOOCV,p4_r5_sne,CP_summary,CP_summary,GaussianNB,0.5,0.6785714285714286,-15
C295,LOOCV,p4_r5_sne,Repository,Repository,GaussianNB,0.10355925450462593,0.75,-15
C295,LOOCV,p4_r5_sne,Local_deltaCP,Local_deltaCP,RF_depth1,0.4406063744264005,0.7857142857142857,-15
C295,LOOCV,p4_r5_sne,Sequence,Sequence,SVM_RBF,0.5,0.8928571428571428,-15
C295,LOOCV,p4_r5_sne,Sequence_Local,Sequence_Local,RF_depth1,0.31726146448133763,0.8214285714285714,-15
C295,LOOCV,p4_r5_sne,ContactSeek_CCR,ContactSeek_CCR,ExtraTrees_depth2,0.7004758949340995,0.7857142857142857,-15
C295,LOOCV,p4_r5_sne,Nested_all,Sequence,SVM_RBF,0.5,0.8928571428571428,-15
C295,LOOCV,p4_r5_sne_plus_p7_r5_sne,Total_CP,Total_CP,RF_depth1,0.5,0.6826923076923077,-15
C295,LOOCV,p4_r5_sne_plus_p7_r5_sne,Interface_RMS,Interface_RMS,SVM_RBF,0.38613439122465565,0.7451923076923077,-15
C295,LOOCV,p4_r5_sne_plus_p7_r5_sne,CP_summary,CP_summary,LR_1,0.3825588214861418,0.7451923076923077,-15
C295,LOOCV,p4_r5_sne_plus_p7_r5_sne,Repository,Repository,SVM_RBF,0.45477332764266987,0.7836538461538461,-15
C295,LOOCV,p4_r5_sne_plus_p7_r5_sne,Local_deltaCP,Local_deltaCP,ExtraTrees_depth2,0.6073613068616679,0.8365384615384616,-15
C295,LOOCV,p4_r5_sne_plus_p7_r5_sne,Sequence,Sequence,LR_0.1,0.5367872778471252,0.7836538461538461,-15
C295,LOOCV,p4_r5_sne_plus_p7_r5_sne,Sequence_Local,Sequence_Local,RF_depth1,0.5,0.7740384615384616,-15
C295,LOOCV,p4_r5_sne_plus_p7_r5_sne,ContactSeek_CCR,ContactSeek_CCR,SVM_RBF,0.4875124909305286,0.7211538461538461,-15
C295,LOOCV,p4_r5_sne_plus_p7_r5_sne,Nested_all,Local_deltaCP,ExtraTrees_depth2,0.6073613068616679,0.8365384615384616,-15
C295,LOOCV,p4_r5_swd_plus_p7_r5_swd,Total_CP,Total_CP,RF_depth2,0.42505651041888015,0.6442307692307692,-15
C295,LOOCV,p4_r5_swd_plus_p7_r5_swd,Interface_RMS,Interface_RMS,ExtraTrees_depth2,0.40447210372284176,0.6298076923076923,-15
C295,LOOCV,p4_r5_swd_plus_p7_r5_swd,CP_summary,CP_summary,LDA_shrinkage,0.33574170886107724,0.7836538461538461,-15
C295,LOOCV,p4_r5_swd_plus_p7_r5_swd,Repository,Repository,GaussianNB,0.0306450191705277,0.7836538461538461,-15
C295,LOOCV,p4_r5_swd_plus_p7_r5_swd,Local_deltaCP,Local_deltaCP,ExtraTrees_depth2,0.5474532565729806,0.8365384615384616,-15
C295,LOOCV,p4_r5_swd_plus_p7_r5_swd,Sequence,Sequence,LDA_shrinkage,0.001478768091703653,0.7067307692307692,-15
C295,LOOCV,p4_r5_swd_plus_p7_r5_swd,Sequence_Local,Sequence_Local,RF_depth1,0.5180187909292482,0.8125,-15
C295,LOOCV,p4_r5_swd_plus_p7_r5_swd,ContactSeek_CCR,ContactSeek_CCR,LDA_shrinkage,0.9999998837875539,0.75,-15
C295,LOOCV,p4_r5_swd_plus_p7_r5_swd,Nested_all,Local_deltaCP,ExtraTrees_depth2,0.5474532565729806,0.8365384615384616,-15
C295,LOOCV,p4_r5_the_plus_p7_r5_the,Total_CP,Total_CP,GaussianNB,0.5399547959002035,0.8214285714285714,-15
C295,LOOCV,p4_r5_the_plus_p7_r5_the,Interface_RMS,Interface_RMS,SVM_RBF,0.3397026310379734,0.7142857142857143,-15
C295,LOOCV,p4_r5_the_plus_p7_r5_the,CP_summary,CP_summary,SVM_RBF,0.48059463882661413,0.8214285714285714,-15
C295,LOOCV,p4_r5_the_plus_p7_r5_the,Repository,Repository,LR_1,0.612218133413817,0.7857142857142857,-15
C295,LOOCV,p4_r5_the_plus_p7_r5_the,Local_deltaCP,Local_deltaCP,RF_depth1,0.4022089941068654,0.8571428571428572,-15
C295,LOOCV,p4_r5_the_plus_p7_r5_the,Sequence,Sequence,GaussianNB,0.5,0.8214285714285714,-15
C295,LOOCV,p4_r5_the_plus_p7_r5_the,Sequence_Local,Sequence_Local,RF_depth1,0.4545593470425086,0.8214285714285714,-15
C295,LOOCV,p4_r5_the_plus_p7_r5_the,ContactSeek_CCR,ContactSeek_CCR,LR_0.01,0.5136321379639277,0.8214285714285714,-15
C295,LOOCV,p4_r5_the_plus_p7_r5_the,Nested_all,Local_deltaCP,RF_depth1,0.4022089941068654,0.8571428571428572,-15
C295,LOOCV,p5_r6_aye,Total_CP,Total_CP,GaussianNB,0.7976030776565274,0.5714285714285714,-15
C295,LOOCV,p5_r6_aye,Interface_RMS,Interface_RMS,LR_0.01,0.4890489699118045,0.5357142857142857,-15
C295,LOOCV,p5_r6_aye,CP_summary,CP_summary,LR_0.1,0.7537362704622134,0.5714285714285714,-15
C295,LOOCV,p5_r6_aye,Repository,Repository,LR_1,0.612218133413817,0.7142857142857143,-15
C295,LOOCV,p5_r6_aye,Local_deltaCP,Local_deltaCP,RF_depth1,0.42913896541082663,0.6428571428571428,-15
C295,LOOCV,p5_r6_aye,Sequence,Sequence,LR_0.01,0.547690945917774,0.7857142857142857,-15
C295,LOOCV,p5_r6_aye,Sequence_Local,Sequence_Local,LR_1,0.3355408474125471,0.6785714285714286,-15
C295,LOOCV,p5_r6_aye,ContactSeek_CCR,ContactSeek_CCR,RF_depth1,0.5336033755841818,0.6785714285714286,-15
C295,LOOCV,p5_r6_aye,Nested_all,Sequence,LR_0.01,0.547690945917774,0.7857142857142857,-15
C295,LOOCV,p5_r6_nye,Total_CP,Total_CP,LR_0.01,0.5072849851095453,0.5,-15
C295,LOOCV,p5_r6_nye,Interface_RMS,Interface_RMS,SVM_RBF,0.29696124375841615,0.6428571428571428,-15
C295,LOOCV,p5_r6_nye,CP_summary,CP_summary,GaussianNB,0.9999955554677615,0.5714285714285714,-15
C295,LOOCV,p5_r6_nye,Repository,Repository,LR_1,0.612218133413817,0.6785714285714286,-15
C295,LOOCV,p5_r6_nye,Local_deltaCP,Local_deltaCP,RF_depth1,0.6016225543407292,0.75,-15
C295,LOOCV,p5_r6_nye,Sequence,Sequence,LR_0.01,0.5389029732581418,0.7857142857142857,-15
C295,LOOCV,p5_r6_nye,Sequence_Local,Sequence_Local,RF_depth1,0.5,0.7857142857142857,-15
C295,LOOCV,p5_r6_nye,ContactSeek_CCR,ContactSeek_CCR,RF_depth1,0.5376932206314651,0.6428571428571428,-15
C295,LOOCV,p5_r6_nye,Nested_all,Sequence,LR_0.01,0.5389029732581418,0.7857142857142857,-15
C295,LOOCV,p5_r6_sfe,Total_CP,Total_CP,RF_depth1,0.5,0.6826923076923077,-15
C295,LOOCV,p5_r6_sfe,Interface_RMS,Interface_RMS,SVM_RBF,0.3883769184218616,0.7451923076923077,-15
C295,LOOCV,p5_r6_sfe,CP_summary,CP_summary,LR_1,0.3824134814188662,0.7451923076923077,-15
C295,LOOCV,p5_r6_sfe,Repository,Repository,SVM_RBF,0.44353414608329333,0.7451923076923077,-15
C295,LOOCV,p5_r6_sfe,Local_deltaCP,Local_deltaCP,ExtraTrees_depth2,0.5973430048325125,0.8365384615384616,-15
C295,LOOCV,p5_r6_sfe,Sequence,Sequence,SVM_RBF,0.5332379517849211,0.7596153846153846,-15
C295,LOOCV,p5_r6_sfe,Sequence_Local,Sequence_Local,RF_depth1,0.5145381832510583,0.7355769230769231,-15
C295,LOOCV,p5_r6_sfe,ContactSeek_CCR,ContactSeek_CCR,SVM_RBF,0.5,0.7836538461538461,-15
C295,LOOCV,p5_r6_sfe,Nested_all,Local_deltaCP,ExtraTrees_depth2,0.5973430048325125,0.8365384615384616,-15
C295,LOOCV,p5_r6_swd,Total_CP,Total_CP,GaussianNB,0.5,0.75,-15
C295,LOOCV,p5_r6_swd,Interface_RMS,Interface_RMS,SVM_RBF,0.3541030274122329,0.7142857142857142,-15
C295,LOOCV,p5_r6_swd,CP_summary,CP_summary,LR_0.1,0.7459217048442324,0.6428571428571428,-15
C295,LOOCV,p5_r6_swd,Repository,Repository,LR_1,0.5977867037982849,0.7142857142857143,-15
C295,LOOCV,p5_r6_swd,Local_deltaCP,Local_deltaCP,ExtraTrees_depth2,0.7042257747255736,0.7857142857142857,-15
C295,LOOCV,p5_r6_swd,Sequence,Sequence,LR_0.01,0.5339761214940519,0.7857142857142857,-15
C295,LOOCV,p5_r6_swd,Sequence_Local,Sequence_Local,LR_1,0.3856399107060313,0.75,-15
C295,LOOCV,p5_r6_swd,ContactSeek_CCR,ContactSeek_CCR,RF_depth1,0.560274222951234,0.75,-15
C295,LOOCV,p5_r6_swd,Nested_all,Local_deltaCP,ExtraTrees_depth2,0.7042257747255736,0.7857142857142857,-15
C295,LOOCV,p5_r6_syq,Total_CP,Total_CP,RF_depth1,0.5,0.6826923076923077,-15
C295,LOOCV,p5_r6_syq,Interface_RMS,Interface_RMS,SVM_RBF,0.3827076247068314,0.7451923076923077,-15
C295,LOOCV,p5_r6_syq,CP_summary,CP_summary,LDA_shrinkage,0.34546381313867536,0.7451923076923077,-15
C295,LOOCV,p5_r6_syq,Repository,Repository,LR_1,0.7936214040021904,0.7115384615384616,-15
C295,LOOCV,p5_r6_syq,Local_deltaCP,Local_deltaCP,ExtraTrees_depth2,0.5702779101309934,0.8365384615384616,-15
C295,LOOCV,p5_r6_syq,Sequence,Sequence,SVM_RBF,0.5246160359043249,0.7980769230769231,-15
C295,LOOCV,p5_r6_syq,Sequence_Local,Sequence_Local,LR_0.01,0.4891153530692329,0.7451923076923077,-15
C295,LOOCV,p5_r6_syq,ContactSeek_CCR,ContactSeek_CCR,SVM_RBF,0.5114686344034778,0.8221153846153846,-15
C295,LOOCV,p5_r6_syq,Nested_all,Local_deltaCP,ExtraTrees_depth2,0.5702779101309934,0.8365384615384616,-15
C295,LOOCV,p5_r6_thn,Total_CP,Total_CP,SVM_RBF,0.4090142440312194,0.6428571428571428,-15
C295,LOOCV,p5_r6_thn,Interface_RMS,Interface_RMS,SVM_RBF,0.7290163234448819,0.5714285714285714,-15
C295,LOOCV,p5_r6_thn,CP_summary,CP_summary,LR_0.01,0.5586518164506125,0.6071428571428572,-15
C295,LOOCV,p5_r6_thn,Repository,Repository,LR_1,0.5791614319322624,0.7857142857142857,-15
C295,LOOCV,p5_r6_thn,Local_deltaCP,Local_deltaCP,ExtraTrees_depth2,0.7072266360527061,0.7857142857142857,-15
C295,LOOCV,p5_r6_thn,Sequence,Sequence,LR_0.01,0.5391991025316297,0.75,-15
C295,LOOCV,p5_r6_thn,Sequence_Local,Sequence_Local,RF_depth1,0.5214764423341283,0.75,-15
C295,LOOCV,p5_r6_thn,ContactSeek_CCR,ContactSeek_CCR,RF_depth1,0.5506064959412771,0.7142857142857142,-15
C295,LOOCV,p5_r6_thn,Nested_all,Repository,LR_1,0.5791614319322624,0.7857142857142857,-15
C295,LOOCV,p5_r6_twd,Total_CP,Total_CP,SVM_RBF,0.4240617607447814,0.6785714285714286,-15
C295,LOOCV,p5_r6_twd,Interface_RMS,Interface_RMS,SVM_RBF,0.333211843577328,0.7142857142857142,-15
C295,LOOCV,p5_r6_twd,CP_summary,CP_summary,LR_0.1,0.723914699501188,0.6428571428571428,-15
C295,LOOCV,p5_r6_twd,Repository,Repository,LR_1,0.6104044168582754,0.7142857142857143,-15
C295,LOOCV,p5_r6_twd,Local_deltaCP,Local_deltaCP,ExtraTrees_depth2,0.5152471617834016,0.75,-15
C295,LOOCV,p5_r6_twd,Sequence,Sequence,LR_0.01,0.535734327246626,0.7857142857142857,-15
C295,LOOCV,p5_r6_twd,Sequence_Local,Sequence_Local,RF_depth1,0.5214764423341283,0.7142857142857143,-15
C295,LOOCV,p5_r6_twd,ContactSeek_CCR,ContactSeek_CCR,RF_depth1,0.5423192198425673,0.6428571428571428,-15
C295,LOOCV,p5_r6_twd,Nested_all,Sequence,LR_0.01,0.535734327246626,0.7857142857142857,-15
C295,LOOCV,p5_r6_tye,Total_CP,Total_CP,GaussianNB,0.4729284253591479,0.6428571428571428,-15
C295,LOOCV,p5_r6_tye,Interface_RMS,Interface_RMS,RF_depth2,0.6137101505766108,0.6071428571428572,-15
C295,LOOCV,p5_r6_tye,CP_summary,CP_summary,LR_1,0.710706273448013,0.6428571428571428,-15
C295,LOOCV,p5_r6_tye,Repository,Repository,LR_1,0.5835580716648715,0.7142857142857143,-15
C295,LOOCV,p5_r6_tye,Local_deltaCP,Local_deltaCP,ExtraTrees_depth2,0.6293582797794779,0.75,-15
C295,LOOCV,p5_r6_tye,Sequence,Sequence,LR_0.1,0.5777843322192089,0.7857142857142857,-15
C295,LOOCV,p5_r6_tye,Sequence_Local,Sequence_Local,RF_depth1,0.5,0.7857142857142857,-15
C295,LOOCV,p5_r6_tye,ContactSeek_CCR,ContactSeek_CCR,RF_depth1,0.6145895899056402,0.6785714285714286,-15
C295,LOOCV,p5_r6_tye,Nested_all,Sequence,LR_0.1,0.5777843322192089,0.7857142857142857,-15
C295,LOOCV,p5_r6_vfn,Total_CP,Total_CP,GaussianNB,0.3654756091013982,0.6298076923076923,-15
C295,LOOCV,p5_r6_vfn,Interface_RMS,Interface_RMS,ExtraTrees_depth2,0.45089838802016047,0.6298076923076923,-15
C295,LOOCV,p5_r6_vfn,CP_summary,CP_summary,LDA_shrinkage,0.23078455530941683,0.7067307692307692,-15
C295,LOOCV,p5_r6_vfn,Repository,Repository,GaussianNB,0.03331404324726384,0.7067307692307692,-15
C295,LOOCV,p5_r6_vfn,Local_deltaCP,Local_deltaCP,RF_depth1,0.5831455978737791,0.7980769230769231,-15
C295,LOOCV,p5_r6_vfn,Sequence,Sequence,LR_0.1,0.6076438584718619,0.7355769230769231,-15
C295,LOOCV,p5_r6_vfn,Sequence_Local,Sequence_Local,RF_depth1,0.6349960071614142,0.7115384615384616,-15
C295,LOOCV,p5_r6_vfn,ContactSeek_CCR,ContactSeek_CCR,LDA_shrinkage,1.225067693206407e-06,0.7451923076923077,-15
C295,LOOCV,p5_r6_vfn,Nested_all,Local_deltaCP,RF_depth1,0.5831455978737791,0.7980769230769231,-15
C295,LOOCV,p6_r7_qfw,Total_CP,Total_CP,RF_depth1,0.5264551739871193,0.7211538461538461,-15
C295,LOOCV,p6_r7_qfw,Interface_RMS,Interface_RMS,SVM_RBF,0.3755059278003672,0.7451923076923077,-15
C295,LOOCV,p6_r7_qfw,CP_summary,CP_summary,ExtraTrees_depth2,0.442293818348437,0.6201923076923077,-15
C295,LOOCV,p6_r7_qfw,Repository,Repository,LR_1,0.8077296630013673,0.6346153846153846,-15
C295,LOOCV,p6_r7_qfw,Local_deltaCP,Local_deltaCP,RF_depth1,0.620761347702609,0.7355769230769231,-15
C295,LOOCV,p6_r7_qfw,Sequence,Sequence,LR_1,0.45892174016047194,0.7067307692307692,-15
C295,LOOCV,p6_r7_qfw,Sequence_Local,Sequence_Local,RF_depth1,0.5,0.7596153846153846,-15
C295,LOOCV,p6_r7_qfw,ContactSeek_CCR,ContactSeek_CCR,SVM_RBF,0.5130372413001971,0.7596153846153846,-15
C295,LOOCV,p6_r7_qfw,Nested_all,Sequence_Local,RF_depth1,0.5,0.7596153846153846,-15
C295,LOOCV,p6_r7_qrw,Total_CP,Total_CP,RF_depth1,0.5,0.6826923076923077,-15
C295,LOOCV,p6_r7_qrw,Interface_RMS,Interface_RMS,ExtraTrees_depth2,0.45294699772725733,0.6682692307692308,-15
C295,LOOCV,p6_r7_qrw,CP_summary,CP_summary,SVM_RBF,0.5234808109362221,0.6105769230769231,-15
C295,LOOCV,p6_r7_qrw,Repository,Repository,RF_depth2,0.44020205644257565,0.6346153846153846,-15
C295,LOOCV,p6_r7_qrw,Local_deltaCP,Local_deltaCP,ExtraTrees_depth2,0.5504532475966062,0.7596153846153846,-15
C295,LOOCV,p6_r7_qrw,Sequence,Sequence,LR_1,0.7651489985105584,0.6971153846153846,-15
C295,LOOCV,p6_r7_qrw,Sequence_Local,Sequence_Local,RF_depth1,0.44818594970264103,0.7596153846153846,-15
C295,LOOCV,p6_r7_qrw,ContactSeek_CCR,ContactSeek_CCR,RF_depth2,0.5530774850847312,0.7740384615384616,-15
C295,LOOCV,p6_r7_qrw,Nested_all,ContactSeek_CCR,RF_depth2,0.5530774850847312,0.7740384615384616,-15
C295,LOOCV,p6_r7_trq,Total_CP,Total_CP,RF_depth1,0.5,0.6826923076923077,-15
C295,LOOCV,p6_r7_trq,Interface_RMS,Interface_RMS,ExtraTrees_depth2,0.4360084557430765,0.5913461538461539,-15
C295,LOOCV,p6_r7_trq,CP_summary,CP_summary,SVM_RBF,0.439603470524187,0.6346153846153846,-15
C295,LOOCV,p6_r7_trq,Repository,Repository,GaussianNB,0.04607361310704651,0.6682692307692308,-15
C295,LOOCV,p6_r7_trq,Local_deltaCP,Local_deltaCP,ExtraTrees_depth2,0.5940749448303687,0.7596153846153846,-15
C295,LOOCV,p6_r7_trq,Sequence,Sequence,LR_1,0.728838278172937,0.7596153846153846,-15
C295,LOOCV,p6_r7_trq,Sequence_Local,Sequence_Local,RF_depth1,0.39517360692252534,0.7451923076923077,-15
C295,LOOCV,p6_r7_trq,ContactSeek_CCR,ContactSeek_CCR,RF_depth2,0.5461706173330736,0.7740384615384616,-15
C295,LOOCV,p6_r7_trq,Nested_all,ContactSeek_CCR,RF_depth2,0.5461706173330736,0.7740384615384616,-15
C295,LOOCV,p6_r7_wfd,Total_CP,Total_CP,RF_depth1,0.5,0.6826923076923077,-15
C295,LOOCV,p6_r7_wfd,Interface_RMS,Interface_RMS,ExtraTrees_depth2,0.43523948786884553,0.5913461538461539,-15
C295,LOOCV,p6_r7_wfd,CP_summary,CP_summary,SVM_RBF,0.48763178637844795,0.6730769230769231,-15
C295,LOOCV,p6_r7_wfd,Repository,Repository,LR_1,0.8100869990238718,0.7115384615384616,-15
C295,LOOCV,p6_r7_wfd,Local_deltaCP,Local_deltaCP,ExtraTrees_depth2,0.626857896702391,0.7596153846153846,-15
C295,LOOCV,p6_r7_wfd,Sequence,Sequence,LR_1,0.7695684966869047,0.7211538461538461,-15
C295,LOOCV,p6_r7_wfd,Sequence_Local,Sequence_Local,RF_depth1,0.39192825733229736,0.7451923076923077,-15
C295,LOOCV,p6_r7_wfd,ContactSeek_CCR,ContactSeek_CCR,RF_depth2,0.503259752530231,0.7355769230769231,-15
C295,LOOCV,p6_r7_wfd,Nested_all,Local_deltaCP,ExtraTrees_depth2,0.626857896702391,0.7596153846153846,-15
C295,LOOCV,p6_r7_wfq,Total_CP,Total_CP,RF_depth1,0.5,0.6826923076923077,-15
C295,LOOCV,p6_r7_wfq,Interface_RMS,Interface_RMS,SVM_RBF,0.3633149548360266,0.6682692307692308,-15
C295,LOOCV,p6_r7_wfq,CP_summary,CP_summary,ExtraTrees_depth2,0.3620572202335057,0.6442307692307692,-15
C295,LOOCV,p6_r7_wfq,Repository,Repository,LR_1,0.8289848733237243,0.7115384615384616,-15
C295,LOOCV,p6_r7_wfq,Local_deltaCP,Local_deltaCP,ExtraTrees_depth2,0.5810695748331726,0.7596153846153846,-15
C295,LOOCV,p6_r7_wfq,Sequence,Sequence,LR_1,0.7390073582872635,0.7211538461538461,-15
C295,LOOCV,p6_r7_wfq,Sequence_Local,Sequence_Local,RF_depth1,0.5,0.7596153846153846,-15
C295,LOOCV,p6_r7_wfq,ContactSeek_CCR,ContactSeek_CCR,RF_depth1,0.5516219051534963,0.7355769230769231,-15
C295,LOOCV,p6_r7_wfq,Nested_all,Local_deltaCP,ExtraTrees_depth2,0.5810695748331726,0.7596153846153846,-15
C295,LOOCV,p7_r5_syvirr,Total_CP,Total_CP,RF_depth2,0.453397795464791,0.6826923076923077,-15
C295,LOOCV,p7_r5_syvirr,Interface_RMS,Interface_RMS,ExtraTrees_depth2,0.5,0.6201923076923077,-15
C295,LOOCV,p7_r5_syvirr,CP_summary,CP_summary,SVM_RBF,0.5525545817843354,0.6105769230769231,-15
C295,LOOCV,p7_r5_syvirr,Repository,Repository,LR_1,0.8577831948321548,0.7115384615384616,-15
C295,LOOCV,p7_r5_syvirr,Local_deltaCP,Local_deltaCP,ExtraTrees_depth2,0.6468078828559294,0.7980769230769231,-15
C295,LOOCV,p7_r5_syvirr,Sequence,Sequence,LR_1,0.7662152416993959,0.7211538461538461,-15
C295,LOOCV,p7_r5_syvirr,Sequence_Local,Sequence_Local,RF_depth1,0.45508655156594185,0.7836538461538461,-15
C295,LOOCV,p7_r5_syvirr,ContactSeek_CCR,ContactSeek_CCR,SVM_RBF,0.4849433999149965,0.6826923076923077,-15
C295,LOOCV,p7_r5_syvirr,Nested_all,Local_deltaCP,ExtraTrees_depth2,0.6468078828559294,0.7980769230769231,-15
C295,LOOCV,p8_r6_gve,Total_CP,Total_CP,RF_depth2,0.453397795464791,0.6826923076923077,-15
C295,LOOCV,p8_r6_gve,Interface_RMS,Interface_RMS,ExtraTrees_depth2,0.4982737920771648,0.6442307692307692,-15
C295,LOOCV,p8_r6_gve,CP_summary,CP_summary,LR_1,0.8222213354717526,0.5480769230769231,-15
C295,LOOCV,p8_r6_gve,Repository,Repository,LR_1,0.8589361767283217,0.7115384615384616,-15
C295,LOOCV,p8_r6_gve,Local_deltaCP,Local_deltaCP,ExtraTrees_depth2,0.6674139662408916,0.7980769230769231,-15
C295,LOOCV,p8_r6_gve,Sequence,Sequence,LR_1,0.8195957930274436,0.7596153846153846,-15
C295,LOOCV,p8_r6_gve,Sequence_Local,Sequence_Local,RF_depth1,0.4432165678342923,0.7451923076923077,-15
C295,LOOCV,p8_r6_gve,ContactSeek_CCR,ContactSeek_CCR,SVM_RBF,0.5404756056360616,0.6730769230769231,-15
C295,LOOCV,p8_r6_gve,Nested_all,Local_deltaCP,ExtraTrees_depth2,0.6674139662408916,0.7980769230769231,-15
C295,Position_group_out,4,Total_CP,Total_CP,LR_0.01,0.49132894266821525,0.5769230769230769,-15
C295,Position_group_out,4,Interface_RMS,Interface_RMS,LDA_shrinkage,0.6065855647782707,0.6373626373626373,-15
C295,Position_group_out,4,CP_summary,CP_summary,LR_0.01,0.41318680383685746,0.5384615384615384,-15
C295,Position_group_out,4,Repository,Repository,LR_0.01,0.41941870638205503,0.5769230769230769,-15
C295,Position_group_out,4,Local_deltaCP,Local_deltaCP,LR_1,0.06761617286062523,0.6978021978021978,-15
C295,Position_group_out,4,Sequence,Sequence,LR_0.01,0.5371263558143913,0.7087912087912087,-15
C295,Position_group_out,4,Sequence_Local,Sequence_Local,LR_1,0.05507617075606765,0.6593406593406593,-15
C295,Position_group_out,4,ContactSeek_CCR,ContactSeek_CCR,LR_0.01,0.2985450152409068,0.5824175824175823,-15
C295,Position_group_out,4,Nested_all,Sequence,LR_0.01,0.5371263558143913,0.7087912087912087,-15
C295,Position_group_out,4+7,Total_CP,Total_CP,LR_0.01,0.5028339365302776,0.7662337662337663,-15
C295,Position_group_out,4+7,Interface_RMS,Interface_RMS,ExtraTrees_depth2,0.4099348556739386,0.7272727272727273,-15
C295,Position_group_out,4+7,CP_summary,CP_summary,LR_0.01,0.506409506769925,0.7467532467532467,-15
C295,Position_group_out,4+7,Repository,Repository,LR_0.01,0.5273772402803254,0.7662337662337663,-15
C295,Position_group_out,4+7,Local_deltaCP,Local_deltaCP,LR_0.1,0.23915099693315983,0.7727272727272727,-15
C295,Position_group_out,4+7,Sequence,Sequence,RF_depth1,0.3569388673413857,0.6818181818181819,-15
C295,Position_group_out,4+7,Sequence_Local,Sequence_Local,LR_0.1,0.2876838459672656,0.7272727272727273,-15
C295,Position_group_out,4+7,ContactSeek_CCR,ContactSeek_CCR,ExtraTrees_depth2,0.20763636363636367,0.7727272727272727,-15
C295,Position_group_out,4+7,Nested_all,Local_deltaCP,LR_0.1,0.23915099693315983,0.7727272727272727,-15
C295,Position_group_out,5,Total_CP,Total_CP,LR_0.01,0.0,0.5,-15
C295,Position_group_out,5,Interface_RMS,Interface_RMS,RF_depth1,0.2586085314723759,0.5909090909090909,-15
C295,Position_group_out,5,CP_summary,CP_summary,LR_1,0.08850085518371409,0.5454545454545454,-15
C295,Position_group_out,5,Repository,Repository,LR_0.1,0.2636550651489155,0.5454545454545454,-15
C295,Position_group_out,5,Local_deltaCP,Local_deltaCP,LR_0.1,0.06359252020717371,0.7272727272727273,-15
C295,Position_group_out,5,Sequence,Sequence,ExtraTrees_depth2,0.4765714285714286,0.8181818181818181,-15
C295,Position_group_out,5,Sequence_Local,Sequence_Local,ExtraTrees_depth2,0.09033333333333335,0.6363636363636364,-15
C295,Position_group_out,5,ContactSeek_CCR,ContactSeek_CCR,LR_0.1,0.1893774221552519,0.6363636363636364,-15
C295,Position_group_out,5,Nested_all,Sequence,ExtraTrees_depth2,0.4765714285714286,0.8181818181818181,-15
C295,Position_group_out,6,Total_CP,Total_CP,SVM_RBF,0.6406809634009484,0.6319444444444444,-15
C295,Position_group_out,6,Interface_RMS,Interface_RMS,LR_0.01,0.0,0.5,-15
C295,Position_group_out,6,CP_summary,CP_summary,LDA_shrinkage,0.9999951542364924,0.6875,-15
C295,Position_group_out,6,Repository,Repository,LDA_shrinkage,0.9963040478581352,0.6944444444444444,-15
C295,Position_group_out,6,Local_deltaCP,Local_deltaCP,GaussianNB,8.946863827897582e-24,0.6597222222222222,-15
C295,Position_group_out,6,Sequence,Sequence,LR_0.01,0.5031446165535828,0.7638888888888888,-15
C295,Position_group_out,6,Sequence_Local,Sequence_Local,LDA_shrinkage,0.9999999999904109,0.625,-15
C295,Position_group_out,6,ContactSeek_CCR,ContactSeek_CCR,LR_0.01,0.0,0.5,-15
C295,Position_group_out,6,Nested_all,Sequence,LR_0.01,0.5031446165535828,0.7638888888888888,-15
C295,Position_group_out,7,Total_CP,Total_CP,SVM_RBF,0.6067123611274703,0.5961538461538461,-15
C295,Position_group_out,7,Interface_RMS,Interface_RMS,LR_0.01,0.5037602680609745,0.5721153846153846,-15
C295,Position_group_out,7,CP_summary,CP_summary,SVM_RBF,0.6072657464130133,0.6105769230769231,-15
C295,Position_group_out,7,Repository,Repository,SVM_RBF,0.6577708840171642,0.625,-15
C295,Position_group_out,7,Local_deltaCP,Local_deltaCP,SVM_RBF,0.5575119420422703,0.6105769230769231,-15
C295,Position_group_out,7,Sequence,Sequence,LDA_shrinkage,0.9999991415518553,0.8365384615384616,-15
C295,Position_group_out,7,Sequence_Local,Sequence_Local,LDA_shrinkage,0.999999999998682,0.6490384615384616,-15
C295,Position_group_out,7,ContactSeek_CCR,ContactSeek_CCR,LR_0.01,0.5867925232991753,0.6730769230769231,-15
C295,Position_group_out,7,Nested_all,Sequence,LDA_shrinkage,0.9999991415518553,0.8365384615384616,-15
C295,Position_group_out,8,Total_CP,Total_CP,SVM_RBF,0.5207539264813134,0.6201923076923077,-15
C295,Position_group_out,8,Interface_RMS,Interface_RMS,LR_0.01,0.5037042540948944,0.5721153846153846,-15
C295,Position_group_out,8,CP_summary,CP_summary,SVM_RBF,0.6106307988801998,0.5865384615384616,-15
C295,Position_group_out,8,Repository,Repository,SVM_RBF,0.6530034002395506,0.625,-15
C295,Position_group_out,8,Local_deltaCP,Local_deltaCP,LR_1,0.08542279377135933,0.6298076923076923,-15
C295,Position_group_out,8,Sequence,Sequence,LDA_shrinkage,0.9999988170855887,0.7980769230769231,-15
C295,Position_group_out,8,Sequence_Local,Sequence_Local,GaussianNB,0.5,0.5961538461538461,-15
C295,Position_group_out,8,ContactSeek_CCR,ContactSeek_CCR,LR_0.01,0.5795329980493196,0.6346153846153846,-15
C295,Position_group_out,8,Nested_all,Sequence,LDA_shrinkage,0.9999988170855887,0.7980769230769231,-15
C295,Strict_position_out,P4,Total_CP,Total_CP,LR_0.01,0.0,0.5,-15
C295,Strict_position_out,P4,Interface_RMS,Interface_RMS,LR_0.01,0.0,0.5,-15
C295,Strict_position_out,P4,CP_summary,CP_summary,LR_0.01,0.0,0.5,-15
C295,Strict_position_out,P4,Repository,Repository,LR_0.01,0.0,0.5,-15
C295,Strict_position_out,P4,Local_deltaCP,Local_deltaCP,LR_0.01,0.0,0.5,-15
C295,Strict_position_out,P4,Sequence,Sequence,LR_0.01,0.0,0.5,-15
C295,Strict_position_out,P4,Sequence_Local,Sequence_Local,LR_0.01,0.0,0.5,-15
C295,Strict_position_out,P4,ContactSeek_CCR,ContactSeek_CCR,LR_0.01,0.0,0.5,-15
C295,Strict_position_out,P4,Nested_all,Total_CP,LR_0.01,0.0,0.5,-15
C295,Strict_position_out,P5,Total_CP,Total_CP,LR_0.01,0.0,0.5,-15
C295,Strict_position_out,P5,Interface_RMS,Interface_RMS,LR_0.01,0.0,0.5,-15
C295,Strict_position_out,P5,CP_summary,CP_summary,LR_0.01,0.0,0.5,-15
C295,Strict_position_out,P5,Repository,Repository,LR_0.01,0.0,0.5,-15
C295,Strict_position_out,P5,Local_deltaCP,Local_deltaCP,ExtraTrees_depth2,0.3188888888888891,0.5340909090909092,-15
C295,Strict_position_out,P5,Sequence,Sequence,RF_depth1,0.44431729381729396,0.5340909090909092,-15
C295,Strict_position_out,P5,Sequence_Local,Sequence_Local,ExtraTrees_depth2,0.42000000000000026,0.5340909090909092,-15
C295,Strict_position_out,P5,ContactSeek_CCR,ContactSeek_CCR,LR_0.01,0.0,0.5,-15
C295,Strict_position_out,P5,Nested_all,Local_deltaCP,ExtraTrees_depth2,0.3188888888888891,0.5340909090909092,-15
C295,Strict_position_out,P6,Total_CP,Total_CP,GaussianNB,0.5540111936052494,0.7638888888888888,-15
C295,Strict_position_out,P6,Interface_RMS,Interface_RMS,SVM_RBF,0.2775696097291238,0.6111111111111112,-15
C295,Strict_position_out,P6,CP_summary,CP_summary,LDA_shrinkage,0.9999951542364924,0.6875,-15
C295,Strict_position_out,P6,Repository,Repository,LR_1,0.7177127498155723,0.7291666666666667,-15
C295,Strict_position_out,P6,Local_deltaCP,Local_deltaCP,GaussianNB,0.000997611301644864,0.8263888888888888,-15
C295,Strict_position_out,P6,Sequence,Sequence,LR_0.1,0.547930100883745,0.7916666666666667,-15
C295,Strict_position_out,P6,Sequence_Local,Sequence_Local,LDA_shrinkage,0.9631996843852826,0.625,-15
C295,Strict_position_out,P6,ContactSeek_CCR,ContactSeek_CCR,LR_0.01,0.5,0.5833333333333333,-15
C295,Strict_position_out,P6,Nested_all,Local_deltaCP,GaussianNB,0.000997611301644864,0.8263888888888888,-15
C295,Strict_position_out,P7,Total_CP,Total_CP,LR_0.01,0.5006039986270687,0.8285714285714285,-15
C295,Strict_position_out,P7,Interface_RMS,Interface_RMS,ExtraTrees_depth2,0.4090129847102806,0.7,-15
C295,Strict_position_out,P7,CP_summary,CP_summary,LR_0.01,0.5,0.7785714285714285,-15
C295,Strict_position_out,P7,Repository,Repository,LR_0.01,0.5296200334750197,0.7571428571428571,-15
C295,Strict_position_out,P7,Local_deltaCP,Local_deltaCP,RF_depth1,0.3306473803973804,0.7285714285714285,-15
C295,Strict_position_out,P7,Sequence,Sequence,RF_depth1,0.3682946819673667,0.6785714285714286,-15
C295,Strict_position_out,P7,Sequence_Local,Sequence_Local,RF_depth1,0.355250555000555,0.7285714285714285,-15
C295,Strict_position_out,P7,ContactSeek_CCR,ContactSeek_CCR,LR_0.01,0.5683024281639358,0.6857142857142857,-15
C295,Strict_position_out,P7,Nested_all,Total_CP,LR_0.01,0.5006039986270687,0.8285714285714285,-15
C295,Strict_position_out,P8,Total_CP,Total_CP,LR_0.1,0.5007228251810029,0.7211538461538461,-15
C295,Strict_position_out,P8,Interface_RMS,Interface_RMS,LDA_shrinkage,0.6076901355733111,0.6105769230769231,-15
C295,Strict_position_out,P8,CP_summary,CP_summary,SVM_RBF,0.5212411374781596,0.5576923076923077,-15
C295,Strict_position_out,P8,Repository,Repository,SVM_RBF,0.6064372996138498,0.6105769230769231,-15
C295,Strict_position_out,P8,Local_deltaCP,Local_deltaCP,LR_1,0.08542279377135933,0.6682692307692308,-15
C295,Strict_position_out,P8,Sequence,Sequence,LDA_shrinkage,0.9999988170855887,0.7980769230769231,-15
C295,Strict_position_out,P8,Sequence_Local,Sequence_Local,LDA_shrinkage,0.9999943010425454,0.6682692307692308,-15
C295,Strict_position_out,P8,ContactSeek_CCR,ContactSeek_CCR,LR_0.01,0.5707079597942297,0.6153846153846154,-15
C295,Strict_position_out,P8,Nested_all,Sequence,LDA_shrinkage,0.9999988170855887,0.7980769230769231,-15
C295,LOOCV,p4_r5_she,Total_CP,Total_CP,LR_0.01,0.49622159854457204,0.5833333333333334,-20
C295,LOOCV,p4_r5_she,Interface_RMS,Interface_RMS,LR_0.01,0.5,0.6388888888888888,-20
C295,LOOCV,p4_r5_she,CP_summary,CP_summary,LDA_shrinkage,0.2098665436383772,0.75,-20
C295,LOOCV,p4_r5_she,Repository,Repository,LDA_shrinkage,0.0062555433134040125,0.6944444444444444,-20
C295,LOOCV,p4_r5_she,Local_deltaCP,Local_deltaCP,RF_depth1,0.2986538097725704,0.8611111111111112,-20
C295,LOOCV,p4_r5_she,Sequence,Sequence,LR_1,0.15493939812692398,0.6944444444444444,-20
C295,LOOCV,p4_r5_she,Sequence_Local,Sequence_Local,RF_depth1,0.26320474977767,0.8611111111111112,-20
C295,LOOCV,p4_r5_she,ContactSeek_CCR,ContactSeek_CCR,RF_depth1,0.25698660570470844,0.8611111111111112,-20
C295,LOOCV,p4_r5_she,Nested_all,Local_deltaCP,RF_depth1,0.2986538097725704,0.8611111111111112,-20
C295,LOOCV,p4_r5_she_plus_p7_r5_she,Total_CP,Total_CP,GaussianNB,0.5701876060816526,0.5833333333333334,-20
C295,LOOCV,p4_r5_she_plus_p7_r5_she,Interface_RMS,Interface_RMS,SVM_RBF,0.4912911406003267,0.7222222222222222,-20
C295,LOOCV,p4_r5_she_plus_p7_r5_she,CP_summary,CP_summary,LDA_shrinkage,0.36024514570375676,0.8055555555555556,-20
C295,LOOCV,p4_r5_she_plus_p7_r5_she,Repository,Repository,LR_1,0.4296883923524229,0.6944444444444444,-20
C295,LOOCV,p4_r5_she_plus_p7_r5_she,Local_deltaCP,Local_deltaCP,RF_depth1,0.22295606323501066,0.7222222222222222,-20
C295,LOOCV,p4_r5_she_plus_p7_r5_she,Sequence,Sequence,LR_0.01,0.490503804366979,0.6666666666666666,-20
C295,LOOCV,p4_r5_she_plus_p7_r5_she,Sequence_Local,Sequence_Local,RF_depth1,0.34024541595925295,0.75,-20
C295,LOOCV,p4_r5_she_plus_p7_r5_she,ContactSeek_CCR,ContactSeek_CCR,RF_depth1,0.31055081189325673,0.9166666666666667,-20
C295,LOOCV,p4_r5_she_plus_p7_r5_she,Nested_all,ContactSeek_CCR,RF_depth1,0.31055081189325673,0.9166666666666667,-20
C295,LOOCV,p4_r5_sne,Total_CP,Total_CP,SVM_RBF,0.30297975823314455,0.7368421052631579,-20
C295,LOOCV,p4_r5_sne,Interface_RMS,Interface_RMS,LR_0.01,0.49310990697596835,0.6052631578947368,-20
C295,LOOCV,p4_r5_sne,CP_summary,CP_summary,SVM_RBF,0.3682241571374653,0.868421052631579,-20
C295,LOOCV,p4_r5_sne,Repository,Repository,ExtraTrees_depth2,0.42510697635697636,0.6447368421052632,-20
C295,LOOCV,p4_r5_sne,Local_deltaCP,Local_deltaCP,LDA_shrinkage,1.8264526072506893e-05,1.0,-20
C295,LOOCV,p4_r5_sne,Sequence,Sequence,RF_depth1,0.17388641239408503,0.7105263157894737,-20
C295,LOOCV,p4_r5_sne,Sequence_Local,Sequence_Local,LDA_shrinkage,5.613834527596656e-31,0.9473684210526316,-20
C295,LOOCV,p4_r5_sne,ContactSeek_CCR,ContactSeek_CCR,LR_0.1,0.4433290386498854,0.8421052631578947,-20
C295,LOOCV,p4_r5_sne,Nested_all,Local_deltaCP,LDA_shrinkage,1.8264526072506893e-05,1.0,-20
C295,LOOCV,p4_r5_sne_plus_p7_r5_sne,Total_CP,Total_CP,GaussianNB,0.5603985856416133,0.5833333333333334,-20
C295,LOOCV,p4_r5_sne_plus_p7_r5_sne,Interface_RMS,Interface_RMS,SVM_RBF,0.4892077895694851,0.6944444444444444,-20
C295,LOOCV,p4_r5_sne_plus_p7_r5_sne,CP_summary,CP_summary,LDA_shrinkage,0.36024514570375676,0.7777777777777778,-20
C295,LOOCV,p4_r5_sne_plus_p7_r5_sne,Repository,Repository,LDA_shrinkage,0.021597688955919455,0.7222222222222222,-20
C295,LOOCV,p4_r5_sne_plus_p7_r5_sne,Local_deltaCP,Local_deltaCP,RF_depth1,0.22295606323501066,0.7777777777777778,-20
C295,LOOCV,p4_r5_sne_plus_p7_r5_sne,Sequence,Sequence,RF_depth2,0.09426974233495972,0.6944444444444444,-20
C295,LOOCV,p4_r5_sne_plus_p7_r5_sne,Sequence_Local,Sequence_Local,RF_depth1,0.3397550369451898,0.75,-20
C295,LOOCV,p4_r5_sne_plus_p7_r5_sne,ContactSeek_CCR,ContactSeek_CCR,RF_depth1,0.2959945498098221,0.9166666666666667,-20
C295,LOOCV,p4_r5_sne_plus_p7_r5_sne,Nested_all,ContactSeek_CCR,RF_depth1,0.2959945498098221,0.9166666666666667,-20
C295,LOOCV,p4_r5_swd_plus_p7_r5_swd,Total_CP,Total_CP,LR_0.01,0.49462811257907446,0.5555555555555556,-20
C295,LOOCV,p4_r5_swd_plus_p7_r5_swd,Interface_RMS,Interface_RMS,LR_0.01,0.5003454771069259,0.6944444444444444,-20
C295,LOOCV,p4_r5_swd_plus_p7_r5_swd,CP_summary,CP_summary,LDA_shrinkage,0.2671794753516029,0.8333333333333333,-20
C295,LOOCV,p4_r5_swd_plus_p7_r5_swd,Repository,Repository,LDA_shrinkage,0.018906291921306242,0.75,-20
C295,LOOCV,p4_r5_swd_plus_p7_r5_swd,Local_deltaCP,Local_deltaCP,LR_1,0.5,0.6944444444444444,-20
C295,LOOCV,p4_r5_swd_plus_p7_r5_swd,Sequence,Sequence,RF_depth2,0.11708774232303645,0.7222222222222222,-20
C295,LOOCV,p4_r5_swd_plus_p7_r5_swd,Sequence_Local,Sequence_Local,RF_depth1,0.32360369705700776,0.6944444444444444,-20
C295,LOOCV,p4_r5_swd_plus_p7_r5_swd,ContactSeek_CCR,ContactSeek_CCR,RF_depth1,0.29186087333718913,0.9166666666666667,-20
C295,LOOCV,p4_r5_swd_plus_p7_r5_swd,Nested_all,ContactSeek_CCR,RF_depth1,0.29186087333718913,0.9166666666666667,-20
C295,LOOCV,p4_r5_the_plus_p7_r5_the,Total_CP,Total_CP,LR_0.01,0.4946230749132884,0.5555555555555556,-20
C295,LOOCV,p4_r5_the_plus_p7_r5_the,Interface_RMS,Interface_RMS,LR_0.01,0.5003454771069259,0.6944444444444444,-20
C295,LOOCV,p4_r5_the_plus_p7_r5_the,CP_summary,CP_summary,LDA_shrinkage,0.2087464507451357,0.75,-20
C295,LOOCV,p4_r5_the_plus_p7_r5_the,Repository,Repository,LDA_shrinkage,0.00801596379801473,0.6944444444444444,-20
C295,LOOCV,p4_r5_the_plus_p7_r5_the,Local_deltaCP,Local_deltaCP,LR_1,0.5768590430784768,0.7777777777777777,-20
C295,LOOCV,p4_r5_the_plus_p7_r5_the,Sequence,Sequence,RF_depth2,0.11741283389812804,0.7777777777777778,-20
C295,LOOCV,p4_r5_the_plus_p7_r5_the,Sequence_Local,Sequence_Local,RF_depth1,0.4444820189515434,0.6666666666666666,-20
C295,LOOCV,p4_r5_the_plus_p7_r5_the,ContactSeek_CCR,ContactSeek_CCR,RF_depth1,0.3129411627704497,0.9444444444444444,-20
C295,LOOCV,p4_r5_the_plus_p7_r5_the,Nested_all,ContactSeek_CCR,RF_depth1,0.3129411627704497,0.9444444444444444,-20
C295,LOOCV,p5_r6_aye,Total_CP,Total_CP,GaussianNB,0.5669016742793871,0.5833333333333334,-20
C295,LOOCV,p5_r6_aye,Interface_RMS,Interface_RMS,LR_0.01,0.5003454771069259,0.7222222222222222,-20
C295,LOOCV,p5_r6_aye,CP_summary,CP_summary,LDA_shrinkage,0.2310131651772358,0.8055555555555556,-20
C295,LOOCV,p5_r6_aye,Repository,Repository,LDA_shrinkage,0.0033095913079427427,0.6944444444444444,-20
C295,LOOCV,p5_r6_aye,Local_deltaCP,Local_deltaCP,LR_1,0.6925502524229874,0.7777777777777777,-20
C295,LOOCV,p5_r6_aye,Sequence,Sequence,RF_depth1,0.1071369953575836,0.6388888888888888,-20
C295,LOOCV,p5_r6_aye,Sequence_Local,Sequence_Local,LR_1,0.33635856339633596,0.6388888888888888,-20
C295,LOOCV,p5_r6_aye,ContactSeek_CCR,ContactSeek_CCR,RF_depth1,0.2278707738681423,0.8333333333333333,-20
C295,LOOCV,p5_r6_aye,Nested_all,ContactSeek_CCR,RF_depth1,0.2278707738681423,0.8333333333333333,-20
C295,LOOCV,p5_r6_nye,Total_CP,Total_CP,GaussianNB,0.5669016742793871,0.5833333333333334,-20
C295,LOOCV,p5_r6_nye,Interface_RMS,Interface_RMS,LR_0.01,0.48766152524608797,0.5277777777777778,-20
C295,LOOCV,p5_r6_nye,CP_summary,CP_summary,LDA_shrinkage,0.268909084936483,0.8333333333333333,-20
C295,LOOCV,p5_r6_nye,Repository,Repository,LDA_shrinkage,0.006138820213544239,0.7222222222222222,-20
C295,LOOCV,p5_r6_nye,Local_deltaCP,Local_deltaCP,LR_1,0.6882036252181873,0.7777777777777777,-20
C295,LOOCV,p5_r6_nye,Sequence,Sequence,RF_depth1,0.0991012810718693,0.6111111111111112,-20
C295,LOOCV,p5_r6_nye,Sequence_Local,Sequence_Local,RF_depth1,0.3086571479920377,0.6944444444444444,-20
C295,LOOCV,p5_r6_nye,ContactSeek_CCR,ContactSeek_CCR,ExtraTrees_depth2,0.31085714285714294,0.8611111111111112,-20
C295,LOOCV,p5_r6_nye,Nested_all,ContactSeek_CCR,ExtraTrees_depth2,0.31085714285714294,0.8611111111111112,-20
C295,LOOCV,p5_r6_sfe,Total_CP,Total_CP,LR_0.01,0.4944729680805659,0.5555555555555556,-20
C295,LOOCV,p5_r6_sfe,Interface_RMS,Interface_RMS,LR_0.01,0.5004608352495014,0.7222222222222222,-20
C295,LOOCV,p5_r6_sfe,CP_summary,CP_summary,LDA_shrinkage,0.29195250376596127,0.8333333333333333,-20
C295,LOOCV,p5_r6_sfe,Repository,Repository,LR_1,0.5,0.7222222222222222,-20
C295,LOOCV,p5_r6_sfe,Local_deltaCP,Local_deltaCP,LR_1,0.7295735211196317,0.7777777777777777,-20
C295,LOOCV,p5_r6_sfe,Sequence,Sequence,RF_depth2,0.1545323143647625,0.75,-20
C295,LOOCV,p5_r6_sfe,Sequence_Local,Sequence_Local,RF_depth1,0.37874156514114066,0.75,-20
C295,LOOCV,p5_r6_sfe,ContactSeek_CCR,ContactSeek_CCR,ExtraTrees_depth2,0.3274065934065935,0.9166666666666667,-20
C295,LOOCV,p5_r6_sfe,Nested_all,ContactSeek_CCR,ExtraTrees_depth2,0.3274065934065935,0.9166666666666667,-20
C295,LOOCV,p5_r6_swd,Total_CP,Total_CP,SVM_RBF,0.328220247129678,0.7105263157894737,-20
C295,LOOCV,p5_r6_swd,Interface_RMS,Interface_RMS,SVM_RBF,0.5063378457020831,0.868421052631579,-20
C295,LOOCV,p5_r6_swd,CP_summary,CP_summary,LR_1,0.3214602195932559,0.6578947368421053,-20
C295,LOOCV,p5_r6_swd,Repository,Repository,LR_0.01,0.5051100687495451,0.7368421052631579,-20
C295,LOOCV,p5_r6_swd,Local_deltaCP,Local_deltaCP,LR_0.01,0.5545324768389468,0.8421052631578947,-20
C295,LOOCV,p5_r6_swd,Sequence,Sequence,LDA_shrinkage,3.471506933497412e-52,0.6842105263157895,-20
C295,LOOCV,p5_r6_swd,Sequence_Local,Sequence_Local,LR_0.01,0.546145106436714,0.763157894736842,-20
C295,LOOCV,p5_r6_swd,ContactSeek_CCR,ContactSeek_CCR,RF_depth1,0.3217073930126666,0.8947368421052632,-20
C295,LOOCV,p5_r6_swd,Nested_all,ContactSeek_CCR,RF_depth1,0.3217073930126666,0.8947368421052632,-20
C295,LOOCV,p5_r6_syq,Total_CP,Total_CP,LR_0.01,0.48948165971535623,0.5277777777777778,-20
C295,LOOCV,p5_r6_syq,Interface_RMS,Interface_RMS,LR_0.01,0.5004218769182021,0.6944444444444444,-20
C295,LOOCV,p5_r6_syq,CP_summary,CP_summary,LR_1,0.2060496470692375,0.7222222222222222,-20
C295,LOOCV,p5_r6_syq,Repository,Repository,LR_1,0.5,0.7222222222222222,-20
C295,LOOCV,p5_r6_syq,Local_deltaCP,Local_deltaCP,LR_1,0.6800042964306209,0.7777777777777777,-20
C295,LOOCV,p5_r6_syq,Sequence,Sequence,RF_depth2,0.14029881526937082,0.6388888888888888,-20
C295,LOOCV,p5_r6_syq,Sequence_Local,Sequence_Local,RF_depth1,0.40098591671486394,0.7777777777777777,-20
C295,LOOCV,p5_r6_syq,ContactSeek_CCR,ContactSeek_CCR,RF_depth1,0.2929483865230815,0.9444444444444444,-20
C295,LOOCV,p5_r6_syq,Nested_all,ContactSeek_CCR,RF_depth1,0.2929483865230815,0.9444444444444444,-20
C295,LOOCV,p5_r6_thn,Total_CP,Total_CP,LR_0.01,0.49464935355382833,0.5789473684210527,-20
C295,LOOCV,p5_r6_thn,Interface_RMS,Interface_RMS,LR_0.01,0.48880286978429555,0.5526315789473684,-20
C295,LOOCV,p5_r6_thn,CP_summary,CP_summary,LDA_shrinkage,0.00013283696345192287,0.6578947368421053,-20
C295,LOOCV,p5_r6_thn,Repository,Repository,LDA_shrinkage,1.8787471277140277e-06,0.7368421052631579,-20
C295,LOOCV,p5_r6_thn,Local_deltaCP,Local_deltaCP,LR_0.1,0.28359368728622825,0.6578947368421053,-20
C295,LOOCV,p5_r6_thn,Sequence,Sequence,SVM_RBF,0.39630953375557265,0.6973684210526316,-20
C295,LOOCV,p5_r6_thn,Sequence_Local,Sequence_Local,LDA_shrinkage,1.0784085864605533e-10,0.6447368421052632,-20
C295,LOOCV,p5_r6_thn,ContactSeek_CCR,ContactSeek_CCR,LR_0.1,0.32520345086541536,0.7368421052631579,-20
C295,LOOCV,p5_r6_thn,Nested_all,Repository,LDA_shrinkage,1.8787471277140277e-06,0.7368421052631579,-20
C295,LOOCV,p5_r6_twd,Total_CP,Total_CP,LR_0.01,0.49628428236619704,0.5833333333333334,-20
C295,LOOCV,p5_r6_twd,Interface_RMS,Interface_RMS,LR_0.01,0.5004608352495014,0.6944444444444444,-20
C295,LOOCV,p5_r6_twd,CP_summary,CP_summary,LDA_shrinkage,0.27854220472064206,0.8611111111111112,-20
C295,LOOCV,p5_r6_twd,Repository,Repository,LDA_shrinkage,0.012920870824742588,0.8055555555555556,-20
C295,LOOCV,p5_r6_twd,Local_deltaCP,Local_deltaCP,LR_0.1,0.6077373295160293,0.8055555555555556,-20
C295,LOOCV,p5_r6_twd,Sequence,Sequence,RF_depth2,0.16405548208246862,0.75,-20
C295,LOOCV,p5_r6_twd,Sequence_Local,Sequence_Local,RF_depth1,0.4096312801233853,0.8055555555555556,-20
C295,LOOCV,p5_r6_twd,ContactSeek_CCR,ContactSeek_CCR,RF_depth1,0.29189648376524446,0.9722222222222222,-20
C295,LOOCV,p5_r6_twd,Nested_all,ContactSeek_CCR,RF_depth1,0.29189648376524446,0.9722222222222222,-20
C295,LOOCV,p5_r6_tye,Total_CP,Total_CP,LR_0.01,0.4952468257600273,0.5555555555555556,-20
C295,LOOCV,p5_r6_tye,Interface_RMS,Interface_RMS,SVM_RBF,0.46212531843697385,0.6944444444444444,-20
C295,LOOCV,p5_r6_tye,CP_summary,CP_summary,LDA_shrinkage,0.3717537698553795,0.8888888888888888,-20
C295,LOOCV,p5_r6_tye,Repository,Repository,LDA_shrinkage,0.015775531263527945,0.8333333333333333,-20
C295,LOOCV,p5_r6_tye,Local_deltaCP,Local_deltaCP,RF_depth1,0.29775424354932,0.9444444444444444,-20
C295,LOOCV,p5_r6_tye,Sequence,Sequence,RF_depth2,0.14411428112656177,0.6944444444444444,-20
C295,LOOCV,p5_r6_tye,Sequence_Local,Sequence_Local,RF_depth1,0.2677900327742433,0.8333333333333333,-20
C295,LOOCV,p5_r6_tye,ContactSeek_CCR,ContactSeek_CCR,ExtraTrees_depth2,0.3456483516483516,0.9722222222222222,-20
C295,LOOCV,p5_r6_tye,Nested_all,ContactSeek_CCR,ExtraTrees_depth2,0.3456483516483516,0.9722222222222222,-20
C295,LOOCV,p5_r6_vfn,Total_CP,Total_CP,LR_0.01,0.4961743131743906,0.5833333333333334,-20
C295,LOOCV,p5_r6_vfn,Interface_RMS,Interface_RMS,LR_0.01,0.5011411060823193,0.6944444444444444,-20
C295,LOOCV,p5_r6_vfn,CP_summary,CP_summary,LDA_shrinkage,0.31277054528509507,0.8333333333333333,-20
C295,LOOCV,p5_r6_vfn,Repository,Repository,LDA_shrinkage,0.014174640243252181,0.7777777777777778,-20
C295,LOOCV,p5_r6_vfn,Local_deltaCP,Local_deltaCP,RF_depth1,0.3936529593213802,0.8055555555555556,-20
C295,LOOCV,p5_r6_vfn,Sequence,Sequence,RF_depth1,0.1910169421050741,0.7777777777777778,-20
C295,LOOCV,p5_r6_vfn,Sequence_Local,Sequence_Local,RF_depth1,0.4096312801233853,0.8055555555555556,-20
C295,LOOCV,p5_r6_vfn,ContactSeek_CCR,ContactSeek_CCR,ExtraTrees_depth2,0.38725274725274716,0.9722222222222222,-20
C295,LOOCV,p5_r6_vfn,Nested_all,ContactSeek_CCR,ExtraTrees_depth2,0.38725274725274716,0.9722222222222222,-20
C295,LOOCV,p6_r7_qfw,Total_CP,Total_CP,LR_0.01,0.49521863134145333,0.5555555555555556,-20
C295,LOOCV,p6_r7_qfw,Interface_RMS,Interface_RMS,GaussianNB,0.5321292085606334,0.6944444444444444,-20
C295,LOOCV,p6_r7_qfw,CP_summary,CP_summary,LDA_shrinkage,0.2315012245453615,0.8333333333333333,-20
C295,LOOCV,p6_r7_qfw,Repository,Repository,LDA_shrinkage,0.06926569302789101,0.9166666666666667,-20
C295,LOOCV,p6_r7_qfw,Local_deltaCP,Local_deltaCP,RF_depth1,0.3936529593213802,0.8055555555555556,-20
C295,LOOCV,p6_r7_qfw,Sequence,Sequence,RF_depth2,0.1451015836790817,0.6944444444444444,-20
C295,LOOCV,p6_r7_qfw,Sequence_Local,Sequence_Local,LR_1,0.22609971082682168,0.75,-20
C295,LOOCV,p6_r7_qfw,ContactSeek_CCR,ContactSeek_CCR,ExtraTrees_depth2,0.36364835164835163,0.9722222222222222,-20
C295,LOOCV,p6_r7_qfw,Nested_all,ContactSeek_CCR,ExtraTrees_depth2,0.36364835164835163,0.9722222222222222,-20
C295,LOOCV,p6_r7_qrw,Total_CP,Total_CP,LR_0.01,0.49609017799547256,0.5833333333333334,-20
C295,LOOCV,p6_r7_qrw,Interface_RMS,Interface_RMS,LR_0.01,0.5008573620371753,0.6944444444444444,-20
C295,LOOCV,p6_r7_qrw,CP_summary,CP_summary,LDA_shrinkage,0.2329144568714434,0.8611111111111112,-20
C295,LOOCV,p6_r7_qrw,Repository,Repository,LDA_shrinkage,0.04365803476066975,0.8333333333333333,-20
C295,LOOCV,p6_r7_qrw,Local_deltaCP,Local_deltaCP,LR_1,0.3921859894299785,0.8888888888888888,-20
C295,LOOCV,p6_r7_qrw,Sequence,Sequence,RF_depth2,0.1480233034938917,0.75,-20
C295,LOOCV,p6_r7_qrw,Sequence_Local,Sequence_Local,LR_1,0.4065501710030148,0.8611111111111112,-20
C295,LOOCV,p6_r7_qrw,ContactSeek_CCR,ContactSeek_CCR,ExtraTrees_depth2,0.3701318681318681,0.9722222222222222,-20
C295,LOOCV,p6_r7_qrw,Nested_all,ContactSeek_CCR,ExtraTrees_depth2,0.3701318681318681,0.9722222222222222,-20
C295,LOOCV,p6_r7_trq,Total_CP,Total_CP,LR_0.01,0.4960673870557559,0.5833333333333334,-20
C295,LOOCV,p6_r7_trq,Interface_RMS,Interface_RMS,LR_0.01,0.5008573620371753,0.6944444444444444,-20
C295,LOOCV,p6_r7_trq,CP_summary,CP_summary,LDA_shrinkage,0.23827728616883226,0.8333333333333333,-20
C295,LOOCV,p6_r7_trq,Repository,Repository,LDA_shrinkage,0.011911827627266084,0.75,-20
C295,LOOCV,p6_r7_trq,Local_deltaCP,Local_deltaCP,LR_1,0.36921204699605337,0.8333333333333333,-20
C295,LOOCV,p6_r7_trq,Sequence,Sequence,RF_depth1,0.15569742940243447,0.6944444444444444,-20
C295,LOOCV,p6_r7_trq,Sequence_Local,Sequence_Local,LR_1,0.3707713130902882,0.8333333333333333,-20
C295,LOOCV,p6_r7_trq,ContactSeek_CCR,ContactSeek_CCR,ExtraTrees_depth2,0.36989010989010984,0.9722222222222222,-20
C295,LOOCV,p6_r7_trq,Nested_all,ContactSeek_CCR,ExtraTrees_depth2,0.36989010989010984,0.9722222222222222,-20
C295,LOOCV,p6_r7_wfd,Total_CP,Total_CP,LR_0.01,0.49586527160532,0.5833333333333334,-20
C295,LOOCV,p6_r7_wfd,Interface_RMS,Interface_RMS,LR_0.01,0.5009095890054831,0.6944444444444444,-20
C295,LOOCV,p6_r7_wfd,CP_summary,CP_summary,LR_1,0.38399874795539657,0.8055555555555556,-20
C295,LOOCV,p6_r7_wfd,Repository,Repository,LDA_shrinkage,0.01521708014778802,0.75,-20
C295,LOOCV,p6_r7_wfd,Local_deltaCP,Local_deltaCP,LR_0.1,0.4887830009550382,0.8055555555555556,-20
C295,LOOCV,p6_r7_wfd,Sequence,Sequence,LR_0.01,0.44859252422430135,0.5833333333333334,-20
C295,LOOCV,p6_r7_wfd,Sequence_Local,Sequence_Local,LR_1,0.3707713130902882,0.8333333333333333,-20
C295,LOOCV,p6_r7_wfd,ContactSeek_CCR,ContactSeek_CCR,ExtraTrees_depth2,0.38850549450549443,0.9722222222222222,-20
C295,LOOCV,p6_r7_wfd,Nested_all,ContactSeek_CCR,ExtraTrees_depth2,0.38850549450549443,0.9722222222222222,-20
C295,LOOCV,p6_r7_wfq,Total_CP,Total_CP,GaussianNB,0.5741505796662237,0.611111111111111,-20
C295,LOOCV,p6_r7_wfq,Interface_RMS,Interface_RMS,LR_0.01,0.5000214105083358,0.6944444444444444,-20
C295,LOOCV,p6_r7_wfq,CP_summary,CP_summary,LR_1,0.38399874795539657,0.8055555555555556,-20
C295,LOOCV,p6_r7_wfq,Repository,Repository,LDA_shrinkage,0.015351925926159428,0.8055555555555556,-20
C295,LOOCV,p6_r7_wfq,Local_deltaCP,Local_deltaCP,LR_0.1,0.4432650290186504,0.7777777777777778,-20
C295,LOOCV,p6_r7_wfq,Sequence,Sequence,RF_depth2,0.14162187353415415,0.6666666666666666,-20
C295,LOOCV,p6_r7_wfq,Sequence_Local,Sequence_Local,LR_1,0.3707713130902882,0.8333333333333333,-20
C295,LOOCV,p6_r7_wfq,ContactSeek_CCR,ContactSeek_CCR,ExtraTrees_depth2,0.39901098901098886,0.9722222222222222,-20
C295,LOOCV,p6_r7_wfq,Nested_all,ContactSeek_CCR,ExtraTrees_depth2,0.39901098901098886,0.9722222222222222,-20
C295,LOOCV,p7_r5_syvirr,Total_CP,Total_CP,LR_0.01,0.4930136262224092,0.5555555555555556,-20
C295,LOOCV,p7_r5_syvirr,Interface_RMS,Interface_RMS,LR_0.01,0.500996556288135,0.6944444444444444,-20
C295,LOOCV,p7_r5_syvirr,CP_summary,CP_summary,LDA_shrinkage,0.18067385306478825,0.8333333333333333,-20
C295,LOOCV,p7_r5_syvirr,Repository,Repository,LDA_shrinkage,0.016009946783452057,0.8333333333333333,-20
C295,LOOCV,p7_r5_syvirr,Local_deltaCP,Local_deltaCP,LR_1,0.46688612639971505,0.8611111111111112,-20
C295,LOOCV,p7_r5_syvirr,Sequence,Sequence,RF_depth1,0.12063926661578875,0.6388888888888888,-20
C295,LOOCV,p7_r5_syvirr,Sequence_Local,Sequence_Local,LR_1,0.3709202511812127,0.8055555555555556,-20
C295,LOOCV,p7_r5_syvirr,ContactSeek_CCR,ContactSeek_CCR,ExtraTrees_depth2,0.38896703296703283,0.9722222222222222,-20
C295,LOOCV,p7_r5_syvirr,Nested_all,ContactSeek_CCR,ExtraTrees_depth2,0.38896703296703283,0.9722222222222222,-20
C295,LOOCV,p8_r6_gve,Total_CP,Total_CP,LR_0.01,0.49480707607961993,0.5555555555555556,-20
C295,LOOCV,p8_r6_gve,Interface_RMS,Interface_RMS,LR_0.01,0.500839576712783,0.6944444444444444,-20
C295,LOOCV,p8_r6_gve,CP_summary,CP_summary,LDA_shrinkage,0.1747933979614959,0.8333333333333333,-20
C295,LOOCV,p8_r6_gve,Repository,Repository,LDA_shrinkage,0.012813607680349627,0.8055555555555556,-20
C295,LOOCV,p8_r6_gve,Local_deltaCP,Local_deltaCP,RF_depth1,0.4137999036051667,0.8055555555555556,-20
C295,LOOCV,p8_r6_gve,Sequence,Sequence,RF_depth2,0.11127449217449219,0.6666666666666666,-20
C295,LOOCV,p8_r6_gve,Sequence_Local,Sequence_Local,RF_depth1,0.40523818199344513,0.8055555555555556,-20
C295,LOOCV,p8_r6_gve,ContactSeek_CCR,ContactSeek_CCR,ExtraTrees_depth2,0.4234285714285712,0.9722222222222222,-20
C295,LOOCV,p8_r6_gve,Nested_all,ContactSeek_CCR,ExtraTrees_depth2,0.4234285714285712,0.9722222222222222,-20
C295,Position_group_out,4,Total_CP,Total_CP,LR_0.01,0.0,0.5,-20
C295,Position_group_out,4,Interface_RMS,Interface_RMS,LR_0.01,0.0,0.5,-20
C295,Position_group_out,4,CP_summary,CP_summary,LR_0.01,0.0,0.5,-20
C295,Position_group_out,4,Repository,Repository,LR_0.01,0.0,0.5,-20
C295,Position_group_out,4,Local_deltaCP,Local_deltaCP,LR_0.01,0.5,0.5,-20
C295,Position_group_out,4,Sequence,Sequence,LR_0.01,0.0,0.5,-20
C295,Position_group_out,4,Sequence_Local,Sequence_Local,LR_0.01,0.0,0.5,-20
C295,Position_group_out,4,ContactSeek_CCR,ContactSeek_CCR,LR_0.01,0.0,0.5,-20
C295,Position_group_out,4,Nested_all,Total_CP,LR_0.01,0.0,0.5,-20
C295,Position_group_out,4+7,Total_CP,Total_CP,LR_0.01,0.0,0.5,-20
C295,Position_group_out,4+7,Interface_RMS,Interface_RMS,LR_0.01,0.49886056642360344,0.5666666666666667,-20
C295,Position_group_out,4+7,CP_summary,CP_summary,LDA_shrinkage,0.13322907290727426,0.6,-20
C295,Position_group_out,4+7,Repository,Repository,LR_0.01,0.4745553748185204,0.5666666666666667,-20
C295,Position_group_out,4+7,Local_deltaCP,Local_deltaCP,LR_0.01,0.37150882185772705,0.6333333333333333,-20
C295,Position_group_out,4+7,Sequence,Sequence,LR_0.1,0.5088433556664973,0.8333333333333333,-20
C295,Position_group_out,4+7,Sequence_Local,Sequence_Local,RF_depth1,0.18570485598869765,0.6333333333333333,-20
C295,Position_group_out,4+7,ContactSeek_CCR,ContactSeek_CCR,ExtraTrees_depth2,0.18885714285714292,0.7666666666666666,-20
C295,Position_group_out,4+7,Nested_all,Sequence,LR_0.1,0.5088433556664973,0.8333333333333333,-20
C295,Position_group_out,5,Total_CP,Total_CP,LR_0.01,0.0,0.5,-20
C295,Position_group_out,5,Interface_RMS,Interface_RMS,LR_0.01,0.0,0.5,-20
C295,Position_group_out,5,CP_summary,CP_summary,LR_0.01,0.0,0.5,-20
C295,Position_group_out,5,Repository,Repository,LR_0.01,0.0,0.5,-20
C295,Position_group_out,5,Local_deltaCP,Local_deltaCP,LR_0.01,0.0,0.5,-20
C295,Position_group_out,5,Sequence,Sequence,LR_0.01,0.0,0.5,-20
C295,Position_group_out,5,Sequence_Local,Sequence_Local,LR_0.01,0.0,0.5,-20
C295,Position_group_out,5,ContactSeek_CCR,ContactSeek_CCR,LR_0.01,0.0,0.5,-20
C295,Position_group_out,5,Nested_all,Total_CP,LR_0.01,0.0,0.5,-20
C295,Position_group_out,6,Total_CP,Total_CP,LR_0.01,0.0,0.5,-20
C295,Position_group_out,6,Interface_RMS,Interface_RMS,LR_0.01,0.490244411595818,0.5714285714285714,-20
C295,Position_group_out,6,CP_summary,CP_summary,LDA_shrinkage,0.9930514695131685,0.7619047619047619,-20
C295,Position_group_out,6,Repository,Repository,LDA_shrinkage,0.22072647876836898,0.6904761904761905,-20
C295,Position_group_out,6,Local_deltaCP,Local_deltaCP,LR_0.01,0.3685511753349582,0.6785714285714286,-20
C295,Position_group_out,6,Sequence,Sequence,LDA_shrinkage,4.5834801864917336e-05,0.6071428571428571,-20
C295,Position_group_out,6,Sequence_Local,Sequence_Local,LR_0.01,0.3977228121108125,0.6428571428571428,-20
C295,Position_group_out,6,ContactSeek_CCR,ContactSeek_CCR,LR_0.01,0.30374763297191426,0.6428571428571428,-20
C295,Position_group_out,6,Nested_all,CP_summary,LDA_shrinkage,0.9930514695131685,0.7619047619047619,-20
C295,Position_group_out,7,Total_CP,Total_CP,LR_0.01,0.492090167587911,0.5277777777777778,-20
C295,Position_group_out,7,Interface_RMS,Interface_RMS,SVM_RBF,0.4305834959291407,0.6111111111111112,-20
C295,Position_group_out,7,CP_summary,CP_summary,LR_1,0.3494923042320355,0.6111111111111112,-20
C295,Position_group_out,7,Repository,Repository,LR_1,0.24509823351768495,0.6944444444444444,-20
C295,Position_group_out,7,Local_deltaCP,Local_deltaCP,LR_0.1,0.24711637400046937,0.7222222222222222,-20
C295,Position_group_out,7,Sequence,Sequence,LR_0.01,0.5086602360161907,0.6388888888888888,-20
C295,Position_group_out,7,Sequence_Local,Sequence_Local,RF_depth1,0.1825201896143073,0.7222222222222222,-20
C295,Position_group_out,7,ContactSeek_CCR,ContactSeek_CCR,RF_depth1,0.23468126918548918,0.75,-20
C295,Position_group_out,7,Nested_all,ContactSeek_CCR,RF_depth1,0.23468126918548918,0.75,-20
C295,Position_group_out,8,Total_CP,Total_CP,LR_0.01,0.4935501363714816,0.5277777777777778,-20
C295,Position_group_out,8,Interface_RMS,Interface_RMS,SVM_RBF,0.4377689374172211,0.6111111111111112,-20
C295,Position_group_out,8,CP_summary,CP_summary,LR_1,0.18802281665798165,0.6111111111111112,-20
C295,Position_group_out,8,Repository,Repository,LR_1,0.22122627900410652,0.6944444444444444,-20
C295,Position_group_out,8,Local_deltaCP,Local_deltaCP,LR_0.1,0.24178842056892547,0.7222222222222222,-20
C295,Position_group_out,8,Sequence,Sequence,LR_0.01,0.5097569818978345,0.6388888888888888,-20
C295,Position_group_out,8,Sequence_Local,Sequence_Local,LR_0.1,0.3417356005459492,0.7222222222222222,-20
C295,Position_group_out,8,ContactSeek_CCR,ContactSeek_CCR,LR_0.01,0.562022339244447,0.7222222222222222,-20
C295,Position_group_out,8,Nested_all,Local_deltaCP,LR_0.1,0.24178842056892547,0.7222222222222222,-20
C295,Strict_position_out,P4,Total_CP,Total_CP,LR_0.01,0.0,0.5,-20
C295,Strict_position_out,P4,Interface_RMS,Interface_RMS,LR_0.01,0.0,0.5,-20
C295,Strict_position_out,P4,CP_summary,CP_summary,LR_0.01,0.0,0.5,-20
C295,Strict_position_out,P4,Repository,Repository,LR_0.01,0.0,0.5,-20
C295,Strict_position_out,P4,Local_deltaCP,Local_deltaCP,LR_0.01,0.0,0.5,-20
C295,Strict_position_out,P4,Sequence,Sequence,LR_0.01,0.0,0.5,-20
C295,Strict_position_out,P4,Sequence_Local,Sequence_Local,LR_0.01,0.0,0.5,-20
C295,Strict_position_out,P4,ContactSeek_CCR,ContactSeek_CCR,LR_0.01,0.5,0.5,-20
C295,Strict_position_out,P4,Nested_all,Total_CP,LR_0.01,0.0,0.5,-20
C295,Strict_position_out,P5,Total_CP,Total_CP,LR_0.01,0.0,0.5,-20
C295,Strict_position_out,P5,Interface_RMS,Interface_RMS,LR_0.01,0.0,0.5,-20
C295,Strict_position_out,P5,CP_summary,CP_summary,LR_0.01,0.0,0.5,-20
C295,Strict_position_out,P5,Repository,Repository,LR_0.01,0.0,0.5,-20
C295,Strict_position_out,P5,Local_deltaCP,Local_deltaCP,LR_0.01,0.0,0.5,-20
C295,Strict_position_out,P5,Sequence,Sequence,LR_0.01,0.0,0.5,-20
C295,Strict_position_out,P5,Sequence_Local,Sequence_Local,LR_0.01,0.0,0.5,-20
C295,Strict_position_out,P5,ContactSeek_CCR,ContactSeek_CCR,LR_0.01,0.0,0.5,-20
C295,Strict_position_out,P5,Nested_all,Total_CP,LR_0.01,0.0,0.5,-20
C295,Strict_position_out,P6,Total_CP,Total_CP,LR_0.01,0.49696447668433397,0.5178571428571429,-20
C295,Strict_position_out,P6,Interface_RMS,Interface_RMS,SVM_RBF,0.2712542604489202,0.5892857142857143,-20
C295,Strict_position_out,P6,CP_summary,CP_summary,LDA_shrinkage,0.9930514695131685,0.7619047619047619,-20
C295,Strict_position_out,P6,Repository,Repository,LDA_shrinkage,0.004424391189502617,0.7321428571428572,-20
C295,Strict_position_out,P6,Local_deltaCP,Local_deltaCP,LR_0.1,0.21807291022207603,0.6964285714285714,-20
C295,Strict_position_out,P6,Sequence,Sequence,LR_1,0.5,0.5892857142857143,-20
C295,Strict_position_out,P6,Sequence_Local,Sequence_Local,LR_0.1,0.2473224912888437,0.6785714285714286,-20
C295,Strict_position_out,P6,ContactSeek_CCR,ContactSeek_CCR,LR_0.01,0.2881864386864813,0.6071428571428571,-20
C295,Strict_position_out,P6,Nested_all,CP_summary,LDA_shrinkage,0.9930514695131685,0.7619047619047619,-20
C295,Strict_position_out,P7,Total_CP,Total_CP,SVM_RBF,0.2686584303506694,0.5357142857142857,-20
C295,Strict_position_out,P7,Interface_RMS,Interface_RMS,LR_0.01,0.4992806385084251,0.6190476190476191,-20
C295,Strict_position_out,P7,CP_summary,CP_summary,LDA_shrinkage,0.1623614230449781,0.6190476190476191,-20
C295,Strict_position_out,P7,Repository,Repository,LDA_shrinkage,0.5606589254161505,0.6547619047619048,-20
C295,Strict_position_out,P7,Local_deltaCP,Local_deltaCP,RF_depth1,0.37180341880341883,0.6547619047619048,-20
C295,Strict_position_out,P7,Sequence,Sequence,LR_0.1,0.5091011519020234,0.7857142857142857,-20
C295,Strict_position_out,P7,Sequence_Local,Sequence_Local,RF_depth1,0.3899765100698634,0.6547619047619048,-20
C295,Strict_position_out,P7,ContactSeek_CCR,ContactSeek_CCR,RF_depth1,0.3127278781674059,0.7142857142857143,-20
C295,Strict_position_out,P7,Nested_all,Sequence,LR_0.1,0.5091011519020234,0.7857142857142857,-20
C295,Strict_position_out,P8,Total_CP,Total_CP,LR_0.01,0.4935501363714816,0.5138888888888888,-20
C295,Strict_position_out,P8,Interface_RMS,Interface_RMS,SVM_RBF,0.4377689374172211,0.6111111111111112,-20
C295,Strict_position_out,P8,CP_summary,CP_summary,LR_1,0.18802281665798165,0.5972222222222222,-20
C295,Strict_position_out,P8,Repository,Repository,LR_1,0.21840538609394933,0.6527777777777778,-20
C295,Strict_position_out,P8,Local_deltaCP,Local_deltaCP,LR_0.1,0.24178842056892547,0.6944444444444444,-20
C295,Strict_position_out,P8,Sequence,Sequence,LR_1,0.5,0.625,-20
C295,Strict_position_out,P8,Sequence_Local,Sequence_Local,LR_0.1,0.3417356005459492,0.7083333333333334,-20
C295,Strict_position_out,P8,ContactSeek_CCR,ContactSeek_CCR,LR_0.01,0.562022339244447,0.6805555555555556,-20
C295,Strict_position_out,P8,Nested_all,Sequence_Local,LR_0.1,0.3417356005459492,0.7083333333333334,-20
