feature_id,block,reference_i,reference_j,P_i,P_j,source_R_i,source_R_j,repeat_internal_i,repeat_internal_j,sequence_separation,repeat_separation,importance,endpoint,method,cp_share
PR:17:15,PR,17,15,0,0,0,0,0,0,-1,-1,0.09792418995244578,C871,mean absolute coefficient on standardized original features,0.0016888522143585802
PR:23:13,PR,23,13,0,0,0,0,0,0,-1,-1,0.14148547993159827,C871,mean absolute coefficient on standardized original features,0.002440133190768336
PR:23:14,PR,23,14,0,0,0,0,0,0,-1,-1,0.5018752917166697,C871,mean absolute coefficient on standardized original features,0.008655605914730228
PR:23:15,PR,23,15,0,0,0,0,0,0,-1,-1,0.5800682826554692,C871,mean absolute coefficient on standardized original features,0.01000416346683703
PR:24:13,PR,24,13,0,0,0,0,0,0,-1,-1,0.16133559308849596,C871,mean absolute coefficient on standardized original features,0.0027824787090368563
PR:24:14,PR,24,14,0,0,0,0,0,0,-1,-1,0.19159757549168116,C871,mean absolute coefficient on standardized original features,0.0033043928144005966
PR:24:15,PR,24,15,0,0,0,0,0,0,-1,-1,0.128712602784452,C871,mean absolute coefficient on standardized original features,0.002219845416479229
PR:25:11,PR,25,11,0,0,0,0,0,0,-1,-1,0.24226387165790575,C871,mean absolute coefficient on standardized original features,0.0041782104739107725
PR:25:12,PR,25,12,0,0,0,0,0,0,-1,-1,0.0018787306250080803,C871,mean absolute coefficient on standardized original features,3.240157899461826e-05
PR:25:13,PR,25,13,0,0,0,0,0,0,-1,-1,0.07357132096576675,C871,mean absolute coefficient on standardized original features,0.0012688497947918708
PR:25:14,PR,25,14,0,0,0,0,0,0,-1,-1,0.033845750255549464,C871,mean absolute coefficient on standardized original features,0.0005837216554302937
PR:25:15,PR,25,15,0,0,0,0,0,0,-1,-1,0.21616003170887613,C871,mean absolute coefficient on standardized original features,0.003728009885858019
PR:26:11,PR,26,11,0,0,0,0,0,0,-1,-1,0.01940065527510546,C871,mean absolute coefficient on standardized original features,0.00033459393064451875
PR:26:12,PR,26,12,0,0,0,0,0,0,-1,-1,0.014169033061624356,C871,mean absolute coefficient on standardized original features,0.0002443666153691431
PR:26:13,PR,26,13,0,0,0,0,0,0,-1,-1,0.07637623586133302,C871,mean absolute coefficient on standardized original features,0.0013172248360841694
PR:26:14,PR,26,14,0,0,0,0,0,0,-1,-1,0.350089939341477,C871,mean absolute coefficient on standardized original features,0.006037835692780701
PR:26:15,PR,26,15,0,0,0,0,0,0,-1,-1,0.09546924008480245,C871,mean absolute coefficient on standardized original features,0.0016465128544708735
PR:27:11,PR,27,11,0,0,0,0,0,0,-1,-1,0.026331832977044896,C871,mean absolute coefficient on standardized original features,0.00045413267603233156
PR:27:12,PR,27,12,0,0,0,0,0,0,-1,-1,0.01279068814597242,C871,mean absolute coefficient on standardized original features,0.00022059495216642368
PR:27:13,PR,27,13,0,0,0,0,0,0,-1,-1,0.060307891153387735,C871,mean absolute coefficient on standardized original features,0.0010401016905746815
PR:27:14,PR,27,14,0,0,0,0,0,0,-1,-1,0.05806613431436216,C871,mean absolute coefficient on standardized original features,0.0010014391700730527
PR:27:15,PR,27,15,0,0,0,0,0,0,-1,-1,0.0015644255525498517,C871,mean absolute coefficient on standardized original features,2.698090798510581e-05
PR:28:11,PR,28,11,0,0,0,0,0,0,-1,-1,0.08913053510935395,C871,mean absolute coefficient on standardized original features,0.0015371922061290226
PR:28:12,PR,28,12,0,0,0,0,0,0,-1,-1,0.012562397440399779,C871,mean absolute coefficient on standardized original features,0.00021665773028272907
PR:28:13,PR,28,13,0,0,0,0,0,0,-1,-1,0.011300484823942344,C871,mean absolute coefficient on standardized original features,0.00019489411990549624
PR:28:14,PR,28,14,0,0,0,0,0,0,-1,-1,0.014945119646556258,C871,mean absolute coefficient on standardized original features,0.00025775141383551525
PR:28:15,PR,28,15,0,0,0,0,0,0,-1,-1,0.09700452725905578,C871,mean absolute coefficient on standardized original features,0.0016729912266195044
PR:29:11,PR,29,11,0,0,0,0,0,0,-1,-1,0.128712602784452,C871,mean absolute coefficient on standardized original features,0.002219845416479229
PR:29:12,PR,29,12,0,0,0,0,0,0,-1,-1,0.021986073686793946,C871,mean absolute coefficient on standardized original features,0.0003791834198375768
PR:29:13,PR,29,13,0,0,0,0,0,0,-1,-1,0.019011558793294026,C871,mean absolute coefficient on standardized original features,0.00032788336755254434
PR:29:14,PR,29,14,0,0,0,0,0,0,-1,-1,0.03234553826169548,C871,mean absolute coefficient on standardized original features,0.0005578482083376194
PR:29:15,PR,29,15,0,0,0,0,0,0,-1,-1,0.2840334082616184,C871,mean absolute coefficient on standardized original features,0.004898589926834191
PR:30:12,PR,30,12,0,0,0,0,0,0,-1,-1,0.023487645160466857,C871,mean absolute coefficient on standardized original features,0.00040508031323604836
PR:30:13,PR,30,13,0,0,0,0,0,0,-1,-1,0.04443137797531789,C871,mean absolute coefficient on standardized original features,0.0007662869727802583
PR:30:14,PR,30,14,0,0,0,0,0,0,-1,-1,0.00040185346046517367,C871,mean absolute coefficient on standardized original features,6.9305766724631045e-06
PR:30:15,PR,30,15,0,0,0,0,0,0,-1,-1,0.29603709795689415,C871,mean absolute coefficient on standardized original features,0.005105611888743547
PR:31:11,PR,31,11,0,0,0,0,0,0,-1,-1,0.128712602784452,C871,mean absolute coefficient on standardized original features,0.002219845416479229
PR:31:12,PR,31,12,0,0,0,0,0,0,-1,-1,0.01686141475951127,C871,mean absolute coefficient on standardized original features,0.0002908008497966423
PR:31:13,PR,31,13,0,0,0,0,0,0,-1,-1,0.0028387735368871686,C871,mean absolute coefficient on standardized original features,4.8958985273839276e-05
PR:31:14,PR,31,14,0,0,0,0,0,0,-1,-1,0.032775740744325696,C871,mean absolute coefficient on standardized original features,0.0005652677071944945
PR:31:15,PR,31,15,0,0,0,0,0,0,-1,-1,0.11094185974873291,C871,mean absolute coefficient on standardized original features,0.0019133618117514685
PR:32:12,PR,32,12,0,0,0,0,0,0,-1,-1,0.033845750255549464,C871,mean absolute coefficient on standardized original features,0.0005837216554302937
PR:32:13,PR,32,13,0,0,0,0,0,0,-1,-1,0.044505683947915854,C871,mean absolute coefficient on standardized original features,0.0007675684927644735
PR:32:14,PR,32,14,0,0,0,0,0,0,-1,-1,0.03153021249978939,C871,mean absolute coefficient on standardized original features,0.0005437866703347278
PR:32:15,PR,32,15,0,0,0,0,0,0,-1,-1,0.15180733818990677,C871,mean absolute coefficient on standardized original features,0.0026181494009029837
PR:33:12,PR,33,12,0,0,0,0,0,0,-1,-1,0.06379758470118607,C871,mean absolute coefficient on standardized original features,0.001100286785580258
PR:33:13,PR,33,13,0,0,0,0,0,0,-1,-1,0.2342869017077684,C871,mean absolute coefficient on standardized original features,0.004040635443974823
PR:33:14,PR,33,14,0,0,0,0,0,0,-1,-1,0.016508331042702162,C871,mean absolute coefficient on standardized original features,0.00028471138183906616
PR:33:15,PR,33,15,0,0,0,0,0,0,-1,-1,0.20403211140362115,C871,mean absolute coefficient on standardized original features,0.0035188453773434126
PR:34:14,PR,34,14,0,0,0,0,0,0,-1,-1,0.16133559308849596,C871,mean absolute coefficient on standardized original features,0.0027824787090368563
PR:34:15,PR,34,15,0,0,0,0,0,0,-1,-1,0.2754964429362363,C871,mean absolute coefficient on standardized original features,0.004751356921376852
PR:48:10,PR,48,10,1,0,1,0,8,0,-1,-1,0.011222910636200987,C871,mean absolute coefficient on standardized original features,0.0001935562345596212
PR:48:11,PR,48,11,1,0,1,0,8,0,-1,-1,0.18044469146700706,C871,mean absolute coefficient on standardized original features,0.003112044295707695
PR:48:12,PR,48,12,1,0,1,0,8,0,-1,-1,0.18169360673332152,C871,mean absolute coefficient on standardized original features,0.0031335837469309903
PR:48:13,PR,48,13,1,0,1,0,8,0,-1,-1,0.29003671846865736,C871,mean absolute coefficient on standardized original features,0.00500212618014977
PR:48:14,PR,48,14,1,0,1,0,8,0,-1,-1,0.11644913878003138,C871,mean absolute coefficient on standardized original features,0.002008343249857985
PR:48:15,PR,48,15,1,0,1,0,8,0,-1,-1,0.3239716988924317,C871,mean absolute coefficient on standardized original features,0.005587386746111439
PR:49:1,PR,49,1,1,0,1,0,9,0,-1,-1,0.016971233522274805,C871,mean absolute coefficient on standardized original features,0.00029269484208558933
PR:49:2,PR,49,2,1,0,1,0,9,0,-1,-1,0.01697123352609343,C871,mean absolute coefficient on standardized original features,0.00029269484215144735
PR:49:3,PR,49,3,1,0,1,0,9,0,-1,-1,0.016971233522274805,C871,mean absolute coefficient on standardized original features,0.00029269484208558933
PR:49:6,PR,49,6,1,0,1,0,9,0,-1,-1,0.029233222301603533,C871,mean absolute coefficient on standardized original features,0.000504171566197027
PR:49:7,PR,49,7,1,0,1,0,9,0,-1,-1,0.0054695761434087895,C871,mean absolute coefficient on standardized original features,9.43311942216182e-05
PR:49:8,PR,49,8,1,0,1,0,9,0,-1,-1,0.002016128474791562,C871,mean absolute coefficient on standardized original features,3.477121476048598e-05
PR:49:9,PR,49,9,1,0,1,0,9,0,-1,-1,0.04229482283123025,C871,mean absolute coefficient on standardized original features,0.0007294388161813228
PR:49:10,PR,49,10,1,0,1,0,9,0,-1,-1,0.027453960761392525,C871,mean absolute coefficient on standardized original features,0.00047348548348786514
PR:49:11,PR,49,11,1,0,1,0,9,0,-1,-1,0.11788441491600214,C871,mean absolute coefficient on standardized original features,0.002033096778905582
PR:49:12,PR,49,12,1,0,1,0,9,0,-1,-1,0.12974197226043582,C871,mean absolute coefficient on standardized original features,0.0022375984652381986
PR:49:13,PR,49,13,1,0,1,0,9,0,-1,-1,0.049014905090551036,C871,mean absolute coefficient on standardized original features,0.0008453368982572345
PR:49:14,PR,49,14,1,0,1,0,9,0,-1,-1,0.10786026645202347,C871,mean absolute coefficient on standardized original features,0.0018602150288633216
PR:49:15,PR,49,15,1,0,1,0,9,0,-1,-1,0.10990820889795257,C871,mean absolute coefficient on standardized original features,0.0018955349241452318
PR:50:8,PR,50,8,1,0,1,0,10,0,-1,-1,0.02292300076479411,C871,mean absolute coefficient on standardized original features,0.0003953421582569756
PR:50:9,PR,50,9,1,0,1,0,10,0,-1,-1,0.10117268501943016,C871,mean absolute coefficient on standardized original features,0.0017448774731825105
PR:50:10,PR,50,10,1,0,1,0,10,0,-1,-1,0.1268604452981184,C871,mean absolute coefficient on standardized original features,0.002187902131845939
PR:50:11,PR,50,11,1,0,1,0,10,0,-1,-1,0.012239951734605604,C871,mean absolute coefficient on standardized original features,0.00021109666161823096
PR:50:12,PR,50,12,1,0,1,0,10,0,-1,-1,0.013141884002501714,C871,mean absolute coefficient on standardized original features,0.00022665186109016445
PR:50:13,PR,50,13,1,0,1,0,10,0,-1,-1,0.005864729429335926,C871,mean absolute coefficient on standardized original features,0.0001011462161510638
PR:50:14,PR,50,14,1,0,1,0,10,0,-1,-1,0.07328381453836973,C871,mean absolute coefficient on standardized original features,0.0012638913073457394
PR:50:15,PR,50,15,1,0,1,0,10,0,-1,-1,0.10612024436616964,C871,mean absolute coefficient on standardized original features,0.0018302056904745726
PR:51:10,PR,51,10,1,0,1,0,11,0,-1,-1,0.18193538594798211,C871,mean absolute coefficient on standardized original features,0.0031377535987547707
PR:51:11,PR,51,11,1,0,1,0,11,0,-1,-1,0.009497260797401392,C871,mean absolute coefficient on standardized original features,0.00016379476752191065
PR:51:12,PR,51,12,1,0,1,0,11,0,-1,-1,0.023487645160466857,C871,mean absolute coefficient on standardized original features,0.00040508031323604836
PR:51:13,PR,51,13,1,0,1,0,11,0,-1,-1,0.16683307776319822,C871,mean absolute coefficient on standardized original features,0.0028772912285050492
PR:51:14,PR,51,14,1,0,1,0,11,0,-1,-1,0.12987493827601226,C871,mean absolute coefficient on standardized original features,0.0022398916672544704
PR:51:15,PR,51,15,1,0,1,0,11,0,-1,-1,0.14879299037954277,C871,mean absolute coefficient on standardized original features,0.0025661623691302176
PR:52:2,PR,52,2,1,0,1,0,12,0,-1,-1,0.01697123293998106,C871,mean absolute coefficient on standardized original features,0.00029269483204304435
PR:52:3,PR,52,3,1,0,1,0,12,0,-1,-1,0.016971233522274805,C871,mean absolute coefficient on standardized original features,0.00029269484208558933
PR:52:6,PR,52,6,1,0,1,0,12,0,-1,-1,0.029233222301603533,C871,mean absolute coefficient on standardized original features,0.000504171566197027
PR:52:7,PR,52,7,1,0,1,0,12,0,-1,-1,0.08215876322254724,C871,mean absolute coefficient on standardized original features,0.001416953352024084
PR:52:8,PR,52,8,1,0,1,0,12,0,-1,-1,0.0001712905077349944,C871,mean absolute coefficient on standardized original features,2.954166416156558e-06
PR:52:9,PR,52,9,1,0,1,0,12,0,-1,-1,0.029567804278976102,C871,mean absolute coefficient on standardized original features,0.0005099419434004997
PR:52:10,PR,52,10,1,0,1,0,12,0,-1,-1,0.18670326651572142,C871,mean absolute coefficient on standardized original features,0.003219982981081386
PR:52:11,PR,52,11,1,0,1,0,12,0,-1,-1,0.15410032138427568,C871,mean absolute coefficient on standardized original features,0.0026576953981400048
PR:52:12,PR,52,12,1,0,1,0,12,0,-1,-1,0.11836776308096429,C871,mean absolute coefficient on standardized original features,0.0020414328562231364
PR:52:13,PR,52,13,1,0,1,0,12,0,-1,-1,0.08971039758337797,C871,mean absolute coefficient on standardized original features,0.0015471928201116808
PR:52:14,PR,52,14,1,0,1,0,12,0,-1,-1,0.11495664816376788,C871,mean absolute coefficient on standardized original features,0.0019826029697146406
PR:52:15,PR,52,15,1,0,1,0,12,0,-1,-1,0.12592602990495672,C871,mean absolute coefficient on standardized original features,0.0021717867112676504
PR:53:1,PR,53,1,1,0,1,0,13,0,-1,-1,0.016971233522274805,C871,mean absolute coefficient on standardized original features,0.00029269484208558933
PR:53:2,PR,53,2,1,0,1,0,13,0,-1,-1,0.0005303667746915133,C871,mean absolute coefficient on standardized original features,9.146985053386279e-06
PR:53:3,PR,53,3,1,0,1,0,13,0,-1,-1,0.016971233522274805,C871,mean absolute coefficient on standardized original features,0.00029269484208558933
PR:53:6,PR,53,6,1,0,1,0,13,0,-1,-1,0.03770855023380796,C871,mean absolute coefficient on standardized original features,0.0006503415406708476
PR:53:7,PR,53,7,1,0,1,0,13,0,-1,-1,0.0001712905077349944,C871,mean absolute coefficient on standardized original features,2.954166416156558e-06
PR:53:8,PR,53,8,1,0,1,0,13,0,-1,-1,0.011293897603114602,C871,mean absolute coefficient on standardized original features,0.00019478051322172583
PR:53:9,PR,53,9,1,0,1,0,13,0,-1,-1,0.027872486096839497,C871,mean absolute coefficient on standardized original features,0.00048070359210717603
PR:53:10,PR,53,10,1,0,1,0,13,0,-1,-1,0.03344672322713253,C871,mean absolute coefficient on standardized original features,0.0005768398248952838
PR:53:11,PR,53,11,1,0,1,0,13,0,-1,-1,0.05962035884045702,C871,mean absolute coefficient on standardized original features,0.0010282441457770172
PR:53:12,PR,53,12,1,0,1,0,13,0,-1,-1,0.11505462594066129,C871,mean absolute coefficient on standardized original features,0.001984292746117639
PR:53:13,PR,53,13,1,0,1,0,13,0,-1,-1,0.00733625933321907,C871,mean absolute coefficient on standardized original features,0.000126524996796324
PR:53:14,PR,53,14,1,0,1,0,13,0,-1,-1,0.09271478365941466,C871,mean absolute coefficient on standardized original features,0.0015990080465615158
PR:53:15,PR,53,15,1,0,1,0,13,0,-1,-1,0.07859249181747854,C871,mean absolute coefficient on standardized original features,0.0013554475549132903
PR:54:10,PR,54,10,1,0,1,0,14,0,-1,-1,0.13355882570225183,C871,mean absolute coefficient on standardized original features,0.0023034259322841197
PR:54:11,PR,54,11,1,0,1,0,14,0,-1,-1,0.1717866396251477,C871,mean absolute coefficient on standardized original features,0.0029627229683394886
PR:54:12,PR,54,12,1,0,1,0,14,0,-1,-1,0.14167396133758361,C871,mean absolute coefficient on standardized original features,0.002443383840480306
PR:54:13,PR,54,13,1,0,1,0,14,0,-1,-1,0.10664976580491811,C871,mean absolute coefficient on standardized original features,0.001839338096418548
PR:54:14,PR,54,14,1,0,1,0,14,0,-1,-1,0.19189409745504404,C871,mean absolute coefficient on standardized original features,0.0033095067885337967
PR:54:15,PR,54,15,1,0,1,0,14,0,-1,-1,0.1308010676005897,C871,mean absolute coefficient on standardized original features,0.0022558641819247945
PR:56:2,PR,56,2,1,0,1,0,16,0,-1,-1,0.016971233522274805,C871,mean absolute coefficient on standardized original features,0.00029269484208558933
PR:56:3,PR,56,3,1,0,1,0,16,0,-1,-1,0.016971233522274805,C871,mean absolute coefficient on standardized original features,0.00029269484208558933
PR:56:6,PR,56,6,1,0,1,0,16,0,-1,-1,0.029233222301603533,C871,mean absolute coefficient on standardized original features,0.000504171566197027
PR:56:8,PR,56,8,1,0,1,0,16,0,-1,-1,0.0021853556856713144,C871,mean absolute coefficient on standardized original features,3.76897964711214e-05
PR:56:9,PR,56,9,1,0,1,0,16,0,-1,-1,0.06273269217968108,C871,mean absolute coefficient on standardized original features,0.0010819210876472861
PR:56:10,PR,56,10,1,0,1,0,16,0,-1,-1,0.25926589754414825,C871,mean absolute coefficient on standardized original features,0.004471436377341852
PR:56:11,PR,56,11,1,0,1,0,16,0,-1,-1,0.14247545833550937,C871,mean absolute coefficient on standardized original features,0.002457206880327825
PR:56:12,PR,56,12,1,0,1,0,16,0,-1,-1,0.05271021935437516,C871,mean absolute coefficient on standardized original features,0.0009090682365531234
PR:56:13,PR,56,13,1,0,1,0,16,0,-1,-1,0.051240443885108664,C871,mean absolute coefficient on standardized original features,0.0008837197138123577
PR:56:14,PR,56,14,1,0,1,0,16,0,-1,-1,0.10044846249390012,C871,mean absolute coefficient on standardized original features,0.0017323871496319788
PR:56:15,PR,56,15,1,0,1,0,16,0,-1,-1,0.02213413829416251,C871,mean absolute coefficient on standardized original features,0.0003817370201292307
PR:57:10,PR,57,10,1,0,1,0,17,0,-1,-1,0.011554253035338052,C871,mean absolute coefficient on standardized original features,0.00019927074028864758
PR:57:11,PR,57,11,1,0,1,0,17,0,-1,-1,0.14749167799254767,C871,mean absolute coefficient on standardized original features,0.00254371924953519
PR:57:12,PR,57,12,1,0,1,0,17,0,-1,-1,0.09796503313428853,C871,mean absolute coefficient on standardized original features,0.0016895566174088385
PR:57:13,PR,57,13,1,0,1,0,17,0,-1,-1,0.15794988222876105,C871,mean absolute coefficient on standardized original features,0.0027240869542986454
PR:57:14,PR,57,14,1,0,1,0,17,0,-1,-1,0.0367902044191608,C871,mean absolute coefficient on standardized original features,0.0006345032645169478
PR:57:15,PR,57,15,1,0,1,0,17,0,-1,-1,0.05830349371331707,C871,mean absolute coefficient on standardized original features,0.0010055327954246486
PR:58:12,PR,58,12,1,0,1,0,18,0,-1,-1,0.21949045129213082,C871,mean absolute coefficient on standardized original features,0.003785448058087519
PR:58:13,PR,58,13,1,0,1,0,18,0,-1,-1,0.010822955228610279,C871,mean absolute coefficient on standardized original features,0.0001866583927078553
PR:58:14,PR,58,14,1,0,1,0,18,0,-1,-1,0.033845750255549464,C871,mean absolute coefficient on standardized original features,0.0005837216554302937
PR:58:15,PR,58,15,1,0,1,0,18,0,-1,-1,0.13037358783462594,C871,mean absolute coefficient on standardized original features,0.00224849164047521
PR:60:11,PR,60,11,1,0,1,0,20,0,-1,-1,0.09792418995244578,C871,mean absolute coefficient on standardized original features,0.0016888522143585802
PR:60:12,PR,60,12,1,0,1,0,20,0,-1,-1,0.20914216883674028,C871,mean absolute coefficient on standardized original features,0.0036069761223167817
PR:60:13,PR,60,13,1,0,1,0,20,0,-1,-1,0.10282829503117652,C871,mean absolute coefficient on standardized original features,0.0017734309964315658
PR:60:14,PR,60,14,1,0,1,0,20,0,-1,-1,0.06621749970846903,C871,mean absolute coefficient on standardized original features,0.001142021915792661
PR:60:15,PR,60,15,1,0,1,0,20,0,-1,-1,0.10703851584747007,C871,mean absolute coefficient on standardized original features,0.0018460426846363795
PR:61:12,PR,61,12,1,0,1,0,21,0,-1,-1,0.09792418995244578,C871,mean absolute coefficient on standardized original features,0.0016888522143585802
PR:61:13,PR,61,13,1,0,1,0,21,0,-1,-1,0.09409416287741368,C871,mean absolute coefficient on standardized original features,0.0016227975478878903
PR:61:14,PR,61,14,1,0,1,0,21,0,-1,-1,0.020622101587776925,C871,mean absolute coefficient on standardized original features,0.0003556596378091845
PR:61:15,PR,61,15,1,0,1,0,21,0,-1,-1,0.23147794178242279,C871,mean absolute coefficient on standardized original features,0.003992190639966047
PR:85:1,PR,85,1,2,0,2,0,9,0,-1,-1,0.016971233522274805,C871,mean absolute coefficient on standardized original features,0.00029269484208558933
PR:85:2,PR,85,2,2,0,2,0,9,0,-1,-1,0.016971233522274805,C871,mean absolute coefficient on standardized original features,0.00029269484208558933
PR:85:7,PR,85,7,2,0,2,0,9,0,-1,-1,0.07440104500426777,C871,mean absolute coefficient on standardized original features,0.0012831596530649848
PR:85:8,PR,85,8,2,0,2,0,9,0,-1,-1,0.07520295644837825,C871,mean absolute coefficient on standardized original features,0.0012969898406699387
PR:85:9,PR,85,9,2,0,2,0,9,0,-1,-1,0.0682777033819819,C871,mean absolute coefficient on standardized original features,0.0011775532746707027
PR:85:10,PR,85,10,2,0,2,0,9,0,-1,-1,0.03885198518104811,C871,mean absolute coefficient on standardized original features,0.000670061822692678
PR:85:11,PR,85,11,2,0,2,0,9,0,-1,-1,0.15786799267187196,C871,mean absolute coefficient on standardized original features,0.002722674643820998
PR:85:12,PR,85,12,2,0,2,0,9,0,-1,-1,0.11905728586873283,C871,mean absolute coefficient on standardized original features,0.002053324729799411
PR:85:13,PR,85,13,2,0,2,0,9,0,-1,-1,0.08429033839843929,C871,mean absolute coefficient on standardized original features,0.0014537156214656313
PR:85:14,PR,85,14,2,0,2,0,9,0,-1,-1,0.030778858574985496,C871,mean absolute coefficient on standardized original features,0.0005308284243662057
PR:85:15,PR,85,15,2,0,2,0,9,0,-1,-1,0.04252813752970901,C871,mean absolute coefficient on standardized original features,0.0007334626844957773
PR:86:1,PR,86,1,2,0,2,0,10,0,-1,-1,0.016971233522274805,C871,mean absolute coefficient on standardized original features,0.00029269484208558933
PR:86:2,PR,86,2,2,0,2,0,10,0,-1,-1,0.016971233522274805,C871,mean absolute coefficient on standardized original features,0.00029269484208558933
PR:86:3,PR,86,3,2,0,2,0,10,0,-1,-1,0.016971233522274805,C871,mean absolute coefficient on standardized original features,0.00029269484208558933
PR:86:6,PR,86,6,2,0,2,0,10,0,-1,-1,0.036720425066398985,C871,mean absolute coefficient on standardized original features,0.0006332998130052679
PR:86:7,PR,86,7,2,0,2,0,10,0,-1,-1,0.08215876322254724,C871,mean absolute coefficient on standardized original features,0.001416953352024084
PR:86:8,PR,86,8,2,0,2,0,10,0,-1,-1,0.06316800499403169,C871,mean absolute coefficient on standardized original features,0.0010894287219796375
PR:86:9,PR,86,9,2,0,2,0,10,0,-1,-1,0.02764483039885305,C871,mean absolute coefficient on standardized original features,0.000476777321899146
PR:86:10,PR,86,10,2,0,2,0,10,0,-1,-1,0.09973249058016467,C871,mean absolute coefficient on standardized original features,0.0017200391204829212
PR:86:11,PR,86,11,2,0,2,0,10,0,-1,-1,0.1051845941414409,C871,mean absolute coefficient on standardized original features,0.0018140689733399647
PR:86:12,PR,86,12,2,0,2,0,10,0,-1,-1,0.09978867077180903,C871,mean absolute coefficient on standardized original features,0.0017210080336912687
PR:86:13,PR,86,13,2,0,2,0,10,0,-1,-1,0.14134452945758205,C871,mean absolute coefficient on standardized original features,0.0024377022845716878
PR:86:14,PR,86,14,2,0,2,0,10,0,-1,-1,0.053896794689342845,C871,mean absolute coefficient on standardized original features,0.0009295325404491946
PR:86:15,PR,86,15,2,0,2,0,10,0,-1,-1,0.06086476206338902,C871,mean absolute coefficient on standardized original features,0.0010497057799209837
PR:87:9,PR,87,9,2,0,2,0,11,0,-1,-1,0.0896323388412964,C871,mean absolute coefficient on standardized original features,0.0015458465778861539
PR:87:12,PR,87,12,2,0,2,0,11,0,-1,-1,0.05769474643777662,C871,mean absolute coefficient on standardized original features,0.0009950340189243732
PR:87:13,PR,87,13,2,0,2,0,11,0,-1,-1,0.17119488876787864,C871,mean absolute coefficient on standardized original features,0.002952517321030762
PR:87:14,PR,87,14,2,0,2,0,11,0,-1,-1,0.09027323903567201,C871,mean absolute coefficient on standardized original features,0.0015568998805785706
PR:88:7,PR,88,7,2,0,2,0,12,0,-1,-1,0.08215876322254724,C871,mean absolute coefficient on standardized original features,0.001416953352024084
PR:88:8,PR,88,8,2,0,2,0,12,0,-1,-1,0.06143233665098681,C871,mean absolute coefficient on standardized original features,0.0010594944705350565
PR:88:9,PR,88,9,2,0,2,0,12,0,-1,-1,0.0817256184658336,C871,mean absolute coefficient on standardized original features,0.0014094831091569346
PR:88:10,PR,88,10,2,0,2,0,12,0,-1,-1,0.025353688182165626,C871,mean absolute coefficient on standardized original features,0.0004372630751339489
PR:88:11,PR,88,11,2,0,2,0,12,0,-1,-1,0.07465224009284582,C871,mean absolute coefficient on standardized original features,0.0012874918960152412
PR:88:12,PR,88,12,2,0,2,0,12,0,-1,-1,0.13999317031172165,C871,mean absolute coefficient on standardized original features,0.002414396032184118
PR:88:13,PR,88,13,2,0,2,0,12,0,-1,-1,0.051273586766142486,C871,mean absolute coefficient on standardized original features,0.0008842913134145742
PR:88:14,PR,88,14,2,0,2,0,12,0,-1,-1,0.08218615946096211,C871,mean absolute coefficient on standardized original features,0.0014174258419975474
PR:88:15,PR,88,15,2,0,2,0,12,0,-1,-1,0.03531623494911253,C871,mean absolute coefficient on standardized original features,0.000609082409827245
PR:89:1,PR,89,1,2,0,2,0,13,0,-1,-1,0.016971233522274805,C871,mean absolute coefficient on standardized original features,0.00029269484208558933
PR:89:2,PR,89,2,2,0,2,0,13,0,-1,-1,0.003549706864829502,C871,mean absolute coefficient on standardized original features,6.122011631551339e-05
PR:89:3,PR,89,3,2,0,2,0,13,0,-1,-1,0.007837378584590757,C871,mean absolute coefficient on standardized original features,0.0001351675636406122
PR:89:6,PR,89,6,2,0,2,0,13,0,-1,-1,0.028374947190952873,C871,mean absolute coefficient on standardized original features,0.0004893693010789275
PR:89:7,PR,89,7,2,0,2,0,13,0,-1,-1,0.050872144415145995,C871,mean absolute coefficient on standardized original features,0.0008773678269527818
PR:89:8,PR,89,8,2,0,2,0,13,0,-1,-1,0.031523577837267495,C871,mean absolute coefficient on standardized original features,0.0005436722454464845
PR:89:9,PR,89,9,2,0,2,0,13,0,-1,-1,0.02430402230992812,C871,mean absolute coefficient on standardized original features,0.0004191599840231026
PR:89:10,PR,89,10,2,0,2,0,13,0,-1,-1,0.15466464994977253,C871,mean absolute coefficient on standardized original features,0.00266742810614533
PR:89:11,PR,89,11,2,0,2,0,13,0,-1,-1,0.08883709302802337,C871,mean absolute coefficient on standardized original features,0.0015321313492653425
PR:89:12,PR,89,12,2,0,2,0,13,0,-1,-1,0.07332210041110379,C871,mean absolute coefficient on standardized original features,0.0012645516056946661
PR:89:13,PR,89,13,2,0,2,0,13,0,-1,-1,0.07751427333714118,C871,mean absolute coefficient on standardized original features,0.0013368520304676515
PR:89:14,PR,89,14,2,0,2,0,13,0,-1,-1,0.051012761858002395,C871,mean absolute coefficient on standardized original features,0.0008797929895184441
PR:89:15,PR,89,15,2,0,2,0,13,0,-1,-1,0.06481882393847496,C871,mean absolute coefficient on standardized original features,0.0011178996159557023
PR:92:8,PR,92,8,2,0,2,0,16,0,-1,-1,0.009367748750680313,C871,mean absolute coefficient on standardized original features,0.00016156113447376161
PR:92:10,PR,92,10,2,0,2,0,16,0,-1,-1,0.02633346555376193,C871,mean absolute coefficient on standardized original features,0.00045416083231123475
PR:92:11,PR,92,11,2,0,2,0,16,0,-1,-1,0.01923929020966115,C871,mean absolute coefficient on standardized original features,0.00033181094363969306
PR:92:12,PR,92,12,2,0,2,0,16,0,-1,-1,0.03576870710725381,C871,mean absolute coefficient on standardized original features,0.0006168859832505595
PR:92:13,PR,92,13,2,0,2,0,16,0,-1,-1,0.028679987242152268,C871,mean absolute coefficient on standardized original features,0.0004946301826464578
PR:92:14,PR,92,14,2,0,2,0,16,0,-1,-1,0.09027323903567201,C871,mean absolute coefficient on standardized original features,0.0015568998805785706
PR:92:15,PR,92,15,2,0,2,0,16,0,-1,-1,0.06998752865621578,C871,mean absolute coefficient on standardized original features,0.0012070418229237795
PR:93:11,PR,93,11,2,0,2,0,17,0,-1,-1,0.029233222301603533,C871,mean absolute coefficient on standardized original features,0.000504171566197027
PR:93:12,PR,93,12,2,0,2,0,17,0,-1,-1,0.010362539742721682,C871,mean absolute coefficient on standardized original features,0.00017871782446577387
PR:93:13,PR,93,13,2,0,2,0,17,0,-1,-1,0.09027323903567201,C871,mean absolute coefficient on standardized original features,0.0015568998805785706
PR:93:14,PR,93,14,2,0,2,0,17,0,-1,-1,0.09027323903567201,C871,mean absolute coefficient on standardized original features,0.0015568998805785706
PR:93:15,PR,93,15,2,0,2,0,17,0,-1,-1,0.09027323903567201,C871,mean absolute coefficient on standardized original features,0.0015568998805785706
PR:96:12,PR,96,12,2,0,2,0,20,0,-1,-1,0.010362539742721682,C871,mean absolute coefficient on standardized original features,0.00017871782446577387
PR:96:13,PR,96,13,2,0,2,0,20,0,-1,-1,0.010362539742721682,C871,mean absolute coefficient on standardized original features,0.00017871782446577387
PR:96:14,PR,96,14,2,0,2,0,20,0,-1,-1,0.09792418995244578,C871,mean absolute coefficient on standardized original features,0.0016888522143585802
PR:96:15,PR,96,15,2,0,2,0,20,0,-1,-1,0.09792418995244578,C871,mean absolute coefficient on standardized original features,0.0016888522143585802
PR:97:14,PR,97,14,2,0,2,0,21,0,-1,-1,0.09792418995244578,C871,mean absolute coefficient on standardized original features,0.0016888522143585802
PR:97:15,PR,97,15,2,0,2,0,21,0,-1,-1,0.09792418995244578,C871,mean absolute coefficient on standardized original features,0.0016888522143585802
PR:121:1,PR,121,1,3,0,3,0,9,0,-1,-1,0.018302446691461034,C871,mean absolute coefficient on standardized original features,0.00031565364633666615
PR:121:7,PR,121,7,3,0,3,0,9,0,-1,-1,0.17237692274818975,C871,mean absolute coefficient on standardized original features,0.002972903302329815
PR:121:8,PR,121,8,3,0,3,0,9,0,-1,-1,0.15266254385148462,C871,mean absolute coefficient on standardized original features,0.002632898728683884
PR:121:9,PR,121,9,3,0,3,0,9,0,-1,-1,0.006853579457304148,C871,mean absolute coefficient on standardized original features,0.00011820044514406007
PR:121:10,PR,121,10,3,0,3,0,9,0,-1,-1,0.025373172036950352,C871,mean absolute coefficient on standardized original features,0.0004375991039672066
PR:121:11,PR,121,11,3,0,3,0,9,0,-1,-1,0.20146955752479348,C871,mean absolute coefficient on standardized original features,0.00347465022194031
PR:121:12,PR,121,12,3,0,3,0,9,0,-1,-1,0.0317909010479052,C871,mean absolute coefficient on standardized original features,0.0005482826424939777
PR:121:13,PR,121,13,3,0,3,0,9,0,-1,-1,0.037323876226968394,C871,mean absolute coefficient on standardized original features,0.0006437072499141645
PR:121:14,PR,121,14,3,0,3,0,9,0,-1,-1,0.041718778416180505,C871,mean absolute coefficient on standardized original features,0.000719504050456959
PR:121:15,PR,121,15,3,0,3,0,9,0,-1,-1,0.0360230391154703,C871,mean absolute coefficient on standardized original features,0.0006212723271709665
PR:122:1,PR,122,1,3,0,3,0,10,0,-1,-1,0.016971233522274805,C871,mean absolute coefficient on standardized original features,0.00029269484208558933
PR:122:7,PR,122,7,3,0,3,0,10,0,-1,-1,0.07440104500426777,C871,mean absolute coefficient on standardized original features,0.0012831596530649848
PR:122:8,PR,122,8,3,0,3,0,10,0,-1,-1,0.04250422867730357,C871,mean absolute coefficient on standardized original features,0.0007330503398202961
PR:122:9,PR,122,9,3,0,3,0,10,0,-1,-1,0.07466676814302373,C871,mean absolute coefficient on standardized original features,0.0012877424544291036
PR:122:10,PR,122,10,3,0,3,0,10,0,-1,-1,0.16370769243804917,C871,mean absolute coefficient on standardized original features,0.0028233891852033374
PR:122:11,PR,122,11,3,0,3,0,10,0,-1,-1,0.05771281471092855,C871,mean absolute coefficient on standardized original features,0.0009953456338903698
PR:122:12,PR,122,12,3,0,3,0,10,0,-1,-1,0.06284270932582776,C871,mean absolute coefficient on standardized original features,0.0010838185013606644
PR:122:13,PR,122,13,3,0,3,0,10,0,-1,-1,0.029954392253630478,C871,mean absolute coefficient on standardized original features,0.000516609243455333
PR:122:14,PR,122,14,3,0,3,0,10,0,-1,-1,0.11638198401723389,C871,mean absolute coefficient on standardized original features,0.00200718506340875
PR:122:15,PR,122,15,3,0,3,0,10,0,-1,-1,0.03921129427563374,C871,mean absolute coefficient on standardized original features,0.0006762586567979669
PR:123:10,PR,123,10,3,0,3,0,11,0,-1,-1,0.10582633889438896,C871,mean absolute coefficient on standardized original features,0.001825136841734849
PR:123:11,PR,123,11,3,0,3,0,11,0,-1,-1,0.08691972818446236,C871,mean absolute coefficient on standardized original features,0.0014990634641661262
PR:123:12,PR,123,12,3,0,3,0,11,0,-1,-1,0.010362539387176396,C871,mean absolute coefficient on standardized original features,0.0001787178183338524
PR:123:13,PR,123,13,3,0,3,0,11,0,-1,-1,0.010362539742721682,C871,mean absolute coefficient on standardized original features,0.00017871782446577387
PR:124:1,PR,124,1,3,0,3,0,12,0,-1,-1,0.015244587509241781,C871,mean absolute coefficient on standardized original features,0.0002629161945017764
PR:124:6,PR,124,6,3,0,3,0,12,0,-1,-1,0.08215876322254724,C871,mean absolute coefficient on standardized original features,0.001416953352024084
PR:124:7,PR,124,7,3,0,3,0,12,0,-1,-1,0.026815798705929587,C871,mean absolute coefficient on standardized original features,0.00046247940418292944
PR:124:8,PR,124,8,3,0,3,0,12,0,-1,-1,0.01893637071647928,C871,mean absolute coefficient on standardized original features,0.00032658663433388194
PR:124:9,PR,124,9,3,0,3,0,12,0,-1,-1,0.041625174418964336,C871,mean absolute coefficient on standardized original features,0.0007178897065645243
PR:124:10,PR,124,10,3,0,3,0,12,0,-1,-1,0.040319660834880026,C871,mean absolute coefficient on standardized original features,0.0006953741309092475
PR:124:11,PR,124,11,3,0,3,0,12,0,-1,-1,0.11982766044717813,C871,mean absolute coefficient on standardized original features,0.0020666110159900317
PR:124:12,PR,124,12,3,0,3,0,12,0,-1,-1,0.03902054447300649,C871,mean absolute coefficient on standardized original features,0.0006729688851214085
PR:124:13,PR,124,13,3,0,3,0,12,0,-1,-1,0.034546784968583245,C871,mean absolute coefficient on standardized original features,0.0005958120697398151
PR:124:14,PR,124,14,3,0,3,0,12,0,-1,-1,0.036664855032775216,C871,mean absolute coefficient on standardized original features,0.0006323414229038735
PR:124:15,PR,124,15,3,0,3,0,12,0,-1,-1,0.018072676695874996,C871,mean absolute coefficient on standardized original features,0.00031169091183738575
PR:125:1,PR,125,1,3,0,3,0,13,0,-1,-1,0.025406848621227534,C871,mean absolute coefficient on standardized original features,0.00043817990809697443
PR:125:6,PR,125,6,3,0,3,0,13,0,-1,-1,0.02292300076479411,C871,mean absolute coefficient on standardized original features,0.0003953421582569756
PR:125:7,PR,125,7,3,0,3,0,13,0,-1,-1,0.023480012189717465,C871,mean absolute coefficient on standardized original features,0.0004049486709977158
PR:125:8,PR,125,8,3,0,3,0,13,0,-1,-1,0.022273950444504594,C871,mean absolute coefficient on standardized original features,0.00038414829419556836
PR:125:9,PR,125,9,3,0,3,0,13,0,-1,-1,0.0830087567956329,C871,mean absolute coefficient on standardized original features,0.001431612789378566
PR:125:10,PR,125,10,3,0,3,0,13,0,-1,-1,0.059205155677343836,C871,mean absolute coefficient on standardized original features,0.001021083333093523
PR:125:11,PR,125,11,3,0,3,0,13,0,-1,-1,0.008824783741723085,C871,mean absolute coefficient on standardized original features,0.00015219687362930684
PR:125:12,PR,125,12,3,0,3,0,13,0,-1,-1,0.06502622867793854,C871,mean absolute coefficient on standardized original features,0.0011214766274549206
PR:125:13,PR,125,13,3,0,3,0,13,0,-1,-1,0.045462269220536713,C871,mean absolute coefficient on standardized original features,0.0007840662667738688
PR:125:14,PR,125,14,3,0,3,0,13,0,-1,-1,0.05419404308768916,C871,mean absolute coefficient on standardized original features,0.0009346590430631606
PR:125:15,PR,125,15,3,0,3,0,13,0,-1,-1,0.021870611902413163,C871,mean absolute coefficient on standardized original features,0.0003771921050223103
PR:126:11,PR,126,11,3,0,3,0,14,0,-1,-1,0.010362539742721682,C871,mean absolute coefficient on standardized original features,0.00017871782446577387
PR:126:12,PR,126,12,3,0,3,0,14,0,-1,-1,0.010362539742721682,C871,mean absolute coefficient on standardized original features,0.00017871782446577387
PR:126:13,PR,126,13,3,0,3,0,14,0,-1,-1,0.010362539742721682,C871,mean absolute coefficient on standardized original features,0.00017871782446577387
PR:128:1,PR,128,1,3,0,3,0,16,0,-1,-1,0.01569486540042979,C871,mean absolute coefficient on standardized original features,0.0002706819244401999
PR:128:7,PR,128,7,3,0,3,0,16,0,-1,-1,0.08928202729510035,C871,mean absolute coefficient on standardized original features,0.001539804920244708
PR:128:8,PR,128,8,3,0,3,0,16,0,-1,-1,0.04985258608261033,C871,mean absolute coefficient on standardized original features,0.0008597839863470359
PR:128:9,PR,128,9,3,0,3,0,16,0,-1,-1,0.016373082793237997,C871,mean absolute coefficient on standardized original features,0.0002823788192137679
PR:128:10,PR,128,10,3,0,3,0,16,0,-1,-1,0.05190520346606702,C871,mean absolute coefficient on standardized original features,0.0008951845080665946
PR:128:11,PR,128,11,3,0,3,0,16,0,-1,-1,0.04129133395296539,C871,mean absolute coefficient on standardized original features,0.0007121321178571924
PR:128:12,PR,128,12,3,0,3,0,16,0,-1,-1,0.05282474622467042,C871,mean absolute coefficient on standardized original features,0.0009110434273471003
PR:128:13,PR,128,13,3,0,3,0,16,0,-1,-1,0.033962149412703056,C871,mean absolute coefficient on standardized original features,0.0005857291366706674
PR:128:14,PR,128,14,3,0,3,0,16,0,-1,-1,0.03211428502268852,C871,mean absolute coefficient on standardized original features,0.0005538598930402024
PR:128:15,PR,128,15,3,0,3,0,16,0,-1,-1,0.01868323650653715,C871,mean absolute coefficient on standardized original features,0.0003222209482741016
PR:129:10,PR,129,10,3,0,3,0,17,0,-1,-1,0.029233222301603533,C871,mean absolute coefficient on standardized original features,0.000504171566197027
PR:129:11,PR,129,11,3,0,3,0,17,0,-1,-1,0.017197274010195728,C871,mean absolute coefficient on standardized original features,0.0002965932555291453
PR:129:12,PR,129,12,3,0,3,0,17,0,-1,-1,0.03841691555433352,C871,mean absolute coefficient on standardized original features,0.0006625583825025276
PR:129:13,PR,129,13,3,0,3,0,17,0,-1,-1,0.010362539742721682,C871,mean absolute coefficient on standardized original features,0.00017871782446577387
PR:157:1,PR,157,1,4,0,5,0,9,0,-1,-1,0.027253615369758153,C871,mean absolute coefficient on standardized original features,0.0004700302212236324
PR:157:2,PR,157,2,4,0,5,0,9,0,-1,-1,0.0006099193314473123,C871,mean absolute coefficient on standardized original features,1.0518990394458412e-05
PR:157:3,PR,157,3,4,0,5,0,9,0,-1,-1,0.029233222301603533,C871,mean absolute coefficient on standardized original features,0.000504171566197027
PR:157:5,PR,157,5,4,0,5,0,9,0,-1,-1,0.037676025286514536,C871,mean absolute coefficient on standardized original features,0.0006497805982797483
PR:157:6,PR,157,6,4,0,5,0,9,0,-1,-1,0.12886713628858462,C871,mean absolute coefficient on standardized original features,0.0022225105827754594
PR:157:7,PR,157,7,4,0,5,0,9,0,-1,-1,0.1515315084830021,C871,mean absolute coefficient on standardized original features,0.0026133922963354804
PR:157:8,PR,157,8,4,0,5,0,9,0,-1,-1,0.018881258608322397,C871,mean absolute coefficient on standardized original features,0.000325636141856549
PR:157:9,PR,157,9,4,0,5,0,9,0,-1,-1,0.02533809225806094,C871,mean absolute coefficient on standardized original features,0.00043699409960326586
PR:157:10,PR,157,10,4,0,5,0,9,0,-1,-1,0.02668027558786677,C871,mean absolute coefficient on standardized original features,0.0004601421010288434
PR:157:11,PR,157,11,4,0,5,0,9,0,-1,-1,0.019607942125119935,C871,mean absolute coefficient on standardized original features,0.00033816890896013586
PR:157:12,PR,157,12,4,0,5,0,9,0,-1,-1,0.024996185643637987,C871,mean absolute coefficient on standardized original features,0.0004310973978470148
PR:157:13,PR,157,13,4,0,5,0,9,0,-1,-1,0.02675866605291847,C871,mean absolute coefficient on standardized original features,0.00046149406432362744
PR:157:14,PR,157,14,4,0,5,0,9,0,-1,-1,0.030134604216660216,C871,mean absolute coefficient on standardized original features,0.0005197172739936962
PR:157:15,PR,157,15,4,0,5,0,9,0,-1,-1,0.04029257575376803,C871,mean absolute coefficient on standardized original features,0.0006949070073186996
PR:158:1,PR,158,1,4,0,5,0,10,0,-1,-1,0.016896502327548784,C871,mean absolute coefficient on standardized original features,0.00029140598849633834
PR:158:5,PR,158,5,4,0,5,0,10,0,-1,-1,0.08215876322254724,C871,mean absolute coefficient on standardized original features,0.001416953352024084
PR:158:6,PR,158,6,4,0,5,0,10,0,-1,-1,0.06361282906307221,C871,mean absolute coefficient on standardized original features,0.00109710039242556
PR:158:7,PR,158,7,4,0,5,0,10,0,-1,-1,0.028334202899805826,C871,mean absolute coefficient on standardized original features,0.0004886666035497514
PR:158:8,PR,158,8,4,0,5,0,10,0,-1,-1,0.09891646383756696,C871,mean absolute coefficient on standardized original features,0.0017059654929974016
PR:158:9,PR,158,9,4,0,5,0,10,0,-1,-1,0.003295397667319341,C871,mean absolute coefficient on standardized original features,5.683416580057566e-05
PR:158:10,PR,158,10,4,0,5,0,10,0,-1,-1,0.021913221692374998,C871,mean absolute coefficient on standardized original features,0.00037792697592770497
PR:158:11,PR,158,11,4,0,5,0,10,0,-1,-1,0.08154871102555858,C871,mean absolute coefficient on standardized original features,0.0014064320701604408
PR:158:12,PR,158,12,4,0,5,0,10,0,-1,-1,0.018479208313407894,C871,mean absolute coefficient on standardized original features,0.0003187021704733839
PR:158:13,PR,158,13,4,0,5,0,10,0,-1,-1,0.03454183487747011,C871,mean absolute coefficient on standardized original features,0.0005957266978583448
PR:158:14,PR,158,14,4,0,5,0,10,0,-1,-1,0.041718778416180505,C871,mean absolute coefficient on standardized original features,0.000719504050456959
PR:158:15,PR,158,15,4,0,5,0,10,0,-1,-1,0.018293139871277207,C871,mean absolute coefficient on standardized original features,0.00031549313600838334
PR:159:7,PR,159,7,4,0,5,0,11,0,-1,-1,0.22017333344067083,C871,mean absolute coefficient on standardized original features,0.003797225403698116
PR:159:8,PR,159,8,4,0,5,0,11,0,-1,-1,0.08215876322254724,C871,mean absolute coefficient on standardized original features,0.001416953352024084
PR:159:10,PR,159,10,4,0,5,0,11,0,-1,-1,0.12492462070852577,C871,mean absolute coefficient on standardized original features,0.0021545158802330233
PR:159:15,PR,159,15,4,0,5,0,11,0,-1,-1,0.016971233522274805,C871,mean absolute coefficient on standardized original features,0.00029269484208558933
PR:160:1,PR,160,1,4,0,5,0,12,0,-1,-1,0.03099755558804868,C871,mean absolute coefficient on standardized original features,0.0005346001883702248
PR:160:2,PR,160,2,4,0,5,0,12,0,-1,-1,0.004752797824772453,C871,mean absolute coefficient on standardized original features,8.196925738843062e-05
PR:160:3,PR,160,3,4,0,5,0,12,0,-1,-1,0.03313230514215069,C871,mean absolute coefficient on standardized original features,0.0005714172048121987
PR:160:5,PR,160,5,4,0,5,0,12,0,-1,-1,0.08215876322254724,C871,mean absolute coefficient on standardized original features,0.001416953352024084
PR:160:6,PR,160,6,4,0,5,0,12,0,-1,-1,0.0528850683411292,C871,mean absolute coefficient on standardized original features,0.0009120837743747926
PR:160:7,PR,160,7,4,0,5,0,12,0,-1,-1,0.19114633356249364,C871,mean absolute coefficient on standardized original features,0.0032966104581545063
PR:160:8,PR,160,8,4,0,5,0,12,0,-1,-1,0.08321296291606423,C871,mean absolute coefficient on standardized original features,0.0014351346358073545
PR:160:9,PR,160,9,4,0,5,0,12,0,-1,-1,0.005229636197103453,C871,mean absolute coefficient on standardized original features,9.019306338972027e-05
PR:160:10,PR,160,10,4,0,5,0,12,0,-1,-1,0.08561960806611581,C871,mean absolute coefficient on standardized original features,0.0014766409070648828
PR:160:11,PR,160,11,4,0,5,0,12,0,-1,-1,0.016971233522274805,C871,mean absolute coefficient on standardized original features,0.00029269484208558933
PR:160:12,PR,160,12,4,0,5,0,12,0,-1,-1,0.016971233522274805,C871,mean absolute coefficient on standardized original features,0.00029269484208558933
PR:160:13,PR,160,13,4,0,5,0,12,0,-1,-1,0.035334957288972055,C871,mean absolute coefficient on standardized original features,0.0006094053051725636
PR:160:14,PR,160,14,4,0,5,0,12,0,-1,-1,0.03125139938981313,C871,mean absolute coefficient on standardized original features,0.0005389781124247335
PR:160:15,PR,160,15,4,0,5,0,12,0,-1,-1,0.042268569293941294,C871,mean absolute coefficient on standardized original features,0.0007289860338340118
PR:161:1,PR,161,1,4,0,5,0,13,0,-1,-1,0.024711364769062917,C871,mean absolute coefficient on standardized original features,0.0004261852268609157
PR:161:2,PR,161,2,4,0,5,0,13,0,-1,-1,0.003663219502809578,C871,mean absolute coefficient on standardized original features,6.317781512418805e-05
PR:161:3,PR,161,3,4,0,5,0,13,0,-1,-1,0.00490531282568147,C871,mean absolute coefficient on standardized original features,8.45996115137308e-05
PR:161:5,PR,161,5,4,0,5,0,13,0,-1,-1,0.02118086091548688,C871,mean absolute coefficient on standardized original features,0.00036529629580303396
PR:161:6,PR,161,6,4,0,5,0,13,0,-1,-1,0.04577650536750367,C871,mean absolute coefficient on standardized original features,0.000789485749058015
PR:161:7,PR,161,7,4,0,5,0,13,0,-1,-1,0.023499775706433534,C871,mean absolute coefficient on standardized original features,0.00040528952302810436
PR:161:8,PR,161,8,4,0,5,0,13,0,-1,-1,0.053056004495696814,C871,mean absolute coefficient on standardized original features,0.0009150318294293777
PR:161:9,PR,161,9,4,0,5,0,13,0,-1,-1,0.00439199504853253,C871,mean absolute coefficient on standardized original features,7.574666246172837e-05
PR:161:10,PR,161,10,4,0,5,0,13,0,-1,-1,0.002704064501228494,C871,mean absolute coefficient on standardized original features,4.663572221415257e-05
PR:161:11,PR,161,11,4,0,5,0,13,0,-1,-1,0.04031728629891768,C871,mean absolute coefficient on standardized original features,0.000695333178409972
PR:161:12,PR,161,12,4,0,5,0,13,0,-1,-1,0.03872408087965017,C871,mean absolute coefficient on standardized original features,0.0006678559176681197
PR:161:13,PR,161,13,4,0,5,0,13,0,-1,-1,0.03489441624280627,C871,mean absolute coefficient on standardized original features,0.0006018075019975337
PR:161:14,PR,161,14,4,0,5,0,13,0,-1,-1,0.03229638901550326,C871,mean absolute coefficient on standardized original features,0.0005570005545218861
PR:161:15,PR,161,15,4,0,5,0,13,0,-1,-1,0.021063939583823268,C871,mean absolute coefficient on standardized original features,0.0003632798088657232
PR:162:8,PR,162,8,4,0,5,0,14,0,-1,-1,0.08215876322254724,C871,mean absolute coefficient on standardized original features,0.001416953352024084
PR:162:15,PR,162,15,4,0,5,0,14,0,-1,-1,0.016971233522274805,C871,mean absolute coefficient on standardized original features,0.00029269484208558933
PR:164:1,PR,164,1,4,0,5,0,16,0,-1,-1,0.016971233522274805,C871,mean absolute coefficient on standardized original features,0.00029269484208558933
PR:164:2,PR,164,2,4,0,5,0,16,0,-1,-1,0.0001676027358334619,C871,mean absolute coefficient on standardized original features,2.890565157417762e-06
PR:164:5,PR,164,5,4,0,5,0,16,0,-1,-1,0.037676025286514536,C871,mean absolute coefficient on standardized original features,0.0006497805982797483
PR:164:6,PR,164,6,4,0,5,0,16,0,-1,-1,0.15038731610544426,C871,mean absolute coefficient on standardized original features,0.002593658951271006
PR:164:7,PR,164,7,4,0,5,0,16,0,-1,-1,0.036847452081622996,C871,mean absolute coefficient on standardized original features,0.0006354905878898864
PR:164:8,PR,164,8,4,0,5,0,16,0,-1,-1,0.09158434560723744,C871,mean absolute coefficient on standardized original features,0.0015795119158450728
PR:164:9,PR,164,9,4,0,5,0,16,0,-1,-1,0.025013745654703715,C871,mean absolute coefficient on standardized original features,0.0004314002470570712
PR:164:10,PR,164,10,4,0,5,0,16,0,-1,-1,0.07634346475879605,C871,mean absolute coefficient on standardized original features,0.0013166596483699447
PR:164:11,PR,164,11,4,0,5,0,16,0,-1,-1,0.07101214517586554,C871,mean absolute coefficient on standardized original features,0.0012247128996916263
PR:164:12,PR,164,12,4,0,5,0,16,0,-1,-1,0.016971233522274805,C871,mean absolute coefficient on standardized original features,0.00029269484208558933
PR:164:13,PR,164,13,4,0,5,0,16,0,-1,-1,0.03633238498640405,C871,mean absolute coefficient on standardized original features,0.0006266074691760508
PR:164:14,PR,164,14,4,0,5,0,16,0,-1,-1,0.0015689890077036962,C871,mean absolute coefficient on standardized original features,2.7059611738952933e-05
PR:164:15,PR,164,15,4,0,5,0,16,0,-1,-1,0.06014173170547937,C871,mean absolute coefficient on standardized original features,0.0010372360171218512
PR:165:8,PR,165,8,4,0,5,0,17,0,-1,-1,0.08215876322254724,C871,mean absolute coefficient on standardized original features,0.001416953352024084
PR:165:11,PR,165,11,4,0,5,0,17,0,-1,-1,0.010362539742721682,C871,mean absolute coefficient on standardized original features,0.00017871782446577387
PR:165:12,PR,165,12,4,0,5,0,17,0,-1,-1,0.010362539742721682,C871,mean absolute coefficient on standardized original features,0.00017871782446577387
PR:165:15,PR,165,15,4,0,5,0,17,0,-1,-1,0.016971233522274805,C871,mean absolute coefficient on standardized original features,0.00029269484208558933
PR:193:2,PR,193,2,5,0,6,0,9,0,-1,-1,0.017758054100866026,C871,mean absolute coefficient on standardized original features,0.0003062647646665368
PR:193:3,PR,193,3,5,0,6,0,9,0,-1,-1,0.007095743422511526,C871,mean absolute coefficient on standardized original features,0.00012237693257864538
PR:193:4,PR,193,4,5,0,6,0,9,0,-1,-1,0.028005746519011707,C871,mean absolute coefficient on standardized original features,0.00048300187161483585
PR:193:5,PR,193,5,5,0,6,0,9,0,-1,-1,0.09608440831506118,C871,mean absolute coefficient on standardized original features,0.0016571223701419252
PR:193:6,PR,193,6,5,0,6,0,9,0,-1,-1,0.042493967936057024,C871,mean absolute coefficient on standardized original features,0.0007328733776663727
PR:193:8,PR,193,8,5,0,6,0,9,0,-1,-1,0.02800362896065285,C871,mean absolute coefficient on standardized original features,0.0004829653510868119
PR:193:9,PR,193,9,5,0,6,0,9,0,-1,-1,0.009472465481767126,C871,mean absolute coefficient on standardized original features,0.000163367134434162
PR:193:10,PR,193,10,5,0,6,0,9,0,-1,-1,0.02776571398243317,C871,mean absolute coefficient on standardized original features,0.0004788621439222644
PR:193:11,PR,193,11,5,0,6,0,9,0,-1,-1,0.016971233522274805,C871,mean absolute coefficient on standardized original features,0.00029269484208558933
PR:193:12,PR,193,12,5,0,6,0,9,0,-1,-1,0.016971233522274805,C871,mean absolute coefficient on standardized original features,0.00029269484208558933
PR:193:13,PR,193,13,5,0,6,0,9,0,-1,-1,0.016971233522274805,C871,mean absolute coefficient on standardized original features,0.00029269484208558933
PR:193:14,PR,193,14,5,0,6,0,9,0,-1,-1,0.027912477273375858,C871,mean absolute coefficient on standardized original features,0.00048139330102466656
PR:193:15,PR,193,15,5,0,6,0,9,0,-1,-1,0.034727833916422576,C871,mean absolute coefficient on standardized original features,0.0005989345353595381
PR:194:1,PR,194,1,5,0,6,0,10,0,-1,-1,0.006764194348404751,C871,mean absolute coefficient on standardized original features,0.00011665886242411377
PR:194:2,PR,194,2,5,0,6,0,10,0,-1,-1,0.005602157293795994,C871,mean absolute coefficient on standardized original features,9.661775864990067e-05
PR:194:3,PR,194,3,5,0,6,0,10,0,-1,-1,0.0035617030490866022,C871,mean absolute coefficient on standardized original features,6.142700883467842e-05
PR:194:5,PR,194,5,5,0,6,0,10,0,-1,-1,0.06073633137271424,C871,mean absolute coefficient on standardized original features,0.0010474907965093972
PR:194:6,PR,194,6,5,0,6,0,10,0,-1,-1,0.05569815705014363,C871,mean absolute coefficient on standardized original features,0.0009605997855637878
PR:194:8,PR,194,8,5,0,6,0,10,0,-1,-1,0.0292192478404321,C871,mean absolute coefficient on standardized original features,0.0005039305552710718
PR:194:9,PR,194,9,5,0,6,0,10,0,-1,-1,0.004080162291820737,C871,mean absolute coefficient on standardized original features,7.036863031320612e-05
PR:194:10,PR,194,10,5,0,6,0,10,0,-1,-1,0.07903648358002642,C871,mean absolute coefficient on standardized original features,0.001363104870962574
PR:194:11,PR,194,11,5,0,6,0,10,0,-1,-1,0.016971233522274805,C871,mean absolute coefficient on standardized original features,0.00029269484208558933
PR:194:12,PR,194,12,5,0,6,0,10,0,-1,-1,0.016971233522274805,C871,mean absolute coefficient on standardized original features,0.00029269484208558933
PR:194:13,PR,194,13,5,0,6,0,10,0,-1,-1,0.016971233522274805,C871,mean absolute coefficient on standardized original features,0.00029269484208558933
PR:194:14,PR,194,14,5,0,6,0,10,0,-1,-1,0.030417197532361228,C871,mean absolute coefficient on standardized original features,0.0005245910273248838
PR:194:15,PR,194,15,5,0,6,0,10,0,-1,-1,0.030520611428170252,C871,mean absolute coefficient on standardized original features,0.0005263745579011115
PR:196:2,PR,196,2,5,0,6,0,12,0,-1,-1,0.04876432848939718,C871,mean absolute coefficient on standardized original features,0.000841015322067218
PR:196:3,PR,196,3,5,0,6,0,12,0,-1,-1,0.002091946039351299,C871,mean absolute coefficient on standardized original features,3.607880445672108e-05
PR:196:5,PR,196,5,5,0,6,0,12,0,-1,-1,0.03232138091234749,C871,mean absolute coefficient on standardized original features,0.0005574315779528371
PR:196:6,PR,196,6,5,0,6,0,12,0,-1,-1,0.11588043197581065,C871,mean absolute coefficient on standardized original features,0.0019985350324390264
PR:196:8,PR,196,8,5,0,6,0,12,0,-1,-1,0.06399797634189659,C871,mean absolute coefficient on standardized original features,0.0011037428454804448
PR:196:9,PR,196,9,5,0,6,0,12,0,-1,-1,0.06709603113403592,C871,mean absolute coefficient on standardized original features,0.0011571735319987563
PR:196:13,PR,196,13,5,0,6,0,12,0,-1,-1,0.016971233522274805,C871,mean absolute coefficient on standardized original features,0.00029269484208558933
PR:196:14,PR,196,14,5,0,6,0,12,0,-1,-1,0.00781130134474475,C871,mean absolute coefficient on standardized original features,0.00013471782181196214
PR:196:15,PR,196,15,5,0,6,0,12,0,-1,-1,0.02713409954974899,C871,mean absolute coefficient on standardized original features,0.0004679689883722667
PR:197:1,PR,197,1,5,0,6,0,13,0,-1,-1,0.030757822991353895,C871,mean absolute coefficient on standardized original features,0.0005304656335990438
PR:197:2,PR,197,2,5,0,6,0,13,0,-1,-1,0.012490069358542938,C871,mean absolute coefficient on standardized original features,0.0002154103220451572
PR:197:3,PR,197,3,5,0,6,0,13,0,-1,-1,0.006736791076788038,C871,mean absolute coefficient on standardized original features,0.00011618625115234293
PR:197:4,PR,197,4,5,0,6,0,13,0,-1,-1,0.037676025286514536,C871,mean absolute coefficient on standardized original features,0.0006497805982797483
PR:197:5,PR,197,5,5,0,6,0,13,0,-1,-1,0.0251350739198124,C871,mean absolute coefficient on standardized original features,0.00043349273829230734
PR:197:6,PR,197,6,5,0,6,0,13,0,-1,-1,0.02778397326186351,C871,mean absolute coefficient on standardized original features,0.0004791770530832541
PR:197:7,PR,197,7,5,0,6,0,13,0,-1,-1,0.02292300076479411,C871,mean absolute coefficient on standardized original features,0.0003953421582569756
PR:197:8,PR,197,8,5,0,6,0,13,0,-1,-1,0.05440740458724339,C871,mean absolute coefficient on standardized original features,0.0009383387879878418
PR:197:9,PR,197,9,5,0,6,0,13,0,-1,-1,0.00651759474963957,C871,mean absolute coefficient on standardized original features,0.00011240587571432571
PR:197:10,PR,197,10,5,0,6,0,13,0,-1,-1,0.07915880821072263,C871,mean absolute coefficient on standardized original features,0.001365214546044106
PR:197:11,PR,197,11,5,0,6,0,13,0,-1,-1,0.027377501233560683,C871,mean absolute coefficient on standardized original features,0.00047216682215453856
PR:197:12,PR,197,12,5,0,6,0,13,0,-1,-1,0.016971233522274805,C871,mean absolute coefficient on standardized original features,0.00029269484208558933
PR:197:13,PR,197,13,5,0,6,0,13,0,-1,-1,0.011085043694607628,C871,mean absolute coefficient on standardized original features,0.00019117850858905294
PR:197:14,PR,197,14,5,0,6,0,13,0,-1,-1,0.03350420507955729,C871,mean absolute coefficient on standardized original features,0.0005778311872318028
PR:197:15,PR,197,15,5,0,6,0,13,0,-1,-1,0.02970584424746366,C871,mean absolute coefficient on standardized original features,0.0005123226534841207
PR:198:2,PR,198,2,5,0,6,0,14,0,-1,-1,0.006764194348404751,C871,mean absolute coefficient on standardized original features,0.00011665886242411377
PR:198:6,PR,198,6,5,0,6,0,14,0,-1,-1,0.04659167887709466,C871,mean absolute coefficient on standardized original features,0.0008035446612371993
PR:198:14,PR,198,14,5,0,6,0,14,0,-1,-1,0.006764194348404751,C871,mean absolute coefficient on standardized original features,0.00011665886242411377
PR:200:2,PR,200,2,5,0,6,0,16,0,-1,-1,0.007837378584590757,C871,mean absolute coefficient on standardized original features,0.0001351675636406122
PR:200:3,PR,200,3,5,0,6,0,16,0,-1,-1,0.05445873871010385,C871,mean absolute coefficient on standardized original features,0.0009392241233386591
PR:200:4,PR,200,4,5,0,6,0,16,0,-1,-1,0.029233222301603533,C871,mean absolute coefficient on standardized original features,0.000504171566197027
PR:200:5,PR,200,5,5,0,6,0,16,0,-1,-1,0.22775024329014829,C871,mean absolute coefficient on standardized original features,0.003927900786190425
PR:200:6,PR,200,6,5,0,6,0,16,0,-1,-1,0.14162126279827533,C871,mean absolute coefficient on standardized original features,0.0024424749736839863
PR:200:7,PR,200,7,5,0,6,0,16,0,-1,-1,0.08215876322254724,C871,mean absolute coefficient on standardized original features,0.001416953352024084
PR:200:8,PR,200,8,5,0,6,0,16,0,-1,-1,0.08867579636462727,C871,mean absolute coefficient on standardized original features,0.001529349541958308
PR:200:9,PR,200,9,5,0,6,0,16,0,-1,-1,0.03835384530840447,C871,mean absolute coefficient on standardized original features,0.00066147063978493
PR:200:10,PR,200,10,5,0,6,0,16,0,-1,-1,0.022835573973325862,C871,mean absolute coefficient on standardized original features,0.0003938343497120479
PR:200:13,PR,200,13,5,0,6,0,16,0,-1,-1,0.01697123352609343,C871,mean absolute coefficient on standardized original features,0.00029269484215144735
PR:200:14,PR,200,14,5,0,6,0,16,0,-1,-1,0.016360410700354128,C871,mean absolute coefficient on standardized original features,0.0002821602696180258
PR:200:15,PR,200,15,5,0,6,0,16,0,-1,-1,0.041718778416180505,C871,mean absolute coefficient on standardized original features,0.000719504050456959
PR:201:5,PR,201,5,5,0,6,0,17,0,-1,-1,0.029233222301603533,C871,mean absolute coefficient on standardized original features,0.000504171566197027
PR:201:6,PR,201,6,5,0,6,0,17,0,-1,-1,0.037676025286514536,C871,mean absolute coefficient on standardized original features,0.0006497805982797483
PR:201:13,PR,201,13,5,0,6,0,17,0,-1,-1,0.016971233522274805,C871,mean absolute coefficient on standardized original features,0.00029269484208558933
PR:201:14,PR,201,14,5,0,6,0,17,0,-1,-1,0.016896503372119336,C871,mean absolute coefficient on standardized original features,0.0002914060065115529
PR:201:15,PR,201,15,5,0,6,0,17,0,-1,-1,0.006764194348404751,C871,mean absolute coefficient on standardized original features,0.00011665886242411377
PR:204:15,PR,204,15,5,0,6,0,20,0,-1,-1,0.006764194348404751,C871,mean absolute coefficient on standardized original features,0.00011665886242411377
PR:229:1,PR,229,1,6,0,7,0,9,0,-1,-1,0.025636518093488592,C871,mean absolute coefficient on standardized original features,0.00044214090891798725
PR:229:3,PR,229,3,6,0,7,0,9,0,-1,-1,0.07734333198846542,C871,mean absolute coefficient on standardized original features,0.0013339038858327385
PR:229:4,PR,229,4,6,0,7,0,9,0,-1,-1,0.1797525619415079,C871,mean absolute coefficient on standardized original features,0.0031001074649580113
PR:229:5,PR,229,5,6,0,7,0,9,0,-1,-1,0.035045297577184636,C871,mean absolute coefficient on standardized original features,0.0006044096810484303
PR:229:7,PR,229,7,6,0,7,0,9,0,-1,-1,0.003201323565948693,C871,mean absolute coefficient on standardized original features,5.521171424401168e-05
PR:229:8,PR,229,8,6,0,7,0,9,0,-1,-1,0.05177381295767048,C871,mean absolute coefficient on standardized original features,0.0008929184780778966
PR:229:9,PR,229,9,6,0,7,0,9,0,-1,-1,0.016971233522274805,C871,mean absolute coefficient on standardized original features,0.00029269484208558933
PR:229:10,PR,229,10,6,0,7,0,9,0,-1,-1,0.016971233522274805,C871,mean absolute coefficient on standardized original features,0.00029269484208558933
PR:229:11,PR,229,11,6,0,7,0,9,0,-1,-1,0.016971233522274805,C871,mean absolute coefficient on standardized original features,0.00029269484208558933
PR:229:12,PR,229,12,6,0,7,0,9,0,-1,-1,0.01697123293998106,C871,mean absolute coefficient on standardized original features,0.00029269483204304435
PR:229:13,PR,229,13,6,0,7,0,9,0,-1,-1,0.016971233522274805,C871,mean absolute coefficient on standardized original features,0.00029269484208558933
PR:229:14,PR,229,14,6,0,7,0,9,0,-1,-1,0.016971233522274805,C871,mean absolute coefficient on standardized original features,0.00029269484208558933
PR:229:15,PR,229,15,6,0,7,0,9,0,-1,-1,0.03472338354725546,C871,mean absolute coefficient on standardized original features,0.0005988577819462473
PR:230:1,PR,230,1,6,0,7,0,10,0,-1,-1,0.012942166852090027,C871,mean absolute coefficient on standardized original features,0.0002232074338053234
PR:230:2,PR,230,2,6,0,7,0,10,0,-1,-1,0.037676025286514536,C871,mean absolute coefficient on standardized original features,0.0006497805982797483
PR:230:3,PR,230,3,6,0,7,0,10,0,-1,-1,0.05747502088693437,C871,mean absolute coefficient on standardized original features,0.0009912445162154786
PR:230:4,PR,230,4,6,0,7,0,10,0,-1,-1,0.25805969093140296,C871,mean absolute coefficient on standardized original features,0.004450633502077853
PR:230:5,PR,230,5,6,0,7,0,10,0,-1,-1,0.03485924192754629,C871,mean absolute coefficient on standardized original features,0.000601200867209498
PR:230:6,PR,230,6,6,0,7,0,10,0,-1,-1,0.08215876322254724,C871,mean absolute coefficient on standardized original features,0.001416953352024084
PR:230:8,PR,230,8,6,0,7,0,10,0,-1,-1,0.03439844390538915,C871,mean absolute coefficient on standardized original features,0.0005932537015452218
PR:230:9,PR,230,9,6,0,7,0,10,0,-1,-1,0.016971233522274805,C871,mean absolute coefficient on standardized original features,0.00029269484208558933
PR:230:10,PR,230,10,6,0,7,0,10,0,-1,-1,0.028337212235958094,C871,mean absolute coefficient on standardized original features,0.000488718504147826
PR:230:11,PR,230,11,6,0,7,0,10,0,-1,-1,0.016971233522274805,C871,mean absolute coefficient on standardized original features,0.00029269484208558933
PR:230:12,PR,230,12,6,0,7,0,10,0,-1,-1,0.016971233522274805,C871,mean absolute coefficient on standardized original features,0.00029269484208558933
PR:230:13,PR,230,13,6,0,7,0,10,0,-1,-1,0.01697123352609343,C871,mean absolute coefficient on standardized original features,0.00029269484215144735
PR:230:15,PR,230,15,6,0,7,0,10,0,-1,-1,0.03701296747317707,C871,mean absolute coefficient on standardized original features,0.0006383451536072261
PR:232:1,PR,232,1,6,0,7,0,12,0,-1,-1,0.026241814622046826,C871,mean absolute coefficient on standardized original features,0.0004525801720162633
PR:232:2,PR,232,2,6,0,7,0,12,0,-1,-1,0.029233222301603533,C871,mean absolute coefficient on standardized original features,0.000504171566197027
PR:232:3,PR,232,3,6,0,7,0,12,0,-1,-1,0.06723803555870382,C871,mean absolute coefficient on standardized original features,0.001159622615184081
PR:232:4,PR,232,4,6,0,7,0,12,0,-1,-1,0.06521409943113753,C871,mean absolute coefficient on standardized original features,0.0011247167455269455
PR:232:5,PR,232,5,6,0,7,0,12,0,-1,-1,0.02264255468458254,C871,mean absolute coefficient on standardized original features,0.0003905054372812544
PR:232:6,PR,232,6,6,0,7,0,12,0,-1,-1,0.08215876322254724,C871,mean absolute coefficient on standardized original features,0.001416953352024084
PR:232:7,PR,232,7,6,0,7,0,12,0,-1,-1,0.002606228294462041,C871,mean absolute coefficient on standardized original features,4.494838740421227e-05
PR:232:8,PR,232,8,6,0,7,0,12,0,-1,-1,0.03788117875991798,C871,mean absolute coefficient on standardized original features,0.0006533187832574235
PR:232:10,PR,232,10,6,0,7,0,12,0,-1,-1,0.016971233522274805,C871,mean absolute coefficient on standardized original features,0.00029269484208558933
PR:232:11,PR,232,11,6,0,7,0,12,0,-1,-1,0.01697123352609343,C871,mean absolute coefficient on standardized original features,0.00029269484215144735
PR:232:12,PR,232,12,6,0,7,0,12,0,-1,-1,0.014752724867183441,C871,mean absolute coefficient on standardized original features,0.000254433272022623
PR:232:13,PR,232,13,6,0,7,0,12,0,-1,-1,0.01711397307311319,C871,mean absolute coefficient on standardized original features,0.00029515660364447504
PR:232:14,PR,232,14,6,0,7,0,12,0,-1,-1,0.016971233522274805,C871,mean absolute coefficient on standardized original features,0.00029269484208558933
PR:232:15,PR,232,15,6,0,7,0,12,0,-1,-1,0.010881196787318038,C871,mean absolute coefficient on standardized original features,0.0001876628573395164
PR:233:1,PR,233,1,6,0,7,0,13,0,-1,-1,0.02599877094547993,C871,mean absolute coefficient on standardized original features,0.0004483885126157088
PR:233:2,PR,233,2,6,0,7,0,13,0,-1,-1,0.018217579282343074,C871,mean absolute coefficient on standardized original features,0.0003141899782492881
PR:233:3,PR,233,3,6,0,7,0,13,0,-1,-1,0.06593049829011369,C871,mean absolute coefficient on standardized original features,0.0011370721379987483
PR:233:4,PR,233,4,6,0,7,0,13,0,-1,-1,0.01572611692511657,C871,mean absolute coefficient on standardized original features,0.00027122090471356217
PR:233:5,PR,233,5,6,0,7,0,13,0,-1,-1,0.020094641906041884,C871,mean absolute coefficient on standardized original features,0.00034656279001380635
PR:233:6,PR,233,6,6,0,7,0,13,0,-1,-1,0.049851437288413535,C871,mean absolute coefficient on standardized original features,0.0008597641736365703
PR:233:7,PR,233,7,6,0,7,0,13,0,-1,-1,0.004029522356417304,C871,mean absolute coefficient on standardized original features,6.949526728531083e-05
PR:233:8,PR,233,8,6,0,7,0,13,0,-1,-1,0.0005102447607261895,C871,mean absolute coefficient on standardized original features,8.799950190405085e-06
PR:233:9,PR,233,9,6,0,7,0,13,0,-1,-1,0.011740181874217492,C871,mean absolute coefficient on standardized original features,0.00020247736708236576
PR:233:10,PR,233,10,6,0,7,0,13,0,-1,-1,0.03633238498640405,C871,mean absolute coefficient on standardized original features,0.0006266074691760508
PR:233:11,PR,233,11,6,0,7,0,13,0,-1,-1,0.023274180197741783,C871,mean absolute coefficient on standardized original features,0.00040139878393096774
PR:233:12,PR,233,12,6,0,7,0,13,0,-1,-1,0.016541392100064466,C871,mean absolute coefficient on standardized original features,0.00028528157026709886
PR:233:13,PR,233,13,6,0,7,0,13,0,-1,-1,0.010414117141161517,C871,mean absolute coefficient on standardized original features,0.0001796073554755098
PR:233:14,PR,233,14,6,0,7,0,13,0,-1,-1,0.01054972278803692,C871,mean absolute coefficient on standardized original features,0.00018194608196501425
PR:233:15,PR,233,15,6,0,7,0,13,0,-1,-1,0.01995294915094755,C871,mean absolute coefficient on standardized original features,0.0003441190820462874
PR:234:5,PR,234,5,6,0,7,0,14,0,-1,-1,0.16013083808337408,C871,mean absolute coefficient on standardized original features,0.002761700868963349
PR:236:1,PR,236,1,6,0,7,0,16,0,-1,-1,0.021617674208914427,C871,mean absolute coefficient on standardized original features,0.00037282980818873385
PR:236:3,PR,236,3,6,0,7,0,16,0,-1,-1,0.08215876633772841,C871,mean absolute coefficient on standardized original features,0.001416953405750141
PR:236:4,PR,236,4,6,0,7,0,16,0,-1,-1,0.03075927733351218,C871,mean absolute coefficient on standardized original features,0.0005304907159507656
PR:236:5,PR,236,5,6,0,7,0,16,0,-1,-1,0.03413254740514758,C871,mean absolute coefficient on standardized original features,0.0005886679102975102
PR:236:6,PR,236,6,6,0,7,0,16,0,-1,-1,0.08215876322254724,C871,mean absolute coefficient on standardized original features,0.001416953352024084
PR:236:7,PR,236,7,6,0,7,0,16,0,-1,-1,0.04857856954604256,C871,mean absolute coefficient on standardized original features,0.0008378116253813051
PR:236:8,PR,236,8,6,0,7,0,16,0,-1,-1,0.2568852844305116,C871,mean absolute coefficient on standardized original features,0.004430379068310766
PR:236:10,PR,236,10,6,0,7,0,16,0,-1,-1,0.016971233522274805,C871,mean absolute coefficient on standardized original features,0.00029269484208558933
PR:236:11,PR,236,11,6,0,7,0,16,0,-1,-1,0.016971233522274805,C871,mean absolute coefficient on standardized original features,0.00029269484208558933
PR:236:12,PR,236,12,6,0,7,0,16,0,-1,-1,0.017457843902895308,C871,mean absolute coefficient on standardized original features,0.00030108718129452124
PR:236:13,PR,236,13,6,0,7,0,16,0,-1,-1,0.01711397307311319,C871,mean absolute coefficient on standardized original features,0.00029515660364447504
PR:236:15,PR,236,15,6,0,7,0,16,0,-1,-1,0.005672723511454832,C871,mean absolute coefficient on standardized original features,9.783478084850055e-05
PR:265:1,PR,265,1,7,0,5,0,9,0,-1,-1,0.02588127496704941,C871,mean absolute coefficient on standardized original features,0.0004463621150172504
PR:265:2,PR,265,2,7,0,5,0,9,0,-1,-1,0.02333142658298842,C871,mean absolute coefficient on standardized original features,0.0004023860852763734
PR:265:3,PR,265,3,7,0,5,0,9,0,-1,-1,0.027701786914268188,C871,mean absolute coefficient on standardized original features,0.0004777596239965922
PR:265:4,PR,265,4,7,0,5,0,9,0,-1,-1,0.026072674300232426,C871,mean absolute coefficient on standardized original features,0.0004496630888402646
PR:265:5,PR,265,5,7,0,5,0,9,0,-1,-1,0.031046708540020975,C871,mean absolute coefficient on standardized original features,0.0005354479060977954
PR:265:6,PR,265,6,7,0,5,0,9,0,-1,-1,0.0012284377848248956,C871,mean absolute coefficient on standardized original features,2.1186285779956628e-05
PR:265:7,PR,265,7,7,0,5,0,9,0,-1,-1,0.026008629342786818,C871,mean absolute coefficient on standardized original features,0.0004485585357338969
PR:265:8,PR,265,8,7,0,5,0,9,0,-1,-1,0.029233222301603533,C871,mean absolute coefficient on standardized original features,0.000504171566197027
PR:265:9,PR,265,9,7,0,5,0,9,0,-1,-1,0.029233222301603533,C871,mean absolute coefficient on standardized original features,0.000504171566197027
PR:265:10,PR,265,10,7,0,5,0,9,0,-1,-1,0.016971233522274805,C871,mean absolute coefficient on standardized original features,0.00029269484208558933
PR:265:11,PR,265,11,7,0,5,0,9,0,-1,-1,0.01697123352609343,C871,mean absolute coefficient on standardized original features,0.00029269484215144735
PR:265:12,PR,265,12,7,0,5,0,9,0,-1,-1,0.016971233522274805,C871,mean absolute coefficient on standardized original features,0.00029269484208558933
PR:265:13,PR,265,13,7,0,5,0,9,0,-1,-1,0.006764194348404751,C871,mean absolute coefficient on standardized original features,0.00011665886242411377
PR:265:14,PR,265,14,7,0,5,0,9,0,-1,-1,0.018167236089354142,C871,mean absolute coefficient on standardized original features,0.0003133217329975425
PR:265:15,PR,265,15,7,0,5,0,9,0,-1,-1,0.011903383008230338,C871,mean absolute coefficient on standardized original features,0.0002052920198938649
PR:266:1,PR,266,1,7,0,5,0,10,0,-1,-1,0.028808450717337498,C871,mean absolute coefficient on standardized original features,0.0004968457314769984
PR:266:2,PR,266,2,7,0,5,0,10,0,-1,-1,0.028005746519011707,C871,mean absolute coefficient on standardized original features,0.00048300187161483585
PR:266:3,PR,266,3,7,0,5,0,10,0,-1,-1,0.07446068918680036,C871,mean absolute coefficient on standardized original features,0.0012841883080867184
PR:266:4,PR,266,4,7,0,5,0,10,0,-1,-1,0.05512491511320247,C871,mean absolute coefficient on standardized original features,0.000950713352854603
PR:266:5,PR,266,5,7,0,5,0,10,0,-1,-1,0.012615065373768797,C871,mean absolute coefficient on standardized original features,0.00021756606923288175
PR:266:6,PR,266,6,7,0,5,0,10,0,-1,-1,0.027013882773063307,C871,mean absolute coefficient on standardized original features,0.0004658956664524503
PR:266:7,PR,266,7,7,0,5,0,10,0,-1,-1,0.0013380211722860496,C871,mean absolute coefficient on standardized original features,2.3076218662327764e-05
PR:266:8,PR,266,8,7,0,5,0,10,0,-1,-1,0.15820249772337575,C871,mean absolute coefficient on standardized original features,0.0027284436943203756
PR:266:9,PR,266,9,7,0,5,0,10,0,-1,-1,0.029233222301603533,C871,mean absolute coefficient on standardized original features,0.000504171566197027
PR:266:10,PR,266,10,7,0,5,0,10,0,-1,-1,0.016971233522274805,C871,mean absolute coefficient on standardized original features,0.00029269484208558933
PR:266:11,PR,266,11,7,0,5,0,10,0,-1,-1,0.01697123416576633,C871,mean absolute coefficient on standardized original features,0.00029269485318358343
PR:266:12,PR,266,12,7,0,5,0,10,0,-1,-1,0.014830746393096344,C871,mean absolute coefficient on standardized original features,0.00025577887239848143
PR:266:13,PR,266,13,7,0,5,0,10,0,-1,-1,0.03418966840420561,C871,mean absolute coefficient on standardized original features,0.0005896530491665922
PR:266:14,PR,266,14,7,0,5,0,10,0,-1,-1,0.02254844539213948,C871,mean absolute coefficient on standardized original features,0.0003888823788008998
PR:266:15,PR,266,15,7,0,5,0,10,0,-1,-1,0.0077086338401446295,C871,mean absolute coefficient on standardized original features,0.00013294716389208777
PR:267:1,PR,267,1,7,0,5,0,11,0,-1,-1,0.010584879902911685,C871,mean absolute coefficient on standardized original features,0.00018255242010613689
PR:267:3,PR,267,3,7,0,5,0,11,0,-1,-1,0.08215876322254724,C871,mean absolute coefficient on standardized original features,0.001416953352024084
PR:267:4,PR,267,4,7,0,5,0,11,0,-1,-1,0.15373349936387912,C871,mean absolute coefficient on standardized original features,0.0026513689921546903
PR:267:5,PR,267,5,7,0,5,0,11,0,-1,-1,0.08215876322254724,C871,mean absolute coefficient on standardized original features,0.001416953352024084
PR:268:1,PR,268,1,7,0,5,0,12,0,-1,-1,0.005306333991613994,C871,mean absolute coefficient on standardized original features,9.151583399582331e-05
PR:268:2,PR,268,2,7,0,5,0,12,0,-1,-1,0.016665199677460104,C871,mean absolute coefficient on standardized original features,0.0002874168210293521
PR:268:3,PR,268,3,7,0,5,0,12,0,-1,-1,0.04824046574214269,C871,mean absolute coefficient on standardized original features,0.0008319805089005188
PR:268:4,PR,268,4,7,0,5,0,12,0,-1,-1,0.18469742316772383,C871,mean absolute coefficient on standardized original features,0.0031853891490408325
PR:268:5,PR,268,5,7,0,5,0,12,0,-1,-1,0.022106509874966283,C871,mean absolute coefficient on standardized original features,0.00038126052584358544
PR:268:6,PR,268,6,7,0,5,0,12,0,-1,-1,0.0034014995152567874,C871,mean absolute coefficient on standardized original features,5.866405421654022e-05
PR:268:9,PR,268,9,7,0,5,0,12,0,-1,-1,0.037676025286514536,C871,mean absolute coefficient on standardized original features,0.0006497805982797483
PR:268:10,PR,268,10,7,0,5,0,12,0,-1,-1,0.016971233522274805,C871,mean absolute coefficient on standardized original features,0.00029269484208558933
PR:268:11,PR,268,11,7,0,5,0,12,0,-1,-1,0.016971233522274805,C871,mean absolute coefficient on standardized original features,0.00029269484208558933
PR:268:13,PR,268,13,7,0,5,0,12,0,-1,-1,0.006764194348404751,C871,mean absolute coefficient on standardized original features,0.00011665886242411377
PR:268:14,PR,268,14,7,0,5,0,12,0,-1,-1,0.006466622167983208,C871,mean absolute coefficient on standardized original features,0.00011152677569375138
PR:268:15,PR,268,15,7,0,5,0,12,0,-1,-1,0.08215876322254724,C871,mean absolute coefficient on standardized original features,0.001416953352024084
PR:269:1,PR,269,1,7,0,5,0,13,0,-1,-1,0.027049525555988534,C871,mean absolute coefficient on standardized original features,0.0004665103806808591
PR:269:2,PR,269,2,7,0,5,0,13,0,-1,-1,0.028460042278442843,C871,mean absolute coefficient on standardized original features,0.0004908368958275618
PR:269:3,PR,269,3,7,0,5,0,13,0,-1,-1,0.06934783720986219,C871,mean absolute coefficient on standardized original features,0.0011960093669371112
PR:269:4,PR,269,4,7,0,5,0,13,0,-1,-1,0.030023085070192215,C871,mean absolute coefficient on standardized original features,0.0005177939559907868
PR:269:5,PR,269,5,7,0,5,0,13,0,-1,-1,0.059848152232339115,C871,mean absolute coefficient on standardized original features,0.0010321727907265763
PR:269:6,PR,269,6,7,0,5,0,13,0,-1,-1,0.005363249779773186,C871,mean absolute coefficient on standardized original features,9.249743368953836e-05
PR:269:7,PR,269,7,7,0,5,0,13,0,-1,-1,0.003798939511371035,C871,mean absolute coefficient on standardized original features,6.551851395563196e-05
PR:269:8,PR,269,8,7,0,5,0,13,0,-1,-1,0.1786532130758678,C871,mean absolute coefficient on standardized original features,0.003081147514745602
PR:269:9,PR,269,9,7,0,5,0,13,0,-1,-1,0.00956157438109497,C871,mean absolute coefficient on standardized original features,0.00016490395349819475
PR:269:10,PR,269,10,7,0,5,0,13,0,-1,-1,0.02103827068048768,C871,mean absolute coefficient on standardized original features,0.0003628371094238436
PR:269:11,PR,269,11,7,0,5,0,13,0,-1,-1,0.017454343811477275,C871,mean absolute coefficient on standardized original features,0.0003010268168723629
PR:269:12,PR,269,12,7,0,5,0,13,0,-1,-1,0.01683234698626109,C871,mean absolute coefficient on standardized original features,0.0002902995316520258
PR:269:13,PR,269,13,7,0,5,0,13,0,-1,-1,0.0074408532420645575,C871,mean absolute coefficient on standardized original features,0.00012832887849958756
PR:269:14,PR,269,14,7,0,5,0,13,0,-1,-1,0.00557358633601357,C871,mean absolute coefficient on standardized original features,9.612500884680684e-05
PR:269:15,PR,269,15,7,0,5,0,13,0,-1,-1,0.010353946661302321,C871,mean absolute coefficient on standardized original features,0.00017856962365257035
PR:270:1,PR,270,1,7,0,5,0,14,0,-1,-1,0.08215876322254724,C871,mean absolute coefficient on standardized original features,0.001416953352024084
PR:270:4,PR,270,4,7,0,5,0,14,0,-1,-1,0.23088531410615995,C871,mean absolute coefficient on standardized original features,0.003981969870574615
PR:272:1,PR,272,1,7,0,5,0,16,0,-1,-1,0.014896016593360723,C871,mean absolute coefficient on standardized original features,0.00025690455668855985
PR:272:2,PR,272,2,7,0,5,0,16,0,-1,-1,0.007453691406010771,C871,mean absolute coefficient on standardized original features,0.00012855029224443845
PR:272:3,PR,272,3,7,0,5,0,16,0,-1,-1,0.021789344255298843,C871,mean absolute coefficient on standardized original features,0.0003757905203285652
PR:272:4,PR,272,4,7,0,5,0,16,0,-1,-1,0.08215876322254724,C871,mean absolute coefficient on standardized original features,0.001416953352024084
PR:272:5,PR,272,5,7,0,5,0,16,0,-1,-1,0.02348557071457745,C871,mean absolute coefficient on standardized original features,0.00040504453624840524
PR:272:6,PR,272,6,7,0,5,0,16,0,-1,-1,0.36570212194237334,C871,mean absolute coefficient on standardized original features,0.00630709162606234
PR:272:9,PR,272,9,7,0,5,0,16,0,-1,-1,0.029233222301603533,C871,mean absolute coefficient on standardized original features,0.000504171566197027
PR:272:10,PR,272,10,7,0,5,0,16,0,-1,-1,0.016971233522274805,C871,mean absolute coefficient on standardized original features,0.00029269484208558933
PR:272:11,PR,272,11,7,0,5,0,16,0,-1,-1,0.01697123293998106,C871,mean absolute coefficient on standardized original features,0.00029269483204304435
PR:272:12,PR,272,12,7,0,5,0,16,0,-1,-1,0.016971233522274805,C871,mean absolute coefficient on standardized original features,0.00029269484208558933
PR:272:13,PR,272,13,7,0,5,0,16,0,-1,-1,0.006764194348404751,C871,mean absolute coefficient on standardized original features,0.00011665886242411377
PR:272:14,PR,272,14,7,0,5,0,16,0,-1,-1,0.0006099193314473123,C871,mean absolute coefficient on standardized original features,1.0518990394458412e-05
PR:272:15,PR,272,15,7,0,5,0,16,0,-1,-1,0.08215876322254724,C871,mean absolute coefficient on standardized original features,0.001416953352024084
PR:301:1,PR,301,1,8,0,6,0,9,0,-1,-1,0.07416296861467173,C871,mean absolute coefficient on standardized original features,0.00127905366211473
PR:301:2,PR,301,2,8,0,6,0,9,0,-1,-1,0.03917892038608273,C871,mean absolute coefficient on standardized original features,0.0006757003196283445
PR:301:3,PR,301,3,8,0,6,0,9,0,-1,-1,0.057065809351884184,C871,mean absolute coefficient on standardized original features,0.000984187038308884
PR:301:5,PR,301,5,8,0,6,0,9,0,-1,-1,0.03021482480102894,C871,mean absolute coefficient on standardized original features,0.000521100800491225
PR:301:6,PR,301,6,8,0,6,0,9,0,-1,-1,0.02780760673294354,C871,mean absolute coefficient on standardized original features,0.0004795846483871915
PR:301:8,PR,301,8,8,0,6,0,9,0,-1,-1,0.037676025286514536,C871,mean absolute coefficient on standardized original features,0.0006497805982797483
PR:301:9,PR,301,9,8,0,6,0,9,0,-1,-1,0.016239079927006513,C871,mean absolute coefficient on standardized original features,0.0002800677351243786
PR:301:10,PR,301,10,8,0,6,0,9,0,-1,-1,0.016971233522274805,C871,mean absolute coefficient on standardized original features,0.00029269484208558933
PR:301:14,PR,301,14,8,0,6,0,9,0,-1,-1,0.011227968444748063,C871,mean absolute coefficient on standardized original features,0.00019364346419275557
PR:301:15,PR,301,15,8,0,6,0,9,0,-1,-1,0.0022980702615474123,C871,mean absolute coefficient on standardized original features,3.963373147994076e-05
PR:302:2,PR,302,2,8,0,6,0,10,0,-1,-1,0.015786341900470464,C871,mean absolute coefficient on standardized original features,0.0002722595763945382
PR:302:3,PR,302,3,8,0,6,0,10,0,-1,-1,0.039304140572650026,C871,mean absolute coefficient on standardized original features,0.0006778599329932268
PR:302:5,PR,302,5,8,0,6,0,10,0,-1,-1,0.08215876322254724,C871,mean absolute coefficient on standardized original features,0.001416953352024084
PR:302:6,PR,302,6,8,0,6,0,10,0,-1,-1,0.004758526863333534,C871,mean absolute coefficient on standardized original features,8.206806340831934e-05
PR:302:8,PR,302,8,8,0,6,0,10,0,-1,-1,0.02562542689890999,C871,mean absolute coefficient on standardized original features,0.00044194962432800956
PR:302:9,PR,302,9,8,0,6,0,10,0,-1,-1,0.02104066534818383,C871,mean absolute coefficient on standardized original features,0.0003628784091256155
PR:302:10,PR,302,10,8,0,6,0,10,0,-1,-1,0.016971232565962602,C871,mean absolute coefficient on standardized original features,0.0002926948255925248
PR:302:14,PR,302,14,8,0,6,0,10,0,-1,-1,0.009954415228660411,C871,mean absolute coefficient on standardized original features,0.00017167909389632913
PR:302:15,PR,302,15,8,0,6,0,10,0,-1,-1,0.08215876322254724,C871,mean absolute coefficient on standardized original features,0.001416953352024084
PR:303:2,PR,303,2,8,0,6,0,11,0,-1,-1,0.0708388102361257,C871,mean absolute coefficient on standardized original features,0.0012217234739231057
PR:304:1,PR,304,1,8,0,6,0,12,0,-1,-1,0.08961907015896096,C871,mean absolute coefficient on standardized original features,0.0015456177391941545
PR:304:2,PR,304,2,8,0,6,0,12,0,-1,-1,0.025365695244476752,C871,mean absolute coefficient on standardized original features,0.00043747015526176956
PR:304:3,PR,304,3,8,0,6,0,12,0,-1,-1,0.027680449030143894,C871,mean absolute coefficient on standardized original features,0.0004773916195957333
PR:304:5,PR,304,5,8,0,6,0,12,0,-1,-1,0.004547552397562553,C871,mean absolute coefficient on standardized original features,7.842948652692293e-05
PR:304:6,PR,304,6,8,0,6,0,12,0,-1,-1,0.08215876322254724,C871,mean absolute coefficient on standardized original features,0.001416953352024084
PR:304:9,PR,304,9,8,0,6,0,12,0,-1,-1,0.01641273288890076,C871,mean absolute coefficient on standardized original features,0.0002830626456706639
PR:304:14,PR,304,14,8,0,6,0,12,0,-1,-1,0.03541330935462553,C871,mean absolute coefficient on standardized original features,0.0006107566062110781
PR:305:1,PR,305,1,8,0,6,0,13,0,-1,-1,0.05238719571376334,C871,mean absolute coefficient on standardized original features,0.000903497200520021
PR:305:2,PR,305,2,8,0,6,0,13,0,-1,-1,0.012274516392290418,C871,mean absolute coefficient on standardized original features,0.000211692781930259
PR:305:3,PR,305,3,8,0,6,0,13,0,-1,-1,0.009008785188398302,C871,mean absolute coefficient on standardized original features,0.0001553702596007765
PR:305:5,PR,305,5,8,0,6,0,13,0,-1,-1,0.004247097898190735,C871,mean absolute coefficient on standardized original features,7.324768980412635e-05
PR:305:6,PR,305,6,8,0,6,0,13,0,-1,-1,0.0038650775509117695,C871,mean absolute coefficient on standardized original features,6.665916545947334e-05
PR:305:7,PR,305,7,8,0,6,0,13,0,-1,-1,0.037676025286514536,C871,mean absolute coefficient on standardized original features,0.0006497805982797483
PR:305:8,PR,305,8,8,0,6,0,13,0,-1,-1,0.0053234958570691476,C871,mean absolute coefficient on standardized original features,9.181181657674163e-05
PR:305:9,PR,305,9,8,0,6,0,13,0,-1,-1,0.01693033790891704,C871,mean absolute coefficient on standardized original features,0.0002919895347737764
PR:305:10,PR,305,10,8,0,6,0,13,0,-1,-1,0.01659686420591803,C871,mean absolute coefficient on standardized original features,0.0002862382714545319
PR:305:11,PR,305,11,8,0,6,0,13,0,-1,-1,0.018014481180592068,C871,mean absolute coefficient on standardized original features,0.00031068724129490753
PR:305:12,PR,305,12,8,0,6,0,13,0,-1,-1,0.016896503372119336,C871,mean absolute coefficient on standardized original features,0.0002914060065115529
PR:305:13,PR,305,13,8,0,6,0,13,0,-1,-1,0.023718267824894498,C871,mean absolute coefficient on standardized original features,0.0004090577533117747
PR:305:14,PR,305,14,8,0,6,0,13,0,-1,-1,0.04141066362563,C871,mean absolute coefficient on standardized original features,0.0007141901403133004
PR:305:15,PR,305,15,8,0,6,0,13,0,-1,-1,0.0069346039675581015,C871,mean absolute coefficient on standardized original features,0.00011959783657130763
PR:306:2,PR,306,2,8,0,6,0,14,0,-1,-1,0.006764194348404751,C871,mean absolute coefficient on standardized original features,0.00011665886242411377
PR:306:3,PR,306,3,8,0,6,0,14,0,-1,-1,0.11515020869625511,C871,mean absolute coefficient on standardized original features,0.001985941216720434
PR:306:14,PR,306,14,8,0,6,0,14,0,-1,-1,0.006764194348404751,C871,mean absolute coefficient on standardized original features,0.00011665886242411377
PR:308:1,PR,308,1,8,0,6,0,16,0,-1,-1,0.11978836346509794,C871,mean absolute coefficient on standardized original features,0.002065933279516174
PR:308:2,PR,308,2,8,0,6,0,16,0,-1,-1,0.003706006566969447,C871,mean absolute coefficient on standardized original features,6.391574339387697e-05
PR:308:3,PR,308,3,8,0,6,0,16,0,-1,-1,0.06354055829601868,C871,mean absolute coefficient on standardized original features,0.0010958539726693074
PR:308:5,PR,308,5,8,0,6,0,16,0,-1,-1,0.0037205841663941757,C871,mean absolute coefficient on standardized original features,6.416715636017714e-05
PR:308:6,PR,308,6,8,0,6,0,16,0,-1,-1,0.08215876322254724,C871,mean absolute coefficient on standardized original features,0.001416953352024084
PR:308:9,PR,308,9,8,0,6,0,16,0,-1,-1,0.0013905523411870163,C871,mean absolute coefficient on standardized original features,2.3982198900349904e-05
PR:308:14,PR,308,14,8,0,6,0,16,0,-1,-1,0.08286036367018595,C871,mean absolute coefficient on standardized original features,0.0014290535232909082
PR:308:15,PR,308,15,8,0,6,0,16,0,-1,-1,0.08215876322254724,C871,mean absolute coefficient on standardized original features,0.001416953352024084
PR:309:2,PR,309,2,8,0,6,0,17,0,-1,-1,0.08215876322254724,C871,mean absolute coefficient on standardized original features,0.001416953352024084
PR:309:3,PR,309,3,8,0,6,0,17,0,-1,-1,0.029233222301603533,C871,mean absolute coefficient on standardized original features,0.000504171566197027
PR:337:1,PR,337,1,9,0,7,0,9,0,-1,-1,0.0874245934895501,C871,mean absolute coefficient on standardized original features,0.001507770637428058
PR:337:2,PR,337,2,9,0,7,0,9,0,-1,-1,0.033054644448624715,C871,mean absolute coefficient on standardized original features,0.0005700778275419486
PR:337:3,PR,337,3,9,0,7,0,9,0,-1,-1,0.011684756614555371,C871,mean absolute coefficient on standardized original features,0.00020152147382905187
PR:337:4,PR,337,4,9,0,7,0,9,0,-1,-1,0.01573740144994785,C871,mean absolute coefficient on standardized original features,0.00027141552357901874
PR:337:5,PR,337,5,9,0,7,0,9,0,-1,-1,0.058591834725262436,C871,mean absolute coefficient on standardized original features,0.0010105056765559687
PR:337:8,PR,337,8,9,0,7,0,9,0,-1,-1,0.016971232719263558,C871,mean absolute coefficient on standardized original features,0.00029269482823643394
PR:337:9,PR,337,9,9,0,7,0,9,0,-1,-1,0.019571730802913787,C871,mean absolute coefficient on standardized original features,0.00033754438940350326
PR:337:13,PR,337,13,9,0,7,0,9,0,-1,-1,0.026307941683513716,C871,mean absolute coefficient on standardized original features,0.00045372063418645445
PR:337:14,PR,337,14,9,0,7,0,9,0,-1,-1,0.011514543420274085,C871,mean absolute coefficient on standardized original features,0.0001985858873287745
PR:338:1,PR,338,1,9,0,7,0,10,0,-1,-1,0.05208452592195269,C871,mean absolute coefficient on standardized original features,0.0008982771976957229
PR:338:2,PR,338,2,9,0,7,0,10,0,-1,-1,0.017187879045567615,C871,mean absolute coefficient on standardized original features,0.0002964312250152987
PR:338:3,PR,338,3,9,0,7,0,10,0,-1,-1,0.030036035108936418,C871,mean absolute coefficient on standardized original features,0.0005180172991873942
PR:338:4,PR,338,4,9,0,7,0,10,0,-1,-1,0.2978786016725661,C871,mean absolute coefficient on standardized original features,0.00513737143283038
PR:338:5,PR,338,5,9,0,7,0,10,0,-1,-1,0.006730918778595432,C871,mean absolute coefficient on standardized original features,0.00011608497440130958
PR:338:6,PR,338,6,9,0,7,0,10,0,-1,-1,0.08215876322254724,C871,mean absolute coefficient on standardized original features,0.001416953352024084
PR:338:9,PR,338,9,9,0,7,0,10,0,-1,-1,0.016782682953161092,C871,mean absolute coefficient on standardized original features,0.00028944299954983895
PR:338:10,PR,338,10,9,0,7,0,10,0,-1,-1,0.029233222301603533,C871,mean absolute coefficient on standardized original features,0.000504171566197027
PR:338:13,PR,338,13,9,0,7,0,10,0,-1,-1,0.029233222301603533,C871,mean absolute coefficient on standardized original features,0.000504171566197027
PR:338:14,PR,338,14,9,0,7,0,10,0,-1,-1,0.02002986569491001,C871,mean absolute coefficient on standardized original features,0.0003454456253207826
PR:338:15,PR,338,15,9,0,7,0,10,0,-1,-1,0.08215876322254724,C871,mean absolute coefficient on standardized original features,0.001416953352024084
PR:340:1,PR,340,1,9,0,7,0,12,0,-1,-1,0.0858473911437788,C871,mean absolute coefficient on standardized original features,0.0014805693741299806
PR:340:2,PR,340,2,9,0,7,0,12,0,-1,-1,0.20930155343123327,C871,mean absolute coefficient on standardized original features,0.0036097249530752987
PR:340:3,PR,340,3,9,0,7,0,12,0,-1,-1,0.051634513330275966,C871,mean absolute coefficient on standardized original features,0.0008905160432525609
PR:340:4,PR,340,4,9,0,7,0,12,0,-1,-1,0.014635831819045722,C871,mean absolute coefficient on standardized original features,0.0002524172728779134
PR:340:7,PR,340,7,9,0,7,0,12,0,-1,-1,0.016971233522274805,C871,mean absolute coefficient on standardized original features,0.00029269484208558933
PR:340:8,PR,340,8,9,0,7,0,12,0,-1,-1,0.016971233847488377,C871,mean absolute coefficient on standardized original features,0.00029269484769439404
PR:340:13,PR,340,13,9,0,7,0,12,0,-1,-1,0.018830629297105803,C871,mean absolute coefficient on standardized original features,0.00032476296205898194
PR:340:14,PR,340,14,9,0,7,0,12,0,-1,-1,0.037676025286514536,C871,mean absolute coefficient on standardized original features,0.0006497805982797483
PR:341:1,PR,341,1,9,0,7,0,13,0,-1,-1,0.07913797554103251,C871,mean absolute coefficient on standardized original features,0.0013648552548377734
PR:341:2,PR,341,2,9,0,7,0,13,0,-1,-1,0.020106035659593277,C871,mean absolute coefficient on standardized original features,0.00034675929269536516
PR:341:3,PR,341,3,9,0,7,0,13,0,-1,-1,0.028761207350757136,C871,mean absolute coefficient on standardized original features,0.0004960309474660023
PR:341:4,PR,341,4,9,0,7,0,13,0,-1,-1,0.020277716669610674,C871,mean absolute coefficient on standardized original features,0.00034972019391979193
PR:341:5,PR,341,5,9,0,7,0,13,0,-1,-1,0.005770689674336784,C871,mean absolute coefficient on standardized original features,9.952435695013331e-05
PR:341:6,PR,341,6,9,0,7,0,13,0,-1,-1,0.04640494881330519,C871,mean absolute coefficient on standardized original features,0.0008003242160962049
PR:341:8,PR,341,8,9,0,7,0,13,0,-1,-1,0.01697123388111476,C871,mean absolute coefficient on standardized original features,0.00029269484827433237
PR:341:9,PR,341,9,9,0,7,0,13,0,-1,-1,0.01715395576271603,C871,mean absolute coefficient on standardized original features,0.00029584616619183503
PR:341:10,PR,341,10,9,0,7,0,13,0,-1,-1,0.02562542689890999,C871,mean absolute coefficient on standardized original features,0.00044194962432800956
PR:341:12,PR,341,12,9,0,7,0,13,0,-1,-1,0.029233222301603533,C871,mean absolute coefficient on standardized original features,0.000504171566197027
PR:341:13,PR,341,13,9,0,7,0,13,0,-1,-1,0.004013841612348101,C871,mean absolute coefficient on standardized original features,6.922482890479498e-05
PR:341:14,PR,341,14,9,0,7,0,13,0,-1,-1,0.03724951068113221,C871,mean absolute coefficient on standardized original features,0.0006424247024984708
PR:341:15,PR,341,15,9,0,7,0,13,0,-1,-1,0.008230018688155186,C871,mean absolute coefficient on standardized original features,0.00014193924190185483
PR:342:1,PR,342,1,9,0,7,0,14,0,-1,-1,0.16513163158702304,C871,mean absolute coefficient on standardized original features,0.002847947190595307
PR:342:2,PR,342,2,9,0,7,0,14,0,-1,-1,0.08215876322254724,C871,mean absolute coefficient on standardized original features,0.001416953352024084
PR:344:1,PR,344,1,9,0,7,0,16,0,-1,-1,0.2889586082846033,C871,mean absolute coefficient on standardized original features,0.004983532523438936
PR:344:2,PR,344,2,9,0,7,0,16,0,-1,-1,0.053147119458791525,C871,mean absolute coefficient on standardized original features,0.000916603246126911
PR:344:3,PR,344,3,9,0,7,0,16,0,-1,-1,0.018153438624675815,C871,mean absolute coefficient on standardized original features,0.000313083774646436
PR:344:4,PR,344,4,9,0,7,0,16,0,-1,-1,0.1282080494609416,C871,mean absolute coefficient on standardized original features,0.0022111436238160848
PR:344:13,PR,344,13,9,0,7,0,16,0,-1,-1,0.11821510353737309,C871,mean absolute coefficient on standardized original features,0.0020388000092385235
PR:345:1,PR,345,1,9,0,7,0,17,0,-1,-1,0.16513163162417865,C871,mean absolute coefficient on standardized original features,0.002847947191236112
PR:348:1,PR,348,1,9,0,7,0,20,0,-1,-1,0.16513163158702304,C871,mean absolute coefficient on standardized original features,0.002847947190595307
PR:373:1,PR,373,1,10,0,6,0,9,0,-1,-1,0.08727815380078897,C871,mean absolute coefficient on standardized original features,0.001505245061339511
PR:373:2,PR,373,2,10,0,6,0,9,0,-1,-1,0.4346663558343498,C871,mean absolute coefficient on standardized original features,0.007496485167909029
PR:373:3,PR,373,3,10,0,6,0,9,0,-1,-1,0.03378542065978354,C871,mean absolute coefficient on standardized original features,0.0005826811794105266
PR:373:4,PR,373,4,10,0,6,0,9,0,-1,-1,0.0015316088360720144,C871,mean absolute coefficient on standardized original features,2.641493358880508e-05
PR:373:5,PR,373,5,10,0,6,0,9,0,-1,-1,0.03147350025924459,C871,mean absolute coefficient on standardized original features,0.0005428085811304992
PR:373:6,PR,373,6,10,0,6,0,9,0,-1,-1,0.016971233522274805,C871,mean absolute coefficient on standardized original features,0.00029269484208558933
PR:373:7,PR,373,7,10,0,6,0,9,0,-1,-1,0.017175262591488622,C871,mean absolute coefficient on standardized original features,0.00029621363499572324
PR:373:8,PR,373,8,10,0,6,0,9,0,-1,-1,0.016971232565962602,C871,mean absolute coefficient on standardized original features,0.0002926948255925248
PR:373:12,PR,373,12,10,0,6,0,9,0,-1,-1,0.010115631984307908,C871,mean absolute coefficient on standardized original features,0.0001744595230721967
PR:373:13,PR,373,13,10,0,6,0,9,0,-1,-1,0.0007911630363272894,C871,mean absolute coefficient on standardized original features,1.364481489679791e-05
PR:374:1,PR,374,1,10,0,6,0,10,0,-1,-1,0.0814686175139846,C871,mean absolute coefficient on standardized original features,0.0014050507352273344
PR:374:2,PR,374,2,10,0,6,0,10,0,-1,-1,0.2262365055212787,C871,mean absolute coefficient on standardized original features,0.0039017940664498266
PR:374:3,PR,374,3,10,0,6,0,10,0,-1,-1,0.043725368051494455,C871,mean absolute coefficient on standardized original features,0.0007541107533620801
PR:374:4,PR,374,4,10,0,6,0,10,0,-1,-1,0.019079026829041404,C871,mean absolute coefficient on standardized original features,0.0003290469568722591
PR:374:7,PR,374,7,10,0,6,0,10,0,-1,-1,0.016971233522274805,C871,mean absolute coefficient on standardized original features,0.00029269484208558933
PR:374:8,PR,374,8,10,0,6,0,10,0,-1,-1,0.016971233325574434,C871,mean absolute coefficient on standardized original features,0.000292694838693191
PR:374:12,PR,374,12,10,0,6,0,10,0,-1,-1,0.029233222301603533,C871,mean absolute coefficient on standardized original features,0.000504171566197027
PR:374:13,PR,374,13,10,0,6,0,10,0,-1,-1,0.005240613226294531,C871,mean absolute coefficient on standardized original features,9.038237902322648e-05
PR:375:1,PR,375,1,10,0,6,0,11,0,-1,-1,0.3079105677285304,C871,mean absolute coefficient on standardized original features,0.005310388009186162
PR:375:3,PR,375,3,10,0,6,0,11,0,-1,-1,0.14374338525969738,C871,mean absolute coefficient on standardized original features,0.002479074216627463
PR:375:4,PR,375,4,10,0,6,0,11,0,-1,-1,0.20248169115723152,C871,mean absolute coefficient on standardized original features,0.003492106012253203
PR:376:1,PR,376,1,10,0,6,0,12,0,-1,-1,0.14897657042193663,C871,mean absolute coefficient on standardized original features,0.0025693284873412486
PR:376:2,PR,376,2,10,0,6,0,12,0,-1,-1,0.3399484483958177,C871,mean absolute coefficient on standardized original features,0.005862930192425869
PR:376:3,PR,376,3,10,0,6,0,12,0,-1,-1,0.06298139416665187,C871,mean absolute coefficient on standardized original features,0.0010862103332526362
PR:376:4,PR,376,4,10,0,6,0,12,0,-1,-1,0.15453992663264443,C871,mean absolute coefficient on standardized original features,0.00266527706205279
PR:376:5,PR,376,5,10,0,6,0,12,0,-1,-1,0.034672995849949206,C871,mean absolute coefficient on standardized original features,0.0005979887691495785
PR:376:6,PR,376,6,10,0,6,0,12,0,-1,-1,0.016971233522274805,C871,mean absolute coefficient on standardized original features,0.00029269484208558933
PR:376:7,PR,376,7,10,0,6,0,12,0,-1,-1,0.0169712323124493,C871,mean absolute coefficient on standardized original features,0.0002926948212203007
PR:376:8,PR,376,8,10,0,6,0,12,0,-1,-1,0.016971233522274805,C871,mean absolute coefficient on standardized original features,0.00029269484208558933
PR:376:11,PR,376,11,10,0,6,0,12,0,-1,-1,0.029233222301603533,C871,mean absolute coefficient on standardized original features,0.000504171566197027
PR:376:12,PR,376,12,10,0,6,0,12,0,-1,-1,0.016737070820561556,C871,mean absolute coefficient on standardized original features,0.00028865634866020936
PR:376:13,PR,376,13,10,0,6,0,12,0,-1,-1,0.010652492336368185,C871,mean absolute coefficient on standardized original features,0.0001837184997848826
PR:377:1,PR,377,1,10,0,6,0,13,0,-1,-1,0.05639470788898298,C871,mean absolute coefficient on standardized original features,0.0009726128686146501
PR:377:2,PR,377,2,10,0,6,0,13,0,-1,-1,0.327523212610493,C871,mean absolute coefficient on standardized original features,0.005648638024370523
PR:377:3,PR,377,3,10,0,6,0,13,0,-1,-1,0.05593633134537019,C871,mean absolute coefficient on standardized original features,0.000964707465046171
PR:377:4,PR,377,4,10,0,6,0,13,0,-1,-1,0.01965186408771197,C871,mean absolute coefficient on standardized original features,0.0003389264102866064
PR:377:5,PR,377,5,10,0,6,0,13,0,-1,-1,0.03096785227844314,C871,mean absolute coefficient on standardized original features,0.0005340879094305118
PR:377:6,PR,377,6,10,0,6,0,13,0,-1,-1,0.03633238498640405,C871,mean absolute coefficient on standardized original features,0.0006266074691760508
PR:377:7,PR,377,7,10,0,6,0,13,0,-1,-1,0.017768973759696938,C871,mean absolute coefficient on standardized original features,0.00030645309086056076
PR:377:8,PR,377,8,10,0,6,0,13,0,-1,-1,0.016971233317834143,C871,mean absolute coefficient on standardized original features,0.0002926948385596979
PR:377:9,PR,377,9,10,0,6,0,13,0,-1,-1,0.029233222301603533,C871,mean absolute coefficient on standardized original features,0.000504171566197027
PR:377:10,PR,377,10,10,0,6,0,13,0,-1,-1,0.029233222301603533,C871,mean absolute coefficient on standardized original features,0.000504171566197027
PR:377:11,PR,377,11,10,0,6,0,13,0,-1,-1,0.029233222301603533,C871,mean absolute coefficient on standardized original features,0.000504171566197027
PR:377:12,PR,377,12,10,0,6,0,13,0,-1,-1,0.017716109274692474,C871,mean absolute coefficient on standardized original features,0.0003055413620772635
PR:377:13,PR,377,13,10,0,6,0,13,0,-1,-1,0.005222586305937658,C871,mean absolute coefficient on standardized original features,9.007147724933838e-05
PR:377:14,PR,377,14,10,0,6,0,13,0,-1,-1,0.01760881993533211,C871,mean absolute coefficient on standardized original features,0.00030369099355806705
PR:377:15,PR,377,15,10,0,6,0,13,0,-1,-1,0.5678360846324861,C871,mean absolute coefficient on standardized original features,0.009793200529817896
PR:378:1,PR,378,1,10,0,6,0,14,0,-1,-1,0.17682503264958127,C871,mean absolute coefficient on standardized original features,0.003049617751132746
PR:378:3,PR,378,3,10,0,6,0,14,0,-1,-1,0.14374338525969738,C871,mean absolute coefficient on standardized original features,0.002479074216627463
PR:378:4,PR,378,4,10,0,6,0,14,0,-1,-1,0.08080125369369125,C871,mean absolute coefficient on standardized original features,0.001393541026888337
PR:380:1,PR,380,1,10,0,6,0,16,0,-1,-1,0.1753135437696051,C871,mean absolute coefficient on standardized original features,0.00302354981691582
PR:380:2,PR,380,2,10,0,6,0,16,0,-1,-1,0.2616828996113344,C871,mean absolute coefficient on standardized original features,0.004513121269453381
PR:380:3,PR,380,3,10,0,6,0,16,0,-1,-1,0.001134745099875485,C871,mean absolute coefficient on standardized original features,1.9570412332110347e-05
PR:380:4,PR,380,4,10,0,6,0,16,0,-1,-1,0.14374338525969738,C871,mean absolute coefficient on standardized original features,0.002479074216627463
PR:380:5,PR,380,5,10,0,6,0,16,0,-1,-1,0.031072177347969642,C871,mean absolute coefficient on standardized original features,0.0005358871545891239
PR:380:6,PR,380,6,10,0,6,0,16,0,-1,-1,0.03289149653794498,C871,mean absolute coefficient on standardized original features,0.0005672640926481163
PR:380:7,PR,380,7,10,0,6,0,16,0,-1,-1,0.016971232719263558,C871,mean absolute coefficient on standardized original features,0.00029269482823643394
PR:380:11,PR,380,11,10,0,6,0,16,0,-1,-1,0.037676025286514536,C871,mean absolute coefficient on standardized original features,0.0006497805982797483
PR:380:12,PR,380,12,10,0,6,0,16,0,-1,-1,0.010407814296756279,C871,mean absolute coefficient on standardized original features,0.00017949865329747072
PR:380:13,PR,380,13,10,0,6,0,16,0,-1,-1,0.029233222301603533,C871,mean absolute coefficient on standardized original features,0.000504171566197027
PR:380:14,PR,380,14,10,0,6,0,16,0,-1,-1,0.037676025286514536,C871,mean absolute coefficient on standardized original features,0.0006497805982797483
PR:380:15,PR,380,15,10,0,6,0,16,0,-1,-1,0.3763668708315043,C871,mean absolute coefficient on standardized original features,0.006491021508818926
PR:381:1,PR,381,1,10,0,6,0,17,0,-1,-1,0.2189762064173128,C871,mean absolute coefficient on standardized original features,0.003776579119820266
PR:381:2,PR,381,2,10,0,6,0,17,0,-1,-1,0.14374338525969738,C871,mean absolute coefficient on standardized original features,0.002479074216627463
PR:381:3,PR,381,3,10,0,6,0,17,0,-1,-1,0.12937121452233316,C871,mean absolute coefficient on standardized original features,0.0022312041817900605
PR:384:1,PR,384,1,10,0,6,0,20,0,-1,-1,0.04017914748381276,C871,mean absolute coefficient on standardized original features,0.0006929507635654672
PR:384:2,PR,384,2,10,0,6,0,20,0,-1,-1,0.018153438624675815,C871,mean absolute coefficient on standardized original features,0.000313083774646436
PR:384:3,PR,384,3,10,0,6,0,20,0,-1,-1,0.07976886391430818,C871,mean absolute coefficient on standardized original features,0.0013757358883843681
PR:409:1,PR,409,1,11,0,7,0,9,0,-1,-1,0.24559249881336082,C871,mean absolute coefficient on standardized original features,0.004235617732985311
PR:409:2,PR,409,2,11,0,7,0,9,0,-1,-1,0.1883154136115822,C871,mean absolute coefficient on standardized original features,0.0032477869199655208
PR:409:3,PR,409,3,11,0,7,0,9,0,-1,-1,0.0034868238900249444,C871,mean absolute coefficient on standardized original features,6.013560337447496e-05
PR:409:4,PR,409,4,11,0,7,0,9,0,-1,-1,0.016971233522274805,C871,mean absolute coefficient on standardized original features,0.00029269484208558933
PR:409:5,PR,409,5,11,0,7,0,9,0,-1,-1,0.0361612285979716,C871,mean absolute coefficient on standardized original features,0.0006236556158521056
PR:409:6,PR,409,6,11,0,7,0,9,0,-1,-1,0.03339587981847646,C871,mean absolute coefficient on standardized original features,0.000575962952660384
PR:409:7,PR,409,7,11,0,7,0,9,0,-1,-1,0.02644346389369082,C871,mean absolute coefficient on standardized original features,0.0004560579216826647
PR:409:9,PR,409,9,11,0,7,0,9,0,-1,-1,0.029233222301603533,C871,mean absolute coefficient on standardized original features,0.000504171566197027
PR:409:10,PR,409,10,11,0,7,0,9,0,-1,-1,0.029233222301603533,C871,mean absolute coefficient on standardized original features,0.000504171566197027
PR:409:12,PR,409,12,11,0,7,0,9,0,-1,-1,0.06073633137271424,C871,mean absolute coefficient on standardized original features,0.0010474907965093972
PR:409:14,PR,409,14,11,0,7,0,9,0,-1,-1,0.028005746519011707,C871,mean absolute coefficient on standardized original features,0.00048300187161483585
PR:410:1,PR,410,1,11,0,7,0,10,0,-1,-1,0.08233117581120317,C871,mean absolute coefficient on standardized original features,0.001419926870439465
PR:410:2,PR,410,2,11,0,7,0,10,0,-1,-1,0.28249713353220457,C871,mean absolute coefficient on standardized original features,0.004872094522788535
PR:410:3,PR,410,3,11,0,7,0,10,0,-1,-1,0.037967460742255356,C871,mean absolute coefficient on standardized original features,0.0006548068478204338
PR:410:4,PR,410,4,11,0,7,0,10,0,-1,-1,0.016971233522274805,C871,mean absolute coefficient on standardized original features,0.00029269484208558933
PR:410:5,PR,410,5,11,0,7,0,10,0,-1,-1,0.03341941951154871,C871,mean absolute coefficient on standardized original features,0.0005763689306193511
PR:410:6,PR,410,6,11,0,7,0,10,0,-1,-1,0.033294094220586795,C871,mean absolute coefficient on standardized original features,0.0005742075045686587
PR:410:7,PR,410,7,11,0,7,0,10,0,-1,-1,0.017449426915122697,C871,mean absolute coefficient on standardized original features,0.00030094201748520193
PR:410:10,PR,410,10,11,0,7,0,10,0,-1,-1,0.029233222301603533,C871,mean absolute coefficient on standardized original features,0.000504171566197027
PR:410:11,PR,410,11,11,0,7,0,10,0,-1,-1,0.029233222301603533,C871,mean absolute coefficient on standardized original features,0.000504171566197027
PR:410:12,PR,410,12,11,0,7,0,10,0,-1,-1,0.03546102123051653,C871,mean absolute coefficient on standardized original features,0.0006115794703806858
PR:410:13,PR,410,13,11,0,7,0,10,0,-1,-1,0.029233222301603533,C871,mean absolute coefficient on standardized original features,0.000504171566197027
PR:410:14,PR,410,14,11,0,7,0,10,0,-1,-1,0.028005746519011707,C871,mean absolute coefficient on standardized original features,0.00048300187161483585
PR:412:1,PR,412,1,11,0,7,0,12,0,-1,-1,0.3210258670442974,C871,mean absolute coefficient on standardized original features,0.005536581376751062
PR:412:2,PR,412,2,11,0,7,0,12,0,-1,-1,0.1328953474978704,C871,mean absolute coefficient on standardized original features,0.0022919832373259857
PR:412:3,PR,412,3,11,0,7,0,12,0,-1,-1,0.33771780405375185,C871,mean absolute coefficient on standardized original features,0.005824459323906315
PR:412:5,PR,412,5,11,0,7,0,12,0,-1,-1,0.03633238498640405,C871,mean absolute coefficient on standardized original features,0.0006266074691760508
PR:412:6,PR,412,6,11,0,7,0,12,0,-1,-1,0.03474704802952048,C871,mean absolute coefficient on standardized original features,0.0005992659120854329
PR:412:7,PR,412,7,11,0,7,0,12,0,-1,-1,0.026801597990110067,C871,mean absolute coefficient on standardized original features,0.0004622344911500116
PR:412:9,PR,412,9,11,0,7,0,12,0,-1,-1,0.029233222301603533,C871,mean absolute coefficient on standardized original features,0.000504171566197027
PR:412:14,PR,412,14,11,0,7,0,12,0,-1,-1,0.01484886911564501,C871,mean absolute coefficient on standardized original features,0.0002560914264274847
PR:413:1,PR,413,1,11,0,7,0,13,0,-1,-1,0.09207503710314105,C871,mean absolute coefficient on standardized original features,0.001587974640120108
PR:413:2,PR,413,2,11,0,7,0,13,0,-1,-1,0.10028737824061436,C871,mean absolute coefficient on standardized original features,0.0017296090056617087
PR:413:3,PR,413,3,11,0,7,0,13,0,-1,-1,0.021870700847036666,C871,mean absolute coefficient on standardized original features,0.0003771936390081868
PR:413:4,PR,413,4,11,0,7,0,13,0,-1,-1,0.04046498136752653,C871,mean absolute coefficient on standardized original features,0.0006978804054413217
PR:413:5,PR,413,5,11,0,7,0,13,0,-1,-1,0.031483742233848,C871,mean absolute coefficient on standardized original features,0.0005429852196249996
PR:413:6,PR,413,6,11,0,7,0,13,0,-1,-1,0.033502868040956396,C871,mean absolute coefficient on standardized original features,0.0005778081279590848
PR:413:7,PR,413,7,11,0,7,0,13,0,-1,-1,0.018364004375684632,C871,mean absolute coefficient on standardized original features,0.00031671530261753294
PR:413:8,PR,413,8,11,0,7,0,13,0,-1,-1,0.037577020711652025,C871,mean absolute coefficient on standardized original features,0.0006480731131775547
PR:413:9,PR,413,9,11,0,7,0,13,0,-1,-1,0.015900685830965582,C871,mean absolute coefficient on standardized original features,0.0002742316121122594
PR:413:10,PR,413,10,11,0,7,0,13,0,-1,-1,0.029233222301603533,C871,mean absolute coefficient on standardized original features,0.000504171566197027
PR:413:11,PR,413,11,11,0,7,0,13,0,-1,-1,0.04311203891794542,C871,mean absolute coefficient on standardized original features,0.0007435329557226211
PR:413:12,PR,413,12,11,0,7,0,13,0,-1,-1,0.04053232961523246,C871,mean absolute coefficient on standardized original features,0.0006990419288333107
PR:413:13,PR,413,13,11,0,7,0,13,0,-1,-1,0.0012032607748278328,C871,mean absolute coefficient on standardized original features,2.075206978996359e-05
PR:413:14,PR,413,14,11,0,7,0,13,0,-1,-1,0.10728135430706914,C871,mean absolute coefficient on standardized original features,0.0018502308047568983
PR:413:15,PR,413,15,11,0,7,0,13,0,-1,-1,0.5737139066639945,C871,mean absolute coefficient on standardized original features,0.009894572547889623
PR:414:2,PR,414,2,11,0,7,0,14,0,-1,-1,0.1897353837622097,C871,mean absolute coefficient on standardized original features,0.0032722764739191957
PR:414:3,PR,414,3,11,0,7,0,14,0,-1,-1,0.03588626918897134,C871,mean absolute coefficient on standardized original features,0.0006189135209011612
PR:416:1,PR,416,1,11,0,7,0,16,0,-1,-1,0.32652778984189196,C871,mean absolute coefficient on standardized original features,0.005631470438426833
PR:416:2,PR,416,2,11,0,7,0,16,0,-1,-1,0.13491054480191841,C871,mean absolute coefficient on standardized original features,0.002326738392624831
PR:416:3,PR,416,3,11,0,7,0,16,0,-1,-1,0.1237155721049772,C871,mean absolute coefficient on standardized original features,0.002133663990497078
PR:416:5,PR,416,5,11,0,7,0,16,0,-1,-1,0.01697123352609343,C871,mean absolute coefficient on standardized original features,0.00029269484215144735
PR:416:6,PR,416,6,11,0,7,0,16,0,-1,-1,0.036357928325054654,C871,mean absolute coefficient on standardized original features,0.0006270480030631643
PR:416:7,PR,416,7,11,0,7,0,16,0,-1,-1,0.037577020711652025,C871,mean absolute coefficient on standardized original features,0.0006480731131775547
PR:416:9,PR,416,9,11,0,7,0,16,0,-1,-1,0.03199156900415275,C871,mean absolute coefficient on standardized original features,0.0005517434678776145
PR:416:11,PR,416,11,11,0,7,0,16,0,-1,-1,0.037676025286514536,C871,mean absolute coefficient on standardized original features,0.0006497805982797483
PR:416:14,PR,416,14,11,0,7,0,16,0,-1,-1,0.028005746519011707,C871,mean absolute coefficient on standardized original features,0.00048300187161483585
PR:417:1,PR,417,1,11,0,7,0,17,0,-1,-1,0.055368535874227014,C871,mean absolute coefficient on standardized original features,0.0009549149649580048
PR:417:2,PR,417,2,11,0,7,0,17,0,-1,-1,0.033487210105780194,C871,mean absolute coefficient on standardized original features,0.0005775380829527645
PR:417:3,PR,417,3,11,0,7,0,17,0,-1,-1,0.018153438624675815,C871,mean absolute coefficient on standardized original features,0.000313083774646436
PR:420:1,PR,420,1,11,0,7,0,20,0,-1,-1,0.06346234147705233,C871,mean absolute coefficient on standardized original features,0.0010945050041664733
PR:420:2,PR,420,2,11,0,7,0,20,0,-1,-1,0.07989075321682305,C871,mean absolute coefficient on standardized original features,0.0013778380555665407
PR:451:1,PR,451,1,12,0,8,0,8,0,-1,-1,0.313287350302492,C871,mean absolute coefficient on standardized original features,0.00540311883657998
PR:452:1,PR,452,1,12,0,8,0,9,0,-1,-1,0.10390841639840476,C871,mean absolute coefficient on standardized original features,0.0017920593390678978
PR:452:2,PR,452,2,12,0,8,0,9,0,-1,-1,0.14097588885956713,C871,mean absolute coefficient on standardized original features,0.0024313445144378497
PR:452:3,PR,452,3,12,0,8,0,9,0,-1,-1,0.016971233522274805,C871,mean absolute coefficient on standardized original features,0.00029269484208558933
PR:452:4,PR,452,4,12,0,8,0,9,0,-1,-1,0.016971233522274805,C871,mean absolute coefficient on standardized original features,0.00029269484208558933
PR:452:5,PR,452,5,12,0,8,0,9,0,-1,-1,0.016971232826599156,C871,mean absolute coefficient on standardized original features,0.00029269483008760025
PR:452:6,PR,452,6,12,0,8,0,9,0,-1,-1,0.03802015186250453,C871,mean absolute coefficient on standardized original features,0.0006557155866637478
PR:452:7,PR,452,7,12,0,8,0,9,0,-1,-1,0.032143963454376125,C871,mean absolute coefficient on standardized original features,0.0005543717429222249
PR:452:8,PR,452,8,12,0,8,0,9,0,-1,-1,0.03303448364688376,C871,mean absolute coefficient on standardized original features,0.0005697301237245364
PR:452:9,PR,452,9,12,0,8,0,9,0,-1,-1,0.017385057124505145,C871,mean absolute coefficient on standardized original features,0.0002998318621346696
PR:452:10,PR,452,10,12,0,8,0,9,0,-1,-1,0.0019054144220259732,C871,mean absolute coefficient on standardized original features,3.286178182808615e-05
PR:452:14,PR,452,14,12,0,8,0,9,0,-1,-1,0.008113010034972208,C871,mean absolute coefficient on standardized original features,0.0001399212489715773
PR:452:15,PR,452,15,12,0,8,0,9,0,-1,-1,0.037676025286514536,C871,mean absolute coefficient on standardized original features,0.0006497805982797483
PR:453:1,PR,453,1,12,0,8,0,10,0,-1,-1,0.19217847691709664,C871,mean absolute coefficient on standardized original features,0.0033144113466867806
PR:453:2,PR,453,2,12,0,8,0,10,0,-1,-1,0.11060522912425816,C871,mean absolute coefficient on standardized original features,0.0019075561024998404
PR:453:3,PR,453,3,12,0,8,0,10,0,-1,-1,0.22998558144896233,C871,mean absolute coefficient on standardized original features,0.003966452606748621
PR:453:5,PR,453,5,12,0,8,0,10,0,-1,-1,0.01697123352609343,C871,mean absolute coefficient on standardized original features,0.00029269484215144735
PR:453:6,PR,453,6,12,0,8,0,10,0,-1,-1,0.03762800800252101,C871,mean absolute coefficient on standardized original features,0.0006489524668809658
PR:453:7,PR,453,7,12,0,8,0,10,0,-1,-1,0.035136548235391106,C871,mean absolute coefficient on standardized original features,0.0006059834380154117
PR:453:8,PR,453,8,12,0,8,0,10,0,-1,-1,0.037577020711652025,C871,mean absolute coefficient on standardized original features,0.0006480731131775547
PR:453:9,PR,453,9,12,0,8,0,10,0,-1,-1,0.03846292525278853,C871,mean absolute coefficient on standardized original features,0.0006633518900225332
PR:453:14,PR,453,14,12,0,8,0,10,0,-1,-1,0.0025506870272259093,C871,mean absolute coefficient on standardized original features,4.399049342310735e-05
PR:455:1,PR,455,1,12,0,8,0,12,0,-1,-1,0.26324488082480757,C871,mean absolute coefficient on standardized original features,0.004540060021077895
PR:455:2,PR,455,2,12,0,8,0,12,0,-1,-1,0.19118218692228478,C871,mean absolute coefficient on standardized original features,0.0032972288041025794
PR:455:3,PR,455,3,12,0,8,0,12,0,-1,-1,0.016971233522274805,C871,mean absolute coefficient on standardized original features,0.00029269484208558933
PR:455:4,PR,455,4,12,0,8,0,12,0,-1,-1,0.016971232565962602,C871,mean absolute coefficient on standardized original features,0.0002926948255925248
PR:455:5,PR,455,5,12,0,8,0,12,0,-1,-1,0.01697123315439888,C871,mean absolute coefficient on standardized original features,0.0002926948357410072
PR:455:6,PR,455,6,12,0,8,0,12,0,-1,-1,0.04103839651129371,C871,mean absolute coefficient on standardized original features,0.0007077698253667581
PR:455:7,PR,455,7,12,0,8,0,12,0,-1,-1,0.024641741600006525,C871,mean absolute coefficient on standardized original features,0.0004249844689757737
PR:455:8,PR,455,8,12,0,8,0,12,0,-1,-1,0.030978726554650216,C871,mean absolute coefficient on standardized original features,0.0005342754529318753
PR:455:9,PR,455,9,12,0,8,0,12,0,-1,-1,0.040188638705186026,C871,mean absolute coefficient on standardized original features,0.000693114454173896
PR:455:14,PR,455,14,12,0,8,0,12,0,-1,-1,0.037676025286514536,C871,mean absolute coefficient on standardized original features,0.0006497805982797483
PR:456:1,PR,456,1,12,0,8,0,13,0,-1,-1,0.1775403639575077,C871,mean absolute coefficient on standardized original features,0.0030619547320562364
PR:456:2,PR,456,2,12,0,8,0,13,0,-1,-1,0.08105106733134049,C871,mean absolute coefficient on standardized original features,0.0013978494446074499
PR:456:3,PR,456,3,12,0,8,0,13,0,-1,-1,0.010419827366632026,C871,mean absolute coefficient on standardized original features,0.00017970583703491856
PR:456:4,PR,456,4,12,0,8,0,13,0,-1,-1,0.016971232826599156,C871,mean absolute coefficient on standardized original features,0.00029269483008760025
PR:456:5,PR,456,5,12,0,8,0,13,0,-1,-1,0.018032890952976208,C871,mean absolute coefficient on standardized original features,0.0003110047459367319
PR:456:6,PR,456,6,12,0,8,0,13,0,-1,-1,0.03763288500835905,C871,mean absolute coefficient on standardized original features,0.0006490365782952447
PR:456:7,PR,456,7,12,0,8,0,13,0,-1,-1,0.028316418234348748,C871,mean absolute coefficient on standardized original features,0.0004883598798316037
PR:456:8,PR,456,8,12,0,8,0,13,0,-1,-1,0.02474304642767913,C871,mean absolute coefficient on standardized original features,0.0004267316254508303
PR:456:9,PR,456,9,12,0,8,0,13,0,-1,-1,0.01776017518449425,C871,mean absolute coefficient on standardized original features,0.0003063013459932151
PR:456:10,PR,456,10,12,0,8,0,13,0,-1,-1,0.020428281592767814,C871,mean absolute coefficient on standardized original features,0.00035231691597592687
PR:456:11,PR,456,11,12,0,8,0,13,0,-1,-1,0.06641341477222681,C871,mean absolute coefficient on standardized original features,0.0011454007702862666
PR:456:12,PR,456,12,12,0,8,0,13,0,-1,-1,0.01484886911564501,C871,mean absolute coefficient on standardized original features,0.0002560914264274847
PR:456:13,PR,456,13,12,0,8,0,13,0,-1,-1,0.026442731403403988,C871,mean absolute coefficient on standardized original features,0.0004560452887689433
PR:456:14,PR,456,14,12,0,8,0,13,0,-1,-1,0.034647983884791345,C871,mean absolute coefficient on standardized original features,0.0005975573996099088
PR:456:15,PR,456,15,12,0,8,0,13,0,-1,-1,0.31795016005063603,C871,mean absolute coefficient on standardized original features,0.005483536112149071
PR:459:1,PR,459,1,12,0,8,0,16,0,-1,-1,0.22217777299004815,C871,mean absolute coefficient on standardized original features,0.003831795025087456
PR:459:2,PR,459,2,12,0,8,0,16,0,-1,-1,0.03715775898735239,C871,mean absolute coefficient on standardized original features,0.0006408423044078004
PR:459:3,PR,459,3,12,0,8,0,16,0,-1,-1,0.01697123315439888,C871,mean absolute coefficient on standardized original features,0.0002926948357410072
PR:459:4,PR,459,4,12,0,8,0,16,0,-1,-1,0.01697123310214629,C871,mean absolute coefficient on standardized original features,0.0002926948348398314
PR:459:5,PR,459,5,12,0,8,0,16,0,-1,-1,0.016971232565962602,C871,mean absolute coefficient on standardized original features,0.0002926948255925248
PR:459:6,PR,459,6,12,0,8,0,16,0,-1,-1,0.03735800277941946,C871,mean absolute coefficient on standardized original features,0.0006442958144323229
PR:459:7,PR,459,7,12,0,8,0,16,0,-1,-1,0.03162989910577862,C871,mean absolute coefficient on standardized original features,0.0005455059181053609
PR:459:8,PR,459,8,12,0,8,0,16,0,-1,-1,0.026014744501952545,C871,mean absolute coefficient on standardized original features,0.00044866400099333084
PR:459:9,PR,459,9,12,0,8,0,16,0,-1,-1,0.026907274519216172,C871,mean absolute coefficient on standardized original features,0.00046405704429314454
PR:459:10,PR,459,10,12,0,8,0,16,0,-1,-1,0.013416877709789493,C871,mean absolute coefficient on standardized original features,0.00023139454756746059
PR:459:11,PR,459,11,12,0,8,0,16,0,-1,-1,0.032980458233442714,C871,mean absolute coefficient on standardized original features,0.000568798372957276
PR:459:14,PR,459,14,12,0,8,0,16,0,-1,-1,0.037676025286514536,C871,mean absolute coefficient on standardized original features,0.0006497805982797483
PR:459:15,PR,459,15,12,0,8,0,16,0,-1,-1,0.037676025286514536,C871,mean absolute coefficient on standardized original features,0.0006497805982797483
PR:460:1,PR,460,1,12,0,8,0,17,0,-1,-1,0.18305153112656938,C871,mean absolute coefficient on standardized original features,0.0031570032270367933
PR:460:2,PR,460,2,12,0,8,0,17,0,-1,-1,0.1144076671006714,C871,mean absolute coefficient on standardized original features,0.001973134952828296
PR:460:3,PR,460,3,12,0,8,0,17,0,-1,-1,0.01697123293998106,C871,mean absolute coefficient on standardized original features,0.00029269483204304435
PR:460:4,PR,460,4,12,0,8,0,17,0,-1,-1,0.01697123352609343,C871,mean absolute coefficient on standardized original features,0.00029269484215144735
PR:463:1,PR,463,1,12,0,8,0,20,0,-1,-1,0.002922374438567814,C871,mean absolute coefficient on standardized original features,5.040081050613681e-05
PR:463:2,PR,463,2,12,0,8,0,20,0,-1,-1,0.01697123352609343,C871,mean absolute coefficient on standardized original features,0.00029269484215144735
PR:463:3,PR,463,3,12,0,8,0,20,0,-1,-1,0.01697123293998106,C871,mean absolute coefficient on standardized original features,0.00029269483204304435
PR:463:4,PR,463,4,12,0,8,0,20,0,-1,-1,0.016971233522274805,C871,mean absolute coefficient on standardized original features,0.00029269484208558933
PR:463:9,PR,463,9,12,0,8,0,20,0,-1,-1,0.032980458233442714,C871,mean absolute coefficient on standardized original features,0.000568798372957276
PR:463:10,PR,463,10,12,0,8,0,20,0,-1,-1,0.03205252735757184,C871,mean absolute coefficient on standardized original features,0.0005527947877834057
PR:463:11,PR,463,11,12,0,8,0,20,0,-1,-1,0.02505176629045264,C871,mean absolute coefficient on standardized original features,0.0004320559709890953
PR:463:12,PR,463,12,12,0,8,0,20,0,-1,-1,0.02505176629045264,C871,mean absolute coefficient on standardized original features,0.0004320559709890953
PR:463:13,PR,463,13,12,0,8,0,20,0,-1,-1,0.03475690814181253,C871,mean absolute coefficient on standardized original features,0.0005994359647811594
PR:463:14,PR,463,14,12,0,8,0,20,0,-1,-1,0.03199156900415275,C871,mean absolute coefficient on standardized original features,0.0005517434678776145
PR:463:15,PR,463,15,12,0,8,0,20,0,-1,-1,0.01963821999649753,C871,mean absolute coefficient on standardized original features,0.00033869109709513034
PR:464:1,PR,464,1,12,0,8,0,21,0,-1,-1,0.016971233522274805,C871,mean absolute coefficient on standardized original features,0.00029269484208558933
PR:464:2,PR,464,2,12,0,8,0,21,0,-1,-1,0.016971233522274805,C871,mean absolute coefficient on standardized original features,0.00029269484208558933
PR:467:14,PR,467,14,12,0,8,0,24,0,-1,-1,0.01634989128279696,C871,mean absolute coefficient on standardized original features,0.00028197884619605203
PR:467:15,PR,467,15,12,0,8,0,24,0,-1,-1,0.02505176629045264,C871,mean absolute coefficient on standardized original features,0.0004320559709890953
PR:486:9,PR,486,9,0,0,0,0,0,0,-1,-1,0.017176117802812096,C871,mean absolute coefficient on standardized original features,0.0002962283844211522
PR:486:10,PR,486,10,0,0,0,0,0,0,-1,-1,0.017176117802812096,C871,mean absolute coefficient on standardized original features,0.0002962283844211522
PR:486:11,PR,486,11,0,0,0,0,0,0,-1,-1,0.017176117802812096,C871,mean absolute coefficient on standardized original features,0.0002962283844211522
PR:486:13,PR,486,13,0,0,0,0,0,0,-1,-1,0.02400864972435273,C871,mean absolute coefficient on standardized original features,0.0004140658326652812
PR:487:1,PR,487,1,0,0,0,0,0,0,-1,-1,0.013406830518850136,C871,mean absolute coefficient on standardized original features,0.00023122126841473788
PR:487:5,PR,487,5,0,0,0,0,0,0,-1,-1,0.016971233522274805,C871,mean absolute coefficient on standardized original features,0.00029269484208558933
PR:487:7,PR,487,7,0,0,0,0,0,0,-1,-1,0.03628921396152831,C871,mean absolute coefficient on standardized original features,0.0006258629189173973
PR:487:8,PR,487,8,0,0,0,0,0,0,-1,-1,0.034235625050677836,C871,mean absolute coefficient on standardized original features,0.0005904456417241289
PR:487:9,PR,487,9,0,0,0,0,0,0,-1,-1,0.031387935574778245,C871,mean absolute coefficient on standardized original features,0.0005413328874647966
PR:487:10,PR,487,10,0,0,0,0,0,0,-1,-1,0.02399935191908238,C871,mean absolute coefficient on standardized original features,0.00041390547781294964
PR:487:14,PR,487,14,0,0,0,0,0,0,-1,-1,0.06361282906307221,C871,mean absolute coefficient on standardized original features,0.00109710039242556
PR:488:1,PR,488,1,0,0,0,0,0,0,-1,-1,0.19577500114480043,C871,mean absolute coefficient on standardized original features,0.0033764388999287477
PR:488:2,PR,488,2,0,0,0,0,0,0,-1,-1,0.2860159274909873,C871,mean absolute coefficient on standardized original features,0.004932781498826302
PR:488:3,PR,488,3,0,0,0,0,0,0,-1,-1,0.01697123293998106,C871,mean absolute coefficient on standardized original features,0.00029269483204304435
PR:488:4,PR,488,4,0,0,0,0,0,0,-1,-1,0.01697123293998106,C871,mean absolute coefficient on standardized original features,0.00029269483204304435
PR:488:5,PR,488,5,0,0,0,0,0,0,-1,-1,0.016971233920596455,C871,mean absolute coefficient on standardized original features,0.00029269484895525454
PR:488:6,PR,488,6,0,0,0,0,0,0,-1,-1,0.041718778416180505,C871,mean absolute coefficient on standardized original features,0.000719504050456959
PR:488:7,PR,488,7,0,0,0,0,0,0,-1,-1,0.027674394268194704,C871,mean absolute coefficient on standardized original features,0.0004772871959785426
PR:488:8,PR,488,8,0,0,0,0,0,0,-1,-1,0.03213048712556487,C871,mean absolute coefficient on standardized original features,0.0005541393230496136
PR:488:9,PR,488,9,0,0,0,0,0,0,-1,-1,0.02751089363215406,C871,mean absolute coefficient on standardized original features,0.0004744673777971477
PR:488:10,PR,488,10,0,0,0,0,0,0,-1,-1,0.021362775246387074,C871,mean absolute coefficient on standardized original features,0.00036843368627533245
PR:488:11,PR,488,11,0,0,0,0,0,0,-1,-1,0.00511239439346507,C871,mean absolute coefficient on standardized original features,8.817104942375095e-05
PR:488:12,PR,488,12,0,0,0,0,0,0,-1,-1,0.0019054144220259732,C871,mean absolute coefficient on standardized original features,3.286178182808615e-05
PR:488:13,PR,488,13,0,0,0,0,0,0,-1,-1,0.012272798748931625,C871,mean absolute coefficient on standardized original features,0.0002116631585471972
PR:488:14,PR,488,14,0,0,0,0,0,0,-1,-1,0.014824148675623232,C871,mean absolute coefficient on standardized original features,0.00025566508468403016
PR:488:15,PR,488,15,0,0,0,0,0,0,-1,-1,0.014824148675623232,C871,mean absolute coefficient on standardized original features,0.00025566508468403016
PR:489:1,PR,489,1,0,0,0,0,0,0,-1,-1,0.2044869101393304,C871,mean absolute coefficient on standardized original features,0.0035266890761502453
PR:489:2,PR,489,2,0,0,0,0,0,0,-1,-1,0.052759097115334865,C871,mean absolute coefficient on standardized original features,0.0009099112081913854
PR:489:3,PR,489,3,0,0,0,0,0,0,-1,-1,0.01697123352609343,C871,mean absolute coefficient on standardized original features,0.00029269484215144735
PR:489:4,PR,489,4,0,0,0,0,0,0,-1,-1,0.01697123352609343,C871,mean absolute coefficient on standardized original features,0.00029269484215144735
PR:489:5,PR,489,5,0,0,0,0,0,0,-1,-1,0.01697123282569649,C871,mean absolute coefficient on standardized original features,0.0002926948300720324
PR:489:6,PR,489,6,0,0,0,0,0,0,-1,-1,0.040491580692918645,C871,mean absolute coefficient on standardized original features,0.0006983391514325904
PR:489:7,PR,489,7,0,0,0,0,0,0,-1,-1,0.028803578922136037,C871,mean absolute coefficient on standardized original features,0.0004967617099281055
PR:489:8,PR,489,8,0,0,0,0,0,0,-1,-1,0.02880061165814749,C871,mean absolute coefficient on standardized original features,0.0004967105349287506
PR:489:9,PR,489,9,0,0,0,0,0,0,-1,-1,0.028347347007345303,C871,mean absolute coefficient on standardized original features,0.0004888932937591327
PR:489:10,PR,489,10,0,0,0,0,0,0,-1,-1,0.00511239439346507,C871,mean absolute coefficient on standardized original features,8.817104942375095e-05
PR:489:12,PR,489,12,0,0,0,0,0,0,-1,-1,0.028005746519011707,C871,mean absolute coefficient on standardized original features,0.00048300187161483585
PR:489:13,PR,489,13,0,0,0,0,0,0,-1,-1,0.028005746519011707,C871,mean absolute coefficient on standardized original features,0.00048300187161483585
PR:489:14,PR,489,14,0,0,0,0,0,0,-1,-1,0.008230018688155186,C871,mean absolute coefficient on standardized original features,0.00014193924190185483
PR:489:15,PR,489,15,0,0,0,0,0,0,-1,-1,0.037676025286514536,C871,mean absolute coefficient on standardized original features,0.0006497805982797483
PR:490:1,PR,490,1,0,0,0,0,0,0,-1,-1,0.29470022300112314,C871,mean absolute coefficient on standardized original features,0.005082555438335626
PR:490:2,PR,490,2,0,0,0,0,0,0,-1,-1,0.23496542904806936,C871,mean absolute coefficient on standardized original features,0.004052337684266283
PR:490:3,PR,490,3,0,0,0,0,0,0,-1,-1,0.016971233522274805,C871,mean absolute coefficient on standardized original features,0.00029269484208558933
PR:490:4,PR,490,4,0,0,0,0,0,0,-1,-1,0.01697123352609343,C871,mean absolute coefficient on standardized original features,0.00029269484215144735
PR:490:5,PR,490,5,0,0,0,0,0,0,-1,-1,0.01697123352609343,C871,mean absolute coefficient on standardized original features,0.00029269484215144735
PR:490:6,PR,490,6,0,0,0,0,0,0,-1,-1,0.009517359361256332,C871,mean absolute coefficient on standardized original features,0.00016414139795192315
PR:490:7,PR,490,7,0,0,0,0,0,0,-1,-1,0.021226383868446705,C871,mean absolute coefficient on standardized original features,0.0003660814086535735
PR:490:8,PR,490,8,0,0,0,0,0,0,-1,-1,0.033449368925307414,C871,mean absolute coefficient on standardized original features,0.0005768854540010578
PR:490:9,PR,490,9,0,0,0,0,0,0,-1,-1,0.037577020711652025,C871,mean absolute coefficient on standardized original features,0.0006480731131775547
PR:491:1,PR,491,1,0,0,0,0,0,0,-1,-1,0.2829946848094539,C871,mean absolute coefficient on standardized original features,0.004880675554469752
PR:491:2,PR,491,2,0,0,0,0,0,0,-1,-1,0.01697123352609343,C871,mean absolute coefficient on standardized original features,0.00029269484215144735
PR:491:3,PR,491,3,0,0,0,0,0,0,-1,-1,0.016971233522274805,C871,mean absolute coefficient on standardized original features,0.00029269484208558933
PR:491:4,PR,491,4,0,0,0,0,0,0,-1,-1,0.01697123416576633,C871,mean absolute coefficient on standardized original features,0.00029269485318358343
PR:491:5,PR,491,5,0,0,0,0,0,0,-1,-1,0.0169712323124493,C871,mean absolute coefficient on standardized original features,0.0002926948212203007
PR:491:6,PR,491,6,0,0,0,0,0,0,-1,-1,0.018591709201755523,C871,mean absolute coefficient on standardized original features,0.00032064242011441206
PR:491:7,PR,491,7,0,0,0,0,0,0,-1,-1,0.020033759037419132,C871,mean absolute coefficient on standardized original features,0.0003455127719586152
PR:491:8,PR,491,8,0,0,0,0,0,0,-1,-1,0.03347402692333199,C871,mean absolute coefficient on standardized original features,0.0005773107188369036
PR:491:9,PR,491,9,0,0,0,0,0,0,-1,-1,0.031167607859151514,C871,mean absolute coefficient on standardized original features,0.0005375329995045134
PR:491:10,PR,491,10,0,0,0,0,0,0,-1,-1,0.03476930934302474,C871,mean absolute coefficient on standardized original features,0.0005996498424362936
PR:491:11,PR,491,11,0,0,0,0,0,0,-1,-1,0.037577020711652025,C871,mean absolute coefficient on standardized original features,0.0006480731131775547
PR:491:12,PR,491,12,0,0,0,0,0,0,-1,-1,0.037577020711652025,C871,mean absolute coefficient on standardized original features,0.0006480731131775547
PR:491:13,PR,491,13,0,0,0,0,0,0,-1,-1,0.03773805867766793,C871,mean absolute coefficient on standardized original features,0.0006508504588531618
PR:492:1,PR,492,1,0,0,0,0,0,0,-1,-1,0.16507486750526634,C871,mean absolute coefficient on standardized original features,0.0028469682073102025
PR:492:2,PR,492,2,0,0,0,0,0,0,-1,-1,0.13932046212547364,C871,mean absolute coefficient on standardized original features,0.002402794152091836
PR:492:3,PR,492,3,0,0,0,0,0,0,-1,-1,0.016971233274380042,C871,mean absolute coefficient on standardized original features,0.0002926948378102655
PR:492:4,PR,492,4,0,0,0,0,0,0,-1,-1,0.016971232597826746,C871,mean absolute coefficient on standardized original features,0.00029269482614207063
PR:492:5,PR,492,5,0,0,0,0,0,0,-1,-1,0.016971233920596455,C871,mean absolute coefficient on standardized original features,0.00029269484895525454
PR:492:6,PR,492,6,0,0,0,0,0,0,-1,-1,0.03558143532667435,C871,mean absolute coefficient on standardized original features,0.0006136561953761631
PR:492:7,PR,492,7,0,0,0,0,0,0,-1,-1,0.028569565728084344,C871,mean absolute coefficient on standardized original features,0.0004927257949906906
PR:492:8,PR,492,8,0,0,0,0,0,0,-1,-1,0.030195950166925764,C871,mean absolute coefficient on standardized original features,0.0005207752785990773
PR:492:9,PR,492,9,0,0,0,0,0,0,-1,-1,0.030336092677397303,C871,mean absolute coefficient on standardized original features,0.0005231922502304031
PR:492:10,PR,492,10,0,0,0,0,0,0,-1,-1,0.026813123537029825,C871,mean absolute coefficient on standardized original features,0.0004624332668094945
PR:492:11,PR,492,11,0,0,0,0,0,0,-1,-1,0.013315939488642832,C871,mean absolute coefficient on standardized original features,0.0002296537137818583
PR:492:12,PR,492,12,0,0,0,0,0,0,-1,-1,0.0001712905077349944,C871,mean absolute coefficient on standardized original features,2.954166416156558e-06
PR:492:13,PR,492,13,0,0,0,0,0,0,-1,-1,0.00990732443648798,C871,mean absolute coefficient on standardized original features,0.00017086694126402312
PR:492:14,PR,492,14,0,0,0,0,0,0,-1,-1,0.09146071755209423,C871,mean absolute coefficient on standardized original features,0.001577379761218245
PR:492:15,PR,492,15,0,0,0,0,0,0,-1,-1,0.09146071755209423,C871,mean absolute coefficient on standardized original features,0.001577379761218245
PR:493:1,PR,493,1,0,0,0,0,0,0,-1,-1,0.04593358389585328,C871,mean absolute coefficient on standardized original features,0.0007921948081838577
PR:493:2,PR,493,2,0,0,0,0,0,0,-1,-1,0.23331653087728332,C871,mean absolute coefficient on standardized original features,0.004023899916965516
PR:493:4,PR,493,4,0,0,0,0,0,0,-1,-1,0.016971233522274805,C871,mean absolute coefficient on standardized original features,0.00029269484208558933
PR:493:7,PR,493,7,0,0,0,0,0,0,-1,-1,0.027664240575076878,C871,mean absolute coefficient on standardized original features,0.00047711208003309253
PR:493:8,PR,493,8,0,0,0,0,0,0,-1,-1,0.02620866960791036,C871,mean absolute coefficient on standardized original features,0.00045200853562543376
PR:493:9,PR,493,9,0,0,0,0,0,0,-1,-1,0.0217355916733742,C871,mean absolute coefficient on standardized original features,0.00037486347495749794
PR:494:1,PR,494,1,0,0,0,0,0,0,-1,-1,0.30685789756286586,C871,mean absolute coefficient on standardized original features,0.00529223310444674
PR:495:1,PR,495,1,0,0,0,0,0,0,-1,-1,0.12466632887227645,C871,mean absolute coefficient on standardized original features,0.002150061243030385
PR:495:2,PR,495,2,0,0,0,0,0,0,-1,-1,0.01697123416576633,C871,mean absolute coefficient on standardized original features,0.00029269485318358343
PR:495:3,PR,495,3,0,0,0,0,0,0,-1,-1,0.016971232565962602,C871,mean absolute coefficient on standardized original features,0.0002926948255925248
PR:495:4,PR,495,4,0,0,0,0,0,0,-1,-1,0.01697123293998106,C871,mean absolute coefficient on standardized original features,0.00029269483204304435
PR:495:7,PR,495,7,0,0,0,0,0,0,-1,-1,0.027236646261292227,C871,mean absolute coefficient on standardized original features,0.0004697375630313891
PR:495:8,PR,495,8,0,0,0,0,0,0,-1,-1,0.02874628025860067,C871,mean absolute coefficient on standardized original features,0.0004957735069637666
PR:495:9,PR,495,9,0,0,0,0,0,0,-1,-1,0.030931159019771,C871,mean absolute coefficient on standardized original features,0.0005334550781434665
PR:495:10,PR,495,10,0,0,0,0,0,0,-1,-1,0.03440547317259451,C871,mean absolute coefficient on standardized original features,0.0005933749319939071
PR:495:11,PR,495,11,0,0,0,0,0,0,-1,-1,0.03323702123035851,C871,mean absolute coefficient on standardized original features,0.000573223193685169
PR:495:12,PR,495,12,0,0,0,0,0,0,-1,-1,0.037577020711652025,C871,mean absolute coefficient on standardized original features,0.0006480731131775547
PR:495:13,PR,495,13,0,0,0,0,0,0,-1,-1,0.0378212157466738,C871,mean absolute coefficient on standardized original features,0.0006522846295131216
PR:496:1,PR,496,1,0,0,0,0,0,0,-1,-1,0.18382464294273818,C871,mean absolute coefficient on standardized original features,0.0031703367210725113
PR:496:2,PR,496,2,0,0,0,0,0,0,-1,-1,0.0679184128836,C871,mean absolute coefficient on standardized original features,0.0011713567612853487
PR:496:3,PR,496,3,0,0,0,0,0,0,-1,-1,0.016971233522274805,C871,mean absolute coefficient on standardized original features,0.00029269484208558933
PR:496:4,PR,496,4,0,0,0,0,0,0,-1,-1,0.016971233522274805,C871,mean absolute coefficient on standardized original features,0.00029269484208558933
PR:496:7,PR,496,7,0,0,0,0,0,0,-1,-1,0.025811161861185136,C871,mean absolute coefficient on standardized original features,0.0004451529074235809
PR:496:8,PR,496,8,0,0,0,0,0,0,-1,-1,0.025620612497926434,C871,mean absolute coefficient on standardized original features,0.000441866592630062
PR:496:9,PR,496,9,0,0,0,0,0,0,-1,-1,0.026163429495516,C871,mean absolute coefficient on standardized original features,0.0004512283007924252
PR:496:10,PR,496,10,0,0,0,0,0,0,-1,-1,0.026077441901424154,C871,mean absolute coefficient on standardized original features,0.00044974531340432526
PR:496:11,PR,496,11,0,0,0,0,0,0,-1,-1,0.01569339068591024,C871,mean absolute coefficient on standardized original features,0.00027065649073599365
PR:499:1,PR,499,1,0,0,0,0,0,0,-1,-1,0.05682252221141753,C871,mean absolute coefficient on standardized original features,0.0009799911800015381
PR:499:2,PR,499,2,0,0,0,0,0,0,-1,-1,0.01697123352609343,C871,mean absolute coefficient on standardized original features,0.00029269484215144735
PR:499:8,PR,499,8,0,0,0,0,0,0,-1,-1,0.025199885927917557,C871,mean absolute coefficient on standardized original features,0.0004346105203588077
PR:499:9,PR,499,9,0,0,0,0,0,0,-1,-1,0.025199885927917557,C871,mean absolute coefficient on standardized original features,0.0004346105203588077
PR:499:10,PR,499,10,0,0,0,0,0,0,-1,-1,0.026801597990110067,C871,mean absolute coefficient on standardized original features,0.0004622344911500116
PR:499:11,PR,499,11,0,0,0,0,0,0,-1,-1,0.037577020711652025,C871,mean absolute coefficient on standardized original features,0.0006480731131775547
PR:499:12,PR,499,12,0,0,0,0,0,0,-1,-1,0.03878950948971628,C871,mean absolute coefficient on standardized original features,0.0006689843339771667
PR:499:13,PR,499,13,0,0,0,0,0,0,-1,-1,0.029304261723390543,C871,mean absolute coefficient on standardized original features,0.0005053967495235371
PR:499:14,PR,499,14,0,0,0,0,0,0,-1,-1,0.03543807616064466,C871,mean absolute coefficient on standardized original features,0.0006111837476069714
PR:499:15,PR,499,15,0,0,0,0,0,0,-1,-1,0.032980458233442714,C871,mean absolute coefficient on standardized original features,0.000568798372957276
PR:500:8,PR,500,8,0,0,0,0,0,0,-1,-1,0.02400864972435273,C871,mean absolute coefficient on standardized original features,0.0004140658326652812
PR:500:10,PR,500,10,0,0,0,0,0,0,-1,-1,0.02400864972435273,C871,mean absolute coefficient on standardized original features,0.0004140658326652812
PR:503:13,PR,503,13,0,0,0,0,0,0,-1,-1,0.01634989128279696,C871,mean absolute coefficient on standardized original features,0.00028197884619605203
PR:503:14,PR,503,14,0,0,0,0,0,0,-1,-1,0.01634989128279696,C871,mean absolute coefficient on standardized original features,0.00028197884619605203
PR:503:15,PR,503,15,0,0,0,0,0,0,-1,-1,0.032980458233442714,C871,mean absolute coefficient on standardized original features,0.000568798372957276
