construct,scope,seed,model,pp_nonlocal12_high_per_res,plddt_protein_mean,pae_contact_weighted,Rg_full_length_normalized,pp_nonlocal4_per_res,pp_nonlocal4_high_per_res,pp_nonlocal12_per_res,pp_nonlocal24_per_res,pp_nonlocal24_high_per_res,pr_cp_sum,pr_cp_per_nt,pr_top20_mean,pr_rna_max_mean,pr_rna_max_min,pr_rna_coverage_05,pr_protein_coverage_05,pr_high_contacts_per_nt,plddt_core_mean,plddt_core_min_model,global_core_PAE,anisotropy,RNA_meanCP,RNA_high_per_res,internal_P1,P1_P2_CP,P1_P3_CP,P1_P4_CP,P1_P5_CP,P1_P6_CP,P1_P7_CP,P1_P8_CP,P1_P9_CP,P1_P10_CP,P1_P11_CP,P1_P12_CP,internal_P2,P2_P3_CP,P2_P4_CP,P2_P5_CP,P2_P6_CP,P2_P7_CP,P2_P8_CP,P2_P9_CP,P2_P10_CP,P2_P11_CP,P2_P12_CP,internal_P3,P3_P4_CP,P3_P5_CP,P3_P6_CP,P3_P7_CP,P3_P8_CP,P3_P9_CP,P3_P10_CP,P3_P11_CP,P3_P12_CP,internal_P4,P4_P5_CP,P4_P6_CP,P4_P7_CP,P4_P8_CP,P4_P9_CP,P4_P10_CP,P4_P11_CP,P4_P12_CP,internal_P5,P5_P6_CP,P5_P7_CP,P5_P8_CP,P5_P9_CP,P5_P10_CP,P5_P11_CP,P5_P12_CP,internal_P6,P6_P7_CP,P6_P8_CP,P6_P9_CP,P6_P10_CP,P6_P11_CP,P6_P12_CP,internal_P7,P7_P8_CP,P7_P9_CP,P7_P10_CP,P7_P11_CP,P7_P12_CP,internal_P8,P8_P9_CP,P8_P10_CP,P8_P11_CP,P8_P12_CP,internal_P9,P9_P10_CP,P9_P11_CP,P9_P12_CP,internal_P10,P10_P11_CP,P10_P12_CP,internal_P11,P11_P12_CP,internal_P12,adj_CP_mean,adj_CP_min,nonadj_CP_mean
P5-R6-DFE,full519,1159157628,0,1.3082851637764932,91.10426404980163,1.4536854028701782,4.408050914059942,2.390944480895996,2.3641618497109826,1.3378998041152954,1.1386127471923828,1.1078998073217727,58.630001068115234,3.9086668491363525,0.9930000305175781,0.8459999561309814,0.09000000357627869,0.8,0.0789980732177264,3.533333333333333,95.1652883948613,76.41363636363637,4.608645915985107,15.205606556371519,0.0075311497785151005,0.10211946050096339,1.3086111545562744,0.03344960883259773,0.0,0.0,0.0,0.0,0.0,0.0,0.0,0.0,0.0,0.0,1.2552778720855713,0.04053488373756409,0.0,0.0,0.0,0.0,0.0,0.0,0.0,0.0,0.0,1.257222294807434,0.0391085259616375,0.0,0.0,0.0,0.0,0.0,0.0,0.0,0.0,1.2944444417953491,0.03438759595155716,0.0,0.0,0.0,0.0,0.0,0.0,0.0,1.3152776956558228,0.038720935583114624,0.0,0.0,0.0,0.0,0.0,0.0,1.2975000143051147,0.036790698766708374,0.0,0.0,0.0,0.0,0.0,1.2925000190734863,0.034449610859155655,0.0,0.0,0.0,0.0,1.3305555582046509,0.040465112775564194,0.0,0.0,0.0,1.2447221279144287,0.04112403467297554,0.0,0.0,1.2827777862548828,0.03948061913251877,6.172839493956417e-05,1.3311110734939575,0.04110853001475334,1.1552777290344238,0.03814728693528609,0.03344960883259773,1.1223344534466212e-06
P5-R6-DFE,matched512,1159157628,0,1.326171875,91.80575254639024,1.4388548135757446,4.330096970028655,2.422656297683716,2.396484375,1.3552343845367432,1.1535546779632568,1.123046875,58.62999725341797,3.9086663722991943,0.9930000305175781,0.8459999561309814,0.09000000357627869,0.8,0.080078125,3.533333333333333,95.1652883948613,76.41363636363637,4.608645915985107,15.205606556371519,0.007634114008396864,0.103515625,1.3086111545562744,0.03344960883259773,0.0,0.0,0.0,0.0,0.0,0.0,0.0,0.0,0.0,0.0,1.2552778720855713,0.04053488373756409,0.0,0.0,0.0,0.0,0.0,0.0,0.0,0.0,0.0,1.257222294807434,0.0391085259616375,0.0,0.0,0.0,0.0,0.0,0.0,0.0,0.0,1.2944444417953491,0.03438759595155716,0.0,0.0,0.0,0.0,0.0,0.0,0.0,1.3152776956558228,0.038720935583114624,0.0,0.0,0.0,0.0,0.0,0.0,1.2975000143051147,0.036790698766708374,0.0,0.0,0.0,0.0,0.0,1.2925000190734863,0.034449610859155655,0.0,0.0,0.0,0.0,1.3305555582046509,0.040465112775564194,0.0,0.0,0.0,1.2447221279144287,0.04112403467297554,0.0,0.0,1.2827777862548828,0.03948061913251877,6.172839493956417e-05,1.3311110734939575,0.04110853001475334,1.1552777290344238,0.03814728693528609,0.03344960883259773,1.1223344534466212e-06
P5-R6-DFE,full519,1159157628,1,1.3082851637764932,91.05517524474027,1.4624954462051392,4.4432029315338335,2.390944480895996,2.3641618497109826,1.3378998041152954,1.1386127471923828,1.1078998073217727,58.630001068115234,3.9086668491363525,0.9930000305175781,0.8459999561309814,0.09000000357627869,0.8,0.0789980732177264,3.533333333333333,95.08644810539255,76.006,4.684065341949463,15.35109642760925,0.0075311497785151005,0.10211946050096339,1.3086111545562744,0.03344960883259773,0.0,0.0,0.0,0.0,0.0,0.0,0.0,0.0,0.0,0.0,1.2552778720855713,0.04053488373756409,0.0,0.0,0.0,0.0,0.0,0.0,0.0,0.0,0.0,1.257222294807434,0.0391085259616375,0.0,0.0,0.0,0.0,0.0,0.0,0.0,0.0,1.2944444417953491,0.03438759595155716,0.0,0.0,0.0,0.0,0.0,0.0,0.0,1.3152776956558228,0.038720935583114624,0.0,0.0,0.0,0.0,0.0,0.0,1.2975000143051147,0.036790698766708374,0.0,0.0,0.0,0.0,0.0,1.2925000190734863,0.034449610859155655,0.0,0.0,0.0,0.0,1.3305555582046509,0.040465112775564194,0.0,0.0,0.0,1.2447221279144287,0.04112403467297554,0.0,0.0,1.2827777862548828,0.03948061913251877,6.172839493956417e-05,1.3311110734939575,0.04110853001475334,1.1552777290344238,0.03814728693528609,0.03344960883259773,1.1223344534466212e-06
P5-R6-DFE,matched512,1159157628,1,1.326171875,91.74732305547101,1.4476515054702759,4.3629801819455425,2.422656297683716,2.396484375,1.3552343845367432,1.1535546779632568,1.123046875,58.62999725341797,3.9086663722991943,0.9930000305175781,0.8459999561309814,0.09000000357627869,0.8,0.080078125,3.533333333333333,95.08644810539255,76.006,4.684065341949463,15.35109642760925,0.007634114008396864,0.103515625,1.3086111545562744,0.03344960883259773,0.0,0.0,0.0,0.0,0.0,0.0,0.0,0.0,0.0,0.0,1.2552778720855713,0.04053488373756409,0.0,0.0,0.0,0.0,0.0,0.0,0.0,0.0,0.0,1.257222294807434,0.0391085259616375,0.0,0.0,0.0,0.0,0.0,0.0,0.0,0.0,1.2944444417953491,0.03438759595155716,0.0,0.0,0.0,0.0,0.0,0.0,0.0,1.3152776956558228,0.038720935583114624,0.0,0.0,0.0,0.0,0.0,0.0,1.2975000143051147,0.036790698766708374,0.0,0.0,0.0,0.0,0.0,1.2925000190734863,0.034449610859155655,0.0,0.0,0.0,0.0,1.3305555582046509,0.040465112775564194,0.0,0.0,0.0,1.2447221279144287,0.04112403467297554,0.0,0.0,1.2827777862548828,0.03948061913251877,6.172839493956417e-05,1.3311110734939575,0.04110853001475334,1.1552777290344238,0.03814728693528609,0.03344960883259773,1.1223344534466212e-06
P5-R6-DFE,full519,1159157628,2,1.3082851637764932,90.85861071560637,1.4632314443588257,4.395623621864225,2.390944480895996,2.3641618497109826,1.3378998041152954,1.1386127471923828,1.1078998073217727,58.630001068115234,3.9086668491363525,0.9930000305175781,0.8459999561309814,0.09000000357627869,0.8,0.0789980732177264,3.533333333333333,94.93501091937897,73.55199999999999,4.659186363220215,15.468606215692349,0.0075311497785151005,0.10211946050096339,1.3086111545562744,0.03344960883259773,0.0,0.0,0.0,0.0,0.0,0.0,0.0,0.0,0.0,0.0,1.2552778720855713,0.04053488373756409,0.0,0.0,0.0,0.0,0.0,0.0,0.0,0.0,0.0,1.257222294807434,0.0391085259616375,0.0,0.0,0.0,0.0,0.0,0.0,0.0,0.0,1.2944444417953491,0.03438759595155716,0.0,0.0,0.0,0.0,0.0,0.0,0.0,1.3152776956558228,0.038720935583114624,0.0,0.0,0.0,0.0,0.0,0.0,1.2975000143051147,0.036790698766708374,0.0,0.0,0.0,0.0,0.0,1.2925000190734863,0.034449610859155655,0.0,0.0,0.0,0.0,1.3305555582046509,0.040465112775564194,0.0,0.0,0.0,1.2447221279144287,0.04112403467297554,0.0,0.0,1.2827777862548828,0.03948061913251877,6.172839493956417e-05,1.3311110734939575,0.04110853001475334,1.1552777290344238,0.03814728693528609,0.03344960883259773,1.1223344534466212e-06
P5-R6-DFE,matched512,1159157628,2,1.326171875,91.55815761620107,1.4484838247299194,4.312898140686594,2.422656297683716,2.396484375,1.3552343845367432,1.1535546779632568,1.123046875,58.62999725341797,3.9086663722991943,0.9930000305175781,0.8459999561309814,0.09000000357627869,0.8,0.080078125,3.533333333333333,94.93501091937897,73.55199999999999,4.659186363220215,15.468606215692349,0.007634114008396864,0.103515625,1.3086111545562744,0.03344960883259773,0.0,0.0,0.0,0.0,0.0,0.0,0.0,0.0,0.0,0.0,1.2552778720855713,0.04053488373756409,0.0,0.0,0.0,0.0,0.0,0.0,0.0,0.0,0.0,1.257222294807434,0.0391085259616375,0.0,0.0,0.0,0.0,0.0,0.0,0.0,0.0,1.2944444417953491,0.03438759595155716,0.0,0.0,0.0,0.0,0.0,0.0,0.0,1.3152776956558228,0.038720935583114624,0.0,0.0,0.0,0.0,0.0,0.0,1.2975000143051147,0.036790698766708374,0.0,0.0,0.0,0.0,0.0,1.2925000190734863,0.034449610859155655,0.0,0.0,0.0,0.0,1.3305555582046509,0.040465112775564194,0.0,0.0,0.0,1.2447221279144287,0.04112403467297554,0.0,0.0,1.2827777862548828,0.03948061913251877,6.172839493956417e-05,1.3311110734939575,0.04110853001475334,1.1552777290344238,0.03814728693528609,0.03344960883259773,1.1223344534466212e-06
P5-R6-DFE,full519,1159157628,3,1.3082851637764932,90.86611986017621,1.4889642000198364,4.3265170935345,2.390944480895996,2.3641618497109826,1.3378998041152954,1.1386127471923828,1.1078998073217727,58.630001068115234,3.9086668491363525,0.9930000305175781,0.8459999561309814,0.09000000357627869,0.8,0.0789980732177264,3.533333333333333,94.98370575296616,76.84636363636362,4.692061901092529,14.54338092067409,0.0075311497785151005,0.10211946050096339,1.3086111545562744,0.03344960883259773,0.0,0.0,0.0,0.0,0.0,0.0,0.0,0.0,0.0,0.0,1.2552778720855713,0.04053488373756409,0.0,0.0,0.0,0.0,0.0,0.0,0.0,0.0,0.0,1.257222294807434,0.0391085259616375,0.0,0.0,0.0,0.0,0.0,0.0,0.0,0.0,1.2944444417953491,0.03438759595155716,0.0,0.0,0.0,0.0,0.0,0.0,0.0,1.3152776956558228,0.038720935583114624,0.0,0.0,0.0,0.0,0.0,0.0,1.2975000143051147,0.036790698766708374,0.0,0.0,0.0,0.0,0.0,1.2925000190734863,0.034449610859155655,0.0,0.0,0.0,0.0,1.3305555582046509,0.040465112775564194,0.0,0.0,0.0,1.2447221279144287,0.04112403467297554,0.0,0.0,1.2827777862548828,0.03948061913251877,6.172839493956417e-05,1.3311110734939575,0.04110853001475334,1.1552777290344238,0.03814728693528609,0.03344960883259773,1.1223344534466212e-06
P5-R6-DFE,matched512,1159157628,3,1.326171875,91.55206926054632,1.4743685722351074,4.2487343340824735,2.422656297683716,2.396484375,1.3552343845367432,1.1535546779632568,1.123046875,58.62999725341797,3.9086663722991943,0.9930000305175781,0.8459999561309814,0.09000000357627869,0.8,0.080078125,3.533333333333333,94.98370575296616,76.84636363636362,4.692061901092529,14.54338092067409,0.007634114008396864,0.103515625,1.3086111545562744,0.03344960883259773,0.0,0.0,0.0,0.0,0.0,0.0,0.0,0.0,0.0,0.0,1.2552778720855713,0.04053488373756409,0.0,0.0,0.0,0.0,0.0,0.0,0.0,0.0,0.0,1.257222294807434,0.0391085259616375,0.0,0.0,0.0,0.0,0.0,0.0,0.0,0.0,1.2944444417953491,0.03438759595155716,0.0,0.0,0.0,0.0,0.0,0.0,0.0,1.3152776956558228,0.038720935583114624,0.0,0.0,0.0,0.0,0.0,0.0,1.2975000143051147,0.036790698766708374,0.0,0.0,0.0,0.0,0.0,1.2925000190734863,0.034449610859155655,0.0,0.0,0.0,0.0,1.3305555582046509,0.040465112775564194,0.0,0.0,0.0,1.2447221279144287,0.04112403467297554,0.0,0.0,1.2827777862548828,0.03948061913251877,6.172839493956417e-05,1.3311110734939575,0.04110853001475334,1.1552777290344238,0.03814728693528609,0.03344960883259773,1.1223344534466212e-06
P5-R6-DFE,full519,1159157628,4,1.3082851637764932,90.81142047505053,1.4751646518707275,4.379244659213583,2.390944480895996,2.3641618497109826,1.3378998041152954,1.1386127471923828,1.1078998073217727,58.630001068115234,3.9086668491363525,0.9930000305175781,0.8459999561309814,0.09000000357627869,0.8,0.0789980732177264,3.533333333333333,94.80832746529447,75.90454545454544,4.758049964904785,14.953718777772297,0.0075311497785151005,0.10211946050096339,1.3086111545562744,0.03344960883259773,0.0,0.0,0.0,0.0,0.0,0.0,0.0,0.0,0.0,0.0,1.2552778720855713,0.04053488373756409,0.0,0.0,0.0,0.0,0.0,0.0,0.0,0.0,0.0,1.257222294807434,0.0391085259616375,0.0,0.0,0.0,0.0,0.0,0.0,0.0,0.0,1.2944444417953491,0.03438759595155716,0.0,0.0,0.0,0.0,0.0,0.0,0.0,1.3152776956558228,0.038720935583114624,0.0,0.0,0.0,0.0,0.0,0.0,1.2975000143051147,0.036790698766708374,0.0,0.0,0.0,0.0,0.0,1.2925000190734863,0.034449610859155655,0.0,0.0,0.0,0.0,1.3305555582046509,0.040465112775564194,0.0,0.0,0.0,1.2447221279144287,0.04112403467297554,0.0,0.0,1.2827777862548828,0.03948061913251877,6.172839493956417e-05,1.3311110734939575,0.04110853001475334,1.1552777290344238,0.03814728693528609,0.03344960883259773,1.1223344534466212e-06
P5-R6-DFE,matched512,1159157628,4,1.326171875,91.51256177990845,1.4603930711746216,4.302170249849844,2.422656297683716,2.396484375,1.3552343845367432,1.1535546779632568,1.123046875,58.62999725341797,3.9086663722991943,0.9930000305175781,0.8459999561309814,0.09000000357627869,0.8,0.080078125,3.533333333333333,94.80832746529447,75.90454545454544,4.758049964904785,14.953718777772297,0.007634114008396864,0.103515625,1.3086111545562744,0.03344960883259773,0.0,0.0,0.0,0.0,0.0,0.0,0.0,0.0,0.0,0.0,1.2552778720855713,0.04053488373756409,0.0,0.0,0.0,0.0,0.0,0.0,0.0,0.0,0.0,1.257222294807434,0.0391085259616375,0.0,0.0,0.0,0.0,0.0,0.0,0.0,0.0,1.2944444417953491,0.03438759595155716,0.0,0.0,0.0,0.0,0.0,0.0,0.0,1.3152776956558228,0.038720935583114624,0.0,0.0,0.0,0.0,0.0,0.0,1.2975000143051147,0.036790698766708374,0.0,0.0,0.0,0.0,0.0,1.2925000190734863,0.034449610859155655,0.0,0.0,0.0,0.0,1.3305555582046509,0.040465112775564194,0.0,0.0,0.0,1.2447221279144287,0.04112403467297554,0.0,0.0,1.2827777862548828,0.03948061913251877,6.172839493956417e-05,1.3311110734939575,0.04110853001475334,1.1552777290344238,0.03814728693528609,0.03344960883259773,1.1223344534466212e-06
P5-R6-AYE,full519,1812275419,0,1.2870905587668593,90.72650116218614,1.4531161785125732,4.340728404649108,2.386107921600342,2.3391136801541426,1.331888198852539,1.1388823986053467,1.092485549132948,58.2400016784668,3.882666826248169,0.9919999837875366,0.8339999318122864,0.09000000357627869,0.8,0.0789980732177264,3.466666666666667,95.10719317680775,75.846,4.521605491638184,15.09555426497445,0.007481053471565247,0.1001926782273603,1.3063888549804688,0.03375968709588051,0.0,0.0,0.0,0.0,0.0,0.0,0.0,0.0,0.0,0.0,1.2561111450195312,0.04075193777680397,0.0,0.0,0.0,0.0,0.0,0.0,0.0,0.0,0.0,1.2602777481079102,0.0390465147793293,0.0,0.0,0.0,0.0,0.0,0.0,0.0,0.0,1.2980555295944214,0.03399224951863289,0.0,0.0,0.0,0.0,0.0,0.0,0.0,1.3197221755981445,0.03872092813253403,0.0,0.0,0.0,0.0,0.0,0.0,1.2944444417953491,0.03740309923887253,0.0,0.0,0.0,0.0,0.0,1.2877777814865112,0.03447286784648895,0.0,0.0,0.0,0.0,1.3327778577804565,0.0404108501970768,0.0,0.0,0.0,1.2458332777023315,0.04115504026412964,0.0,0.0,1.2819445133209229,0.03942635655403137,6.172839493956417e-05,1.3227777481079102,0.04100775346159935,1.153333306312561,0.038195207715034485,0.03375968709588051,1.1223344534466212e-06
P5-R6-AYE,matched512,1812275419,0,1.3046875,91.42702686321925,1.4378145933151245,4.262009410152978,2.417714834213257,2.37109375,1.3491015434265137,1.1537890434265137,1.107421875,58.23999786376953,3.88266658782959,0.9919999837875366,0.8339999318122864,0.09000000357627869,0.8,0.080078125,3.466666666666667,95.10719317680775,75.846,4.521605491638184,15.09555426497445,0.007583333179354668,0.1015625,1.3063888549804688,0.03375968709588051,0.0,0.0,0.0,0.0,0.0,0.0,0.0,0.0,0.0,0.0,1.2561111450195312,0.04075193777680397,0.0,0.0,0.0,0.0,0.0,0.0,0.0,0.0,0.0,1.2602777481079102,0.0390465147793293,0.0,0.0,0.0,0.0,0.0,0.0,0.0,0.0,1.2980555295944214,0.03399224951863289,0.0,0.0,0.0,0.0,0.0,0.0,0.0,1.3197221755981445,0.03872092813253403,0.0,0.0,0.0,0.0,0.0,0.0,1.2944444417953491,0.03740309923887253,0.0,0.0,0.0,0.0,0.0,1.2877777814865112,0.03447286784648895,0.0,0.0,0.0,0.0,1.3327778577804565,0.0404108501970768,0.0,0.0,0.0,1.2458332777023315,0.04115504026412964,0.0,0.0,1.2819445133209229,0.03942635655403137,6.172839493956417e-05,1.3227777481079102,0.04100775346159935,1.153333306312561,0.038195207715034485,0.03375968709588051,1.1223344534466212e-06
P5-R6-AYE,full519,1812275419,1,1.2870905587668593,90.89401266240716,1.489390254020691,4.336770257882202,2.386107921600342,2.3391136801541426,1.331888198852539,1.1388823986053467,1.092485549132948,58.2400016784668,3.882666826248169,0.9919999837875366,0.8339999318122864,0.09000000357627869,0.8,0.0789980732177264,3.466666666666667,95.3604138249225,77.86818181818184,4.443132400512695,15.035172255157073,0.007481053471565247,0.1001926782273603,1.3063888549804688,0.03375968709588051,0.0,0.0,0.0,0.0,0.0,0.0,0.0,0.0,0.0,0.0,1.2561111450195312,0.04075193777680397,0.0,0.0,0.0,0.0,0.0,0.0,0.0,0.0,0.0,1.2602777481079102,0.0390465147793293,0.0,0.0,0.0,0.0,0.0,0.0,0.0,0.0,1.2980555295944214,0.03399224951863289,0.0,0.0,0.0,0.0,0.0,0.0,0.0,1.3197221755981445,0.03872092813253403,0.0,0.0,0.0,0.0,0.0,0.0,1.2944444417953491,0.03740309923887253,0.0,0.0,0.0,0.0,0.0,1.2877777814865112,0.03447286784648895,0.0,0.0,0.0,0.0,1.3327778577804565,0.0404108501970768,0.0,0.0,0.0,1.2458332777023315,0.04115504026412964,0.0,0.0,1.2819445133209229,0.03942635655403137,6.172839493956417e-05,1.3227777481079102,0.04100775346159935,1.153333306312561,0.038195207715034485,0.03375968709588051,1.1223344534466212e-06
P5-R6-AYE,matched512,1812275419,1,1.3046875,91.59999308726213,1.4738273620605469,4.2558531742744465,2.417714834213257,2.37109375,1.3491015434265137,1.1537890434265137,1.107421875,58.23999786376953,3.88266658782959,0.9919999837875366,0.8339999318122864,0.09000000357627869,0.8,0.080078125,3.466666666666667,95.3604138249225,77.86818181818184,4.443132400512695,15.035172255157073,0.007583333179354668,0.1015625,1.3063888549804688,0.03375968709588051,0.0,0.0,0.0,0.0,0.0,0.0,0.0,0.0,0.0,0.0,1.2561111450195312,0.04075193777680397,0.0,0.0,0.0,0.0,0.0,0.0,0.0,0.0,0.0,1.2602777481079102,0.0390465147793293,0.0,0.0,0.0,0.0,0.0,0.0,0.0,0.0,1.2980555295944214,0.03399224951863289,0.0,0.0,0.0,0.0,0.0,0.0,0.0,1.3197221755981445,0.03872092813253403,0.0,0.0,0.0,0.0,0.0,0.0,1.2944444417953491,0.03740309923887253,0.0,0.0,0.0,0.0,0.0,1.2877777814865112,0.03447286784648895,0.0,0.0,0.0,0.0,1.3327778577804565,0.0404108501970768,0.0,0.0,0.0,1.2458332777023315,0.04115504026412964,0.0,0.0,1.2819445133209229,0.03942635655403137,6.172839493956417e-05,1.3227777481079102,0.04100775346159935,1.153333306312561,0.038195207715034485,0.03375968709588051,1.1223344534466212e-06
P5-R6-AYE,full519,1812275419,2,1.2870905587668593,90.55320179777405,1.4860643148422241,4.362973692251383,2.386107921600342,2.3391136801541426,1.331888198852539,1.1388823986053467,1.092485549132948,58.2400016784668,3.882666826248169,0.9919999837875366,0.8339999318122864,0.09000000357627869,0.8,0.0789980732177264,3.466666666666667,95.09112072444016,75.05799999999999,4.5873212814331055,15.257943832092044,0.007481053471565247,0.1001926782273603,1.3063888549804688,0.03375968709588051,0.0,0.0,0.0,0.0,0.0,0.0,0.0,0.0,0.0,0.0,1.2561111450195312,0.04075193777680397,0.0,0.0,0.0,0.0,0.0,0.0,0.0,0.0,0.0,1.2602777481079102,0.0390465147793293,0.0,0.0,0.0,0.0,0.0,0.0,0.0,0.0,1.2980555295944214,0.03399224951863289,0.0,0.0,0.0,0.0,0.0,0.0,0.0,1.3197221755981445,0.03872092813253403,0.0,0.0,0.0,0.0,0.0,0.0,1.2944444417953491,0.03740309923887253,0.0,0.0,0.0,0.0,0.0,1.2877777814865112,0.03447286784648895,0.0,0.0,0.0,0.0,1.3327778577804565,0.0404108501970768,0.0,0.0,0.0,1.2458332777023315,0.04115504026412964,0.0,0.0,1.2819445133209229,0.03942635655403137,6.172839493956417e-05,1.3227777481079102,0.04100775346159935,1.153333306312561,0.038195207715034485,0.03375968709588051,1.1223344534466212e-06
P5-R6-AYE,matched512,1812275419,2,1.3046875,91.28071581044824,1.4703072309494019,4.287189895703004,2.417714834213257,2.37109375,1.3491015434265137,1.1537890434265137,1.107421875,58.23999786376953,3.88266658782959,0.9919999837875366,0.8339999318122864,0.09000000357627869,0.8,0.080078125,3.466666666666667,95.09112072444016,75.05799999999999,4.5873212814331055,15.257943832092044,0.007583333179354668,0.1015625,1.3063888549804688,0.03375968709588051,0.0,0.0,0.0,0.0,0.0,0.0,0.0,0.0,0.0,0.0,1.2561111450195312,0.04075193777680397,0.0,0.0,0.0,0.0,0.0,0.0,0.0,0.0,0.0,1.2602777481079102,0.0390465147793293,0.0,0.0,0.0,0.0,0.0,0.0,0.0,0.0,1.2980555295944214,0.03399224951863289,0.0,0.0,0.0,0.0,0.0,0.0,0.0,1.3197221755981445,0.03872092813253403,0.0,0.0,0.0,0.0,0.0,0.0,1.2944444417953491,0.03740309923887253,0.0,0.0,0.0,0.0,0.0,1.2877777814865112,0.03447286784648895,0.0,0.0,0.0,0.0,1.3327778577804565,0.0404108501970768,0.0,0.0,0.0,1.2458332777023315,0.04115504026412964,0.0,0.0,1.2819445133209229,0.03942635655403137,6.172839493956417e-05,1.3227777481079102,0.04100775346159935,1.153333306312561,0.038195207715034485,0.03375968709588051,1.1223344534466212e-06
P5-R6-AYE,full519,1812275419,3,1.2870905587668593,90.66470718122598,1.509230375289917,4.410984473977774,2.386107921600342,2.3391136801541426,1.331888198852539,1.1388823986053467,1.092485549132948,58.2400016784668,3.882666826248169,0.9919999837875366,0.8339999318122864,0.09000000357627869,0.8,0.0789980732177264,3.466666666666667,95.30118058895836,77.89545454545454,4.464671611785889,15.337585949379,0.007481053471565247,0.1001926782273603,1.3063888549804688,0.03375968709588051,0.0,0.0,0.0,0.0,0.0,0.0,0.0,0.0,0.0,0.0,1.2561111450195312,0.04075193777680397,0.0,0.0,0.0,0.0,0.0,0.0,0.0,0.0,0.0,1.2602777481079102,0.0390465147793293,0.0,0.0,0.0,0.0,0.0,0.0,0.0,0.0,1.2980555295944214,0.03399224951863289,0.0,0.0,0.0,0.0,0.0,0.0,0.0,1.3197221755981445,0.03872092813253403,0.0,0.0,0.0,0.0,0.0,0.0,1.2944444417953491,0.03740309923887253,0.0,0.0,0.0,0.0,0.0,1.2877777814865112,0.03447286784648895,0.0,0.0,0.0,0.0,1.3327778577804565,0.0404108501970768,0.0,0.0,0.0,1.2458332777023315,0.04115504026412964,0.0,0.0,1.2819445133209229,0.03942635655403137,6.172839493956417e-05,1.3227777481079102,0.04100775346159935,1.153333306312561,0.038195207715034485,0.03375968709588051,1.1223344534466212e-06
P5-R6-AYE,matched512,1812275419,3,1.3046875,91.36065439622226,1.4937220811843872,4.330741419897436,2.417714834213257,2.37109375,1.3491015434265137,1.1537890434265137,1.107421875,58.23999786376953,3.88266658782959,0.9919999837875366,0.8339999318122864,0.09000000357627869,0.8,0.080078125,3.466666666666667,95.30118058895836,77.89545454545454,4.464671611785889,15.337585949379,0.007583333179354668,0.1015625,1.3063888549804688,0.03375968709588051,0.0,0.0,0.0,0.0,0.0,0.0,0.0,0.0,0.0,0.0,1.2561111450195312,0.04075193777680397,0.0,0.0,0.0,0.0,0.0,0.0,0.0,0.0,0.0,1.2602777481079102,0.0390465147793293,0.0,0.0,0.0,0.0,0.0,0.0,0.0,0.0,1.2980555295944214,0.03399224951863289,0.0,0.0,0.0,0.0,0.0,0.0,0.0,1.3197221755981445,0.03872092813253403,0.0,0.0,0.0,0.0,0.0,0.0,1.2944444417953491,0.03740309923887253,0.0,0.0,0.0,0.0,0.0,1.2877777814865112,0.03447286784648895,0.0,0.0,0.0,0.0,1.3327778577804565,0.0404108501970768,0.0,0.0,0.0,1.2458332777023315,0.04115504026412964,0.0,0.0,1.2819445133209229,0.03942635655403137,6.172839493956417e-05,1.3227777481079102,0.04100775346159935,1.153333306312561,0.038195207715034485,0.03375968709588051,1.1223344534466212e-06
P5-R6-AYE,full519,1812275419,4,1.2870905587668593,90.58279502150602,1.5311875343322754,4.393085134934682,2.386107921600342,2.3391136801541426,1.331888198852539,1.1388823986053467,1.092485549132948,58.2400016784668,3.882666826248169,0.9919999837875366,0.8339999318122864,0.09000000357627869,0.8,0.0789980732177264,3.466666666666667,95.10257315382663,76.91545454545455,4.594514846801758,15.265395909304122,0.007481053471565247,0.1001926782273603,1.3063888549804688,0.03375968709588051,0.0,0.0,0.0,0.0,0.0,0.0,0.0,0.0,0.0,0.0,1.2561111450195312,0.04075193777680397,0.0,0.0,0.0,0.0,0.0,0.0,0.0,0.0,0.0,1.2602777481079102,0.0390465147793293,0.0,0.0,0.0,0.0,0.0,0.0,0.0,0.0,1.2980555295944214,0.03399224951863289,0.0,0.0,0.0,0.0,0.0,0.0,0.0,1.3197221755981445,0.03872092813253403,0.0,0.0,0.0,0.0,0.0,0.0,1.2944444417953491,0.03740309923887253,0.0,0.0,0.0,0.0,0.0,1.2877777814865112,0.03447286784648895,0.0,0.0,0.0,0.0,1.3327778577804565,0.0404108501970768,0.0,0.0,0.0,1.2458332777023315,0.04115504026412964,0.0,0.0,1.2819445133209229,0.03942635655403137,6.172839493956417e-05,1.3227777481079102,0.04100775346159935,1.153333306312561,0.038195207715034485,0.03375968709588051,1.1223344534466212e-06
P5-R6-AYE,matched512,1812275419,4,1.3046875,91.27683326569264,1.5158765316009521,4.317546428202441,2.417714834213257,2.37109375,1.3491015434265137,1.1537890434265137,1.107421875,58.23999786376953,3.88266658782959,0.9919999837875366,0.8339999318122864,0.09000000357627869,0.8,0.080078125,3.466666666666667,95.10257315382663,76.91545454545455,4.594514846801758,15.265395909304122,0.007583333179354668,0.1015625,1.3063888549804688,0.03375968709588051,0.0,0.0,0.0,0.0,0.0,0.0,0.0,0.0,0.0,0.0,1.2561111450195312,0.04075193777680397,0.0,0.0,0.0,0.0,0.0,0.0,0.0,0.0,0.0,1.2602777481079102,0.0390465147793293,0.0,0.0,0.0,0.0,0.0,0.0,0.0,0.0,1.2980555295944214,0.03399224951863289,0.0,0.0,0.0,0.0,0.0,0.0,0.0,1.3197221755981445,0.03872092813253403,0.0,0.0,0.0,0.0,0.0,0.0,1.2944444417953491,0.03740309923887253,0.0,0.0,0.0,0.0,0.0,1.2877777814865112,0.03447286784648895,0.0,0.0,0.0,0.0,1.3327778577804565,0.0404108501970768,0.0,0.0,0.0,1.2458332777023315,0.04115504026412964,0.0,0.0,1.2819445133209229,0.03942635655403137,6.172839493956417e-05,1.3227777481079102,0.04100775346159935,1.153333306312561,0.038195207715034485,0.03375968709588051,1.1223344534466212e-06
P5-R6-SYQ,full519,1142039212,0,1.300578034682081,90.95639642572156,1.4882279634475708,4.426983000140363,2.3894991874694824,2.346820809248555,1.3363776206970215,1.1376879215240479,1.1001926782273603,59.48999786376953,3.9659998416900635,0.9934999346733093,0.8466665744781494,0.09000000357627869,0.8,0.08092485549132948,3.6,94.97069294298808,75.2209090909091,4.79402494430542,15.685690151445117,0.007641618140041828,0.10404624277456648,1.3063888549804688,0.033379845321178436,0.0,0.0,0.0,0.0,0.0,0.0,0.0,0.0,0.0,0.0,1.255555510520935,0.04058914631605148,0.0,0.0,0.0,0.0,0.0,0.0,0.0,0.0,0.0,1.2569444179534912,0.0390465147793293,0.0,0.0,0.0,0.0,0.0,0.0,0.0,0.0,1.2958333492279053,0.03438759595155716,0.0,0.0,0.0,0.0,0.0,0.0,0.0,1.3174999952316284,0.038364339619874954,0.0,0.0,0.0,0.0,0.0,0.0,1.3005555868148804,0.03700000420212746,0.0,0.0,0.0,0.0,0.0,1.289722204208374,0.034457363188266754,0.0,0.0,0.0,0.0,1.331111192703247,0.0403643399477005,0.0,0.0,0.0,1.2447221279144287,0.04105426371097565,0.0,0.0,1.28166663646698,0.039395347237586975,7.716049731243402e-05,1.3277777433395386,0.04115504026412964,1.1541666984558105,0.038108527321707115,0.033379845321178436,1.4029181329533458e-06
P5-R6-SYQ,matched512,1142039212,0,1.318359375,91.67779022296064,1.4700562953948975,4.348927501088502,2.4209766387939453,2.37890625,1.3534765243530273,1.1524218320846558,1.115234375,59.4900016784668,3.9660000801086426,0.9934999346733093,0.8466665744781494,0.09000000357627869,0.8,0.08203125,3.6,94.97069294298808,75.2209090909091,4.79402494430542,15.685690151445117,0.0077460939064621925,0.10546875,1.3063888549804688,0.033379845321178436,0.0,0.0,0.0,0.0,0.0,0.0,0.0,0.0,0.0,0.0,1.255555510520935,0.04058914631605148,0.0,0.0,0.0,0.0,0.0,0.0,0.0,0.0,0.0,1.2569444179534912,0.0390465147793293,0.0,0.0,0.0,0.0,0.0,0.0,0.0,0.0,1.2958333492279053,0.03438759595155716,0.0,0.0,0.0,0.0,0.0,0.0,0.0,1.3174999952316284,0.038364339619874954,0.0,0.0,0.0,0.0,0.0,0.0,1.3005555868148804,0.03700000420212746,0.0,0.0,0.0,0.0,0.0,1.289722204208374,0.034457363188266754,0.0,0.0,0.0,0.0,1.331111192703247,0.0403643399477005,0.0,0.0,0.0,1.2447221279144287,0.04105426371097565,0.0,0.0,1.28166663646698,0.039395347237586975,7.716049731243402e-05,1.3277777433395386,0.04115504026412964,1.1541666984558105,0.038108527321707115,0.033379845321178436,1.4029181329533458e-06
P5-R6-SYQ,full519,1142039212,1,1.300578034682081,90.88152429469481,1.5166685581207275,4.418053144553544,2.3894991874694824,2.346820809248555,1.3363776206970215,1.1376879215240479,1.1001926782273603,59.48999786376953,3.9659998416900635,0.9934999346733093,0.8466665744781494,0.09000000357627869,0.8,0.08092485549132948,3.6,94.99331496095212,75.423,4.771724700927734,15.459868705914339,0.007641618140041828,0.10404624277456648,1.3063888549804688,0.033379845321178436,0.0,0.0,0.0,0.0,0.0,0.0,0.0,0.0,0.0,0.0,1.255555510520935,0.04058914631605148,0.0,0.0,0.0,0.0,0.0,0.0,0.0,0.0,0.0,1.2569444179534912,0.0390465147793293,0.0,0.0,0.0,0.0,0.0,0.0,0.0,0.0,1.2958333492279053,0.03438759595155716,0.0,0.0,0.0,0.0,0.0,0.0,0.0,1.3174999952316284,0.038364339619874954,0.0,0.0,0.0,0.0,0.0,0.0,1.3005555868148804,0.03700000420212746,0.0,0.0,0.0,0.0,0.0,1.289722204208374,0.034457363188266754,0.0,0.0,0.0,0.0,1.331111192703247,0.0403643399477005,0.0,0.0,0.0,1.2447221279144287,0.04105426371097565,0.0,0.0,1.28166663646698,0.039395347237586975,7.716049731243402e-05,1.3277777433395386,0.04115504026412964,1.1541666984558105,0.038108527321707115,0.033379845321178436,1.4029181329533458e-06
P5-R6-SYQ,matched512,1142039212,1,1.318359375,91.59471245236968,1.498773455619812,4.335924174177179,2.4209766387939453,2.37890625,1.3534765243530273,1.1524218320846558,1.115234375,59.4900016784668,3.9660000801086426,0.9934999346733093,0.8466665744781494,0.09000000357627869,0.8,0.08203125,3.6,94.99331496095212,75.423,4.771724700927734,15.459868705914339,0.0077460939064621925,0.10546875,1.3063888549804688,0.033379845321178436,0.0,0.0,0.0,0.0,0.0,0.0,0.0,0.0,0.0,0.0,1.255555510520935,0.04058914631605148,0.0,0.0,0.0,0.0,0.0,0.0,0.0,0.0,0.0,1.2569444179534912,0.0390465147793293,0.0,0.0,0.0,0.0,0.0,0.0,0.0,0.0,1.2958333492279053,0.03438759595155716,0.0,0.0,0.0,0.0,0.0,0.0,0.0,1.3174999952316284,0.038364339619874954,0.0,0.0,0.0,0.0,0.0,0.0,1.3005555868148804,0.03700000420212746,0.0,0.0,0.0,0.0,0.0,1.289722204208374,0.034457363188266754,0.0,0.0,0.0,0.0,1.331111192703247,0.0403643399477005,0.0,0.0,0.0,1.2447221279144287,0.04105426371097565,0.0,0.0,1.28166663646698,0.039395347237586975,7.716049731243402e-05,1.3277777433395386,0.04115504026412964,1.1541666984558105,0.038108527321707115,0.033379845321178436,1.4029181329533458e-06
P5-R6-SYQ,full519,1142039212,2,1.300578034682081,91.06993333138708,1.4769608974456787,4.4098718552795155,2.3894991874694824,2.346820809248555,1.3363776206970215,1.1376879215240479,1.1001926782273603,59.48999786376953,3.9659998416900635,0.9934999346733093,0.8466665744781494,0.09000000357627869,0.8,0.08092485549132948,3.6,95.085250320667,76.67181818181818,4.742015838623047,15.033415809792054,0.007641618140041828,0.10404624277456648,1.3063888549804688,0.033379845321178436,0.0,0.0,0.0,0.0,0.0,0.0,0.0,0.0,0.0,0.0,1.255555510520935,0.04058914631605148,0.0,0.0,0.0,0.0,0.0,0.0,0.0,0.0,0.0,1.2569444179534912,0.0390465147793293,0.0,0.0,0.0,0.0,0.0,0.0,0.0,0.0,1.2958333492279053,0.03438759595155716,0.0,0.0,0.0,0.0,0.0,0.0,0.0,1.3174999952316284,0.038364339619874954,0.0,0.0,0.0,0.0,0.0,0.0,1.3005555868148804,0.03700000420212746,0.0,0.0,0.0,0.0,0.0,1.289722204208374,0.034457363188266754,0.0,0.0,0.0,0.0,1.331111192703247,0.0403643399477005,0.0,0.0,0.0,1.2447221279144287,0.04105426371097565,0.0,0.0,1.28166663646698,0.039395347237586975,7.716049731243402e-05,1.3277777433395386,0.04115504026412964,1.1541666984558105,0.038108527321707115,0.033379845321178436,1.4029181329533458e-06
P5-R6-SYQ,matched512,1142039212,2,1.318359375,91.80715192945075,1.4591150283813477,4.335455907327692,2.4209766387939453,2.37890625,1.3534765243530273,1.1524218320846558,1.115234375,59.4900016784668,3.9660000801086426,0.9934999346733093,0.8466665744781494,0.09000000357627869,0.8,0.08203125,3.6,95.085250320667,76.67181818181818,4.742015838623047,15.033415809792054,0.0077460939064621925,0.10546875,1.3063888549804688,0.033379845321178436,0.0,0.0,0.0,0.0,0.0,0.0,0.0,0.0,0.0,0.0,1.255555510520935,0.04058914631605148,0.0,0.0,0.0,0.0,0.0,0.0,0.0,0.0,0.0,1.2569444179534912,0.0390465147793293,0.0,0.0,0.0,0.0,0.0,0.0,0.0,0.0,1.2958333492279053,0.03438759595155716,0.0,0.0,0.0,0.0,0.0,0.0,0.0,1.3174999952316284,0.038364339619874954,0.0,0.0,0.0,0.0,0.0,0.0,1.3005555868148804,0.03700000420212746,0.0,0.0,0.0,0.0,0.0,1.289722204208374,0.034457363188266754,0.0,0.0,0.0,0.0,1.331111192703247,0.0403643399477005,0.0,0.0,0.0,1.2447221279144287,0.04105426371097565,0.0,0.0,1.28166663646698,0.039395347237586975,7.716049731243402e-05,1.3277777433395386,0.04115504026412964,1.1541666984558105,0.038108527321707115,0.033379845321178436,1.4029181329533458e-06
P5-R6-SYQ,full519,1142039212,3,1.300578034682081,91.0919633188477,1.4987818002700806,4.388005756568267,2.3894991874694824,2.346820809248555,1.3363776206970215,1.1376879215240479,1.1001926782273603,59.48999786376953,3.9659998416900635,0.9934999346733093,0.8466665744781494,0.09000000357627869,0.8,0.08092485549132948,3.6,95.10367876432981,76.66181818181816,4.724389553070068,15.06375447834048,0.007641618140041828,0.10404624277456648,1.3063888549804688,0.033379845321178436,0.0,0.0,0.0,0.0,0.0,0.0,0.0,0.0,0.0,0.0,1.255555510520935,0.04058914631605148,0.0,0.0,0.0,0.0,0.0,0.0,0.0,0.0,0.0,1.2569444179534912,0.0390465147793293,0.0,0.0,0.0,0.0,0.0,0.0,0.0,0.0,1.2958333492279053,0.03438759595155716,0.0,0.0,0.0,0.0,0.0,0.0,0.0,1.3174999952316284,0.038364339619874954,0.0,0.0,0.0,0.0,0.0,0.0,1.3005555868148804,0.03700000420212746,0.0,0.0,0.0,0.0,0.0,1.289722204208374,0.034457363188266754,0.0,0.0,0.0,0.0,1.331111192703247,0.0403643399477005,0.0,0.0,0.0,1.2447221279144287,0.04105426371097565,0.0,0.0,1.28166663646698,0.039395347237586975,7.716049731243402e-05,1.3277777433395386,0.04115504026412964,1.1541666984558105,0.038108527321707115,0.033379845321178436,1.4029181329533458e-06
P5-R6-SYQ,matched512,1142039212,3,1.318359375,91.7941350333694,1.4811863899230957,4.309615607738723,2.4209766387939453,2.37890625,1.3534765243530273,1.1524218320846558,1.115234375,59.4900016784668,3.9660000801086426,0.9934999346733093,0.8466665744781494,0.09000000357627869,0.8,0.08203125,3.6,95.10367876432981,76.66181818181816,4.724389553070068,15.06375447834048,0.0077460939064621925,0.10546875,1.3063888549804688,0.033379845321178436,0.0,0.0,0.0,0.0,0.0,0.0,0.0,0.0,0.0,0.0,1.255555510520935,0.04058914631605148,0.0,0.0,0.0,0.0,0.0,0.0,0.0,0.0,0.0,1.2569444179534912,0.0390465147793293,0.0,0.0,0.0,0.0,0.0,0.0,0.0,0.0,1.2958333492279053,0.03438759595155716,0.0,0.0,0.0,0.0,0.0,0.0,0.0,1.3174999952316284,0.038364339619874954,0.0,0.0,0.0,0.0,0.0,0.0,1.3005555868148804,0.03700000420212746,0.0,0.0,0.0,0.0,0.0,1.289722204208374,0.034457363188266754,0.0,0.0,0.0,0.0,1.331111192703247,0.0403643399477005,0.0,0.0,0.0,1.2447221279144287,0.04105426371097565,0.0,0.0,1.28166663646698,0.039395347237586975,7.716049731243402e-05,1.3277777433395386,0.04115504026412964,1.1541666984558105,0.038108527321707115,0.033379845321178436,1.4029181329533458e-06
P5-R6-SYQ,full519,1142039212,4,1.300578034682081,90.67207345961681,1.5475835800170898,4.379366439295297,2.3894991874694824,2.346820809248555,1.3363776206970215,1.1376879215240479,1.1001926782273603,59.48999786376953,3.9659998416900635,0.9934999346733093,0.8466665744781494,0.09000000357627869,0.8,0.08092485549132948,3.6,94.84022297712575,74.94727272727273,4.890753746032715,15.01452124447447,0.007641618140041828,0.10404624277456648,1.3063888549804688,0.033379845321178436,0.0,0.0,0.0,0.0,0.0,0.0,0.0,0.0,0.0,0.0,1.255555510520935,0.04058914631605148,0.0,0.0,0.0,0.0,0.0,0.0,0.0,0.0,0.0,1.2569444179534912,0.0390465147793293,0.0,0.0,0.0,0.0,0.0,0.0,0.0,0.0,1.2958333492279053,0.03438759595155716,0.0,0.0,0.0,0.0,0.0,0.0,0.0,1.3174999952316284,0.038364339619874954,0.0,0.0,0.0,0.0,0.0,0.0,1.3005555868148804,0.03700000420212746,0.0,0.0,0.0,0.0,0.0,1.289722204208374,0.034457363188266754,0.0,0.0,0.0,0.0,1.331111192703247,0.0403643399477005,0.0,0.0,0.0,1.2447221279144287,0.04105426371097565,0.0,0.0,1.28166663646698,0.039395347237586975,7.716049731243402e-05,1.3277777433395386,0.04115504026412964,1.1541666984558105,0.038108527321707115,0.033379845321178436,1.4029181329533458e-06
P5-R6-SYQ,matched512,1142039212,4,1.318359375,91.40625545353085,1.529223084449768,4.300867070347672,2.4209766387939453,2.37890625,1.3534765243530273,1.1524218320846558,1.115234375,59.4900016784668,3.9660000801086426,0.9934999346733093,0.8466665744781494,0.09000000357627869,0.8,0.08203125,3.6,94.84022297712575,74.94727272727273,4.890753746032715,15.01452124447447,0.0077460939064621925,0.10546875,1.3063888549804688,0.033379845321178436,0.0,0.0,0.0,0.0,0.0,0.0,0.0,0.0,0.0,0.0,1.255555510520935,0.04058914631605148,0.0,0.0,0.0,0.0,0.0,0.0,0.0,0.0,0.0,1.2569444179534912,0.0390465147793293,0.0,0.0,0.0,0.0,0.0,0.0,0.0,0.0,1.2958333492279053,0.03438759595155716,0.0,0.0,0.0,0.0,0.0,0.0,0.0,1.3174999952316284,0.038364339619874954,0.0,0.0,0.0,0.0,0.0,0.0,1.3005555868148804,0.03700000420212746,0.0,0.0,0.0,0.0,0.0,1.289722204208374,0.034457363188266754,0.0,0.0,0.0,0.0,1.331111192703247,0.0403643399477005,0.0,0.0,0.0,1.2447221279144287,0.04105426371097565,0.0,0.0,1.28166663646698,0.039395347237586975,7.716049731243402e-05,1.3277777433395386,0.04115504026412964,1.1541666984558105,0.038108527321707115,0.033379845321178436,1.4029181329533458e-06
P5-R6-TTE,full519,1648498088,0,1.302504816955684,91.69615640509139,1.45262610912323,4.313809219342712,2.3929286003112793,2.3622350674373798,1.3360501527786255,1.1363970041275024,1.1040462427745665,43.040000915527344,2.869333505630493,0.8829998970031738,0.6626666188240051,0.10000000149011612,0.7333333333333333,0.05973025048169557,2.6,95.13743203780531,76.84090909090908,4.941125869750977,14.521337793088911,0.005528580863028765,0.07514450867052024,1.305277705192566,0.03397674486041069,0.0,0.0,0.0,0.0,0.0,0.0,0.0,0.0,0.0,0.0,1.2558332681655884,0.040852710604667664,0.0,0.0,0.0,0.0,0.0,0.0,0.0,0.0,0.0,1.2602777481079102,0.03868217021226883,0.0,0.0,0.0,0.0,0.0,0.0,0.0,0.0,1.307777762413025,0.033511627465486526,0.0,0.0,0.0,0.0,0.0,0.0,0.0,1.315000057220459,0.03854263573884964,0.0,0.0,0.0,0.0,0.0,0.0,1.3008333444595337,0.036883722990751266,0.0,0.0,0.0,0.0,0.0,1.2938889265060425,0.034325581043958664,0.0,0.0,0.0,0.0,1.3302778005599976,0.04072092846035957,0.0,0.0,0.0,1.2488888502120972,0.04103100672364235,0.0,0.0,1.2827777862548828,0.03979845345020294,7.716049731243402e-05,1.3305555582046509,0.04145736247301102,1.1597222089767456,0.0381620858203281,0.033511627465486526,1.4029181329533458e-06
P5-R6-TTE,matched512,1648498088,0,1.3203125,92.36109881811981,1.4379053115844727,4.24063875898461,2.4246482849121094,2.39453125,1.3533202409744263,1.151269555091858,1.119140625,43.040000915527344,2.869333505630493,0.8829998970031738,0.6626666188240051,0.10000000149011612,0.7333333333333333,0.060546875,2.6,95.13743203780531,76.84090909090908,4.941125869750977,14.521337793088911,0.005604167003184557,0.076171875,1.305277705192566,0.03397674486041069,0.0,0.0,0.0,0.0,0.0,0.0,0.0,0.0,0.0,0.0,1.2558332681655884,0.040852710604667664,0.0,0.0,0.0,0.0,0.0,0.0,0.0,0.0,0.0,1.2602777481079102,0.03868217021226883,0.0,0.0,0.0,0.0,0.0,0.0,0.0,0.0,1.307777762413025,0.033511627465486526,0.0,0.0,0.0,0.0,0.0,0.0,0.0,1.315000057220459,0.03854263573884964,0.0,0.0,0.0,0.0,0.0,0.0,1.3008333444595337,0.036883722990751266,0.0,0.0,0.0,0.0,0.0,1.2938889265060425,0.034325581043958664,0.0,0.0,0.0,0.0,1.3302778005599976,0.04072092846035957,0.0,0.0,0.0,1.2488888502120972,0.04103100672364235,0.0,0.0,1.2827777862548828,0.03979845345020294,7.716049731243402e-05,1.3305555582046509,0.04145736247301102,1.1597222089767456,0.0381620858203281,0.033511627465486526,1.4029181329533458e-06
P5-R6-TTE,full519,1648498088,1,1.302504816955684,91.70636808770334,1.46894109249115,4.419398131485601,2.3929286003112793,2.3622350674373798,1.3360501527786255,1.1363970041275024,1.1040462427745665,43.040000915527344,2.869333505630493,0.8829998970031738,0.6626666188240051,0.10000000149011612,0.7333333333333333,0.05973025048169557,2.6,95.20341843117018,77.61454545454545,4.955107688903809,15.294002950909983,0.005528580863028765,0.07514450867052024,1.305277705192566,0.03397674486041069,0.0,0.0,0.0,0.0,0.0,0.0,0.0,0.0,0.0,0.0,1.2558332681655884,0.040852710604667664,0.0,0.0,0.0,0.0,0.0,0.0,0.0,0.0,0.0,1.2602777481079102,0.03868217021226883,0.0,0.0,0.0,0.0,0.0,0.0,0.0,0.0,1.307777762413025,0.033511627465486526,0.0,0.0,0.0,0.0,0.0,0.0,0.0,1.315000057220459,0.03854263573884964,0.0,0.0,0.0,0.0,0.0,0.0,1.3008333444595337,0.036883722990751266,0.0,0.0,0.0,0.0,0.0,1.2938889265060425,0.034325581043958664,0.0,0.0,0.0,0.0,1.3302778005599976,0.04072092846035957,0.0,0.0,0.0,1.2488888502120972,0.04103100672364235,0.0,0.0,1.2827777862548828,0.03979845345020294,7.716049731243402e-05,1.3305555582046509,0.04145736247301102,1.1597222089767456,0.0381620858203281,0.033511627465486526,1.4029181329533458e-06
P5-R6-TTE,matched512,1648498088,1,1.3203125,92.37204178644706,1.45405113697052,4.340357411312382,2.4246482849121094,2.39453125,1.3533202409744263,1.151269555091858,1.119140625,43.040000915527344,2.869333505630493,0.8829998970031738,0.6626666188240051,0.10000000149011612,0.7333333333333333,0.060546875,2.6,95.20341843117018,77.61454545454545,4.955107688903809,15.294002950909983,0.005604167003184557,0.076171875,1.305277705192566,0.03397674486041069,0.0,0.0,0.0,0.0,0.0,0.0,0.0,0.0,0.0,0.0,1.2558332681655884,0.040852710604667664,0.0,0.0,0.0,0.0,0.0,0.0,0.0,0.0,0.0,1.2602777481079102,0.03868217021226883,0.0,0.0,0.0,0.0,0.0,0.0,0.0,0.0,1.307777762413025,0.033511627465486526,0.0,0.0,0.0,0.0,0.0,0.0,0.0,1.315000057220459,0.03854263573884964,0.0,0.0,0.0,0.0,0.0,0.0,1.3008333444595337,0.036883722990751266,0.0,0.0,0.0,0.0,0.0,1.2938889265060425,0.034325581043958664,0.0,0.0,0.0,0.0,1.3302778005599976,0.04072092846035957,0.0,0.0,0.0,1.2488888502120972,0.04103100672364235,0.0,0.0,1.2827777862548828,0.03979845345020294,7.716049731243402e-05,1.3305555582046509,0.04145736247301102,1.1597222089767456,0.0381620858203281,0.033511627465486526,1.4029181329533458e-06
P5-R6-TTE,full519,1648498088,2,1.302504816955684,91.88120596134758,1.4330698251724243,4.419011783958018,2.3929286003112793,2.3622350674373798,1.3360501527786255,1.1363970041275024,1.1040462427745665,43.040000915527344,2.869333505630493,0.8829998970031738,0.6626666188240051,0.10000000149011612,0.7333333333333333,0.05973025048169557,2.6,95.31567930378522,77.30727272727273,4.803094863891602,15.25924682273947,0.005528580863028765,0.07514450867052024,1.305277705192566,0.03397674486041069,0.0,0.0,0.0,0.0,0.0,0.0,0.0,0.0,0.0,0.0,1.2558332681655884,0.040852710604667664,0.0,0.0,0.0,0.0,0.0,0.0,0.0,0.0,0.0,1.2602777481079102,0.03868217021226883,0.0,0.0,0.0,0.0,0.0,0.0,0.0,0.0,1.307777762413025,0.033511627465486526,0.0,0.0,0.0,0.0,0.0,0.0,0.0,1.315000057220459,0.03854263573884964,0.0,0.0,0.0,0.0,0.0,0.0,1.3008333444595337,0.036883722990751266,0.0,0.0,0.0,0.0,0.0,1.2938889265060425,0.034325581043958664,0.0,0.0,0.0,0.0,1.3302778005599976,0.04072092846035957,0.0,0.0,0.0,1.2488888502120972,0.04103100672364235,0.0,0.0,1.2827777862548828,0.03979845345020294,7.716049731243402e-05,1.3305555582046509,0.04145736247301102,1.1597222089767456,0.0381620858203281,0.033511627465486526,1.4029181329533458e-06
P5-R6-TTE,matched512,1648498088,2,1.3203125,92.53900991499819,1.4180712699890137,4.341102551894415,2.4246482849121094,2.39453125,1.3533202409744263,1.151269555091858,1.119140625,43.040000915527344,2.869333505630493,0.8829998970031738,0.6626666188240051,0.10000000149011612,0.7333333333333333,0.060546875,2.6,95.31567930378522,77.30727272727273,4.803094863891602,15.25924682273947,0.005604167003184557,0.076171875,1.305277705192566,0.03397674486041069,0.0,0.0,0.0,0.0,0.0,0.0,0.0,0.0,0.0,0.0,1.2558332681655884,0.040852710604667664,0.0,0.0,0.0,0.0,0.0,0.0,0.0,0.0,0.0,1.2602777481079102,0.03868217021226883,0.0,0.0,0.0,0.0,0.0,0.0,0.0,0.0,1.307777762413025,0.033511627465486526,0.0,0.0,0.0,0.0,0.0,0.0,0.0,1.315000057220459,0.03854263573884964,0.0,0.0,0.0,0.0,0.0,0.0,1.3008333444595337,0.036883722990751266,0.0,0.0,0.0,0.0,0.0,1.2938889265060425,0.034325581043958664,0.0,0.0,0.0,0.0,1.3302778005599976,0.04072092846035957,0.0,0.0,0.0,1.2488888502120972,0.04103100672364235,0.0,0.0,1.2827777862548828,0.03979845345020294,7.716049731243402e-05,1.3305555582046509,0.04145736247301102,1.1597222089767456,0.0381620858203281,0.033511627465486526,1.4029181329533458e-06
P5-R6-TTE,full519,1648498088,3,1.302504816955684,91.72754861719314,1.4793384075164795,4.470173093579214,2.3929286003112793,2.3622350674373798,1.3360501527786255,1.1363970041275024,1.1040462427745665,43.040000915527344,2.869333505630493,0.8829998970031738,0.6626666188240051,0.10000000149011612,0.7333333333333333,0.05973025048169557,2.6,95.26992516183661,77.92818181818181,5.00501012802124,15.448276128003808,0.005528580863028765,0.07514450867052024,1.305277705192566,0.03397674486041069,0.0,0.0,0.0,0.0,0.0,0.0,0.0,0.0,0.0,0.0,1.2558332681655884,0.040852710604667664,0.0,0.0,0.0,0.0,0.0,0.0,0.0,0.0,0.0,1.2602777481079102,0.03868217021226883,0.0,0.0,0.0,0.0,0.0,0.0,0.0,0.0,1.307777762413025,0.033511627465486526,0.0,0.0,0.0,0.0,0.0,0.0,0.0,1.315000057220459,0.03854263573884964,0.0,0.0,0.0,0.0,0.0,0.0,1.3008333444595337,0.036883722990751266,0.0,0.0,0.0,0.0,0.0,1.2938889265060425,0.034325581043958664,0.0,0.0,0.0,0.0,1.3302778005599976,0.04072092846035957,0.0,0.0,0.0,1.2488888502120972,0.04103100672364235,0.0,0.0,1.2827777862548828,0.03979845345020294,7.716049731243402e-05,1.3305555582046509,0.04145736247301102,1.1597222089767456,0.0381620858203281,0.033511627465486526,1.4029181329533458e-06
P5-R6-TTE,matched512,1648498088,3,1.3203125,92.3820229456958,1.4642884731292725,4.389564029167556,2.4246482849121094,2.39453125,1.3533202409744263,1.151269555091858,1.119140625,43.040000915527344,2.869333505630493,0.8829998970031738,0.6626666188240051,0.10000000149011612,0.7333333333333333,0.060546875,2.6,95.26992516183661,77.92818181818181,5.00501012802124,15.448276128003808,0.005604167003184557,0.076171875,1.305277705192566,0.03397674486041069,0.0,0.0,0.0,0.0,0.0,0.0,0.0,0.0,0.0,0.0,1.2558332681655884,0.040852710604667664,0.0,0.0,0.0,0.0,0.0,0.0,0.0,0.0,0.0,1.2602777481079102,0.03868217021226883,0.0,0.0,0.0,0.0,0.0,0.0,0.0,0.0,1.307777762413025,0.033511627465486526,0.0,0.0,0.0,0.0,0.0,0.0,0.0,1.315000057220459,0.03854263573884964,0.0,0.0,0.0,0.0,0.0,0.0,1.3008333444595337,0.036883722990751266,0.0,0.0,0.0,0.0,0.0,1.2938889265060425,0.034325581043958664,0.0,0.0,0.0,0.0,1.3302778005599976,0.04072092846035957,0.0,0.0,0.0,1.2488888502120972,0.04103100672364235,0.0,0.0,1.2827777862548828,0.03979845345020294,7.716049731243402e-05,1.3305555582046509,0.04145736247301102,1.1597222089767456,0.0381620858203281,0.033511627465486526,1.4029181329533458e-06
P5-R6-TTE,full519,1648498088,4,1.302504816955684,91.31658831641491,1.466037392616272,4.492585070534072,2.3929286003112793,2.3622350674373798,1.3360501527786255,1.1363970041275024,1.1040462427745665,43.040000915527344,2.869333505630493,0.8829998970031738,0.6626666188240051,0.10000000149011612,0.7333333333333333,0.05973025048169557,2.6,94.74068554092511,77.14090909090909,5.074100017547607,15.8030056160471,0.005528580863028765,0.07514450867052024,1.305277705192566,0.03397674486041069,0.0,0.0,0.0,0.0,0.0,0.0,0.0,0.0,0.0,0.0,1.2558332681655884,0.040852710604667664,0.0,0.0,0.0,0.0,0.0,0.0,0.0,0.0,0.0,1.2602777481079102,0.03868217021226883,0.0,0.0,0.0,0.0,0.0,0.0,0.0,0.0,1.307777762413025,0.033511627465486526,0.0,0.0,0.0,0.0,0.0,0.0,0.0,1.315000057220459,0.03854263573884964,0.0,0.0,0.0,0.0,0.0,0.0,1.3008333444595337,0.036883722990751266,0.0,0.0,0.0,0.0,0.0,1.2938889265060425,0.034325581043958664,0.0,0.0,0.0,0.0,1.3302778005599976,0.04072092846035957,0.0,0.0,0.0,1.2488888502120972,0.04103100672364235,0.0,0.0,1.2827777862548828,0.03979845345020294,7.716049731243402e-05,1.3305555582046509,0.04145736247301102,1.1597222089767456,0.0381620858203281,0.033511627465486526,1.4029181329533458e-06
P5-R6-TTE,matched512,1648498088,4,1.3203125,91.96217124509604,1.4509727954864502,4.417654997119687,2.4246482849121094,2.39453125,1.3533202409744263,1.151269555091858,1.119140625,43.040000915527344,2.869333505630493,0.8829998970031738,0.6626666188240051,0.10000000149011612,0.7333333333333333,0.060546875,2.6,94.74068554092511,77.14090909090909,5.074100017547607,15.8030056160471,0.005604167003184557,0.076171875,1.305277705192566,0.03397674486041069,0.0,0.0,0.0,0.0,0.0,0.0,0.0,0.0,0.0,0.0,1.2558332681655884,0.040852710604667664,0.0,0.0,0.0,0.0,0.0,0.0,0.0,0.0,0.0,1.2602777481079102,0.03868217021226883,0.0,0.0,0.0,0.0,0.0,0.0,0.0,0.0,1.307777762413025,0.033511627465486526,0.0,0.0,0.0,0.0,0.0,0.0,0.0,1.315000057220459,0.03854263573884964,0.0,0.0,0.0,0.0,0.0,0.0,1.3008333444595337,0.036883722990751266,0.0,0.0,0.0,0.0,0.0,1.2938889265060425,0.034325581043958664,0.0,0.0,0.0,0.0,1.3302778005599976,0.04072092846035957,0.0,0.0,0.0,1.2488888502120972,0.04103100672364235,0.0,0.0,1.2827777862548828,0.03979845345020294,7.716049731243402e-05,1.3305555582046509,0.04145736247301102,1.1597222089767456,0.0381620858203281,0.033511627465486526,1.4029181329533458e-06
P5-R6-SYQ,full519,1362596912,0,1.302504816955684,90.86100429981066,1.4338425397872925,4.34800805553998,2.3851444721221924,2.352601156069364,1.3308478593826294,1.1391136646270752,1.1078998073217727,58.68000030517578,3.9119999408721924,0.9934999346733093,0.8413333892822266,0.09000000357627869,0.8666666666666667,0.08092485549132948,3.6,95.35425729934931,75.813,4.348263263702393,14.91521076980647,0.007537572178989649,0.10404624277456648,1.3066667318344116,0.033387597650289536,0.0,0.0,0.0,0.0,0.0,0.0,0.0,0.0,0.0,0.0,1.2574999332427979,0.04060465097427368,0.0,0.0,0.0,0.0,0.0,0.0,0.0,0.0,0.0,1.2547221183776855,0.039023254066705704,0.0,0.0,0.0,0.0,0.0,0.0,0.0,0.0,1.295555591583252,0.03447286784648895,0.0,0.0,0.0,0.0,0.0,0.0,0.0,1.3163888454437256,0.038620155304670334,0.0,0.0,0.0,0.0,0.0,0.0,1.3005555868148804,0.03683720901608467,0.0,0.0,0.0,0.0,0.0,1.290000081062317,0.03452713415026665,0.0,0.0,0.0,0.0,1.331111192703247,0.04059690237045288,0.0,0.0,0.0,1.2483333349227905,0.040968991816043854,0.0,0.0,1.2827777862548828,0.03937984257936478,6.944444612599909e-05,1.3224999904632568,0.04102325439453125,1.1513887643814087,0.03813107819719748,0.033387597650289536,1.2626262931999836e-06
P5-R6-SYQ,matched512,1362596912,0,1.3203125,91.5868729876894,1.4187419414520264,4.270835574489247,2.4167771339416504,2.384765625,1.348085880279541,1.1540429592132568,1.123046875,58.68000030517578,3.9119999408721924,0.9934999346733093,0.8413333892822266,0.09000000357627869,0.8666666666666667,0.08203125,3.6,95.35425729934931,75.813,4.348263263702393,14.91521076980647,0.007640624884516001,0.10546875,1.3066667318344116,0.033387597650289536,0.0,0.0,0.0,0.0,0.0,0.0,0.0,0.0,0.0,0.0,1.2574999332427979,0.04060465097427368,0.0,0.0,0.0,0.0,0.0,0.0,0.0,0.0,0.0,1.2547221183776855,0.039023254066705704,0.0,0.0,0.0,0.0,0.0,0.0,0.0,0.0,1.295555591583252,0.03447286784648895,0.0,0.0,0.0,0.0,0.0,0.0,0.0,1.3163888454437256,0.038620155304670334,0.0,0.0,0.0,0.0,0.0,0.0,1.3005555868148804,0.03683720901608467,0.0,0.0,0.0,0.0,0.0,1.290000081062317,0.03452713415026665,0.0,0.0,0.0,0.0,1.331111192703247,0.04059690237045288,0.0,0.0,0.0,1.2483333349227905,0.040968991816043854,0.0,0.0,1.2827777862548828,0.03937984257936478,6.944444612599909e-05,1.3224999904632568,0.04102325439453125,1.1513887643814087,0.03813107819719748,0.033387597650289536,1.2626262931999836e-06
P5-R6-SYQ,full519,1362596912,1,1.302504816955684,90.62101869924125,1.4394521713256836,4.4170885251235195,2.3851444721221924,2.352601156069364,1.3308478593826294,1.1391136646270752,1.1078998073217727,58.68000030517578,3.9119999408721924,0.9934999346733093,0.8413333892822266,0.09000000357627869,0.8666666666666667,0.08092485549132948,3.6,95.0481393323112,75.319,4.488665580749512,15.337538882089895,0.007537572178989649,0.10404624277456648,1.3066667318344116,0.033387597650289536,0.0,0.0,0.0,0.0,0.0,0.0,0.0,0.0,0.0,0.0,1.2574999332427979,0.04060465097427368,0.0,0.0,0.0,0.0,0.0,0.0,0.0,0.0,0.0,1.2547221183776855,0.039023254066705704,0.0,0.0,0.0,0.0,0.0,0.0,0.0,0.0,1.295555591583252,0.03447286784648895,0.0,0.0,0.0,0.0,0.0,0.0,0.0,1.3163888454437256,0.038620155304670334,0.0,0.0,0.0,0.0,0.0,0.0,1.3005555868148804,0.03683720901608467,0.0,0.0,0.0,0.0,0.0,1.290000081062317,0.03452713415026665,0.0,0.0,0.0,0.0,1.331111192703247,0.04059690237045288,0.0,0.0,0.0,1.2483333349227905,0.040968991816043854,0.0,0.0,1.2827777862548828,0.03937984257936478,6.944444612599909e-05,1.3224999904632568,0.04102325439453125,1.1513887643814087,0.03813107819719748,0.033387597650289536,1.2626262931999836e-06
P5-R6-SYQ,matched512,1362596912,1,1.3203125,91.34789685358044,1.4246958494186401,4.339894074590934,2.4167771339416504,2.384765625,1.348085880279541,1.1540429592132568,1.123046875,58.68000030517578,3.9119999408721924,0.9934999346733093,0.8413333892822266,0.09000000357627869,0.8666666666666667,0.08203125,3.6,95.0481393323112,75.319,4.488665580749512,15.337538882089895,0.007640624884516001,0.10546875,1.3066667318344116,0.033387597650289536,0.0,0.0,0.0,0.0,0.0,0.0,0.0,0.0,0.0,0.0,1.2574999332427979,0.04060465097427368,0.0,0.0,0.0,0.0,0.0,0.0,0.0,0.0,0.0,1.2547221183776855,0.039023254066705704,0.0,0.0,0.0,0.0,0.0,0.0,0.0,0.0,1.295555591583252,0.03447286784648895,0.0,0.0,0.0,0.0,0.0,0.0,0.0,1.3163888454437256,0.038620155304670334,0.0,0.0,0.0,0.0,0.0,0.0,1.3005555868148804,0.03683720901608467,0.0,0.0,0.0,0.0,0.0,1.290000081062317,0.03452713415026665,0.0,0.0,0.0,0.0,1.331111192703247,0.04059690237045288,0.0,0.0,0.0,1.2483333349227905,0.040968991816043854,0.0,0.0,1.2827777862548828,0.03937984257936478,6.944444612599909e-05,1.3224999904632568,0.04102325439453125,1.1513887643814087,0.03813107819719748,0.033387597650289536,1.2626262931999836e-06
P5-R6-SYQ,full519,1362596912,2,1.302504816955684,90.88909953582063,1.4303109645843506,4.385202255568548,2.3851444721221924,2.352601156069364,1.3308478593826294,1.1391136646270752,1.1078998073217727,58.68000030517578,3.9119999408721924,0.9934999346733093,0.8413333892822266,0.09000000357627869,0.8666666666666667,0.08092485549132948,3.6,95.36261216831008,77.67090909090909,4.31537389755249,15.355003967177563,0.007537572178989649,0.10404624277456648,1.3066667318344116,0.033387597650289536,0.0,0.0,0.0,0.0,0.0,0.0,0.0,0.0,0.0,0.0,1.2574999332427979,0.04060465097427368,0.0,0.0,0.0,0.0,0.0,0.0,0.0,0.0,0.0,1.2547221183776855,0.039023254066705704,0.0,0.0,0.0,0.0,0.0,0.0,0.0,0.0,1.295555591583252,0.03447286784648895,0.0,0.0,0.0,0.0,0.0,0.0,0.0,1.3163888454437256,0.038620155304670334,0.0,0.0,0.0,0.0,0.0,0.0,1.3005555868148804,0.03683720901608467,0.0,0.0,0.0,0.0,0.0,1.290000081062317,0.03452713415026665,0.0,0.0,0.0,0.0,1.331111192703247,0.04059690237045288,0.0,0.0,0.0,1.2483333349227905,0.040968991816043854,0.0,0.0,1.2827777862548828,0.03937984257936478,6.944444612599909e-05,1.3224999904632568,0.04102325439453125,1.1513887643814087,0.03813107819719748,0.033387597650289536,1.2626262931999836e-06
P5-R6-SYQ,matched512,1362596912,2,1.3203125,91.62402638339309,1.4156407117843628,4.310028194450706,2.4167771339416504,2.384765625,1.348085880279541,1.1540429592132568,1.123046875,58.68000030517578,3.9119999408721924,0.9934999346733093,0.8413333892822266,0.09000000357627869,0.8666666666666667,0.08203125,3.6,95.36261216831008,77.67090909090909,4.31537389755249,15.355003967177563,0.007640624884516001,0.10546875,1.3066667318344116,0.033387597650289536,0.0,0.0,0.0,0.0,0.0,0.0,0.0,0.0,0.0,0.0,1.2574999332427979,0.04060465097427368,0.0,0.0,0.0,0.0,0.0,0.0,0.0,0.0,0.0,1.2547221183776855,0.039023254066705704,0.0,0.0,0.0,0.0,0.0,0.0,0.0,0.0,1.295555591583252,0.03447286784648895,0.0,0.0,0.0,0.0,0.0,0.0,0.0,1.3163888454437256,0.038620155304670334,0.0,0.0,0.0,0.0,0.0,0.0,1.3005555868148804,0.03683720901608467,0.0,0.0,0.0,0.0,0.0,1.290000081062317,0.03452713415026665,0.0,0.0,0.0,0.0,1.331111192703247,0.04059690237045288,0.0,0.0,0.0,1.2483333349227905,0.040968991816043854,0.0,0.0,1.2827777862548828,0.03937984257936478,6.944444612599909e-05,1.3224999904632568,0.04102325439453125,1.1513887643814087,0.03813107819719748,0.033387597650289536,1.2626262931999836e-06
P5-R6-SYQ,full519,1362596912,3,1.302504816955684,90.81526634706547,1.425547480583191,4.377288322970897,2.3851444721221924,2.352601156069364,1.3308478593826294,1.1391136646270752,1.1078998073217727,58.68000030517578,3.9119999408721924,0.9934999346733093,0.8413333892822266,0.09000000357627869,0.8666666666666667,0.08092485549132948,3.6,95.29993573716665,78.00727272727272,4.316609859466553,15.28556476975322,0.007537572178989649,0.10404624277456648,1.3066667318344116,0.033387597650289536,0.0,0.0,0.0,0.0,0.0,0.0,0.0,0.0,0.0,0.0,1.2574999332427979,0.04060465097427368,0.0,0.0,0.0,0.0,0.0,0.0,0.0,0.0,0.0,1.2547221183776855,0.039023254066705704,0.0,0.0,0.0,0.0,0.0,0.0,0.0,0.0,1.295555591583252,0.03447286784648895,0.0,0.0,0.0,0.0,0.0,0.0,0.0,1.3163888454437256,0.038620155304670334,0.0,0.0,0.0,0.0,0.0,0.0,1.3005555868148804,0.03683720901608467,0.0,0.0,0.0,0.0,0.0,1.290000081062317,0.03452713415026665,0.0,0.0,0.0,0.0,1.331111192703247,0.04059690237045288,0.0,0.0,0.0,1.2483333349227905,0.040968991816043854,0.0,0.0,1.2827777862548828,0.03937984257936478,6.944444612599909e-05,1.3224999904632568,0.04102325439453125,1.1513887643814087,0.03813107819719748,0.033387597650289536,1.2626262931999836e-06
P5-R6-SYQ,matched512,1362596912,3,1.3203125,91.525567375062,1.4104481935501099,4.2943085924532,2.4167771339416504,2.384765625,1.348085880279541,1.1540429592132568,1.123046875,58.68000030517578,3.9119999408721924,0.9934999346733093,0.8413333892822266,0.09000000357627869,0.8666666666666667,0.08203125,3.6,95.29993573716665,78.00727272727272,4.316609859466553,15.28556476975322,0.007640624884516001,0.10546875,1.3066667318344116,0.033387597650289536,0.0,0.0,0.0,0.0,0.0,0.0,0.0,0.0,0.0,0.0,1.2574999332427979,0.04060465097427368,0.0,0.0,0.0,0.0,0.0,0.0,0.0,0.0,0.0,1.2547221183776855,0.039023254066705704,0.0,0.0,0.0,0.0,0.0,0.0,0.0,0.0,1.295555591583252,0.03447286784648895,0.0,0.0,0.0,0.0,0.0,0.0,0.0,1.3163888454437256,0.038620155304670334,0.0,0.0,0.0,0.0,0.0,0.0,1.3005555868148804,0.03683720901608467,0.0,0.0,0.0,0.0,0.0,1.290000081062317,0.03452713415026665,0.0,0.0,0.0,0.0,1.331111192703247,0.04059690237045288,0.0,0.0,0.0,1.2483333349227905,0.040968991816043854,0.0,0.0,1.2827777862548828,0.03937984257936478,6.944444612599909e-05,1.3224999904632568,0.04102325439453125,1.1513887643814087,0.03813107819719748,0.033387597650289536,1.2626262931999836e-06
P5-R6-SYQ,full519,1362596912,4,1.302504816955684,90.69159614865974,1.4815927743911743,4.3575038710776735,2.3851444721221924,2.352601156069364,1.3308478593826294,1.1391136646270752,1.1078998073217727,58.68000030517578,3.9119999408721924,0.9934999346733093,0.8413333892822266,0.09000000357627869,0.8666666666666667,0.08092485549132948,3.6,95.15353625457618,75.5,4.552033424377441,14.938256761803778,0.007537572178989649,0.10404624277456648,1.3066667318344116,0.033387597650289536,0.0,0.0,0.0,0.0,0.0,0.0,0.0,0.0,0.0,0.0,1.2574999332427979,0.04060465097427368,0.0,0.0,0.0,0.0,0.0,0.0,0.0,0.0,0.0,1.2547221183776855,0.039023254066705704,0.0,0.0,0.0,0.0,0.0,0.0,0.0,0.0,1.295555591583252,0.03447286784648895,0.0,0.0,0.0,0.0,0.0,0.0,0.0,1.3163888454437256,0.038620155304670334,0.0,0.0,0.0,0.0,0.0,0.0,1.3005555868148804,0.03683720901608467,0.0,0.0,0.0,0.0,0.0,1.290000081062317,0.03452713415026665,0.0,0.0,0.0,0.0,1.331111192703247,0.04059690237045288,0.0,0.0,0.0,1.2483333349227905,0.040968991816043854,0.0,0.0,1.2827777862548828,0.03937984257936478,6.944444612599909e-05,1.3224999904632568,0.04102325439453125,1.1513887643814087,0.03813107819719748,0.033387597650289536,1.2626262931999836e-06
P5-R6-SYQ,matched512,1362596912,4,1.3203125,91.40657402569218,1.4669185876846313,4.279632626815062,2.4167771339416504,2.384765625,1.348085880279541,1.1540429592132568,1.123046875,58.68000030517578,3.9119999408721924,0.9934999346733093,0.8413333892822266,0.09000000357627869,0.8666666666666667,0.08203125,3.6,95.15353625457618,75.5,4.552033424377441,14.938256761803778,0.007640624884516001,0.10546875,1.3066667318344116,0.033387597650289536,0.0,0.0,0.0,0.0,0.0,0.0,0.0,0.0,0.0,0.0,1.2574999332427979,0.04060465097427368,0.0,0.0,0.0,0.0,0.0,0.0,0.0,0.0,0.0,1.2547221183776855,0.039023254066705704,0.0,0.0,0.0,0.0,0.0,0.0,0.0,0.0,1.295555591583252,0.03447286784648895,0.0,0.0,0.0,0.0,0.0,0.0,0.0,1.3163888454437256,0.038620155304670334,0.0,0.0,0.0,0.0,0.0,0.0,1.3005555868148804,0.03683720901608467,0.0,0.0,0.0,0.0,0.0,1.290000081062317,0.03452713415026665,0.0,0.0,0.0,0.0,1.331111192703247,0.04059690237045288,0.0,0.0,0.0,1.2483333349227905,0.040968991816043854,0.0,0.0,1.2827777862548828,0.03937984257936478,6.944444612599909e-05,1.3224999904632568,0.04102325439453125,1.1513887643814087,0.03813107819719748,0.033387597650289536,1.2626262931999836e-06
P5-R6-LRD,full519,1706625336,0,1.283236994219653,91.56724554240449,1.4607254266738892,4.514446186419866,2.3787477016448975,2.3371868978805397,1.3234297037124634,1.125472068786621,1.0867052023121386,45.040000915527344,3.002666711807251,0.9125000238418579,0.6806666851043701,0.09000000357627869,0.7333333333333333,0.06551059730250482,2.8666666666666667,94.83328487587517,75.03272727272729,5.178796768188477,16.749729375858568,0.0057854847982525826,0.08285163776493257,1.3055555820465088,0.03373643383383751,0.0,0.0,0.0,0.0,0.0,0.0,0.0,0.0,0.0,0.0,1.2527776956558228,0.040689922869205475,0.0,0.0,0.0,0.0,0.0,0.0,0.0,0.0,0.0,1.2591667175292969,0.03844185918569565,0.0,0.0,0.0,0.0,0.0,0.0,0.0,0.0,1.3063888549804688,0.03358139470219612,0.0,0.0,0.0,0.0,0.0,0.0,0.0,1.3188889026641846,0.03437984362244606,0.0,0.0,0.0,0.0,0.0,0.0,1.2836110591888428,0.03701550513505936,0.0,0.0,0.0,0.0,0.0,1.2950000762939453,0.03421705216169357,0.0,0.0,0.0,0.0,1.3311110734939575,0.040542639791965485,0.0,0.0,0.0,1.2486110925674438,0.04117054492235184,0.0,0.0,1.2836110591888428,0.03970542550086975,7.716049731243402e-05,1.3291666507720947,0.04142635688185692,1.159166693687439,0.03771881623701616,0.03358139470219612,1.4029181329533458e-06
P5-R6-LRD,matched512,1706625336,0,1.30078125,92.23602043030753,1.4477260112762451,4.42777124176669,2.4103710651397705,2.369140625,1.3406445980072021,1.1402734518051147,1.1015625,45.040000915527344,3.002666711807251,0.9125000238418579,0.6806666851043701,0.09000000357627869,0.7333333333333333,0.06640625,2.8666666666666667,94.83328487587517,75.03272727272729,5.178796768188477,16.749729375858568,0.005864583421498537,0.083984375,1.3055555820465088,0.03373643383383751,0.0,0.0,0.0,0.0,0.0,0.0,0.0,0.0,0.0,0.0,1.2527776956558228,0.040689922869205475,0.0,0.0,0.0,0.0,0.0,0.0,0.0,0.0,0.0,1.2591667175292969,0.03844185918569565,0.0,0.0,0.0,0.0,0.0,0.0,0.0,0.0,1.3063888549804688,0.03358139470219612,0.0,0.0,0.0,0.0,0.0,0.0,0.0,1.3188889026641846,0.03437984362244606,0.0,0.0,0.0,0.0,0.0,0.0,1.2836110591888428,0.03701550513505936,0.0,0.0,0.0,0.0,0.0,1.2950000762939453,0.03421705216169357,0.0,0.0,0.0,0.0,1.3311110734939575,0.040542639791965485,0.0,0.0,0.0,1.2486110925674438,0.04117054492235184,0.0,0.0,1.2836110591888428,0.03970542550086975,7.716049731243402e-05,1.3291666507720947,0.04142635688185692,1.159166693687439,0.03771881623701616,0.03358139470219612,1.4029181329533458e-06
P5-R6-LRD,full519,1706625336,1,1.283236994219653,91.32915941968544,1.4806349277496338,4.511501978075424,2.3787477016448975,2.3371868978805397,1.3234297037124634,1.125472068786621,1.0867052023121386,45.040000915527344,3.002666711807251,0.9125000238418579,0.6806666851043701,0.09000000357627869,0.7333333333333333,0.06551059730250482,2.8666666666666667,94.61284344770455,74.06090909090909,5.248830318450928,16.65138438873821,0.0057854847982525826,0.08285163776493257,1.3055555820465088,0.03373643383383751,0.0,0.0,0.0,0.0,0.0,0.0,0.0,0.0,0.0,0.0,1.2527776956558228,0.040689922869205475,0.0,0.0,0.0,0.0,0.0,0.0,0.0,0.0,0.0,1.2591667175292969,0.03844185918569565,0.0,0.0,0.0,0.0,0.0,0.0,0.0,0.0,1.3063888549804688,0.03358139470219612,0.0,0.0,0.0,0.0,0.0,0.0,0.0,1.3188889026641846,0.03437984362244606,0.0,0.0,0.0,0.0,0.0,0.0,1.2836110591888428,0.03701550513505936,0.0,0.0,0.0,0.0,0.0,1.2950000762939453,0.03421705216169357,0.0,0.0,0.0,0.0,1.3311110734939575,0.040542639791965485,0.0,0.0,0.0,1.2486110925674438,0.04117054492235184,0.0,0.0,1.2836110591888428,0.03970542550086975,7.716049731243402e-05,1.3291666507720947,0.04142635688185692,1.159166693687439,0.03771881623701616,0.03358139470219612,1.4029181329533458e-06
P5-R6-LRD,matched512,1706625336,1,1.30078125,92.00084931626535,1.4673868417739868,4.428936820851624,2.4103710651397705,2.369140625,1.3406445980072021,1.1402734518051147,1.1015625,45.040000915527344,3.002666711807251,0.9125000238418579,0.6806666851043701,0.09000000357627869,0.7333333333333333,0.06640625,2.8666666666666667,94.61284344770455,74.06090909090909,5.248830318450928,16.65138438873821,0.005864583421498537,0.083984375,1.3055555820465088,0.03373643383383751,0.0,0.0,0.0,0.0,0.0,0.0,0.0,0.0,0.0,0.0,1.2527776956558228,0.040689922869205475,0.0,0.0,0.0,0.0,0.0,0.0,0.0,0.0,0.0,1.2591667175292969,0.03844185918569565,0.0,0.0,0.0,0.0,0.0,0.0,0.0,0.0,1.3063888549804688,0.03358139470219612,0.0,0.0,0.0,0.0,0.0,0.0,0.0,1.3188889026641846,0.03437984362244606,0.0,0.0,0.0,0.0,0.0,0.0,1.2836110591888428,0.03701550513505936,0.0,0.0,0.0,0.0,0.0,1.2950000762939453,0.03421705216169357,0.0,0.0,0.0,0.0,1.3311110734939575,0.040542639791965485,0.0,0.0,0.0,1.2486110925674438,0.04117054492235184,0.0,0.0,1.2836110591888428,0.03970542550086975,7.716049731243402e-05,1.3291666507720947,0.04142635688185692,1.159166693687439,0.03771881623701616,0.03358139470219612,1.4029181329533458e-06
P5-R6-LRD,full519,1706625336,2,1.283236994219653,91.38816035805343,1.4684680700302124,4.482722294622964,2.3787477016448975,2.3371868978805397,1.3234297037124634,1.125472068786621,1.0867052023121386,45.040000915527344,3.002666711807251,0.9125000238418579,0.6806666851043701,0.09000000357627869,0.7333333333333333,0.06551059730250482,2.8666666666666667,94.7015524499292,74.76636363636365,5.215906620025635,16.242380901338922,0.0057854847982525826,0.08285163776493257,1.3055555820465088,0.03373643383383751,0.0,0.0,0.0,0.0,0.0,0.0,0.0,0.0,0.0,0.0,1.2527776956558228,0.040689922869205475,0.0,0.0,0.0,0.0,0.0,0.0,0.0,0.0,0.0,1.2591667175292969,0.03844185918569565,0.0,0.0,0.0,0.0,0.0,0.0,0.0,0.0,1.3063888549804688,0.03358139470219612,0.0,0.0,0.0,0.0,0.0,0.0,0.0,1.3188889026641846,0.03437984362244606,0.0,0.0,0.0,0.0,0.0,0.0,1.2836110591888428,0.03701550513505936,0.0,0.0,0.0,0.0,0.0,1.2950000762939453,0.03421705216169357,0.0,0.0,0.0,0.0,1.3311110734939575,0.040542639791965485,0.0,0.0,0.0,1.2486110925674438,0.04117054492235184,0.0,0.0,1.2836110591888428,0.03970542550086975,7.716049731243402e-05,1.3291666507720947,0.04142635688185692,1.159166693687439,0.03771881623701616,0.03358139470219612,1.4029181329533458e-06
P5-R6-LRD,matched512,1706625336,2,1.30078125,92.05983334037924,1.4555716514587402,4.404546144259312,2.4103710651397705,2.369140625,1.3406445980072021,1.1402734518051147,1.1015625,45.040000915527344,3.002666711807251,0.9125000238418579,0.6806666851043701,0.09000000357627869,0.7333333333333333,0.06640625,2.8666666666666667,94.7015524499292,74.76636363636365,5.215906620025635,16.242380901338922,0.005864583421498537,0.083984375,1.3055555820465088,0.03373643383383751,0.0,0.0,0.0,0.0,0.0,0.0,0.0,0.0,0.0,0.0,1.2527776956558228,0.040689922869205475,0.0,0.0,0.0,0.0,0.0,0.0,0.0,0.0,0.0,1.2591667175292969,0.03844185918569565,0.0,0.0,0.0,0.0,0.0,0.0,0.0,0.0,1.3063888549804688,0.03358139470219612,0.0,0.0,0.0,0.0,0.0,0.0,0.0,1.3188889026641846,0.03437984362244606,0.0,0.0,0.0,0.0,0.0,0.0,1.2836110591888428,0.03701550513505936,0.0,0.0,0.0,0.0,0.0,1.2950000762939453,0.03421705216169357,0.0,0.0,0.0,0.0,1.3311110734939575,0.040542639791965485,0.0,0.0,0.0,1.2486110925674438,0.04117054492235184,0.0,0.0,1.2836110591888428,0.03970542550086975,7.716049731243402e-05,1.3291666507720947,0.04142635688185692,1.159166693687439,0.03771881623701616,0.03358139470219612,1.4029181329533458e-06
P5-R6-LRD,full519,1706625336,3,1.283236994219653,91.45138262198088,1.4930996894836426,4.470404520315766,2.3787477016448975,2.3371868978805397,1.3234297037124634,1.125472068786621,1.0867052023121386,45.040000915527344,3.002666711807251,0.9125000238418579,0.6806666851043701,0.09000000357627869,0.7333333333333333,0.06551059730250482,2.8666666666666667,94.750073146311,75.26727272727273,5.258069038391113,16.156660414948774,0.0057854847982525826,0.08285163776493257,1.3055555820465088,0.03373643383383751,0.0,0.0,0.0,0.0,0.0,0.0,0.0,0.0,0.0,0.0,1.2527776956558228,0.040689922869205475,0.0,0.0,0.0,0.0,0.0,0.0,0.0,0.0,0.0,1.2591667175292969,0.03844185918569565,0.0,0.0,0.0,0.0,0.0,0.0,0.0,0.0,1.3063888549804688,0.03358139470219612,0.0,0.0,0.0,0.0,0.0,0.0,0.0,1.3188889026641846,0.03437984362244606,0.0,0.0,0.0,0.0,0.0,0.0,1.2836110591888428,0.03701550513505936,0.0,0.0,0.0,0.0,0.0,1.2950000762939453,0.03421705216169357,0.0,0.0,0.0,0.0,1.3311110734939575,0.040542639791965485,0.0,0.0,0.0,1.2486110925674438,0.04117054492235184,0.0,0.0,1.2836110591888428,0.03970542550086975,7.716049731243402e-05,1.3291666507720947,0.04142635688185692,1.159166693687439,0.03771881623701616,0.03358139470219612,1.4029181329533458e-06
P5-R6-LRD,matched512,1706625336,3,1.30078125,92.1146860302241,1.4802086353302002,4.392418718823984,2.4103710651397705,2.369140625,1.3406445980072021,1.1402734518051147,1.1015625,45.040000915527344,3.002666711807251,0.9125000238418579,0.6806666851043701,0.09000000357627869,0.7333333333333333,0.06640625,2.8666666666666667,94.750073146311,75.26727272727273,5.258069038391113,16.156660414948774,0.005864583421498537,0.083984375,1.3055555820465088,0.03373643383383751,0.0,0.0,0.0,0.0,0.0,0.0,0.0,0.0,0.0,0.0,1.2527776956558228,0.040689922869205475,0.0,0.0,0.0,0.0,0.0,0.0,0.0,0.0,0.0,1.2591667175292969,0.03844185918569565,0.0,0.0,0.0,0.0,0.0,0.0,0.0,0.0,1.3063888549804688,0.03358139470219612,0.0,0.0,0.0,0.0,0.0,0.0,0.0,1.3188889026641846,0.03437984362244606,0.0,0.0,0.0,0.0,0.0,0.0,1.2836110591888428,0.03701550513505936,0.0,0.0,0.0,0.0,0.0,1.2950000762939453,0.03421705216169357,0.0,0.0,0.0,0.0,1.3311110734939575,0.040542639791965485,0.0,0.0,0.0,1.2486110925674438,0.04117054492235184,0.0,0.0,1.2836110591888428,0.03970542550086975,7.716049731243402e-05,1.3291666507720947,0.04142635688185692,1.159166693687439,0.03771881623701616,0.03358139470219612,1.4029181329533458e-06
P5-R6-LRD,full519,1706625336,4,1.283236994219653,91.17013910853652,1.4864739179611206,4.42714749237738,2.3787477016448975,2.3371868978805397,1.3234297037124634,1.125472068786621,1.0867052023121386,45.040000915527344,3.002666711807251,0.9125000238418579,0.6806666851043701,0.09000000357627869,0.7333333333333333,0.06551059730250482,2.8666666666666667,94.38839350181712,74.33818181818182,5.344915390014648,16.017696872985496,0.0057854847982525826,0.08285163776493257,1.3055555820465088,0.03373643383383751,0.0,0.0,0.0,0.0,0.0,0.0,0.0,0.0,0.0,0.0,1.2527776956558228,0.040689922869205475,0.0,0.0,0.0,0.0,0.0,0.0,0.0,0.0,0.0,1.2591667175292969,0.03844185918569565,0.0,0.0,0.0,0.0,0.0,0.0,0.0,0.0,1.3063888549804688,0.03358139470219612,0.0,0.0,0.0,0.0,0.0,0.0,0.0,1.3188889026641846,0.03437984362244606,0.0,0.0,0.0,0.0,0.0,0.0,1.2836110591888428,0.03701550513505936,0.0,0.0,0.0,0.0,0.0,1.2950000762939453,0.03421705216169357,0.0,0.0,0.0,0.0,1.3311110734939575,0.040542639791965485,0.0,0.0,0.0,1.2486110925674438,0.04117054492235184,0.0,0.0,1.2836110591888428,0.03970542550086975,7.716049731243402e-05,1.3291666507720947,0.04142635688185692,1.159166693687439,0.03771881623701616,0.03358139470219612,1.4029181329533458e-06
P5-R6-LRD,matched512,1706625336,4,1.30078125,91.83045312288623,1.4733796119689941,4.345620615955771,2.4103710651397705,2.369140625,1.3406445980072021,1.1402734518051147,1.1015625,45.040000915527344,3.002666711807251,0.9125000238418579,0.6806666851043701,0.09000000357627869,0.7333333333333333,0.06640625,2.8666666666666667,94.38839350181712,74.33818181818182,5.344915390014648,16.017696872985496,0.005864583421498537,0.083984375,1.3055555820465088,0.03373643383383751,0.0,0.0,0.0,0.0,0.0,0.0,0.0,0.0,0.0,0.0,1.2527776956558228,0.040689922869205475,0.0,0.0,0.0,0.0,0.0,0.0,0.0,0.0,0.0,1.2591667175292969,0.03844185918569565,0.0,0.0,0.0,0.0,0.0,0.0,0.0,0.0,1.3063888549804688,0.03358139470219612,0.0,0.0,0.0,0.0,0.0,0.0,0.0,1.3188889026641846,0.03437984362244606,0.0,0.0,0.0,0.0,0.0,0.0,1.2836110591888428,0.03701550513505936,0.0,0.0,0.0,0.0,0.0,1.2950000762939453,0.03421705216169357,0.0,0.0,0.0,0.0,1.3311110734939575,0.040542639791965485,0.0,0.0,0.0,1.2486110925674438,0.04117054492235184,0.0,0.0,1.2836110591888428,0.03970542550086975,7.716049731243402e-05,1.3291666507720947,0.04142635688185692,1.159166693687439,0.03771881623701616,0.03358139470219612,1.4029181329533458e-06
P6-R7-TRQ,full519,1480712457,0,1.302504816955684,90.46211533446215,1.4968936443328857,4.379069181853528,2.3872833251953125,2.346820809248555,1.3330057859420776,1.142485499382019,1.1098265895953756,58.38999938964844,3.8926665782928467,0.9934999346733093,0.8333332538604736,0.09000000357627869,0.8666666666666667,0.0789980732177264,3.533333333333333,94.874484066024,73.99100000000001,4.50850248336792,15.34452415812486,0.007500321138650179,0.10211946050096339,1.305833339691162,0.03332558274269104,0.0,0.0,0.0,0.0,0.0,0.0,0.0,0.0,0.0,0.0,1.256666660308838,0.04065891355276108,0.0,0.0,0.0,0.0,0.0,0.0,0.0,0.0,0.0,1.2522222995758057,0.03871317580342293,0.0,0.0,0.0,0.0,0.0,0.0,0.0,0.0,1.2919443845748901,0.03438759595155716,0.0,0.0,0.0,0.0,0.0,0.0,0.0,1.3161110877990723,0.039023257791996,0.0,0.0,0.0,0.0,0.0,0.0,1.2975000143051147,0.037031009793281555,0.0,0.0,0.0,0.0,0.0,1.2944444417953491,0.034565892070531845,0.0,0.0,0.0,0.0,1.329722285270691,0.0404030978679657,0.0,0.0,0.0,1.2455554008483887,0.04110852628946304,0.0,0.0,1.2819445133209229,0.03934108465909958,6.172839493956417e-05,1.320555567741394,0.04084496200084686,1.1408333778381348,0.03812755441123789,0.03332558274269104,1.1223344534466212e-06
P6-R7-TRQ,matched512,1480712457,0,1.3203125,91.18310663414276,1.4784841537475586,4.303445271948015,2.4187304973602295,2.37890625,1.3500585556030273,1.157285213470459,1.125,58.38999938964844,3.8926665782928467,0.9934999346733093,0.8333332538604736,0.09000000357627869,0.8666666666666667,0.080078125,3.533333333333333,94.874484066024,73.99100000000001,4.50850248336792,15.34452415812486,0.007602864410728216,0.103515625,1.305833339691162,0.03332558274269104,0.0,0.0,0.0,0.0,0.0,0.0,0.0,0.0,0.0,0.0,1.256666660308838,0.04065891355276108,0.0,0.0,0.0,0.0,0.0,0.0,0.0,0.0,0.0,1.2522222995758057,0.03871317580342293,0.0,0.0,0.0,0.0,0.0,0.0,0.0,0.0,1.2919443845748901,0.03438759595155716,0.0,0.0,0.0,0.0,0.0,0.0,0.0,1.3161110877990723,0.039023257791996,0.0,0.0,0.0,0.0,0.0,0.0,1.2975000143051147,0.037031009793281555,0.0,0.0,0.0,0.0,0.0,1.2944444417953491,0.034565892070531845,0.0,0.0,0.0,0.0,1.329722285270691,0.0404030978679657,0.0,0.0,0.0,1.2455554008483887,0.04110852628946304,0.0,0.0,1.2819445133209229,0.03934108465909958,6.172839493956417e-05,1.320555567741394,0.04084496200084686,1.1408333778381348,0.03812755441123789,0.03332558274269104,1.1223344534466212e-06
P6-R7-TRQ,full519,1480712457,1,1.302504816955684,90.6054358691512,1.5249258279800415,4.416083813548479,2.3872833251953125,2.346820809248555,1.3330057859420776,1.142485499382019,1.1098265895953756,58.38999938964844,3.8926665782928467,0.9934999346733093,0.8333332538604736,0.09000000357627869,0.8666666666666667,0.0789980732177264,3.533333333333333,95.1309273705975,78.00454545454544,4.53061580657959,15.110188684522113,0.007500321138650179,0.10211946050096339,1.305833339691162,0.03332558274269104,0.0,0.0,0.0,0.0,0.0,0.0,0.0,0.0,0.0,0.0,1.256666660308838,0.04065891355276108,0.0,0.0,0.0,0.0,0.0,0.0,0.0,0.0,0.0,1.2522222995758057,0.03871317580342293,0.0,0.0,0.0,0.0,0.0,0.0,0.0,0.0,1.2919443845748901,0.03438759595155716,0.0,0.0,0.0,0.0,0.0,0.0,0.0,1.3161110877990723,0.039023257791996,0.0,0.0,0.0,0.0,0.0,0.0,1.2975000143051147,0.037031009793281555,0.0,0.0,0.0,0.0,0.0,1.2944444417953491,0.034565892070531845,0.0,0.0,0.0,0.0,1.329722285270691,0.0404030978679657,0.0,0.0,0.0,1.2455554008483887,0.04110852628946304,0.0,0.0,1.2819445133209229,0.03934108465909958,6.172839493956417e-05,1.320555567741394,0.04084496200084686,1.1408333778381348,0.03812755441123789,0.03332558274269104,1.1223344534466212e-06
P6-R7-TRQ,matched512,1480712457,1,1.3203125,91.34172616299716,1.5058540105819702,4.334917620197002,2.4187304973602295,2.37890625,1.3500585556030273,1.157285213470459,1.125,58.38999938964844,3.8926665782928467,0.9934999346733093,0.8333332538604736,0.09000000357627869,0.8666666666666667,0.080078125,3.533333333333333,95.1309273705975,78.00454545454544,4.53061580657959,15.110188684522113,0.007602864410728216,0.103515625,1.305833339691162,0.03332558274269104,0.0,0.0,0.0,0.0,0.0,0.0,0.0,0.0,0.0,0.0,1.256666660308838,0.04065891355276108,0.0,0.0,0.0,0.0,0.0,0.0,0.0,0.0,0.0,1.2522222995758057,0.03871317580342293,0.0,0.0,0.0,0.0,0.0,0.0,0.0,0.0,1.2919443845748901,0.03438759595155716,0.0,0.0,0.0,0.0,0.0,0.0,0.0,1.3161110877990723,0.039023257791996,0.0,0.0,0.0,0.0,0.0,0.0,1.2975000143051147,0.037031009793281555,0.0,0.0,0.0,0.0,0.0,1.2944444417953491,0.034565892070531845,0.0,0.0,0.0,0.0,1.329722285270691,0.0404030978679657,0.0,0.0,0.0,1.2455554008483887,0.04110852628946304,0.0,0.0,1.2819445133209229,0.03934108465909958,6.172839493956417e-05,1.320555567741394,0.04084496200084686,1.1408333778381348,0.03812755441123789,0.03332558274269104,1.1223344534466212e-06
P6-R7-TRQ,full519,1480712457,2,1.302504816955684,90.33112531105161,1.5028785467147827,4.420631445940542,2.3872833251953125,2.346820809248555,1.3330057859420776,1.142485499382019,1.1098265895953756,58.38999938964844,3.8926665782928467,0.9934999346733093,0.8333332538604736,0.09000000357627869,0.8666666666666667,0.0789980732177264,3.533333333333333,94.7742494688953,73.679,4.613430500030518,15.35158405874701,0.007500321138650179,0.10211946050096339,1.305833339691162,0.03332558274269104,0.0,0.0,0.0,0.0,0.0,0.0,0.0,0.0,0.0,0.0,1.256666660308838,0.04065891355276108,0.0,0.0,0.0,0.0,0.0,0.0,0.0,0.0,0.0,1.2522222995758057,0.03871317580342293,0.0,0.0,0.0,0.0,0.0,0.0,0.0,0.0,1.2919443845748901,0.03438759595155716,0.0,0.0,0.0,0.0,0.0,0.0,0.0,1.3161110877990723,0.039023257791996,0.0,0.0,0.0,0.0,0.0,0.0,1.2975000143051147,0.037031009793281555,0.0,0.0,0.0,0.0,0.0,1.2944444417953491,0.034565892070531845,0.0,0.0,0.0,0.0,1.329722285270691,0.0404030978679657,0.0,0.0,0.0,1.2455554008483887,0.04110852628946304,0.0,0.0,1.2819445133209229,0.03934108465909958,6.172839493956417e-05,1.320555567741394,0.04084496200084686,1.1408333778381348,0.03812755441123789,0.03332558274269104,1.1223344534466212e-06
P6-R7-TRQ,matched512,1480712457,2,1.3203125,91.05485031607932,1.4838484525680542,4.343389167602431,2.4187304973602295,2.37890625,1.3500585556030273,1.157285213470459,1.125,58.38999938964844,3.8926665782928467,0.9934999346733093,0.8333332538604736,0.09000000357627869,0.8666666666666667,0.080078125,3.533333333333333,94.7742494688953,73.679,4.613430500030518,15.35158405874701,0.007602864410728216,0.103515625,1.305833339691162,0.03332558274269104,0.0,0.0,0.0,0.0,0.0,0.0,0.0,0.0,0.0,0.0,1.256666660308838,0.04065891355276108,0.0,0.0,0.0,0.0,0.0,0.0,0.0,0.0,0.0,1.2522222995758057,0.03871317580342293,0.0,0.0,0.0,0.0,0.0,0.0,0.0,0.0,1.2919443845748901,0.03438759595155716,0.0,0.0,0.0,0.0,0.0,0.0,0.0,1.3161110877990723,0.039023257791996,0.0,0.0,0.0,0.0,0.0,0.0,1.2975000143051147,0.037031009793281555,0.0,0.0,0.0,0.0,0.0,1.2944444417953491,0.034565892070531845,0.0,0.0,0.0,0.0,1.329722285270691,0.0404030978679657,0.0,0.0,0.0,1.2455554008483887,0.04110852628946304,0.0,0.0,1.2819445133209229,0.03934108465909958,6.172839493956417e-05,1.320555567741394,0.04084496200084686,1.1408333778381348,0.03812755441123789,0.03332558274269104,1.1223344534466212e-06
P6-R7-TRQ,full519,1480712457,3,1.302504816955684,90.42396241870952,1.5200685262680054,4.374753942492449,2.3872833251953125,2.346820809248555,1.3330057859420776,1.142485499382019,1.1098265895953756,58.38999938964844,3.8926665782928467,0.9934999346733093,0.8333332538604736,0.09000000357627869,0.8666666666666667,0.0789980732177264,3.533333333333333,94.92252074314574,73.509,4.5953826904296875,14.968291013403473,0.007500321138650179,0.10211946050096339,1.305833339691162,0.03332558274269104,0.0,0.0,0.0,0.0,0.0,0.0,0.0,0.0,0.0,0.0,1.256666660308838,0.04065891355276108,0.0,0.0,0.0,0.0,0.0,0.0,0.0,0.0,0.0,1.2522222995758057,0.03871317580342293,0.0,0.0,0.0,0.0,0.0,0.0,0.0,0.0,1.2919443845748901,0.03438759595155716,0.0,0.0,0.0,0.0,0.0,0.0,0.0,1.3161110877990723,0.039023257791996,0.0,0.0,0.0,0.0,0.0,0.0,1.2975000143051147,0.037031009793281555,0.0,0.0,0.0,0.0,0.0,1.2944444417953491,0.034565892070531845,0.0,0.0,0.0,0.0,1.329722285270691,0.0404030978679657,0.0,0.0,0.0,1.2455554008483887,0.04110852628946304,0.0,0.0,1.2819445133209229,0.03934108465909958,6.172839493956417e-05,1.320555567741394,0.04084496200084686,1.1408333778381348,0.03812755441123789,0.03332558274269104,1.1223344534466212e-06
P6-R7-TRQ,matched512,1480712457,3,1.3203125,91.16028883632643,1.5014684200286865,4.30426498993101,2.4187304973602295,2.37890625,1.3500585556030273,1.157285213470459,1.125,58.38999938964844,3.8926665782928467,0.9934999346733093,0.8333332538604736,0.09000000357627869,0.8666666666666667,0.080078125,3.533333333333333,94.92252074314574,73.509,4.5953826904296875,14.968291013403473,0.007602864410728216,0.103515625,1.305833339691162,0.03332558274269104,0.0,0.0,0.0,0.0,0.0,0.0,0.0,0.0,0.0,0.0,1.256666660308838,0.04065891355276108,0.0,0.0,0.0,0.0,0.0,0.0,0.0,0.0,0.0,1.2522222995758057,0.03871317580342293,0.0,0.0,0.0,0.0,0.0,0.0,0.0,0.0,1.2919443845748901,0.03438759595155716,0.0,0.0,0.0,0.0,0.0,0.0,0.0,1.3161110877990723,0.039023257791996,0.0,0.0,0.0,0.0,0.0,0.0,1.2975000143051147,0.037031009793281555,0.0,0.0,0.0,0.0,0.0,1.2944444417953491,0.034565892070531845,0.0,0.0,0.0,0.0,1.329722285270691,0.0404030978679657,0.0,0.0,0.0,1.2455554008483887,0.04110852628946304,0.0,0.0,1.2819445133209229,0.03934108465909958,6.172839493956417e-05,1.320555567741394,0.04084496200084686,1.1408333778381348,0.03812755441123789,0.03332558274269104,1.1223344534466212e-06
P6-R7-TRQ,full519,1480712457,4,1.302504816955684,90.45092805914916,1.5114096403121948,4.38124203671159,2.3872833251953125,2.346820809248555,1.3330057859420776,1.142485499382019,1.1098265895953756,58.38999938964844,3.8926665782928467,0.9934999346733093,0.8333332538604736,0.09000000357627869,0.8666666666666667,0.0789980732177264,3.533333333333333,94.87434768485116,73.302,4.640621185302734,15.283504998550328,0.007500321138650179,0.10211946050096339,1.305833339691162,0.03332558274269104,0.0,0.0,0.0,0.0,0.0,0.0,0.0,0.0,0.0,0.0,1.256666660308838,0.04065891355276108,0.0,0.0,0.0,0.0,0.0,0.0,0.0,0.0,0.0,1.2522222995758057,0.03871317580342293,0.0,0.0,0.0,0.0,0.0,0.0,0.0,0.0,1.2919443845748901,0.03438759595155716,0.0,0.0,0.0,0.0,0.0,0.0,0.0,1.3161110877990723,0.039023257791996,0.0,0.0,0.0,0.0,0.0,0.0,1.2975000143051147,0.037031009793281555,0.0,0.0,0.0,0.0,0.0,1.2944444417953491,0.034565892070531845,0.0,0.0,0.0,0.0,1.329722285270691,0.0404030978679657,0.0,0.0,0.0,1.2455554008483887,0.04110852628946304,0.0,0.0,1.2819445133209229,0.03934108465909958,6.172839493956417e-05,1.320555567741394,0.04084496200084686,1.1408333778381348,0.03812755441123789,0.03332558274269104,1.1223344534466212e-06
P6-R7-TRQ,matched512,1480712457,4,1.3203125,91.17796936228919,1.4922205209732056,4.302304963359922,2.4187304973602295,2.37890625,1.3500585556030273,1.157285213470459,1.125,58.38999938964844,3.8926665782928467,0.9934999346733093,0.8333332538604736,0.09000000357627869,0.8666666666666667,0.080078125,3.533333333333333,94.87434768485116,73.302,4.640621185302734,15.283504998550328,0.007602864410728216,0.103515625,1.305833339691162,0.03332558274269104,0.0,0.0,0.0,0.0,0.0,0.0,0.0,0.0,0.0,0.0,1.256666660308838,0.04065891355276108,0.0,0.0,0.0,0.0,0.0,0.0,0.0,0.0,0.0,1.2522222995758057,0.03871317580342293,0.0,0.0,0.0,0.0,0.0,0.0,0.0,0.0,1.2919443845748901,0.03438759595155716,0.0,0.0,0.0,0.0,0.0,0.0,0.0,1.3161110877990723,0.039023257791996,0.0,0.0,0.0,0.0,0.0,0.0,1.2975000143051147,0.037031009793281555,0.0,0.0,0.0,0.0,0.0,1.2944444417953491,0.034565892070531845,0.0,0.0,0.0,0.0,1.329722285270691,0.0404030978679657,0.0,0.0,0.0,1.2455554008483887,0.04110852628946304,0.0,0.0,1.2819445133209229,0.03934108465909958,6.172839493956417e-05,1.320555567741394,0.04084496200084686,1.1408333778381348,0.03812755441123789,0.03332558274269104,1.1223344534466212e-06
P6-R7-QRW,full519,1722273803,0,1.2909441233140655,90.51477450252594,1.4733014106750488,4.339825722767526,2.3764736652374268,2.3448940269749516,1.3235260248184204,1.1324470043182373,1.0963391136801541,57.279998779296875,3.818666696548462,0.9895000457763672,0.8373333811759949,0.09000000357627869,0.8,0.07707129094412331,3.4,94.84621475001337,75.61818181818182,4.62971305847168,14.96291031816114,0.00735773891210556,0.09826589595375723,1.3063888549804688,0.03354263678193092,0.0,0.0,0.0,0.0,0.0,0.0,0.0,0.0,0.0,0.0,1.2536110877990723,0.040558140724897385,0.0,0.0,0.0,0.0,0.0,0.0,0.0,0.0,0.0,1.2519444227218628,0.038449615240097046,0.0,0.0,0.0,0.0,0.0,0.0,0.0,0.0,1.296388864517212,0.03416278958320618,0.0,0.0,0.0,0.0,0.0,0.0,0.0,1.3233332633972168,0.03817829489707947,0.0,0.0,0.0,0.0,0.0,0.0,1.3041666746139526,0.034844957292079926,0.0,0.0,0.0,0.0,0.0,1.2936110496520996,0.03426356613636017,0.0,0.0,0.0,0.0,1.331111192703247,0.040449611842632294,0.0,0.0,0.0,1.2472223043441772,0.04102325439453125,0.0,0.0,1.2836110591888428,0.03931782767176628,6.172839493956417e-05,1.321388840675354,0.04080620035529137,1.148611068725586,0.03778153590180657,0.03354263678193092,1.1223344534466212e-06
P6-R7-QRW,matched512,1722273803,0,1.30859375,91.23267196518759,1.4623435735702515,4.264940495487999,2.4082422256469727,2.376953125,1.340917944908142,1.1474804878234863,1.111328125,57.279998779296875,3.818666696548462,0.9895000457763672,0.8373333811759949,0.09000000357627869,0.8,0.078125,3.4,94.84621475001337,75.61818181818182,4.62971305847168,14.96291031816114,0.007458333391696215,0.099609375,1.3063888549804688,0.03354263678193092,0.0,0.0,0.0,0.0,0.0,0.0,0.0,0.0,0.0,0.0,1.2536110877990723,0.040558140724897385,0.0,0.0,0.0,0.0,0.0,0.0,0.0,0.0,0.0,1.2519444227218628,0.038449615240097046,0.0,0.0,0.0,0.0,0.0,0.0,0.0,0.0,1.296388864517212,0.03416278958320618,0.0,0.0,0.0,0.0,0.0,0.0,0.0,1.3233332633972168,0.03817829489707947,0.0,0.0,0.0,0.0,0.0,0.0,1.3041666746139526,0.034844957292079926,0.0,0.0,0.0,0.0,0.0,1.2936110496520996,0.03426356613636017,0.0,0.0,0.0,0.0,1.331111192703247,0.040449611842632294,0.0,0.0,0.0,1.2472223043441772,0.04102325439453125,0.0,0.0,1.2836110591888428,0.03931782767176628,6.172839493956417e-05,1.321388840675354,0.04080620035529137,1.148611068725586,0.03778153590180657,0.03354263678193092,1.1223344534466212e-06
P6-R7-QRW,full519,1722273803,1,1.2909441233140655,90.28309494963396,1.5081894397735596,4.402306020178005,2.3764736652374268,2.3448940269749516,1.3235260248184204,1.1324470043182373,1.0963391136801541,57.279998779296875,3.818666696548462,0.9895000457763672,0.8373333811759949,0.09000000357627869,0.8,0.07707129094412331,3.4,94.67663417992759,74.312,4.696918964385986,15.008722558737434,0.00735773891210556,0.09826589595375723,1.3063888549804688,0.03354263678193092,0.0,0.0,0.0,0.0,0.0,0.0,0.0,0.0,0.0,0.0,1.2536110877990723,0.040558140724897385,0.0,0.0,0.0,0.0,0.0,0.0,0.0,0.0,0.0,1.2519444227218628,0.038449615240097046,0.0,0.0,0.0,0.0,0.0,0.0,0.0,0.0,1.296388864517212,0.03416278958320618,0.0,0.0,0.0,0.0,0.0,0.0,0.0,1.3233332633972168,0.03817829489707947,0.0,0.0,0.0,0.0,0.0,0.0,1.3041666746139526,0.034844957292079926,0.0,0.0,0.0,0.0,0.0,1.2936110496520996,0.03426356613636017,0.0,0.0,0.0,0.0,1.331111192703247,0.040449611842632294,0.0,0.0,0.0,1.2472223043441772,0.04102325439453125,0.0,0.0,1.2836110591888428,0.03931782767176628,6.172839493956417e-05,1.321388840675354,0.04080620035529137,1.148611068725586,0.03778153590180657,0.03354263678193092,1.1223344534466212e-06
P6-R7-QRW,matched512,1722273803,1,1.30859375,90.98747715365147,1.4970877170562744,4.327186752559575,2.4082422256469727,2.376953125,1.340917944908142,1.1474804878234863,1.111328125,57.279998779296875,3.818666696548462,0.9895000457763672,0.8373333811759949,0.09000000357627869,0.8,0.078125,3.4,94.67663417992759,74.312,4.696918964385986,15.008722558737434,0.007458333391696215,0.099609375,1.3063888549804688,0.03354263678193092,0.0,0.0,0.0,0.0,0.0,0.0,0.0,0.0,0.0,0.0,1.2536110877990723,0.040558140724897385,0.0,0.0,0.0,0.0,0.0,0.0,0.0,0.0,0.0,1.2519444227218628,0.038449615240097046,0.0,0.0,0.0,0.0,0.0,0.0,0.0,0.0,1.296388864517212,0.03416278958320618,0.0,0.0,0.0,0.0,0.0,0.0,0.0,1.3233332633972168,0.03817829489707947,0.0,0.0,0.0,0.0,0.0,0.0,1.3041666746139526,0.034844957292079926,0.0,0.0,0.0,0.0,0.0,1.2936110496520996,0.03426356613636017,0.0,0.0,0.0,0.0,1.331111192703247,0.040449611842632294,0.0,0.0,0.0,1.2472223043441772,0.04102325439453125,0.0,0.0,1.2836110591888428,0.03931782767176628,6.172839493956417e-05,1.321388840675354,0.04080620035529137,1.148611068725586,0.03778153590180657,0.03354263678193092,1.1223344534466212e-06
P6-R7-QRW,full519,1722273803,2,1.2909441233140655,90.21658324853267,1.5178369283676147,4.4450316866843895,2.3764736652374268,2.3448940269749516,1.3235260248184204,1.1324470043182373,1.0963391136801541,57.279998779296875,3.818666696548462,0.9895000457763672,0.8373333811759949,0.09000000357627869,0.8,0.07707129094412331,3.4,94.6633194068663,74.03272727272727,4.706899166107178,15.36299779212666,0.00735773891210556,0.09826589595375723,1.3063888549804688,0.03354263678193092,0.0,0.0,0.0,0.0,0.0,0.0,0.0,0.0,0.0,0.0,1.2536110877990723,0.040558140724897385,0.0,0.0,0.0,0.0,0.0,0.0,0.0,0.0,0.0,1.2519444227218628,0.038449615240097046,0.0,0.0,0.0,0.0,0.0,0.0,0.0,0.0,1.296388864517212,0.03416278958320618,0.0,0.0,0.0,0.0,0.0,0.0,0.0,1.3233332633972168,0.03817829489707947,0.0,0.0,0.0,0.0,0.0,0.0,1.3041666746139526,0.034844957292079926,0.0,0.0,0.0,0.0,0.0,1.2936110496520996,0.03426356613636017,0.0,0.0,0.0,0.0,1.331111192703247,0.040449611842632294,0.0,0.0,0.0,1.2472223043441772,0.04102325439453125,0.0,0.0,1.2836110591888428,0.03931782767176628,6.172839493956417e-05,1.321388840675354,0.04080620035529137,1.148611068725586,0.03778153590180657,0.03354263678193092,1.1223344534466212e-06
P6-R7-QRW,matched512,1722273803,2,1.30859375,90.9250693662349,1.506585955619812,4.368802461379996,2.4082422256469727,2.376953125,1.340917944908142,1.1474804878234863,1.111328125,57.279998779296875,3.818666696548462,0.9895000457763672,0.8373333811759949,0.09000000357627869,0.8,0.078125,3.4,94.6633194068663,74.03272727272727,4.706899166107178,15.36299779212666,0.007458333391696215,0.099609375,1.3063888549804688,0.03354263678193092,0.0,0.0,0.0,0.0,0.0,0.0,0.0,0.0,0.0,0.0,1.2536110877990723,0.040558140724897385,0.0,0.0,0.0,0.0,0.0,0.0,0.0,0.0,0.0,1.2519444227218628,0.038449615240097046,0.0,0.0,0.0,0.0,0.0,0.0,0.0,0.0,1.296388864517212,0.03416278958320618,0.0,0.0,0.0,0.0,0.0,0.0,0.0,1.3233332633972168,0.03817829489707947,0.0,0.0,0.0,0.0,0.0,0.0,1.3041666746139526,0.034844957292079926,0.0,0.0,0.0,0.0,0.0,1.2936110496520996,0.03426356613636017,0.0,0.0,0.0,0.0,1.331111192703247,0.040449611842632294,0.0,0.0,0.0,1.2472223043441772,0.04102325439453125,0.0,0.0,1.2836110591888428,0.03931782767176628,6.172839493956417e-05,1.321388840675354,0.04080620035529137,1.148611068725586,0.03778153590180657,0.03354263678193092,1.1223344534466212e-06
P6-R7-QRW,full519,1722273803,3,1.2909441233140655,90.52967157745915,1.4735350608825684,4.441641934434938,2.3764736652374268,2.3448940269749516,1.3235260248184204,1.1324470043182373,1.0963391136801541,57.279998779296875,3.818666696548462,0.9895000457763672,0.8373333811759949,0.09000000357627869,0.8,0.07707129094412331,3.4,94.75670219222648,74.261,4.715550899505615,15.409859575413774,0.00735773891210556,0.09826589595375723,1.3063888549804688,0.03354263678193092,0.0,0.0,0.0,0.0,0.0,0.0,0.0,0.0,0.0,0.0,1.2536110877990723,0.040558140724897385,0.0,0.0,0.0,0.0,0.0,0.0,0.0,0.0,0.0,1.2519444227218628,0.038449615240097046,0.0,0.0,0.0,0.0,0.0,0.0,0.0,0.0,1.296388864517212,0.03416278958320618,0.0,0.0,0.0,0.0,0.0,0.0,0.0,1.3233332633972168,0.03817829489707947,0.0,0.0,0.0,0.0,0.0,0.0,1.3041666746139526,0.034844957292079926,0.0,0.0,0.0,0.0,0.0,1.2936110496520996,0.03426356613636017,0.0,0.0,0.0,0.0,1.331111192703247,0.040449611842632294,0.0,0.0,0.0,1.2472223043441772,0.04102325439453125,0.0,0.0,1.2836110591888428,0.03931782767176628,6.172839493956417e-05,1.321388840675354,0.04080620035529137,1.148611068725586,0.03778153590180657,0.03354263678193092,1.1223344534466212e-06
P6-R7-QRW,matched512,1722273803,3,1.30859375,91.21908735020405,1.4625914096832275,4.364308762443757,2.4082422256469727,2.376953125,1.340917944908142,1.1474804878234863,1.111328125,57.279998779296875,3.818666696548462,0.9895000457763672,0.8373333811759949,0.09000000357627869,0.8,0.078125,3.4,94.75670219222648,74.261,4.715550899505615,15.409859575413774,0.007458333391696215,0.099609375,1.3063888549804688,0.03354263678193092,0.0,0.0,0.0,0.0,0.0,0.0,0.0,0.0,0.0,0.0,1.2536110877990723,0.040558140724897385,0.0,0.0,0.0,0.0,0.0,0.0,0.0,0.0,0.0,1.2519444227218628,0.038449615240097046,0.0,0.0,0.0,0.0,0.0,0.0,0.0,0.0,1.296388864517212,0.03416278958320618,0.0,0.0,0.0,0.0,0.0,0.0,0.0,1.3233332633972168,0.03817829489707947,0.0,0.0,0.0,0.0,0.0,0.0,1.3041666746139526,0.034844957292079926,0.0,0.0,0.0,0.0,0.0,1.2936110496520996,0.03426356613636017,0.0,0.0,0.0,0.0,1.331111192703247,0.040449611842632294,0.0,0.0,0.0,1.2472223043441772,0.04102325439453125,0.0,0.0,1.2836110591888428,0.03931782767176628,6.172839493956417e-05,1.321388840675354,0.04080620035529137,1.148611068725586,0.03778153590180657,0.03354263678193092,1.1223344534466212e-06
P6-R7-QRW,full519,1722273803,4,1.2909441233140655,90.13009132961878,1.5376081466674805,4.41654012117134,2.3764736652374268,2.3448940269749516,1.3235260248184204,1.1324470043182373,1.0963391136801541,57.279998779296875,3.818666696548462,0.9895000457763672,0.8373333811759949,0.09000000357627869,0.8,0.07707129094412331,3.4,94.52403712722463,72.54400000000001,4.8194990158081055,15.246367090263174,0.00735773891210556,0.09826589595375723,1.3063888549804688,0.03354263678193092,0.0,0.0,0.0,0.0,0.0,0.0,0.0,0.0,0.0,0.0,1.2536110877990723,0.040558140724897385,0.0,0.0,0.0,0.0,0.0,0.0,0.0,0.0,0.0,1.2519444227218628,0.038449615240097046,0.0,0.0,0.0,0.0,0.0,0.0,0.0,0.0,1.296388864517212,0.03416278958320618,0.0,0.0,0.0,0.0,0.0,0.0,0.0,1.3233332633972168,0.03817829489707947,0.0,0.0,0.0,0.0,0.0,0.0,1.3041666746139526,0.034844957292079926,0.0,0.0,0.0,0.0,0.0,1.2936110496520996,0.03426356613636017,0.0,0.0,0.0,0.0,1.331111192703247,0.040449611842632294,0.0,0.0,0.0,1.2472223043441772,0.04102325439453125,0.0,0.0,1.2836110591888428,0.03931782767176628,6.172839493956417e-05,1.321388840675354,0.04080620035529137,1.148611068725586,0.03778153590180657,0.03354263678193092,1.1223344534466212e-06
P6-R7-QRW,matched512,1722273803,4,1.30859375,90.81783090601888,1.5266886949539185,4.340643503679874,2.4082422256469727,2.376953125,1.340917944908142,1.1474804878234863,1.111328125,57.279998779296875,3.818666696548462,0.9895000457763672,0.8373333811759949,0.09000000357627869,0.8,0.078125,3.4,94.52403712722463,72.54400000000001,4.8194990158081055,15.246367090263174,0.007458333391696215,0.099609375,1.3063888549804688,0.03354263678193092,0.0,0.0,0.0,0.0,0.0,0.0,0.0,0.0,0.0,0.0,1.2536110877990723,0.040558140724897385,0.0,0.0,0.0,0.0,0.0,0.0,0.0,0.0,0.0,1.2519444227218628,0.038449615240097046,0.0,0.0,0.0,0.0,0.0,0.0,0.0,0.0,1.296388864517212,0.03416278958320618,0.0,0.0,0.0,0.0,0.0,0.0,0.0,1.3233332633972168,0.03817829489707947,0.0,0.0,0.0,0.0,0.0,0.0,1.3041666746139526,0.034844957292079926,0.0,0.0,0.0,0.0,0.0,1.2936110496520996,0.03426356613636017,0.0,0.0,0.0,0.0,1.331111192703247,0.040449611842632294,0.0,0.0,0.0,1.2472223043441772,0.04102325439453125,0.0,0.0,1.2836110591888428,0.03931782767176628,6.172839493956417e-05,1.321388840675354,0.04080620035529137,1.148611068725586,0.03778153590180657,0.03354263678193092,1.1223344534466212e-06
P5-R6-TWD,full519,535718168,0,1.2870905587668593,91.39029948813763,1.414305329322815,4.481040166270009,2.381560802459717,2.341040462427746,1.3284393548965454,1.1289788484573364,1.0847784200385358,57.05999755859375,3.803999900817871,0.9880000352859497,0.8346666693687439,0.10000000149011612,0.8666666666666667,0.08092485549132948,3.6666666666666665,95.20866747668485,79.46454545454547,4.726296424865723,15.90910893994897,0.0073294793255627155,0.10597302504816955,1.3066667318344116,0.03346511349081993,0.0,0.0,0.0,0.0,0.0,0.0,0.0,0.0,0.0,0.0,1.2536110877990723,0.040674418210983276,0.0,0.0,0.0,0.0,0.0,0.0,0.0,0.0,0.0,1.2547221183776855,0.03841085359454155,0.0,0.0,0.0,0.0,0.0,0.0,0.0,0.0,1.303611159324646,0.033937983214855194,0.0,0.0,0.0,0.0,0.0,0.0,0.0,1.31333327293396,0.035333335399627686,0.0,0.0,0.0,0.0,0.0,0.0,1.2861112356185913,0.03712403029203415,0.0,0.0,0.0,0.0,0.0,1.2950000762939453,0.03441085293889046,0.0,0.0,0.0,0.0,1.3311110734939575,0.04053488373756409,0.0,0.0,0.0,1.2466665506362915,0.04115504026412964,0.0,0.0,1.2827777862548828,0.039635658264160156,6.172839493956417e-05,1.3330556154251099,0.041085273027420044,1.15749990940094,0.03779704022136601,0.03346511349081993,1.1223344534466212e-06
P5-R6-TWD,matched512,535718168,0,1.3046875,92.08826039693813,1.3982020616531372,4.402270265618839,2.4130663871765137,2.373046875,1.3455665111541748,1.1437108516693115,1.099609375,57.05999755859375,3.803999900817871,0.9880000352859497,0.8346666693687439,0.10000000149011612,0.8666666666666667,0.08203125,3.6666666666666665,95.20866747668485,79.46454545454547,4.726296424865723,15.90910893994897,0.0074296873062849045,0.107421875,1.3066667318344116,0.03346511349081993,0.0,0.0,0.0,0.0,0.0,0.0,0.0,0.0,0.0,0.0,1.2536110877990723,0.040674418210983276,0.0,0.0,0.0,0.0,0.0,0.0,0.0,0.0,0.0,1.2547221183776855,0.03841085359454155,0.0,0.0,0.0,0.0,0.0,0.0,0.0,0.0,1.303611159324646,0.033937983214855194,0.0,0.0,0.0,0.0,0.0,0.0,0.0,1.31333327293396,0.035333335399627686,0.0,0.0,0.0,0.0,0.0,0.0,1.2861112356185913,0.03712403029203415,0.0,0.0,0.0,0.0,0.0,1.2950000762939453,0.03441085293889046,0.0,0.0,0.0,0.0,1.3311110734939575,0.04053488373756409,0.0,0.0,0.0,1.2466665506362915,0.04115504026412964,0.0,0.0,1.2827777862548828,0.039635658264160156,6.172839493956417e-05,1.3330556154251099,0.041085273027420044,1.15749990940094,0.03779704022136601,0.03346511349081993,1.1223344534466212e-06
P5-R6-TWD,full519,535718168,1,1.2870905587668593,91.03030410629832,1.4757179021835327,4.430932480065452,2.381560802459717,2.341040462427746,1.3284393548965454,1.1289788484573364,1.0847784200385358,57.05999755859375,3.803999900817871,0.9880000352859497,0.8346666693687439,0.10000000149011612,0.8666666666666667,0.08092485549132948,3.6666666666666665,94.85498169943484,76.183,4.966248989105225,15.855780556429615,0.0073294793255627155,0.10597302504816955,1.3066667318344116,0.03346511349081993,0.0,0.0,0.0,0.0,0.0,0.0,0.0,0.0,0.0,0.0,1.2536110877990723,0.040674418210983276,0.0,0.0,0.0,0.0,0.0,0.0,0.0,0.0,0.0,1.2547221183776855,0.03841085359454155,0.0,0.0,0.0,0.0,0.0,0.0,0.0,0.0,1.303611159324646,0.033937983214855194,0.0,0.0,0.0,0.0,0.0,0.0,0.0,1.31333327293396,0.035333335399627686,0.0,0.0,0.0,0.0,0.0,0.0,1.2861112356185913,0.03712403029203415,0.0,0.0,0.0,0.0,0.0,1.2950000762939453,0.03441085293889046,0.0,0.0,0.0,0.0,1.3311110734939575,0.04053488373756409,0.0,0.0,0.0,1.2466665506362915,0.04115504026412964,0.0,0.0,1.2827777862548828,0.039635658264160156,6.172839493956417e-05,1.3330556154251099,0.041085273027420044,1.15749990940094,0.03779704022136601,0.03346511349081993,1.1223344534466212e-06
P5-R6-TWD,matched512,535718168,1,1.3046875,91.73743120236968,1.4595327377319336,4.353267021467185,2.4130663871765137,2.373046875,1.3455665111541748,1.1437108516693115,1.099609375,57.05999755859375,3.803999900817871,0.9880000352859497,0.8346666693687439,0.10000000149011612,0.8666666666666667,0.08203125,3.6666666666666665,94.85498169943484,76.183,4.966248989105225,15.855780556429615,0.0074296873062849045,0.107421875,1.3066667318344116,0.03346511349081993,0.0,0.0,0.0,0.0,0.0,0.0,0.0,0.0,0.0,0.0,1.2536110877990723,0.040674418210983276,0.0,0.0,0.0,0.0,0.0,0.0,0.0,0.0,0.0,1.2547221183776855,0.03841085359454155,0.0,0.0,0.0,0.0,0.0,0.0,0.0,0.0,1.303611159324646,0.033937983214855194,0.0,0.0,0.0,0.0,0.0,0.0,0.0,1.31333327293396,0.035333335399627686,0.0,0.0,0.0,0.0,0.0,0.0,1.2861112356185913,0.03712403029203415,0.0,0.0,0.0,0.0,0.0,1.2950000762939453,0.03441085293889046,0.0,0.0,0.0,0.0,1.3311110734939575,0.04053488373756409,0.0,0.0,0.0,1.2466665506362915,0.04115504026412964,0.0,0.0,1.2827777862548828,0.039635658264160156,6.172839493956417e-05,1.3330556154251099,0.041085273027420044,1.15749990940094,0.03779704022136601,0.03346511349081993,1.1223344534466212e-06
P5-R6-TWD,full519,535718168,2,1.2870905587668593,91.03385464749337,1.460627794265747,4.422239773241118,2.381560802459717,2.341040462427746,1.3284393548965454,1.1289788484573364,1.0847784200385358,57.05999755859375,3.803999900817871,0.9880000352859497,0.8346666693687439,0.10000000149011612,0.8666666666666667,0.08092485549132948,3.6666666666666665,94.8981730073553,77.12454545454545,4.88020133972168,15.682228201316422,0.0073294793255627155,0.10597302504816955,1.3066667318344116,0.03346511349081993,0.0,0.0,0.0,0.0,0.0,0.0,0.0,0.0,0.0,0.0,1.2536110877990723,0.040674418210983276,0.0,0.0,0.0,0.0,0.0,0.0,0.0,0.0,0.0,1.2547221183776855,0.03841085359454155,0.0,0.0,0.0,0.0,0.0,0.0,0.0,0.0,1.303611159324646,0.033937983214855194,0.0,0.0,0.0,0.0,0.0,0.0,0.0,1.31333327293396,0.035333335399627686,0.0,0.0,0.0,0.0,0.0,0.0,1.2861112356185913,0.03712403029203415,0.0,0.0,0.0,0.0,0.0,1.2950000762939453,0.03441085293889046,0.0,0.0,0.0,0.0,1.3311110734939575,0.04053488373756409,0.0,0.0,0.0,1.2466665506362915,0.04115504026412964,0.0,0.0,1.2827777862548828,0.039635658264160156,6.172839493956417e-05,1.3330556154251099,0.041085273027420044,1.15749990940094,0.03779704022136601,0.03346511349081993,1.1223344534466212e-06
P5-R6-TWD,matched512,535718168,2,1.3046875,91.73359159254373,1.4443113803863525,4.341746685217668,2.4130663871765137,2.373046875,1.3455665111541748,1.1437108516693115,1.099609375,57.05999755859375,3.803999900817871,0.9880000352859497,0.8346666693687439,0.10000000149011612,0.8666666666666667,0.08203125,3.6666666666666665,94.8981730073553,77.12454545454545,4.88020133972168,15.682228201316422,0.0074296873062849045,0.107421875,1.3066667318344116,0.03346511349081993,0.0,0.0,0.0,0.0,0.0,0.0,0.0,0.0,0.0,0.0,1.2536110877990723,0.040674418210983276,0.0,0.0,0.0,0.0,0.0,0.0,0.0,0.0,0.0,1.2547221183776855,0.03841085359454155,0.0,0.0,0.0,0.0,0.0,0.0,0.0,0.0,1.303611159324646,0.033937983214855194,0.0,0.0,0.0,0.0,0.0,0.0,0.0,1.31333327293396,0.035333335399627686,0.0,0.0,0.0,0.0,0.0,0.0,1.2861112356185913,0.03712403029203415,0.0,0.0,0.0,0.0,0.0,1.2950000762939453,0.03441085293889046,0.0,0.0,0.0,0.0,1.3311110734939575,0.04053488373756409,0.0,0.0,0.0,1.2466665506362915,0.04115504026412964,0.0,0.0,1.2827777862548828,0.039635658264160156,6.172839493956417e-05,1.3330556154251099,0.041085273027420044,1.15749990940094,0.03779704022136601,0.03346511349081993,1.1223344534466212e-06
P5-R6-TWD,full519,535718168,3,1.2870905587668593,91.0919388524663,1.4763133525848389,4.44618449790213,2.381560802459717,2.341040462427746,1.3284393548965454,1.1289788484573364,1.0847784200385358,57.05999755859375,3.803999900817871,0.9880000352859497,0.8346666693687439,0.10000000149011612,0.8666666666666667,0.08092485549132948,3.6666666666666665,94.97897921593582,77.301,4.92584753036499,15.885801106421479,0.0073294793255627155,0.10597302504816955,1.3066667318344116,0.03346511349081993,0.0,0.0,0.0,0.0,0.0,0.0,0.0,0.0,0.0,0.0,1.2536110877990723,0.040674418210983276,0.0,0.0,0.0,0.0,0.0,0.0,0.0,0.0,0.0,1.2547221183776855,0.03841085359454155,0.0,0.0,0.0,0.0,0.0,0.0,0.0,0.0,1.303611159324646,0.033937983214855194,0.0,0.0,0.0,0.0,0.0,0.0,0.0,1.31333327293396,0.035333335399627686,0.0,0.0,0.0,0.0,0.0,0.0,1.2861112356185913,0.03712403029203415,0.0,0.0,0.0,0.0,0.0,1.2950000762939453,0.03441085293889046,0.0,0.0,0.0,0.0,1.3311110734939575,0.04053488373756409,0.0,0.0,0.0,1.2466665506362915,0.04115504026412964,0.0,0.0,1.2827777862548828,0.039635658264160156,6.172839493956417e-05,1.3330556154251099,0.041085273027420044,1.15749990940094,0.03779704022136601,0.03346511349081993,1.1223344534466212e-06
P5-R6-TWD,matched512,535718168,3,1.3046875,91.78475445371686,1.460573434829712,4.36587175160491,2.4130663871765137,2.373046875,1.3455665111541748,1.1437108516693115,1.099609375,57.05999755859375,3.803999900817871,0.9880000352859497,0.8346666693687439,0.10000000149011612,0.8666666666666667,0.08203125,3.6666666666666665,94.97897921593582,77.301,4.92584753036499,15.885801106421479,0.0074296873062849045,0.107421875,1.3066667318344116,0.03346511349081993,0.0,0.0,0.0,0.0,0.0,0.0,0.0,0.0,0.0,0.0,1.2536110877990723,0.040674418210983276,0.0,0.0,0.0,0.0,0.0,0.0,0.0,0.0,0.0,1.2547221183776855,0.03841085359454155,0.0,0.0,0.0,0.0,0.0,0.0,0.0,0.0,1.303611159324646,0.033937983214855194,0.0,0.0,0.0,0.0,0.0,0.0,0.0,1.31333327293396,0.035333335399627686,0.0,0.0,0.0,0.0,0.0,0.0,1.2861112356185913,0.03712403029203415,0.0,0.0,0.0,0.0,0.0,1.2950000762939453,0.03441085293889046,0.0,0.0,0.0,0.0,1.3311110734939575,0.04053488373756409,0.0,0.0,0.0,1.2466665506362915,0.04115504026412964,0.0,0.0,1.2827777862548828,0.039635658264160156,6.172839493956417e-05,1.3330556154251099,0.041085273027420044,1.15749990940094,0.03779704022136601,0.03346511349081993,1.1223344534466212e-06
P5-R6-TWD,full519,535718168,4,1.2870905587668593,90.97603795524749,1.4967371225357056,4.45168493766385,2.381560802459717,2.341040462427746,1.3284393548965454,1.1289788484573364,1.0847784200385358,57.05999755859375,3.803999900817871,0.9880000352859497,0.8346666693687439,0.10000000149011612,0.8666666666666667,0.08092485549132948,3.6666666666666665,94.85024660209903,77.06636363636363,5.010632038116455,15.756199374624227,0.0073294793255627155,0.10597302504816955,1.3066667318344116,0.03346511349081993,0.0,0.0,0.0,0.0,0.0,0.0,0.0,0.0,0.0,0.0,1.2536110877990723,0.040674418210983276,0.0,0.0,0.0,0.0,0.0,0.0,0.0,0.0,0.0,1.2547221183776855,0.03841085359454155,0.0,0.0,0.0,0.0,0.0,0.0,0.0,0.0,1.303611159324646,0.033937983214855194,0.0,0.0,0.0,0.0,0.0,0.0,0.0,1.31333327293396,0.035333335399627686,0.0,0.0,0.0,0.0,0.0,0.0,1.2861112356185913,0.03712403029203415,0.0,0.0,0.0,0.0,0.0,1.2950000762939453,0.03441085293889046,0.0,0.0,0.0,0.0,1.3311110734939575,0.04053488373756409,0.0,0.0,0.0,1.2466665506362915,0.04115504026412964,0.0,0.0,1.2827777862548828,0.039635658264160156,6.172839493956417e-05,1.3330556154251099,0.041085273027420044,1.15749990940094,0.03779704022136601,0.03346511349081993,1.1223344534466212e-06
P5-R6-TWD,matched512,535718168,4,1.3046875,91.66742398383951,1.4807244539260864,4.372053246940084,2.4130663871765137,2.373046875,1.3455665111541748,1.1437108516693115,1.099609375,57.05999755859375,3.803999900817871,0.9880000352859497,0.8346666693687439,0.10000000149011612,0.8666666666666667,0.08203125,3.6666666666666665,94.85024660209903,77.06636363636363,5.010632038116455,15.756199374624227,0.0074296873062849045,0.107421875,1.3066667318344116,0.03346511349081993,0.0,0.0,0.0,0.0,0.0,0.0,0.0,0.0,0.0,0.0,1.2536110877990723,0.040674418210983276,0.0,0.0,0.0,0.0,0.0,0.0,0.0,0.0,0.0,1.2547221183776855,0.03841085359454155,0.0,0.0,0.0,0.0,0.0,0.0,0.0,0.0,1.303611159324646,0.033937983214855194,0.0,0.0,0.0,0.0,0.0,0.0,0.0,1.31333327293396,0.035333335399627686,0.0,0.0,0.0,0.0,0.0,0.0,1.2861112356185913,0.03712403029203415,0.0,0.0,0.0,0.0,0.0,1.2950000762939453,0.03441085293889046,0.0,0.0,0.0,0.0,1.3311110734939575,0.04053488373756409,0.0,0.0,0.0,1.2466665506362915,0.04115504026412964,0.0,0.0,1.2827777862548828,0.039635658264160156,6.172839493956417e-05,1.3330556154251099,0.041085273027420044,1.15749990940094,0.03779704022136601,0.03346511349081993,1.1223344534466212e-06
P5-R6-SWD,full519,58705571,0,1.302504816955684,91.26472131582825,1.4565187692642212,4.297450242564208,2.3857033252716064,2.3545279383429674,1.3320231437683105,1.1326011419296265,1.1021194605009634,55.47999572753906,3.6986663341522217,0.987500011920929,0.8393333554267883,0.10000000149011612,0.8,0.07514450867052024,3.3333333333333335,95.03317539649136,76.994,4.724412441253662,14.441303436776051,0.007126525044441223,0.09633911368015415,1.3075000047683716,0.03372092917561531,0.0,0.0,0.0,0.0,0.0,0.0,0.0,0.0,0.0,0.0,1.2552778720855713,0.04084496200084686,0.0,0.0,0.0,0.0,0.0,0.0,0.0,0.0,0.0,1.2561111450195312,0.03830232471227646,0.0,0.0,0.0,0.0,0.0,0.0,0.0,0.0,1.296388864517212,0.03402325510978699,0.0,0.0,0.0,0.0,0.0,0.0,0.0,1.3166667222976685,0.03703100606799126,0.0,0.0,0.0,0.0,0.0,0.0,1.2897223234176636,0.03700775280594826,0.0,0.0,0.0,0.0,0.0,1.2941666841506958,0.03441085293889046,0.0,0.0,0.0,0.0,1.331944465637207,0.04045736789703369,0.0,0.0,0.0,1.2447221279144287,0.041046515107154846,0.0,0.0,1.281388759613037,0.039503876119852066,6.944444612599909e-05,1.331111192703247,0.041100773960351944,1.1594443321228027,0.03794996508143165,0.03372092917561531,1.2626262931999836e-06
P5-R6-SWD,matched512,58705571,0,1.3203125,91.9531809698548,1.441050410270691,4.223601993295417,2.417304754257202,2.38671875,1.3492381572723389,1.1474024057388306,1.1171875,55.47999954223633,3.698666572570801,0.987500011920929,0.8393333554267883,0.10000000149011612,0.8,0.076171875,3.3333333333333335,95.03317539649136,76.994,4.724412441253662,14.441303436776051,0.007223958149552345,0.09765625,1.3075000047683716,0.03372092917561531,0.0,0.0,0.0,0.0,0.0,0.0,0.0,0.0,0.0,0.0,1.2552778720855713,0.04084496200084686,0.0,0.0,0.0,0.0,0.0,0.0,0.0,0.0,0.0,1.2561111450195312,0.03830232471227646,0.0,0.0,0.0,0.0,0.0,0.0,0.0,0.0,1.296388864517212,0.03402325510978699,0.0,0.0,0.0,0.0,0.0,0.0,0.0,1.3166667222976685,0.03703100606799126,0.0,0.0,0.0,0.0,0.0,0.0,1.2897223234176636,0.03700775280594826,0.0,0.0,0.0,0.0,0.0,1.2941666841506958,0.03441085293889046,0.0,0.0,0.0,0.0,1.331944465637207,0.04045736789703369,0.0,0.0,0.0,1.2447221279144287,0.041046515107154846,0.0,0.0,1.281388759613037,0.039503876119852066,6.944444612599909e-05,1.331111192703247,0.041100773960351944,1.1594443321228027,0.03794996508143165,0.03372092917561531,1.2626262931999836e-06
P5-R6-SWD,full519,58705571,1,1.302504816955684,91.28571910336505,1.4614570140838623,4.312564408162906,2.3857033252716064,2.3545279383429674,1.3320231437683105,1.1326011419296265,1.1021194605009634,55.47999572753906,3.6986663341522217,0.987500011920929,0.8393333554267883,0.10000000149011612,0.8,0.07514450867052024,3.3333333333333335,95.03361280212842,76.94500000000001,4.776158332824707,14.846897452847639,0.007126525044441223,0.09633911368015415,1.3075000047683716,0.03372092917561531,0.0,0.0,0.0,0.0,0.0,0.0,0.0,0.0,0.0,0.0,1.2552778720855713,0.04084496200084686,0.0,0.0,0.0,0.0,0.0,0.0,0.0,0.0,0.0,1.2561111450195312,0.03830232471227646,0.0,0.0,0.0,0.0,0.0,0.0,0.0,0.0,1.296388864517212,0.03402325510978699,0.0,0.0,0.0,0.0,0.0,0.0,0.0,1.3166667222976685,0.03703100606799126,0.0,0.0,0.0,0.0,0.0,0.0,1.2897223234176636,0.03700775280594826,0.0,0.0,0.0,0.0,0.0,1.2941666841506958,0.03441085293889046,0.0,0.0,0.0,0.0,1.331944465637207,0.04045736789703369,0.0,0.0,0.0,1.2447221279144287,0.041046515107154846,0.0,0.0,1.281388759613037,0.039503876119852066,6.944444612599909e-05,1.331111192703247,0.041100773960351944,1.1594443321228027,0.03794996508143165,0.03372092917561531,1.2626262931999836e-06
P5-R6-SWD,matched512,58705571,1,1.3203125,91.9805408303177,1.4459229707717896,4.236129193218085,2.417304754257202,2.38671875,1.3492381572723389,1.1474024057388306,1.1171875,55.47999954223633,3.698666572570801,0.987500011920929,0.8393333554267883,0.10000000149011612,0.8,0.076171875,3.3333333333333335,95.03361280212842,76.94500000000001,4.776158332824707,14.846897452847639,0.007223958149552345,0.09765625,1.3075000047683716,0.03372092917561531,0.0,0.0,0.0,0.0,0.0,0.0,0.0,0.0,0.0,0.0,1.2552778720855713,0.04084496200084686,0.0,0.0,0.0,0.0,0.0,0.0,0.0,0.0,0.0,1.2561111450195312,0.03830232471227646,0.0,0.0,0.0,0.0,0.0,0.0,0.0,0.0,1.296388864517212,0.03402325510978699,0.0,0.0,0.0,0.0,0.0,0.0,0.0,1.3166667222976685,0.03703100606799126,0.0,0.0,0.0,0.0,0.0,0.0,1.2897223234176636,0.03700775280594826,0.0,0.0,0.0,0.0,0.0,1.2941666841506958,0.03441085293889046,0.0,0.0,0.0,0.0,1.331944465637207,0.04045736789703369,0.0,0.0,0.0,1.2447221279144287,0.041046515107154846,0.0,0.0,1.281388759613037,0.039503876119852066,6.944444612599909e-05,1.331111192703247,0.041100773960351944,1.1594443321228027,0.03794996508143165,0.03372092917561531,1.2626262931999836e-06
P5-R6-SWD,full519,58705571,2,1.302504816955684,91.45666850100231,1.4514877796173096,4.307040013520086,2.3857033252716064,2.3545279383429674,1.3320231437683105,1.1326011419296265,1.1021194605009634,55.47999572753906,3.6986663341522217,0.987500011920929,0.8393333554267883,0.10000000149011612,0.8,0.07514450867052024,3.3333333333333335,95.11676683501683,78.16727272727273,4.7668890953063965,15.006976263013282,0.007126525044441223,0.09633911368015415,1.3075000047683716,0.03372092917561531,0.0,0.0,0.0,0.0,0.0,0.0,0.0,0.0,0.0,0.0,1.2552778720855713,0.04084496200084686,0.0,0.0,0.0,0.0,0.0,0.0,0.0,0.0,0.0,1.2561111450195312,0.03830232471227646,0.0,0.0,0.0,0.0,0.0,0.0,0.0,0.0,1.296388864517212,0.03402325510978699,0.0,0.0,0.0,0.0,0.0,0.0,0.0,1.3166667222976685,0.03703100606799126,0.0,0.0,0.0,0.0,0.0,0.0,1.2897223234176636,0.03700775280594826,0.0,0.0,0.0,0.0,0.0,1.2941666841506958,0.03441085293889046,0.0,0.0,0.0,0.0,1.331944465637207,0.04045736789703369,0.0,0.0,0.0,1.2447221279144287,0.041046515107154846,0.0,0.0,1.281388759613037,0.039503876119852066,6.944444612599909e-05,1.331111192703247,0.041100773960351944,1.1594443321228027,0.03794996508143165,0.03372092917561531,1.2626262931999836e-06
P5-R6-SWD,matched512,58705571,2,1.3203125,92.16081178624978,1.4358471632003784,4.231185444845493,2.417304754257202,2.38671875,1.3492381572723389,1.1474024057388306,1.1171875,55.47999954223633,3.698666572570801,0.987500011920929,0.8393333554267883,0.10000000149011612,0.8,0.076171875,3.3333333333333335,95.11676683501683,78.16727272727273,4.7668890953063965,15.006976263013282,0.007223958149552345,0.09765625,1.3075000047683716,0.03372092917561531,0.0,0.0,0.0,0.0,0.0,0.0,0.0,0.0,0.0,0.0,1.2552778720855713,0.04084496200084686,0.0,0.0,0.0,0.0,0.0,0.0,0.0,0.0,0.0,1.2561111450195312,0.03830232471227646,0.0,0.0,0.0,0.0,0.0,0.0,0.0,0.0,1.296388864517212,0.03402325510978699,0.0,0.0,0.0,0.0,0.0,0.0,0.0,1.3166667222976685,0.03703100606799126,0.0,0.0,0.0,0.0,0.0,0.0,1.2897223234176636,0.03700775280594826,0.0,0.0,0.0,0.0,0.0,1.2941666841506958,0.03441085293889046,0.0,0.0,0.0,0.0,1.331944465637207,0.04045736789703369,0.0,0.0,0.0,1.2447221279144287,0.041046515107154846,0.0,0.0,1.281388759613037,0.039503876119852066,6.944444612599909e-05,1.331111192703247,0.041100773960351944,1.1594443321228027,0.03794996508143165,0.03372092917561531,1.2626262931999836e-06
P5-R6-SWD,full519,58705571,3,1.302504816955684,91.06376686073507,1.4951658248901367,4.405966291724128,2.3857033252716064,2.3545279383429674,1.3320231437683105,1.1326011419296265,1.1021194605009634,55.47999572753906,3.6986663341522217,0.987500011920929,0.8393333554267883,0.10000000149011612,0.8,0.07514450867052024,3.3333333333333335,94.85368048373951,76.55818181818182,4.895227909088135,15.591128854563307,0.007126525044441223,0.09633911368015415,1.3075000047683716,0.03372092917561531,0.0,0.0,0.0,0.0,0.0,0.0,0.0,0.0,0.0,0.0,1.2552778720855713,0.04084496200084686,0.0,0.0,0.0,0.0,0.0,0.0,0.0,0.0,0.0,1.2561111450195312,0.03830232471227646,0.0,0.0,0.0,0.0,0.0,0.0,0.0,0.0,1.296388864517212,0.03402325510978699,0.0,0.0,0.0,0.0,0.0,0.0,0.0,1.3166667222976685,0.03703100606799126,0.0,0.0,0.0,0.0,0.0,0.0,1.2897223234176636,0.03700775280594826,0.0,0.0,0.0,0.0,0.0,1.2941666841506958,0.03441085293889046,0.0,0.0,0.0,0.0,1.331944465637207,0.04045736789703369,0.0,0.0,0.0,1.2447221279144287,0.041046515107154846,0.0,0.0,1.281388759613037,0.039503876119852066,6.944444612599909e-05,1.331111192703247,0.041100773960351944,1.1594443321228027,0.03794996508143165,0.03372092917561531,1.2626262931999836e-06
P5-R6-SWD,matched512,58705571,3,1.3203125,91.7684985753179,1.4791275262832642,4.326741629770792,2.417304754257202,2.38671875,1.3492381572723389,1.1474024057388306,1.1171875,55.47999954223633,3.698666572570801,0.987500011920929,0.8393333554267883,0.10000000149011612,0.8,0.076171875,3.3333333333333335,94.85368048373951,76.55818181818182,4.895227909088135,15.591128854563307,0.007223958149552345,0.09765625,1.3075000047683716,0.03372092917561531,0.0,0.0,0.0,0.0,0.0,0.0,0.0,0.0,0.0,0.0,1.2552778720855713,0.04084496200084686,0.0,0.0,0.0,0.0,0.0,0.0,0.0,0.0,0.0,1.2561111450195312,0.03830232471227646,0.0,0.0,0.0,0.0,0.0,0.0,0.0,0.0,1.296388864517212,0.03402325510978699,0.0,0.0,0.0,0.0,0.0,0.0,0.0,1.3166667222976685,0.03703100606799126,0.0,0.0,0.0,0.0,0.0,0.0,1.2897223234176636,0.03700775280594826,0.0,0.0,0.0,0.0,0.0,1.2941666841506958,0.03441085293889046,0.0,0.0,0.0,0.0,1.331944465637207,0.04045736789703369,0.0,0.0,0.0,1.2447221279144287,0.041046515107154846,0.0,0.0,1.281388759613037,0.039503876119852066,6.944444612599909e-05,1.331111192703247,0.041100773960351944,1.1594443321228027,0.03794996508143165,0.03372092917561531,1.2626262931999836e-06
P5-R6-SWD,full519,58705571,4,1.302504816955684,91.06077682411785,1.5140042304992676,4.342445212292951,2.3857033252716064,2.3545279383429674,1.3320231437683105,1.1326011419296265,1.1021194605009634,55.47999572753906,3.6986663341522217,0.987500011920929,0.8393333554267883,0.10000000149011612,0.8,0.07514450867052024,3.3333333333333335,94.95981085491157,77.46272727272728,4.8774285316467285,15.26655279073805,0.007126525044441223,0.09633911368015415,1.3075000047683716,0.03372092917561531,0.0,0.0,0.0,0.0,0.0,0.0,0.0,0.0,0.0,0.0,1.2552778720855713,0.04084496200084686,0.0,0.0,0.0,0.0,0.0,0.0,0.0,0.0,0.0,1.2561111450195312,0.03830232471227646,0.0,0.0,0.0,0.0,0.0,0.0,0.0,0.0,1.296388864517212,0.03402325510978699,0.0,0.0,0.0,0.0,0.0,0.0,0.0,1.3166667222976685,0.03703100606799126,0.0,0.0,0.0,0.0,0.0,0.0,1.2897223234176636,0.03700775280594826,0.0,0.0,0.0,0.0,0.0,1.2941666841506958,0.03441085293889046,0.0,0.0,0.0,0.0,1.331944465637207,0.04045736789703369,0.0,0.0,0.0,1.2447221279144287,0.041046515107154846,0.0,0.0,1.281388759613037,0.039503876119852066,6.944444612599909e-05,1.331111192703247,0.041100773960351944,1.1594443321228027,0.03794996508143165,0.03372092917561531,1.2626262931999836e-06
P5-R6-SWD,matched512,58705571,4,1.3203125,91.76082596472537,1.498598337173462,4.2608695859767725,2.417304754257202,2.38671875,1.3492381572723389,1.1474024057388306,1.1171875,55.47999954223633,3.698666572570801,0.987500011920929,0.8393333554267883,0.10000000149011612,0.8,0.076171875,3.3333333333333335,94.95981085491157,77.46272727272728,4.8774285316467285,15.26655279073805,0.007223958149552345,0.09765625,1.3075000047683716,0.03372092917561531,0.0,0.0,0.0,0.0,0.0,0.0,0.0,0.0,0.0,0.0,1.2552778720855713,0.04084496200084686,0.0,0.0,0.0,0.0,0.0,0.0,0.0,0.0,0.0,1.2561111450195312,0.03830232471227646,0.0,0.0,0.0,0.0,0.0,0.0,0.0,0.0,1.296388864517212,0.03402325510978699,0.0,0.0,0.0,0.0,0.0,0.0,0.0,1.3166667222976685,0.03703100606799126,0.0,0.0,0.0,0.0,0.0,0.0,1.2897223234176636,0.03700775280594826,0.0,0.0,0.0,0.0,0.0,1.2941666841506958,0.03441085293889046,0.0,0.0,0.0,0.0,1.331944465637207,0.04045736789703369,0.0,0.0,0.0,1.2447221279144287,0.041046515107154846,0.0,0.0,1.281388759613037,0.039503876119852066,6.944444612599909e-05,1.331111192703247,0.041100773960351944,1.1594443321228027,0.03794996508143165,0.03372092917561531,1.2626262931999836e-06
P5-R6-FWD,full519,1429673009,0,1.30635838150289,91.19303254885769,1.4286388158798218,4.412858586232866,2.3831984996795654,2.3583815028901736,1.330346703529358,1.132100224494934,1.1059730250481696,54.73999786376953,3.6493332386016846,0.9890000224113464,0.8259999752044678,0.09000000357627869,0.8,0.07514450867052024,3.3333333333333335,95.15131306951793,77.52909090909091,4.690171241760254,15.188435374126586,0.007031470537185669,0.09633911368015415,1.304444432258606,0.03372092917561531,0.0,0.0,0.0,0.0,0.0,0.0,0.0,0.0,0.0,0.0,1.2569444179534912,0.04072868451476097,0.0,0.0,0.0,0.0,0.0,0.0,0.0,0.0,0.0,1.2552777528762817,0.038736432790756226,0.0,0.0,0.0,0.0,0.0,0.0,0.0,0.0,1.296388864517212,0.0338682197034359,0.0,0.0,0.0,0.0,0.0,0.0,0.0,1.3102777004241943,0.036116279661655426,0.0,0.0,0.0,0.0,0.0,0.0,1.2952779531478882,0.037178292870521545,0.0,0.0,0.0,0.0,0.0,1.2950000762939453,0.03439534828066826,0.0,0.0,0.0,0.0,1.3330556154251099,0.04059689864516258,0.0,0.0,0.0,1.2461111545562744,0.04111627861857414,0.0,0.0,1.2838889360427856,0.039627909660339355,7.716049731243402e-05,1.3280556201934814,0.04131007939577103,1.15666663646698,0.03794503211975098,0.03372092917561531,1.4029181329533458e-06
P5-R6-FWD,matched512,1429673009,0,1.32421875,91.87261332000247,1.4183745384216309,4.333793981614239,2.415097713470459,2.390625,1.3478710651397705,1.1471483707427979,1.12109375,54.73999786376953,3.6493332386016846,0.9890000224113464,0.8259999752044678,0.09000000357627869,0.8,0.076171875,3.3333333333333335,95.15131306951793,77.52909090909091,4.690171241760254,15.188435374126586,0.007127603981643915,0.09765625,1.304444432258606,0.03372092917561531,0.0,0.0,0.0,0.0,0.0,0.0,0.0,0.0,0.0,0.0,1.2569444179534912,0.04072868451476097,0.0,0.0,0.0,0.0,0.0,0.0,0.0,0.0,0.0,1.2552777528762817,0.038736432790756226,0.0,0.0,0.0,0.0,0.0,0.0,0.0,0.0,1.296388864517212,0.0338682197034359,0.0,0.0,0.0,0.0,0.0,0.0,0.0,1.3102777004241943,0.036116279661655426,0.0,0.0,0.0,0.0,0.0,0.0,1.2952779531478882,0.037178292870521545,0.0,0.0,0.0,0.0,0.0,1.2950000762939453,0.03439534828066826,0.0,0.0,0.0,0.0,1.3330556154251099,0.04059689864516258,0.0,0.0,0.0,1.2461111545562744,0.04111627861857414,0.0,0.0,1.2838889360427856,0.039627909660339355,7.716049731243402e-05,1.3280556201934814,0.04131007939577103,1.15666663646698,0.03794503211975098,0.03372092917561531,1.4029181329533458e-06
P5-R6-FWD,full519,1429673009,1,1.30635838150289,91.11482731665679,1.4256398677825928,4.419952508306387,2.3831984996795654,2.3583815028901736,1.330346703529358,1.132100224494934,1.1059730250481696,54.73999786376953,3.6493332386016846,0.9890000224113464,0.8259999752044678,0.09000000357627869,0.8,0.07514450867052024,3.3333333333333335,95.13797510237961,76.18100000000001,4.6862077713012695,15.443318362540756,0.007031470537185669,0.09633911368015415,1.304444432258606,0.03372092917561531,0.0,0.0,0.0,0.0,0.0,0.0,0.0,0.0,0.0,0.0,1.2569444179534912,0.04072868451476097,0.0,0.0,0.0,0.0,0.0,0.0,0.0,0.0,0.0,1.2552777528762817,0.038736432790756226,0.0,0.0,0.0,0.0,0.0,0.0,0.0,0.0,1.296388864517212,0.0338682197034359,0.0,0.0,0.0,0.0,0.0,0.0,0.0,1.3102777004241943,0.036116279661655426,0.0,0.0,0.0,0.0,0.0,0.0,1.2952779531478882,0.037178292870521545,0.0,0.0,0.0,0.0,0.0,1.2950000762939453,0.03439534828066826,0.0,0.0,0.0,0.0,1.3330556154251099,0.04059689864516258,0.0,0.0,0.0,1.2461111545562744,0.04111627861857414,0.0,0.0,1.2838889360427856,0.039627909660339355,7.716049731243402e-05,1.3280556201934814,0.04131007939577103,1.15666663646698,0.03794503211975098,0.03372092917561531,1.4029181329533458e-06
P5-R6-FWD,matched512,1429673009,1,1.32421875,91.79698478648088,1.4154924154281616,4.342319081944034,2.415097713470459,2.390625,1.3478710651397705,1.1471483707427979,1.12109375,54.73999786376953,3.6493332386016846,0.9890000224113464,0.8259999752044678,0.09000000357627869,0.8,0.076171875,3.3333333333333335,95.13797510237961,76.18100000000001,4.6862077713012695,15.443318362540756,0.007127603981643915,0.09765625,1.304444432258606,0.03372092917561531,0.0,0.0,0.0,0.0,0.0,0.0,0.0,0.0,0.0,0.0,1.2569444179534912,0.04072868451476097,0.0,0.0,0.0,0.0,0.0,0.0,0.0,0.0,0.0,1.2552777528762817,0.038736432790756226,0.0,0.0,0.0,0.0,0.0,0.0,0.0,0.0,1.296388864517212,0.0338682197034359,0.0,0.0,0.0,0.0,0.0,0.0,0.0,1.3102777004241943,0.036116279661655426,0.0,0.0,0.0,0.0,0.0,0.0,1.2952779531478882,0.037178292870521545,0.0,0.0,0.0,0.0,0.0,1.2950000762939453,0.03439534828066826,0.0,0.0,0.0,0.0,1.3330556154251099,0.04059689864516258,0.0,0.0,0.0,1.2461111545562744,0.04111627861857414,0.0,0.0,1.2838889360427856,0.039627909660339355,7.716049731243402e-05,1.3280556201934814,0.04131007939577103,1.15666663646698,0.03794503211975098,0.03372092917561531,1.4029181329533458e-06
P5-R6-FWD,full519,1429673009,2,1.30635838150289,91.27461081778424,1.4176944494247437,4.422874803284822,2.3831984996795654,2.3583815028901736,1.330346703529358,1.132100224494934,1.1059730250481696,54.73999786376953,3.6493332386016846,0.9890000224113464,0.8259999752044678,0.09000000357627869,0.8,0.07514450867052024,3.3333333333333335,95.32207506697263,77.64272727272727,4.567590236663818,15.650370379124004,0.007031470537185669,0.09633911368015415,1.304444432258606,0.03372092917561531,0.0,0.0,0.0,0.0,0.0,0.0,0.0,0.0,0.0,0.0,1.2569444179534912,0.04072868451476097,0.0,0.0,0.0,0.0,0.0,0.0,0.0,0.0,0.0,1.2552777528762817,0.038736432790756226,0.0,0.0,0.0,0.0,0.0,0.0,0.0,0.0,1.296388864517212,0.0338682197034359,0.0,0.0,0.0,0.0,0.0,0.0,0.0,1.3102777004241943,0.036116279661655426,0.0,0.0,0.0,0.0,0.0,0.0,1.2952779531478882,0.037178292870521545,0.0,0.0,0.0,0.0,0.0,1.2950000762939453,0.03439534828066826,0.0,0.0,0.0,0.0,1.3330556154251099,0.04059689864516258,0.0,0.0,0.0,1.2461111545562744,0.04111627861857414,0.0,0.0,1.2838889360427856,0.039627909660339355,7.716049731243402e-05,1.3280556201934814,0.04131007939577103,1.15666663646698,0.03794503211975098,0.03372092917561531,1.4029181329533458e-06
P5-R6-FWD,matched512,1429673009,2,1.32421875,91.95179958485525,1.4074206352233887,4.342344826182787,2.415097713470459,2.390625,1.3478710651397705,1.1471483707427979,1.12109375,54.73999786376953,3.6493332386016846,0.9890000224113464,0.8259999752044678,0.09000000357627869,0.8,0.076171875,3.3333333333333335,95.32207506697263,77.64272727272727,4.567590236663818,15.650370379124004,0.007127603981643915,0.09765625,1.304444432258606,0.03372092917561531,0.0,0.0,0.0,0.0,0.0,0.0,0.0,0.0,0.0,0.0,1.2569444179534912,0.04072868451476097,0.0,0.0,0.0,0.0,0.0,0.0,0.0,0.0,0.0,1.2552777528762817,0.038736432790756226,0.0,0.0,0.0,0.0,0.0,0.0,0.0,0.0,1.296388864517212,0.0338682197034359,0.0,0.0,0.0,0.0,0.0,0.0,0.0,1.3102777004241943,0.036116279661655426,0.0,0.0,0.0,0.0,0.0,0.0,1.2952779531478882,0.037178292870521545,0.0,0.0,0.0,0.0,0.0,1.2950000762939453,0.03439534828066826,0.0,0.0,0.0,0.0,1.3330556154251099,0.04059689864516258,0.0,0.0,0.0,1.2461111545562744,0.04111627861857414,0.0,0.0,1.2838889360427856,0.039627909660339355,7.716049731243402e-05,1.3280556201934814,0.04131007939577103,1.15666663646698,0.03794503211975098,0.03372092917561531,1.4029181329533458e-06
P5-R6-FWD,full519,1429673009,3,1.30635838150289,91.19227521360035,1.4731147289276123,4.453916355021349,2.3831984996795654,2.3583815028901736,1.330346703529358,1.132100224494934,1.1059730250481696,54.73999786376953,3.6493332386016846,0.9890000224113464,0.8259999752044678,0.09000000357627869,0.8,0.07514450867052024,3.3333333333333335,95.10954638063839,77.208,4.84913444519043,15.996217932746262,0.007031470537185669,0.09633911368015415,1.304444432258606,0.03372092917561531,0.0,0.0,0.0,0.0,0.0,0.0,0.0,0.0,0.0,0.0,1.2569444179534912,0.04072868451476097,0.0,0.0,0.0,0.0,0.0,0.0,0.0,0.0,0.0,1.2552777528762817,0.038736432790756226,0.0,0.0,0.0,0.0,0.0,0.0,0.0,0.0,1.296388864517212,0.0338682197034359,0.0,0.0,0.0,0.0,0.0,0.0,0.0,1.3102777004241943,0.036116279661655426,0.0,0.0,0.0,0.0,0.0,0.0,1.2952779531478882,0.037178292870521545,0.0,0.0,0.0,0.0,0.0,1.2950000762939453,0.03439534828066826,0.0,0.0,0.0,0.0,1.3330556154251099,0.04059689864516258,0.0,0.0,0.0,1.2461111545562744,0.04111627861857414,0.0,0.0,1.2838889360427856,0.039627909660339355,7.716049731243402e-05,1.3280556201934814,0.04131007939577103,1.15666663646698,0.03794503211975098,0.03372092917561531,1.4029181329533458e-06
P5-R6-FWD,matched512,1429673009,3,1.32421875,91.86301680800753,1.4628958702087402,4.373764807572658,2.415097713470459,2.390625,1.3478710651397705,1.1471483707427979,1.12109375,54.73999786376953,3.6493332386016846,0.9890000224113464,0.8259999752044678,0.09000000357627869,0.8,0.076171875,3.3333333333333335,95.10954638063839,77.208,4.84913444519043,15.996217932746262,0.007127603981643915,0.09765625,1.304444432258606,0.03372092917561531,0.0,0.0,0.0,0.0,0.0,0.0,0.0,0.0,0.0,0.0,1.2569444179534912,0.04072868451476097,0.0,0.0,0.0,0.0,0.0,0.0,0.0,0.0,0.0,1.2552777528762817,0.038736432790756226,0.0,0.0,0.0,0.0,0.0,0.0,0.0,0.0,1.296388864517212,0.0338682197034359,0.0,0.0,0.0,0.0,0.0,0.0,0.0,1.3102777004241943,0.036116279661655426,0.0,0.0,0.0,0.0,0.0,0.0,1.2952779531478882,0.037178292870521545,0.0,0.0,0.0,0.0,0.0,1.2950000762939453,0.03439534828066826,0.0,0.0,0.0,0.0,1.3330556154251099,0.04059689864516258,0.0,0.0,0.0,1.2461111545562744,0.04111627861857414,0.0,0.0,1.2838889360427856,0.039627909660339355,7.716049731243402e-05,1.3280556201934814,0.04131007939577103,1.15666663646698,0.03794503211975098,0.03372092917561531,1.4029181329533458e-06
P5-R6-FWD,full519,1429673009,4,1.30635838150289,91.18553591655613,1.4411189556121826,4.421886953392809,2.3831984996795654,2.3583815028901736,1.330346703529358,1.132100224494934,1.1059730250481696,54.73999786376953,3.6493332386016846,0.9890000224113464,0.8259999752044678,0.09000000357627869,0.8,0.07514450867052024,3.3333333333333335,95.10377000160334,76.71000000000001,4.707326412200928,15.802262039262043,0.007031470537185669,0.09633911368015415,1.304444432258606,0.03372092917561531,0.0,0.0,0.0,0.0,0.0,0.0,0.0,0.0,0.0,0.0,1.2569444179534912,0.04072868451476097,0.0,0.0,0.0,0.0,0.0,0.0,0.0,0.0,0.0,1.2552777528762817,0.038736432790756226,0.0,0.0,0.0,0.0,0.0,0.0,0.0,0.0,1.296388864517212,0.0338682197034359,0.0,0.0,0.0,0.0,0.0,0.0,0.0,1.3102777004241943,0.036116279661655426,0.0,0.0,0.0,0.0,0.0,0.0,1.2952779531478882,0.037178292870521545,0.0,0.0,0.0,0.0,0.0,1.2950000762939453,0.03439534828066826,0.0,0.0,0.0,0.0,1.3330556154251099,0.04059689864516258,0.0,0.0,0.0,1.2461111545562744,0.04111627861857414,0.0,0.0,1.2838889360427856,0.039627909660339355,7.716049731243402e-05,1.3280556201934814,0.04131007939577103,1.15666663646698,0.03794503211975098,0.03372092917561531,1.4029181329533458e-06
P5-R6-FWD,matched512,1429673009,4,1.32421875,91.84402693649668,1.4309675693511963,4.342714291248777,2.415097713470459,2.390625,1.3478710651397705,1.1471483707427979,1.12109375,54.73999786376953,3.6493332386016846,0.9890000224113464,0.8259999752044678,0.09000000357627869,0.8,0.076171875,3.3333333333333335,95.10377000160334,76.71000000000001,4.707326412200928,15.802262039262043,0.007127603981643915,0.09765625,1.304444432258606,0.03372092917561531,0.0,0.0,0.0,0.0,0.0,0.0,0.0,0.0,0.0,0.0,1.2569444179534912,0.04072868451476097,0.0,0.0,0.0,0.0,0.0,0.0,0.0,0.0,0.0,1.2552777528762817,0.038736432790756226,0.0,0.0,0.0,0.0,0.0,0.0,0.0,0.0,1.296388864517212,0.0338682197034359,0.0,0.0,0.0,0.0,0.0,0.0,0.0,1.3102777004241943,0.036116279661655426,0.0,0.0,0.0,0.0,0.0,0.0,1.2952779531478882,0.037178292870521545,0.0,0.0,0.0,0.0,0.0,1.2950000762939453,0.03439534828066826,0.0,0.0,0.0,0.0,1.3330556154251099,0.04059689864516258,0.0,0.0,0.0,1.2461111545562744,0.04111627861857414,0.0,0.0,1.2838889360427856,0.039627909660339355,7.716049731243402e-05,1.3280556201934814,0.04131007939577103,1.15666663646698,0.03794503211975098,0.03372092917561531,1.4029181329533458e-06
P8-R6-GVE,full519,484447264,0,1.3044315992292872,90.72800864897253,1.4632692337036133,4.385495727964803,2.3857803344726562,2.3448940269749516,1.3355299234390259,1.1465703248977661,1.117533718689788,58.34000015258789,3.8893332481384277,0.9905000925064087,0.8293334245681763,0.09000000357627869,0.8,0.07707129094412331,3.466666666666667,95.01797442513762,64.205,4.533242702484131,14.99039475331177,0.007493898738175631,0.1001926782273603,1.3075000047683716,0.03333333507180214,0.0,0.0,0.0,0.0,0.0,0.0,0.0,0.0,0.0,0.0,1.2544444799423218,0.04059689864516258,0.0,0.0,0.0,0.0,0.0,0.0,0.0,0.0,0.0,1.252500057220459,0.038868214935064316,0.0,0.0,0.0,0.0,0.0,0.0,0.0,0.0,1.2994444370269775,0.03436434268951416,0.0,0.0,0.0,0.0,0.0,0.0,0.0,1.3155555725097656,0.038232557475566864,0.0,0.0,0.0,0.0,0.0,0.0,1.2975000143051147,0.03721705451607704,0.0,0.0,0.0,0.0,0.0,1.283333420753479,0.03555038943886757,0.0,0.0,0.0,0.0,1.3211110830307007,0.040968991816043854,0.0,0.0,0.0,1.2305556535720825,0.04072868451476097,0.0,0.0,1.2844443321228027,0.03936434164643288,1.5432098734891042e-05,1.321388840675354,0.04006977006793022,1.1180555820465088,0.03811768916520206,0.03333333507180214,2.805836133616553e-07
P8-R6-GVE,matched512,484447264,0,1.322265625,91.4385362814811,1.447461724281311,4.304450760950859,2.4174022674560547,2.376953125,1.3528125286102295,1.161582112312317,1.1328125,58.340003967285156,3.889333486557007,0.9905000925064087,0.8293334245681763,0.09000000357627869,0.8,0.078125,3.466666666666667,95.01797442513762,64.205,4.533242702484131,14.99039475331177,0.007596354465931654,0.1015625,1.3075000047683716,0.03333333507180214,0.0,0.0,0.0,0.0,0.0,0.0,0.0,0.0,0.0,0.0,1.2544444799423218,0.04059689864516258,0.0,0.0,0.0,0.0,0.0,0.0,0.0,0.0,0.0,1.252500057220459,0.038868214935064316,0.0,0.0,0.0,0.0,0.0,0.0,0.0,0.0,1.2994444370269775,0.03436434268951416,0.0,0.0,0.0,0.0,0.0,0.0,0.0,1.3155555725097656,0.038232557475566864,0.0,0.0,0.0,0.0,0.0,0.0,1.2975000143051147,0.03721705451607704,0.0,0.0,0.0,0.0,0.0,1.283333420753479,0.03555038943886757,0.0,0.0,0.0,0.0,1.3211110830307007,0.040968991816043854,0.0,0.0,0.0,1.2305556535720825,0.04072868451476097,0.0,0.0,1.2844443321228027,0.03936434164643288,1.5432098734891042e-05,1.321388840675354,0.04006977006793022,1.1180555820465088,0.03811768916520206,0.03333333507180214,2.805836133616553e-07
P8-R6-GVE,full519,484447264,1,1.3044315992292872,90.67564331312019,1.4689139127731323,4.31667166381126,2.3857803344726562,2.3448940269749516,1.3355299234390259,1.1465703248977661,1.117533718689788,58.34000015258789,3.8893332481384277,0.9905000925064087,0.8293334245681763,0.09000000357627869,0.8,0.07707129094412331,3.466666666666667,94.94505661275454,62.55500000000001,4.579725742340088,14.985769449683279,0.007493898738175631,0.1001926782273603,1.3075000047683716,0.03333333507180214,0.0,0.0,0.0,0.0,0.0,0.0,0.0,0.0,0.0,0.0,1.2544444799423218,0.04059689864516258,0.0,0.0,0.0,0.0,0.0,0.0,0.0,0.0,0.0,1.252500057220459,0.038868214935064316,0.0,0.0,0.0,0.0,0.0,0.0,0.0,0.0,1.2994444370269775,0.03436434268951416,0.0,0.0,0.0,0.0,0.0,0.0,0.0,1.3155555725097656,0.038232557475566864,0.0,0.0,0.0,0.0,0.0,0.0,1.2975000143051147,0.03721705451607704,0.0,0.0,0.0,0.0,0.0,1.283333420753479,0.03555038943886757,0.0,0.0,0.0,0.0,1.3211110830307007,0.040968991816043854,0.0,0.0,0.0,1.2305556535720825,0.04072868451476097,0.0,0.0,1.2844443321228027,0.03936434164643288,1.5432098734891042e-05,1.321388840675354,0.04006977006793022,1.1180555820465088,0.03811768916520206,0.03333333507180214,2.805836133616553e-07
P8-R6-GVE,matched512,484447264,1,1.322265625,91.37106652743957,1.4533292055130005,4.237159549374169,2.4174022674560547,2.376953125,1.3528125286102295,1.161582112312317,1.1328125,58.340003967285156,3.889333486557007,0.9905000925064087,0.8293334245681763,0.09000000357627869,0.8,0.078125,3.466666666666667,94.94505661275454,62.55500000000001,4.579725742340088,14.985769449683279,0.007596354465931654,0.1015625,1.3075000047683716,0.03333333507180214,0.0,0.0,0.0,0.0,0.0,0.0,0.0,0.0,0.0,0.0,1.2544444799423218,0.04059689864516258,0.0,0.0,0.0,0.0,0.0,0.0,0.0,0.0,0.0,1.252500057220459,0.038868214935064316,0.0,0.0,0.0,0.0,0.0,0.0,0.0,0.0,1.2994444370269775,0.03436434268951416,0.0,0.0,0.0,0.0,0.0,0.0,0.0,1.3155555725097656,0.038232557475566864,0.0,0.0,0.0,0.0,0.0,0.0,1.2975000143051147,0.03721705451607704,0.0,0.0,0.0,0.0,0.0,1.283333420753479,0.03555038943886757,0.0,0.0,0.0,0.0,1.3211110830307007,0.040968991816043854,0.0,0.0,0.0,1.2305556535720825,0.04072868451476097,0.0,0.0,1.2844443321228027,0.03936434164643288,1.5432098734891042e-05,1.321388840675354,0.04006977006793022,1.1180555820465088,0.03811768916520206,0.03333333507180214,2.805836133616553e-07
P8-R6-GVE,full519,484447264,2,1.3044315992292872,90.50881568297898,1.4902753829956055,4.369666268465439,2.3857803344726562,2.3448940269749516,1.3355299234390259,1.1465703248977661,1.117533718689788,58.34000015258789,3.8893332481384277,0.9905000925064087,0.8293334245681763,0.09000000357627869,0.8,0.07707129094412331,3.466666666666667,94.76233186026936,62.2525,4.674635410308838,15.045066852606853,0.007493898738175631,0.1001926782273603,1.3075000047683716,0.03333333507180214,0.0,0.0,0.0,0.0,0.0,0.0,0.0,0.0,0.0,0.0,1.2544444799423218,0.04059689864516258,0.0,0.0,0.0,0.0,0.0,0.0,0.0,0.0,0.0,1.252500057220459,0.038868214935064316,0.0,0.0,0.0,0.0,0.0,0.0,0.0,0.0,1.2994444370269775,0.03436434268951416,0.0,0.0,0.0,0.0,0.0,0.0,0.0,1.3155555725097656,0.038232557475566864,0.0,0.0,0.0,0.0,0.0,0.0,1.2975000143051147,0.03721705451607704,0.0,0.0,0.0,0.0,0.0,1.283333420753479,0.03555038943886757,0.0,0.0,0.0,0.0,1.3211110830307007,0.040968991816043854,0.0,0.0,0.0,1.2305556535720825,0.04072868451476097,0.0,0.0,1.2844443321228027,0.03936434164643288,1.5432098734891042e-05,1.321388840675354,0.04006977006793022,1.1180555820465088,0.03811768916520206,0.03333333507180214,2.805836133616553e-07
P8-R6-GVE,matched512,484447264,2,1.322265625,91.2286469613828,1.474636197090149,4.291862368881332,2.4174022674560547,2.376953125,1.3528125286102295,1.161582112312317,1.1328125,58.340003967285156,3.889333486557007,0.9905000925064087,0.8293334245681763,0.09000000357627869,0.8,0.078125,3.466666666666667,94.76233186026936,62.2525,4.674635410308838,15.045066852606853,0.007596354465931654,0.1015625,1.3075000047683716,0.03333333507180214,0.0,0.0,0.0,0.0,0.0,0.0,0.0,0.0,0.0,0.0,1.2544444799423218,0.04059689864516258,0.0,0.0,0.0,0.0,0.0,0.0,0.0,0.0,0.0,1.252500057220459,0.038868214935064316,0.0,0.0,0.0,0.0,0.0,0.0,0.0,0.0,1.2994444370269775,0.03436434268951416,0.0,0.0,0.0,0.0,0.0,0.0,0.0,1.3155555725097656,0.038232557475566864,0.0,0.0,0.0,0.0,0.0,0.0,1.2975000143051147,0.03721705451607704,0.0,0.0,0.0,0.0,0.0,1.283333420753479,0.03555038943886757,0.0,0.0,0.0,0.0,1.3211110830307007,0.040968991816043854,0.0,0.0,0.0,1.2305556535720825,0.04072868451476097,0.0,0.0,1.2844443321228027,0.03936434164643288,1.5432098734891042e-05,1.321388840675354,0.04006977006793022,1.1180555820465088,0.03811768916520206,0.03333333507180214,2.805836133616553e-07
P8-R6-GVE,full519,484447264,3,1.3044315992292872,90.67364831218877,1.4950480461120605,4.368514731039707,2.3857803344726562,2.3448940269749516,1.3355299234390259,1.1465703248977661,1.117533718689788,58.34000015258789,3.8893332481384277,0.9905000925064087,0.8293334245681763,0.09000000357627869,0.8,0.07707129094412331,3.466666666666667,95.01102620033004,64.85,4.616845607757568,14.962811805839655,0.007493898738175631,0.1001926782273603,1.3075000047683716,0.03333333507180214,0.0,0.0,0.0,0.0,0.0,0.0,0.0,0.0,0.0,0.0,1.2544444799423218,0.04059689864516258,0.0,0.0,0.0,0.0,0.0,0.0,0.0,0.0,0.0,1.252500057220459,0.038868214935064316,0.0,0.0,0.0,0.0,0.0,0.0,0.0,0.0,1.2994444370269775,0.03436434268951416,0.0,0.0,0.0,0.0,0.0,0.0,0.0,1.3155555725097656,0.038232557475566864,0.0,0.0,0.0,0.0,0.0,0.0,1.2975000143051147,0.03721705451607704,0.0,0.0,0.0,0.0,0.0,1.283333420753479,0.03555038943886757,0.0,0.0,0.0,0.0,1.3211110830307007,0.040968991816043854,0.0,0.0,0.0,1.2305556535720825,0.04072868451476097,0.0,0.0,1.2844443321228027,0.03936434164643288,1.5432098734891042e-05,1.321388840675354,0.04006977006793022,1.1180555820465088,0.03811768916520206,0.03333333507180214,2.805836133616553e-07
P8-R6-GVE,matched512,484447264,3,1.322265625,91.37238533493417,1.4795724153518677,4.290278449485848,2.4174022674560547,2.376953125,1.3528125286102295,1.161582112312317,1.1328125,58.340003967285156,3.889333486557007,0.9905000925064087,0.8293334245681763,0.09000000357627869,0.8,0.078125,3.466666666666667,95.01102620033004,64.85,4.616845607757568,14.962811805839655,0.007596354465931654,0.1015625,1.3075000047683716,0.03333333507180214,0.0,0.0,0.0,0.0,0.0,0.0,0.0,0.0,0.0,0.0,1.2544444799423218,0.04059689864516258,0.0,0.0,0.0,0.0,0.0,0.0,0.0,0.0,0.0,1.252500057220459,0.038868214935064316,0.0,0.0,0.0,0.0,0.0,0.0,0.0,0.0,1.2994444370269775,0.03436434268951416,0.0,0.0,0.0,0.0,0.0,0.0,0.0,1.3155555725097656,0.038232557475566864,0.0,0.0,0.0,0.0,0.0,0.0,1.2975000143051147,0.03721705451607704,0.0,0.0,0.0,0.0,0.0,1.283333420753479,0.03555038943886757,0.0,0.0,0.0,0.0,1.3211110830307007,0.040968991816043854,0.0,0.0,0.0,1.2305556535720825,0.04072868451476097,0.0,0.0,1.2844443321228027,0.03936434164643288,1.5432098734891042e-05,1.321388840675354,0.04006977006793022,1.1180555820465088,0.03811768916520206,0.03333333507180214,2.805836133616553e-07
P8-R6-GVE,full519,484447264,4,1.3044315992292872,90.60474929587646,1.5156359672546387,4.392705248347151,2.3857803344726562,2.3448940269749516,1.3355299234390259,1.1465703248977661,1.117533718689788,58.34000015258789,3.8893332481384277,0.9905000925064087,0.8293334245681763,0.09000000357627869,0.8,0.07707129094412331,3.466666666666667,94.84732057011917,62.91,4.730889320373535,15.07486564102429,0.007493898738175631,0.1001926782273603,1.3075000047683716,0.03333333507180214,0.0,0.0,0.0,0.0,0.0,0.0,0.0,0.0,0.0,0.0,1.2544444799423218,0.04059689864516258,0.0,0.0,0.0,0.0,0.0,0.0,0.0,0.0,0.0,1.252500057220459,0.038868214935064316,0.0,0.0,0.0,0.0,0.0,0.0,0.0,0.0,1.2994444370269775,0.03436434268951416,0.0,0.0,0.0,0.0,0.0,0.0,0.0,1.3155555725097656,0.038232557475566864,0.0,0.0,0.0,0.0,0.0,0.0,1.2975000143051147,0.03721705451607704,0.0,0.0,0.0,0.0,0.0,1.283333420753479,0.03555038943886757,0.0,0.0,0.0,0.0,1.3211110830307007,0.040968991816043854,0.0,0.0,0.0,1.2305556535720825,0.04072868451476097,0.0,0.0,1.2844443321228027,0.03936434164643288,1.5432098734891042e-05,1.321388840675354,0.04006977006793022,1.1180555820465088,0.03811768916520206,0.03333333507180214,2.805836133616553e-07
P8-R6-GVE,matched512,484447264,4,1.322265625,91.3140113537721,1.5000672340393066,4.311106991965388,2.4174022674560547,2.376953125,1.3528125286102295,1.161582112312317,1.1328125,58.340003967285156,3.889333486557007,0.9905000925064087,0.8293334245681763,0.09000000357627869,0.8,0.078125,3.466666666666667,94.84732057011917,62.91,4.730889320373535,15.07486564102429,0.007596354465931654,0.1015625,1.3075000047683716,0.03333333507180214,0.0,0.0,0.0,0.0,0.0,0.0,0.0,0.0,0.0,0.0,1.2544444799423218,0.04059689864516258,0.0,0.0,0.0,0.0,0.0,0.0,0.0,0.0,0.0,1.252500057220459,0.038868214935064316,0.0,0.0,0.0,0.0,0.0,0.0,0.0,0.0,1.2994444370269775,0.03436434268951416,0.0,0.0,0.0,0.0,0.0,0.0,0.0,1.3155555725097656,0.038232557475566864,0.0,0.0,0.0,0.0,0.0,0.0,1.2975000143051147,0.03721705451607704,0.0,0.0,0.0,0.0,0.0,1.283333420753479,0.03555038943886757,0.0,0.0,0.0,0.0,1.3211110830307007,0.040968991816043854,0.0,0.0,0.0,1.2305556535720825,0.04072868451476097,0.0,0.0,1.2844443321228027,0.03936434164643288,1.5432098734891042e-05,1.321388840675354,0.04006977006793022,1.1180555820465088,0.03811768916520206,0.03333333507180214,2.805836133616553e-07
PUF12-9,full519,507088742,0,1.30635838150289,90.80046853756393,1.506262183189392,4.432672200906523,2.3876492977142334,2.3545279383429674,1.3345857858657837,1.1365317106246948,1.1059730250481696,59.30000305175781,3.953333616256714,0.9925000071525574,0.8399999141693115,0.09000000357627869,0.8,0.08092485549132948,3.6,94.75000144884694,75.63909090909091,4.851966857910156,15.56754602988363,0.0076172128319740295,0.10404624277456648,1.3072222471237183,0.033279068768024445,0.0,0.0,0.0,0.0,0.0,0.0,0.0,0.0,0.0,0.0,1.2541667222976685,0.04049612209200859,0.0,0.0,0.0,0.0,0.0,0.0,0.0,0.0,0.0,1.2522222995758057,0.03843411058187485,0.0,0.0,0.0,0.0,0.0,0.0,0.0,0.0,1.293055534362793,0.034310080111026764,0.0,0.0,0.0,0.0,0.0,0.0,0.0,1.3119444847106934,0.03836434334516525,0.0,0.0,0.0,0.0,0.0,0.0,1.2975001335144043,0.03707752004265785,0.0,0.0,0.0,0.0,0.0,1.2911111116409302,0.03450387716293335,0.0,0.0,0.0,0.0,1.3316667079925537,0.0403953492641449,0.0,0.0,0.0,1.2461111545562744,0.04113177955150604,0.0,0.0,1.2830556631088257,0.03944961354136467,8.487654122291133e-05,1.3247222900390625,0.041356589645147324,1.1586110591888428,0.03807258673689582,0.033279068768024445,1.5432098404165695e-06
PUF12-9,matched512,507088742,0,1.32421875,91.48975282963565,1.4932861328125,4.35306070935932,2.41943359375,2.38671875,1.351992130279541,1.1515039205551147,1.12109375,59.30000305175781,3.953333616256714,0.9925000071525574,0.8399999141693115,0.09000000357627869,0.8,0.08203125,3.6,94.75000144884694,75.63909090909091,4.851966857910156,15.56754602988363,0.007721354719251394,0.10546875,1.3072222471237183,0.033279068768024445,0.0,0.0,0.0,0.0,0.0,0.0,0.0,0.0,0.0,0.0,1.2541667222976685,0.04049612209200859,0.0,0.0,0.0,0.0,0.0,0.0,0.0,0.0,0.0,1.2522222995758057,0.03843411058187485,0.0,0.0,0.0,0.0,0.0,0.0,0.0,0.0,1.293055534362793,0.034310080111026764,0.0,0.0,0.0,0.0,0.0,0.0,0.0,1.3119444847106934,0.03836434334516525,0.0,0.0,0.0,0.0,0.0,0.0,1.2975001335144043,0.03707752004265785,0.0,0.0,0.0,0.0,0.0,1.2911111116409302,0.03450387716293335,0.0,0.0,0.0,0.0,1.3316667079925537,0.0403953492641449,0.0,0.0,0.0,1.2461111545562744,0.04113177955150604,0.0,0.0,1.2830556631088257,0.03944961354136467,8.487654122291133e-05,1.3247222900390625,0.041356589645147324,1.1586110591888428,0.03807258673689582,0.033279068768024445,1.5432098404165695e-06
PUF12-9,full519,507088742,1,1.30635838150289,90.62507448278545,1.5181477069854736,4.354809588070765,2.3876492977142334,2.3545279383429674,1.3345857858657837,1.1365317106246948,1.1059730250481696,59.30000305175781,3.953333616256714,0.9925000071525574,0.8399999141693115,0.09000000357627869,0.8,0.08092485549132948,3.6,94.704428421951,75.5509090909091,4.8492751121521,14.92441399278082,0.0076172128319740295,0.10404624277456648,1.3072222471237183,0.033279068768024445,0.0,0.0,0.0,0.0,0.0,0.0,0.0,0.0,0.0,0.0,1.2541667222976685,0.04049612209200859,0.0,0.0,0.0,0.0,0.0,0.0,0.0,0.0,0.0,1.2522222995758057,0.03843411058187485,0.0,0.0,0.0,0.0,0.0,0.0,0.0,0.0,1.293055534362793,0.034310080111026764,0.0,0.0,0.0,0.0,0.0,0.0,0.0,1.3119444847106934,0.03836434334516525,0.0,0.0,0.0,0.0,0.0,0.0,1.2975001335144043,0.03707752004265785,0.0,0.0,0.0,0.0,0.0,1.2911111116409302,0.03450387716293335,0.0,0.0,0.0,0.0,1.3316667079925537,0.0403953492641449,0.0,0.0,0.0,1.2461111545562744,0.04113177955150604,0.0,0.0,1.2830556631088257,0.03944961354136467,8.487654122291133e-05,1.3247222900390625,0.041356589645147324,1.1586110591888428,0.03807258673689582,0.033279068768024445,1.5432098404165695e-06
PUF12-9,matched512,507088742,1,1.32421875,91.32718123337168,1.5048272609710693,4.2757126915676,2.41943359375,2.38671875,1.351992130279541,1.1515039205551147,1.12109375,59.30000305175781,3.953333616256714,0.9925000071525574,0.8399999141693115,0.09000000357627869,0.8,0.08203125,3.6,94.704428421951,75.5509090909091,4.8492751121521,14.92441399278082,0.007721354719251394,0.10546875,1.3072222471237183,0.033279068768024445,0.0,0.0,0.0,0.0,0.0,0.0,0.0,0.0,0.0,0.0,1.2541667222976685,0.04049612209200859,0.0,0.0,0.0,0.0,0.0,0.0,0.0,0.0,0.0,1.2522222995758057,0.03843411058187485,0.0,0.0,0.0,0.0,0.0,0.0,0.0,0.0,1.293055534362793,0.034310080111026764,0.0,0.0,0.0,0.0,0.0,0.0,0.0,1.3119444847106934,0.03836434334516525,0.0,0.0,0.0,0.0,0.0,0.0,1.2975001335144043,0.03707752004265785,0.0,0.0,0.0,0.0,0.0,1.2911111116409302,0.03450387716293335,0.0,0.0,0.0,0.0,1.3316667079925537,0.0403953492641449,0.0,0.0,0.0,1.2461111545562744,0.04113177955150604,0.0,0.0,1.2830556631088257,0.03944961354136467,8.487654122291133e-05,1.3247222900390625,0.041356589645147324,1.1586110591888428,0.03807258673689582,0.033279068768024445,1.5432098404165695e-06
PUF12-9,full519,507088742,2,1.30635838150289,90.8143450476413,1.4897596836090088,4.384228183654393,2.3876492977142334,2.3545279383429674,1.3345857858657837,1.1365317106246948,1.1059730250481696,59.30000305175781,3.953333616256714,0.9925000071525574,0.8399999141693115,0.09000000357627869,0.8,0.08092485549132948,3.6,94.75212549269146,75.022,4.840073585510254,15.302703940401328,0.0076172128319740295,0.10404624277456648,1.3072222471237183,0.033279068768024445,0.0,0.0,0.0,0.0,0.0,0.0,0.0,0.0,0.0,0.0,1.2541667222976685,0.04049612209200859,0.0,0.0,0.0,0.0,0.0,0.0,0.0,0.0,0.0,1.2522222995758057,0.03843411058187485,0.0,0.0,0.0,0.0,0.0,0.0,0.0,0.0,1.293055534362793,0.034310080111026764,0.0,0.0,0.0,0.0,0.0,0.0,0.0,1.3119444847106934,0.03836434334516525,0.0,0.0,0.0,0.0,0.0,0.0,1.2975001335144043,0.03707752004265785,0.0,0.0,0.0,0.0,0.0,1.2911111116409302,0.03450387716293335,0.0,0.0,0.0,0.0,1.3316667079925537,0.0403953492641449,0.0,0.0,0.0,1.2461111545562744,0.04113177955150604,0.0,0.0,1.2830556631088257,0.03944961354136467,8.487654122291133e-05,1.3247222900390625,0.041356589645147324,1.1586110591888428,0.03807258673689582,0.033279068768024445,1.5432098404165695e-06
PUF12-9,matched512,507088742,2,1.32421875,91.51625364343772,1.4763774871826172,4.303638491546799,2.41943359375,2.38671875,1.351992130279541,1.1515039205551147,1.12109375,59.30000305175781,3.953333616256714,0.9925000071525574,0.8399999141693115,0.09000000357627869,0.8,0.08203125,3.6,94.75212549269146,75.022,4.840073585510254,15.302703940401328,0.007721354719251394,0.10546875,1.3072222471237183,0.033279068768024445,0.0,0.0,0.0,0.0,0.0,0.0,0.0,0.0,0.0,0.0,1.2541667222976685,0.04049612209200859,0.0,0.0,0.0,0.0,0.0,0.0,0.0,0.0,0.0,1.2522222995758057,0.03843411058187485,0.0,0.0,0.0,0.0,0.0,0.0,0.0,0.0,1.293055534362793,0.034310080111026764,0.0,0.0,0.0,0.0,0.0,0.0,0.0,1.3119444847106934,0.03836434334516525,0.0,0.0,0.0,0.0,0.0,0.0,1.2975001335144043,0.03707752004265785,0.0,0.0,0.0,0.0,0.0,1.2911111116409302,0.03450387716293335,0.0,0.0,0.0,0.0,1.3316667079925537,0.0403953492641449,0.0,0.0,0.0,1.2461111545562744,0.04113177955150604,0.0,0.0,1.2830556631088257,0.03944961354136467,8.487654122291133e-05,1.3247222900390625,0.041356589645147324,1.1586110591888428,0.03807258673689582,0.033279068768024445,1.5432098404165695e-06
PUF12-9,full519,507088742,3,1.30635838150289,90.80145096297409,1.5262823104858398,4.358641106382604,2.3876492977142334,2.3545279383429674,1.3345857858657837,1.1365317106246948,1.1059730250481696,59.30000305175781,3.953333616256714,0.9925000071525574,0.8399999141693115,0.09000000357627869,0.8,0.08092485549132948,3.6,94.81232129579527,75.93199999999999,4.828361511230469,14.848427411538557,0.0076172128319740295,0.10404624277456648,1.3072222471237183,0.033279068768024445,0.0,0.0,0.0,0.0,0.0,0.0,0.0,0.0,0.0,0.0,1.2541667222976685,0.04049612209200859,0.0,0.0,0.0,0.0,0.0,0.0,0.0,0.0,0.0,1.2522222995758057,0.03843411058187485,0.0,0.0,0.0,0.0,0.0,0.0,0.0,0.0,1.293055534362793,0.034310080111026764,0.0,0.0,0.0,0.0,0.0,0.0,0.0,1.3119444847106934,0.03836434334516525,0.0,0.0,0.0,0.0,0.0,0.0,1.2975001335144043,0.03707752004265785,0.0,0.0,0.0,0.0,0.0,1.2911111116409302,0.03450387716293335,0.0,0.0,0.0,0.0,1.3316667079925537,0.0403953492641449,0.0,0.0,0.0,1.2461111545562744,0.04113177955150604,0.0,0.0,1.2830556631088257,0.03944961354136467,8.487654122291133e-05,1.3247222900390625,0.041356589645147324,1.1586110591888428,0.03807258673689582,0.033279068768024445,1.5432098404165695e-06
PUF12-9,matched512,507088742,3,1.32421875,91.47319536323052,1.5135622024536133,4.280163172223313,2.41943359375,2.38671875,1.351992130279541,1.1515039205551147,1.12109375,59.30000305175781,3.953333616256714,0.9925000071525574,0.8399999141693115,0.09000000357627869,0.8,0.08203125,3.6,94.81232129579527,75.93199999999999,4.828361511230469,14.848427411538557,0.007721354719251394,0.10546875,1.3072222471237183,0.033279068768024445,0.0,0.0,0.0,0.0,0.0,0.0,0.0,0.0,0.0,0.0,1.2541667222976685,0.04049612209200859,0.0,0.0,0.0,0.0,0.0,0.0,0.0,0.0,0.0,1.2522222995758057,0.03843411058187485,0.0,0.0,0.0,0.0,0.0,0.0,0.0,0.0,1.293055534362793,0.034310080111026764,0.0,0.0,0.0,0.0,0.0,0.0,0.0,1.3119444847106934,0.03836434334516525,0.0,0.0,0.0,0.0,0.0,0.0,1.2975001335144043,0.03707752004265785,0.0,0.0,0.0,0.0,0.0,1.2911111116409302,0.03450387716293335,0.0,0.0,0.0,0.0,1.3316667079925537,0.0403953492641449,0.0,0.0,0.0,1.2461111545562744,0.04113177955150604,0.0,0.0,1.2830556631088257,0.03944961354136467,8.487654122291133e-05,1.3247222900390625,0.041356589645147324,1.1586110591888428,0.03807258673689582,0.033279068768024445,1.5432098404165695e-06
PUF12-9,full519,507088742,4,1.30635838150289,90.86570695740782,1.5102837085723877,4.399693242805805,2.3876492977142334,2.3545279383429674,1.3345857858657837,1.1365317106246948,1.1059730250481696,59.30000305175781,3.953333616256714,0.9925000071525574,0.8399999141693115,0.09000000357627869,0.8,0.08092485549132948,3.6,94.82050634569904,76.18818181818182,4.8840532302856445,15.380290184930676,0.0076172128319740295,0.10404624277456648,1.3072222471237183,0.033279068768024445,0.0,0.0,0.0,0.0,0.0,0.0,0.0,0.0,0.0,0.0,1.2541667222976685,0.04049612209200859,0.0,0.0,0.0,0.0,0.0,0.0,0.0,0.0,0.0,1.2522222995758057,0.03843411058187485,0.0,0.0,0.0,0.0,0.0,0.0,0.0,0.0,1.293055534362793,0.034310080111026764,0.0,0.0,0.0,0.0,0.0,0.0,0.0,1.3119444847106934,0.03836434334516525,0.0,0.0,0.0,0.0,0.0,0.0,1.2975001335144043,0.03707752004265785,0.0,0.0,0.0,0.0,0.0,1.2911111116409302,0.03450387716293335,0.0,0.0,0.0,0.0,1.3316667079925537,0.0403953492641449,0.0,0.0,0.0,1.2461111545562744,0.04113177955150604,0.0,0.0,1.2830556631088257,0.03944961354136467,8.487654122291133e-05,1.3247222900390625,0.041356589645147324,1.1586110591888428,0.03807258673689582,0.033279068768024445,1.5432098404165695e-06
PUF12-9,matched512,507088742,4,1.32421875,91.56597889962684,1.497273325920105,4.320817365925603,2.41943359375,2.38671875,1.351992130279541,1.1515039205551147,1.12109375,59.30000305175781,3.953333616256714,0.9925000071525574,0.8399999141693115,0.09000000357627869,0.8,0.08203125,3.6,94.82050634569904,76.18818181818182,4.8840532302856445,15.380290184930676,0.007721354719251394,0.10546875,1.3072222471237183,0.033279068768024445,0.0,0.0,0.0,0.0,0.0,0.0,0.0,0.0,0.0,0.0,1.2541667222976685,0.04049612209200859,0.0,0.0,0.0,0.0,0.0,0.0,0.0,0.0,0.0,1.2522222995758057,0.03843411058187485,0.0,0.0,0.0,0.0,0.0,0.0,0.0,0.0,1.293055534362793,0.034310080111026764,0.0,0.0,0.0,0.0,0.0,0.0,0.0,1.3119444847106934,0.03836434334516525,0.0,0.0,0.0,0.0,0.0,0.0,1.2975001335144043,0.03707752004265785,0.0,0.0,0.0,0.0,0.0,1.2911111116409302,0.03450387716293335,0.0,0.0,0.0,0.0,1.3316667079925537,0.0403953492641449,0.0,0.0,0.0,1.2461111545562744,0.04113177955150604,0.0,0.0,1.2830556631088257,0.03944961354136467,8.487654122291133e-05,1.3247222900390625,0.041356589645147324,1.1586110591888428,0.03807258673689582,0.033279068768024445,1.5432098404165695e-06
P6-R7-MHQ,full519,613551843,0,1.3198458574181118,91.62946628131021,1.549951195716858,4.436959634011049,2.3992676734924316,2.377649325626204,1.3423891067504883,1.1435067653656006,1.117533718689788,52.68000030517578,3.51200008392334,0.9364998936653137,0.7799999713897705,0.09000000357627869,0.8,0.07321772639691715,3.2666666666666666,95.25859635374913,76.10636363636364,5.188004970550537,15.61812451255533,0.006766859441995621,0.09441233140655106,1.3077778816223145,0.033937983214855194,0.0,0.0,0.0,0.0,0.0,0.0,0.0,0.0,0.0,0.0,1.2561111450195312,0.04074418544769287,0.0,0.0,0.0,0.0,0.0,0.0,0.0,0.0,0.0,1.257222294807434,0.03931783139705658,0.0,0.0,0.0,0.0,0.0,0.0,0.0,0.0,1.2947221994400024,0.03438759595155716,0.0,0.0,0.0,0.0,0.0,0.0,0.0,1.319722294807434,0.03891472518444061,0.0,0.0,0.0,0.0,0.0,0.0,1.3033334016799927,0.03672868013381958,0.0,0.0,0.0,0.0,0.0,1.2916666269302368,0.03435659036040306,0.0,0.0,0.0,0.0,1.333611011505127,0.040682170540094376,0.0,0.0,0.0,1.2472221851348877,0.04127131775021553,0.0,0.0,1.2852778434753418,0.03996898978948593,0.00023148149193730205,1.3177778720855713,0.04285271465778351,1.1661111116409302,0.03846934403885494,0.033937983214855194,4.208754398860038e-06
P6-R7-MHQ,matched512,613551843,0,1.337890625,92.32333105468749,1.5410630702972412,4.359748212947359,2.431464910507202,2.41015625,1.3601367473602295,1.1587305068969727,1.1328125,52.68000030517578,3.51200008392334,0.9364998936653137,0.7799999713897705,0.09000000357627869,0.8,0.07421875,3.2666666666666666,95.25859635374913,76.10636363636364,5.188004970550537,15.61812451255533,0.006859375163912773,0.095703125,1.3077778816223145,0.033937983214855194,0.0,0.0,0.0,0.0,0.0,0.0,0.0,0.0,0.0,0.0,1.2561111450195312,0.04074418544769287,0.0,0.0,0.0,0.0,0.0,0.0,0.0,0.0,0.0,1.257222294807434,0.03931783139705658,0.0,0.0,0.0,0.0,0.0,0.0,0.0,0.0,1.2947221994400024,0.03438759595155716,0.0,0.0,0.0,0.0,0.0,0.0,0.0,1.319722294807434,0.03891472518444061,0.0,0.0,0.0,0.0,0.0,0.0,1.3033334016799927,0.03672868013381958,0.0,0.0,0.0,0.0,0.0,1.2916666269302368,0.03435659036040306,0.0,0.0,0.0,0.0,1.333611011505127,0.040682170540094376,0.0,0.0,0.0,1.2472221851348877,0.04127131775021553,0.0,0.0,1.2852778434753418,0.03996898978948593,0.00023148149193730205,1.3177778720855713,0.04285271465778351,1.1661111116409302,0.03846934403885494,0.033937983214855194,4.208754398860038e-06
P6-R7-MHQ,full519,613551843,1,1.3198458574181118,91.6466477477778,1.5579806566238403,4.405883346380508,2.3992676734924316,2.377649325626204,1.3423891067504883,1.1435067653656006,1.117533718689788,52.68000030517578,3.51200008392334,0.9364998936653137,0.7799999713897705,0.09000000357627869,0.8,0.07321772639691715,3.2666666666666666,95.29518792338064,76.5690909090909,5.200533866882324,15.485603024402684,0.006766859441995621,0.09441233140655106,1.3077778816223145,0.033937983214855194,0.0,0.0,0.0,0.0,0.0,0.0,0.0,0.0,0.0,0.0,1.2561111450195312,0.04074418544769287,0.0,0.0,0.0,0.0,0.0,0.0,0.0,0.0,0.0,1.257222294807434,0.03931783139705658,0.0,0.0,0.0,0.0,0.0,0.0,0.0,0.0,1.2947221994400024,0.03438759595155716,0.0,0.0,0.0,0.0,0.0,0.0,0.0,1.319722294807434,0.03891472518444061,0.0,0.0,0.0,0.0,0.0,0.0,1.3033334016799927,0.03672868013381958,0.0,0.0,0.0,0.0,0.0,1.2916666269302368,0.03435659036040306,0.0,0.0,0.0,0.0,1.333611011505127,0.040682170540094376,0.0,0.0,0.0,1.2472221851348877,0.04127131775021553,0.0,0.0,1.2852778434753418,0.03996898978948593,0.00023148149193730205,1.3177778720855713,0.04285271465778351,1.1661111116409302,0.03846934403885494,0.033937983214855194,4.208754398860038e-06
P6-R7-MHQ,matched512,613551843,1,1.337890625,92.32381026503879,1.5491225719451904,4.32525559777033,2.431464910507202,2.41015625,1.3601367473602295,1.1587305068969727,1.1328125,52.68000030517578,3.51200008392334,0.9364998936653137,0.7799999713897705,0.09000000357627869,0.8,0.07421875,3.2666666666666666,95.29518792338064,76.5690909090909,5.200533866882324,15.485603024402684,0.006859375163912773,0.095703125,1.3077778816223145,0.033937983214855194,0.0,0.0,0.0,0.0,0.0,0.0,0.0,0.0,0.0,0.0,1.2561111450195312,0.04074418544769287,0.0,0.0,0.0,0.0,0.0,0.0,0.0,0.0,0.0,1.257222294807434,0.03931783139705658,0.0,0.0,0.0,0.0,0.0,0.0,0.0,0.0,1.2947221994400024,0.03438759595155716,0.0,0.0,0.0,0.0,0.0,0.0,0.0,1.319722294807434,0.03891472518444061,0.0,0.0,0.0,0.0,0.0,0.0,1.3033334016799927,0.03672868013381958,0.0,0.0,0.0,0.0,0.0,1.2916666269302368,0.03435659036040306,0.0,0.0,0.0,0.0,1.333611011505127,0.040682170540094376,0.0,0.0,0.0,1.2472221851348877,0.04127131775021553,0.0,0.0,1.2852778434753418,0.03996898978948593,0.00023148149193730205,1.3177778720855713,0.04285271465778351,1.1661111116409302,0.03846934403885494,0.033937983214855194,4.208754398860038e-06
P6-R7-MHQ,full519,613551843,2,1.3198458574181118,91.76983456780856,1.553770661354065,4.386974237615914,2.3992676734924316,2.377649325626204,1.3423891067504883,1.1435067653656006,1.117533718689788,52.68000030517578,3.51200008392334,0.9364998936653137,0.7799999713897705,0.09000000357627869,0.8,0.07321772639691715,3.2666666666666666,95.37295843437684,76.62454545454544,5.215954780578613,14.8181106399826,0.006766859441995621,0.09441233140655106,1.3077778816223145,0.033937983214855194,0.0,0.0,0.0,0.0,0.0,0.0,0.0,0.0,0.0,0.0,1.2561111450195312,0.04074418544769287,0.0,0.0,0.0,0.0,0.0,0.0,0.0,0.0,0.0,1.257222294807434,0.03931783139705658,0.0,0.0,0.0,0.0,0.0,0.0,0.0,0.0,1.2947221994400024,0.03438759595155716,0.0,0.0,0.0,0.0,0.0,0.0,0.0,1.319722294807434,0.03891472518444061,0.0,0.0,0.0,0.0,0.0,0.0,1.3033334016799927,0.03672868013381958,0.0,0.0,0.0,0.0,0.0,1.2916666269302368,0.03435659036040306,0.0,0.0,0.0,0.0,1.333611011505127,0.040682170540094376,0.0,0.0,0.0,1.2472221851348877,0.04127131775021553,0.0,0.0,1.2852778434753418,0.03996898978948593,0.00023148149193730205,1.3177778720855713,0.04285271465778351,1.1661111116409302,0.03846934403885494,0.033937983214855194,4.208754398860038e-06
P6-R7-MHQ,matched512,613551843,2,1.337890625,92.44951275308892,1.5447851419448853,4.307472172881852,2.431464910507202,2.41015625,1.3601367473602295,1.1587305068969727,1.1328125,52.68000030517578,3.51200008392334,0.9364998936653137,0.7799999713897705,0.09000000357627869,0.8,0.07421875,3.2666666666666666,95.37295843437684,76.62454545454544,5.215954780578613,14.8181106399826,0.006859375163912773,0.095703125,1.3077778816223145,0.033937983214855194,0.0,0.0,0.0,0.0,0.0,0.0,0.0,0.0,0.0,0.0,1.2561111450195312,0.04074418544769287,0.0,0.0,0.0,0.0,0.0,0.0,0.0,0.0,0.0,1.257222294807434,0.03931783139705658,0.0,0.0,0.0,0.0,0.0,0.0,0.0,0.0,1.2947221994400024,0.03438759595155716,0.0,0.0,0.0,0.0,0.0,0.0,0.0,1.319722294807434,0.03891472518444061,0.0,0.0,0.0,0.0,0.0,0.0,1.3033334016799927,0.03672868013381958,0.0,0.0,0.0,0.0,0.0,1.2916666269302368,0.03435659036040306,0.0,0.0,0.0,0.0,1.333611011505127,0.040682170540094376,0.0,0.0,0.0,1.2472221851348877,0.04127131775021553,0.0,0.0,1.2852778434753418,0.03996898978948593,0.00023148149193730205,1.3177778720855713,0.04285271465778351,1.1661111116409302,0.03846934403885494,0.033937983214855194,4.208754398860038e-06
P6-R7-MHQ,full519,613551843,3,1.3198458574181118,91.56444621900256,1.5396965742111206,4.381140907225795,2.3992676734924316,2.377649325626204,1.3423891067504883,1.1435067653656006,1.117533718689788,52.68000030517578,3.51200008392334,0.9364998936653137,0.7799999713897705,0.09000000357627869,0.8,0.07321772639691715,3.2666666666666666,95.2222697803097,75.7881818181818,5.183172702789307,15.186434761385188,0.006766859441995621,0.09441233140655106,1.3077778816223145,0.033937983214855194,0.0,0.0,0.0,0.0,0.0,0.0,0.0,0.0,0.0,0.0,1.2561111450195312,0.04074418544769287,0.0,0.0,0.0,0.0,0.0,0.0,0.0,0.0,0.0,1.257222294807434,0.03931783139705658,0.0,0.0,0.0,0.0,0.0,0.0,0.0,0.0,1.2947221994400024,0.03438759595155716,0.0,0.0,0.0,0.0,0.0,0.0,0.0,1.319722294807434,0.03891472518444061,0.0,0.0,0.0,0.0,0.0,0.0,1.3033334016799927,0.03672868013381958,0.0,0.0,0.0,0.0,0.0,1.2916666269302368,0.03435659036040306,0.0,0.0,0.0,0.0,1.333611011505127,0.040682170540094376,0.0,0.0,0.0,1.2472221851348877,0.04127131775021553,0.0,0.0,1.2852778434753418,0.03996898978948593,0.00023148149193730205,1.3177778720855713,0.04285271465778351,1.1661111116409302,0.03846934403885494,0.033937983214855194,4.208754398860038e-06
P6-R7-MHQ,matched512,613551843,3,1.337890625,92.23997102935041,1.5306967496871948,4.30311447491836,2.431464910507202,2.41015625,1.3601367473602295,1.1587305068969727,1.1328125,52.68000030517578,3.51200008392334,0.9364998936653137,0.7799999713897705,0.09000000357627869,0.8,0.07421875,3.2666666666666666,95.2222697803097,75.7881818181818,5.183172702789307,15.186434761385188,0.006859375163912773,0.095703125,1.3077778816223145,0.033937983214855194,0.0,0.0,0.0,0.0,0.0,0.0,0.0,0.0,0.0,0.0,1.2561111450195312,0.04074418544769287,0.0,0.0,0.0,0.0,0.0,0.0,0.0,0.0,0.0,1.257222294807434,0.03931783139705658,0.0,0.0,0.0,0.0,0.0,0.0,0.0,0.0,1.2947221994400024,0.03438759595155716,0.0,0.0,0.0,0.0,0.0,0.0,0.0,1.319722294807434,0.03891472518444061,0.0,0.0,0.0,0.0,0.0,0.0,1.3033334016799927,0.03672868013381958,0.0,0.0,0.0,0.0,0.0,1.2916666269302368,0.03435659036040306,0.0,0.0,0.0,0.0,1.333611011505127,0.040682170540094376,0.0,0.0,0.0,1.2472221851348877,0.04127131775021553,0.0,0.0,1.2852778434753418,0.03996898978948593,0.00023148149193730205,1.3177778720855713,0.04285271465778351,1.1661111116409302,0.03846934403885494,0.033937983214855194,4.208754398860038e-06
P6-R7-MHQ,full519,613551843,4,1.3198458574181118,91.4385863854621,1.534751057624817,4.442771259641935,2.3992676734924316,2.377649325626204,1.3423891067504883,1.1435067653656006,1.117533718689788,52.68000030517578,3.51200008392334,0.9364998936653137,0.7799999713897705,0.09000000357627869,0.8,0.07321772639691715,3.2666666666666666,95.11281002318154,76.15454545454546,5.198412895202637,15.695573952601286,0.006766859441995621,0.09441233140655106,1.3077778816223145,0.033937983214855194,0.0,0.0,0.0,0.0,0.0,0.0,0.0,0.0,0.0,0.0,1.2561111450195312,0.04074418544769287,0.0,0.0,0.0,0.0,0.0,0.0,0.0,0.0,0.0,1.257222294807434,0.03931783139705658,0.0,0.0,0.0,0.0,0.0,0.0,0.0,0.0,1.2947221994400024,0.03438759595155716,0.0,0.0,0.0,0.0,0.0,0.0,0.0,1.319722294807434,0.03891472518444061,0.0,0.0,0.0,0.0,0.0,0.0,1.3033334016799927,0.03672868013381958,0.0,0.0,0.0,0.0,0.0,1.2916666269302368,0.03435659036040306,0.0,0.0,0.0,0.0,1.333611011505127,0.040682170540094376,0.0,0.0,0.0,1.2472221851348877,0.04127131775021553,0.0,0.0,1.2852778434753418,0.03996898978948593,0.00023148149193730205,1.3177778720855713,0.04285271465778351,1.1661111116409302,0.03846934403885494,0.033937983214855194,4.208754398860038e-06
P6-R7-MHQ,matched512,613551843,4,1.337890625,92.13060272648359,1.525566816329956,4.367464914798094,2.431464910507202,2.41015625,1.3601367473602295,1.1587305068969727,1.1328125,52.68000030517578,3.51200008392334,0.9364998936653137,0.7799999713897705,0.09000000357627869,0.8,0.07421875,3.2666666666666666,95.11281002318154,76.15454545454546,5.198412895202637,15.695573952601286,0.006859375163912773,0.095703125,1.3077778816223145,0.033937983214855194,0.0,0.0,0.0,0.0,0.0,0.0,0.0,0.0,0.0,0.0,1.2561111450195312,0.04074418544769287,0.0,0.0,0.0,0.0,0.0,0.0,0.0,0.0,0.0,1.257222294807434,0.03931783139705658,0.0,0.0,0.0,0.0,0.0,0.0,0.0,0.0,1.2947221994400024,0.03438759595155716,0.0,0.0,0.0,0.0,0.0,0.0,0.0,1.319722294807434,0.03891472518444061,0.0,0.0,0.0,0.0,0.0,0.0,1.3033334016799927,0.03672868013381958,0.0,0.0,0.0,0.0,0.0,1.2916666269302368,0.03435659036040306,0.0,0.0,0.0,0.0,1.333611011505127,0.040682170540094376,0.0,0.0,0.0,1.2472221851348877,0.04127131775021553,0.0,0.0,1.2852778434753418,0.03996898978948593,0.00023148149193730205,1.3177778720855713,0.04285271465778351,1.1661111116409302,0.03846934403885494,0.033937983214855194,4.208754398860038e-06
P4-R5-YTH+P7-R5-YTH,full519,812038367,0,1.3121387283236994,91.0754855074277,1.511322259902954,4.577883853098963,2.398824691772461,2.368015414258189,1.3381695747375488,1.1406550407409668,1.1117533718689787,35.69000244140625,2.37933349609375,0.8449999690055847,0.60999995470047,0.10000000149011612,0.7333333333333333,0.046242774566473986,1.9333333333333333,94.71387071859469,74.98818181818181,5.261936187744141,16.852884287239252,0.004584457725286484,0.055876685934489405,1.3050000667572021,0.03434883803129196,0.0,0.0,0.0,0.0,0.0,0.0,0.0,0.0,0.0,0.0,1.2552778720855713,0.040937986224889755,0.0,0.0,0.0,0.0,0.0,0.0,0.0,0.0,0.0,1.2569444179534912,0.03868217021226883,0.0,0.0,0.0,0.0,0.0,0.0,0.0,0.0,1.2880555391311646,0.03372092917561531,0.0,0.0,0.0,0.0,0.0,0.0,0.0,1.3241666555404663,0.03941860795021057,0.0,0.0,0.0,0.0,0.0,0.0,1.3147222995758057,0.036271318793296814,0.0,0.0,0.0,0.0,0.0,1.2908333539962769,0.03376743942499161,0.0,0.0,0.0,0.0,1.3311110734939575,0.04077519103884697,0.0,0.0,0.0,1.2519444227218628,0.041356589645147324,0.0,0.0,1.2841668128967285,0.039906978607177734,0.0002237654261989519,1.3274999856948853,0.0430155023932457,1.1686110496520996,0.03838195922699841,0.03372092917561531,4.068462294526398e-06
P4-R5-YTH+P7-R5-YTH,matched512,812038367,0,1.330078125,91.75266739944084,1.4981505870819092,4.491780830312435,2.430722713470459,2.400390625,1.3555665016174316,1.1556445360183716,1.126953125,35.689998626708984,2.379333257675171,0.8449999690055847,0.60999995470047,0.10000000149011612,0.7333333333333333,0.046875,1.9333333333333333,94.71387071859469,74.98818181818181,5.261936187744141,16.852884287239252,0.004647135268896818,0.056640625,1.3050000667572021,0.03434883803129196,0.0,0.0,0.0,0.0,0.0,0.0,0.0,0.0,0.0,0.0,1.2552778720855713,0.040937986224889755,0.0,0.0,0.0,0.0,0.0,0.0,0.0,0.0,0.0,1.2569444179534912,0.03868217021226883,0.0,0.0,0.0,0.0,0.0,0.0,0.0,0.0,1.2880555391311646,0.03372092917561531,0.0,0.0,0.0,0.0,0.0,0.0,0.0,1.3241666555404663,0.03941860795021057,0.0,0.0,0.0,0.0,0.0,0.0,1.3147222995758057,0.036271318793296814,0.0,0.0,0.0,0.0,0.0,1.2908333539962769,0.03376743942499161,0.0,0.0,0.0,0.0,1.3311110734939575,0.04077519103884697,0.0,0.0,0.0,1.2519444227218628,0.041356589645147324,0.0,0.0,1.2841668128967285,0.039906978607177734,0.0002237654261989519,1.3274999856948853,0.0430155023932457,1.1686110496520996,0.03838195922699841,0.03372092917561531,4.068462294526398e-06
P4-R5-YTH+P7-R5-YTH,full519,812038367,1,1.3121387283236994,91.11167374474168,1.488258719444275,4.452598315821353,2.398824691772461,2.368015414258189,1.3381695747375488,1.1406550407409668,1.1117533718689787,35.69000244140625,2.37933349609375,0.8449999690055847,0.60999995470047,0.10000000149011612,0.7333333333333333,0.046242774566473986,1.9333333333333333,94.67699162173987,74.86727272727272,5.022851943969727,15.99209255604164,0.004584457725286484,0.055876685934489405,1.3050000667572021,0.03434883803129196,0.0,0.0,0.0,0.0,0.0,0.0,0.0,0.0,0.0,0.0,1.2552778720855713,0.040937986224889755,0.0,0.0,0.0,0.0,0.0,0.0,0.0,0.0,0.0,1.2569444179534912,0.03868217021226883,0.0,0.0,0.0,0.0,0.0,0.0,0.0,0.0,1.2880555391311646,0.03372092917561531,0.0,0.0,0.0,0.0,0.0,0.0,0.0,1.3241666555404663,0.03941860795021057,0.0,0.0,0.0,0.0,0.0,0.0,1.3147222995758057,0.036271318793296814,0.0,0.0,0.0,0.0,0.0,1.2908333539962769,0.03376743942499161,0.0,0.0,0.0,0.0,1.3311110734939575,0.04077519103884697,0.0,0.0,0.0,1.2519444227218628,0.041356589645147324,0.0,0.0,1.2841668128967285,0.039906978607177734,0.0002237654261989519,1.3274999856948853,0.0430155023932457,1.1686110496520996,0.03838195922699841,0.03372092917561531,4.068462294526398e-06
P4-R5-YTH+P7-R5-YTH,matched512,812038367,1,1.330078125,91.79740448077314,1.475206971168518,4.376453297371789,2.430722713470459,2.400390625,1.3555665016174316,1.1556445360183716,1.126953125,35.689998626708984,2.379333257675171,0.8449999690055847,0.60999995470047,0.10000000149011612,0.7333333333333333,0.046875,1.9333333333333333,94.67699162173987,74.86727272727272,5.022851943969727,15.99209255604164,0.004647135268896818,0.056640625,1.3050000667572021,0.03434883803129196,0.0,0.0,0.0,0.0,0.0,0.0,0.0,0.0,0.0,0.0,1.2552778720855713,0.040937986224889755,0.0,0.0,0.0,0.0,0.0,0.0,0.0,0.0,0.0,1.2569444179534912,0.03868217021226883,0.0,0.0,0.0,0.0,0.0,0.0,0.0,0.0,1.2880555391311646,0.03372092917561531,0.0,0.0,0.0,0.0,0.0,0.0,0.0,1.3241666555404663,0.03941860795021057,0.0,0.0,0.0,0.0,0.0,0.0,1.3147222995758057,0.036271318793296814,0.0,0.0,0.0,0.0,0.0,1.2908333539962769,0.03376743942499161,0.0,0.0,0.0,0.0,1.3311110734939575,0.04077519103884697,0.0,0.0,0.0,1.2519444227218628,0.041356589645147324,0.0,0.0,1.2841668128967285,0.039906978607177734,0.0002237654261989519,1.3274999856948853,0.0430155023932457,1.1686110496520996,0.03838195922699841,0.03372092917561531,4.068462294526398e-06
P4-R5-YTH+P7-R5-YTH,full519,812038367,2,1.3121387283236994,90.76484506849391,1.5350736379623413,4.467722105400124,2.398824691772461,2.368015414258189,1.3381695747375488,1.1406550407409668,1.1117533718689787,35.69000244140625,2.37933349609375,0.8449999690055847,0.60999995470047,0.10000000149011612,0.7333333333333333,0.046242774566473986,1.9333333333333333,94.45368083697424,74.1490909090909,5.141698360443115,16.266650206099193,0.004584457725286484,0.055876685934489405,1.3050000667572021,0.03434883803129196,0.0,0.0,0.0,0.0,0.0,0.0,0.0,0.0,0.0,0.0,1.2552778720855713,0.040937986224889755,0.0,0.0,0.0,0.0,0.0,0.0,0.0,0.0,0.0,1.2569444179534912,0.03868217021226883,0.0,0.0,0.0,0.0,0.0,0.0,0.0,0.0,1.2880555391311646,0.03372092917561531,0.0,0.0,0.0,0.0,0.0,0.0,0.0,1.3241666555404663,0.03941860795021057,0.0,0.0,0.0,0.0,0.0,0.0,1.3147222995758057,0.036271318793296814,0.0,0.0,0.0,0.0,0.0,1.2908333539962769,0.03376743942499161,0.0,0.0,0.0,0.0,1.3311110734939575,0.04077519103884697,0.0,0.0,0.0,1.2519444227218628,0.041356589645147324,0.0,0.0,1.2841668128967285,0.039906978607177734,0.0002237654261989519,1.3274999856948853,0.0430155023932457,1.1686110496520996,0.03838195922699841,0.03372092917561531,4.068462294526398e-06
P4-R5-YTH+P7-R5-YTH,matched512,812038367,2,1.330078125,91.44591189870243,1.5218873023986816,4.386917980718524,2.430722713470459,2.400390625,1.3555665016174316,1.1556445360183716,1.126953125,35.689998626708984,2.379333257675171,0.8449999690055847,0.60999995470047,0.10000000149011612,0.7333333333333333,0.046875,1.9333333333333333,94.45368083697424,74.1490909090909,5.141698360443115,16.266650206099193,0.004647135268896818,0.056640625,1.3050000667572021,0.03434883803129196,0.0,0.0,0.0,0.0,0.0,0.0,0.0,0.0,0.0,0.0,1.2552778720855713,0.040937986224889755,0.0,0.0,0.0,0.0,0.0,0.0,0.0,0.0,0.0,1.2569444179534912,0.03868217021226883,0.0,0.0,0.0,0.0,0.0,0.0,0.0,0.0,1.2880555391311646,0.03372092917561531,0.0,0.0,0.0,0.0,0.0,0.0,0.0,1.3241666555404663,0.03941860795021057,0.0,0.0,0.0,0.0,0.0,0.0,1.3147222995758057,0.036271318793296814,0.0,0.0,0.0,0.0,0.0,1.2908333539962769,0.03376743942499161,0.0,0.0,0.0,0.0,1.3311110734939575,0.04077519103884697,0.0,0.0,0.0,1.2519444227218628,0.041356589645147324,0.0,0.0,1.2841668128967285,0.039906978607177734,0.0002237654261989519,1.3274999856948853,0.0430155023932457,1.1686110496520996,0.03838195922699841,0.03372092917561531,4.068462294526398e-06
P4-R5-YTH+P7-R5-YTH,full519,812038367,3,1.3121387283236994,90.89212274965453,1.5141695737838745,4.474785525558359,2.398824691772461,2.368015414258189,1.3381695747375488,1.1406550407409668,1.1117533718689787,35.69000244140625,2.37933349609375,0.8449999690055847,0.60999995470047,0.10000000149011612,0.7333333333333333,0.046242774566473986,1.9333333333333333,94.42385873700631,74.38,5.196959972381592,16.25959794649818,0.004584457725286484,0.055876685934489405,1.3050000667572021,0.03434883803129196,0.0,0.0,0.0,0.0,0.0,0.0,0.0,0.0,0.0,0.0,1.2552778720855713,0.040937986224889755,0.0,0.0,0.0,0.0,0.0,0.0,0.0,0.0,0.0,1.2569444179534912,0.03868217021226883,0.0,0.0,0.0,0.0,0.0,0.0,0.0,0.0,1.2880555391311646,0.03372092917561531,0.0,0.0,0.0,0.0,0.0,0.0,0.0,1.3241666555404663,0.03941860795021057,0.0,0.0,0.0,0.0,0.0,0.0,1.3147222995758057,0.036271318793296814,0.0,0.0,0.0,0.0,0.0,1.2908333539962769,0.03376743942499161,0.0,0.0,0.0,0.0,1.3311110734939575,0.04077519103884697,0.0,0.0,0.0,1.2519444227218628,0.041356589645147324,0.0,0.0,1.2841668128967285,0.039906978607177734,0.0002237654261989519,1.3274999856948853,0.0430155023932457,1.1686110496520996,0.03838195922699841,0.03372092917561531,4.068462294526398e-06
P4-R5-YTH+P7-R5-YTH,matched512,812038367,3,1.330078125,91.56788868878519,1.5011085271835327,4.395439526984377,2.430722713470459,2.400390625,1.3555665016174316,1.1556445360183716,1.126953125,35.689998626708984,2.379333257675171,0.8449999690055847,0.60999995470047,0.10000000149011612,0.7333333333333333,0.046875,1.9333333333333333,94.42385873700631,74.38,5.196959972381592,16.25959794649818,0.004647135268896818,0.056640625,1.3050000667572021,0.03434883803129196,0.0,0.0,0.0,0.0,0.0,0.0,0.0,0.0,0.0,0.0,1.2552778720855713,0.040937986224889755,0.0,0.0,0.0,0.0,0.0,0.0,0.0,0.0,0.0,1.2569444179534912,0.03868217021226883,0.0,0.0,0.0,0.0,0.0,0.0,0.0,0.0,1.2880555391311646,0.03372092917561531,0.0,0.0,0.0,0.0,0.0,0.0,0.0,1.3241666555404663,0.03941860795021057,0.0,0.0,0.0,0.0,0.0,0.0,1.3147222995758057,0.036271318793296814,0.0,0.0,0.0,0.0,0.0,1.2908333539962769,0.03376743942499161,0.0,0.0,0.0,0.0,1.3311110734939575,0.04077519103884697,0.0,0.0,0.0,1.2519444227218628,0.041356589645147324,0.0,0.0,1.2841668128967285,0.039906978607177734,0.0002237654261989519,1.3274999856948853,0.0430155023932457,1.1686110496520996,0.03838195922699841,0.03372092917561531,4.068462294526398e-06
P4-R5-YTH+P7-R5-YTH,full519,812038367,4,1.3121387283236994,90.96973236424247,1.540743112564087,4.4798676220379985,2.398824691772461,2.368015414258189,1.3381695747375488,1.1406550407409668,1.1117533718689787,35.69000244140625,2.37933349609375,0.8449999690055847,0.60999995470047,0.10000000149011612,0.7333333333333333,0.046242774566473986,1.9333333333333333,94.53262152527256,75.06,5.259476184844971,15.939006667931233,0.004584457725286484,0.055876685934489405,1.3050000667572021,0.03434883803129196,0.0,0.0,0.0,0.0,0.0,0.0,0.0,0.0,0.0,0.0,1.2552778720855713,0.040937986224889755,0.0,0.0,0.0,0.0,0.0,0.0,0.0,0.0,0.0,1.2569444179534912,0.03868217021226883,0.0,0.0,0.0,0.0,0.0,0.0,0.0,0.0,1.2880555391311646,0.03372092917561531,0.0,0.0,0.0,0.0,0.0,0.0,0.0,1.3241666555404663,0.03941860795021057,0.0,0.0,0.0,0.0,0.0,0.0,1.3147222995758057,0.036271318793296814,0.0,0.0,0.0,0.0,0.0,1.2908333539962769,0.03376743942499161,0.0,0.0,0.0,0.0,1.3311110734939575,0.04077519103884697,0.0,0.0,0.0,1.2519444227218628,0.041356589645147324,0.0,0.0,1.2841668128967285,0.039906978607177734,0.0002237654261989519,1.3274999856948853,0.0430155023932457,1.1686110496520996,0.03838195922699841,0.03372092917561531,4.068462294526398e-06
P4-R5-YTH+P7-R5-YTH,matched512,812038367,4,1.330078125,91.65616153936125,1.5279242992401123,4.40532079597133,2.430722713470459,2.400390625,1.3555665016174316,1.1556445360183716,1.126953125,35.689998626708984,2.379333257675171,0.8449999690055847,0.60999995470047,0.10000000149011612,0.7333333333333333,0.046875,1.9333333333333333,94.53262152527256,75.06,5.259476184844971,15.939006667931233,0.004647135268896818,0.056640625,1.3050000667572021,0.03434883803129196,0.0,0.0,0.0,0.0,0.0,0.0,0.0,0.0,0.0,0.0,1.2552778720855713,0.040937986224889755,0.0,0.0,0.0,0.0,0.0,0.0,0.0,0.0,0.0,1.2569444179534912,0.03868217021226883,0.0,0.0,0.0,0.0,0.0,0.0,0.0,0.0,1.2880555391311646,0.03372092917561531,0.0,0.0,0.0,0.0,0.0,0.0,0.0,1.3241666555404663,0.03941860795021057,0.0,0.0,0.0,0.0,0.0,0.0,1.3147222995758057,0.036271318793296814,0.0,0.0,0.0,0.0,0.0,1.2908333539962769,0.03376743942499161,0.0,0.0,0.0,0.0,1.3311110734939575,0.04077519103884697,0.0,0.0,0.0,1.2519444227218628,0.041356589645147324,0.0,0.0,1.2841668128967285,0.039906978607177734,0.0002237654261989519,1.3274999856948853,0.0430155023932457,1.1686110496520996,0.03838195922699841,0.03372092917561531,4.068462294526398e-06
P6-R7-WFQ,full519,381605630,0,1.300578034682081,90.60535793734203,1.5001616477966309,4.427628557863484,2.3888633251190186,2.350674373795761,1.3342968225479126,1.1426204442977905,1.1098265895953756,52.05999755859375,3.4706664085388184,0.968000054359436,0.7693334221839905,0.10999999940395355,0.8,0.07514450867052024,3.1333333333333333,94.920227210097,74.50545454545454,4.866335391998291,15.489691376059229,0.00668721878901124,0.0905587668593449,1.305277705192566,0.03393023461103439,0.0,0.0,0.0,0.0,0.0,0.0,0.0,0.0,0.0,0.0,1.2586112022399902,0.040550388395786285,0.0,0.0,0.0,0.0,0.0,0.0,0.0,0.0,0.0,1.2541667222976685,0.03934108465909958,0.0,0.0,0.0,0.0,0.0,0.0,0.0,0.0,1.3005555868148804,0.03412403166294098,0.0,0.0,0.0,0.0,0.0,0.0,0.0,1.3200000524520874,0.03944961354136467,0.0,0.0,0.0,0.0,0.0,0.0,1.3025000095367432,0.0364418625831604,0.0,0.0,0.0,0.0,0.0,1.2919445037841797,0.03414728865027428,0.0,0.0,0.0,0.0,1.3277777433395386,0.040565893054008484,0.0,0.0,0.0,1.2469444274902344,0.04113953560590744,0.0,0.0,1.2827777862548828,0.03951162472367287,6.172839493956417e-05,1.3250000476837158,0.04089147225022316,1.1472222805023193,0.03819027543067932,0.03393023461103439,1.1223344534466212e-06
P6-R7-WFQ,matched512,381605630,0,1.318359375,91.29680287317935,1.4868861436843872,4.34991669548304,2.4206249713897705,2.3828125,1.351660132408142,1.1576563119888306,1.125,52.05999755859375,3.4706664085388184,0.968000054359436,0.7693334221839905,0.10999999940395355,0.8,0.076171875,3.1333333333333333,94.920227210097,74.50545454545454,4.866335391998291,15.489691376059229,0.00677864532917738,0.091796875,1.305277705192566,0.03393023461103439,0.0,0.0,0.0,0.0,0.0,0.0,0.0,0.0,0.0,0.0,1.2586112022399902,0.040550388395786285,0.0,0.0,0.0,0.0,0.0,0.0,0.0,0.0,0.0,1.2541667222976685,0.03934108465909958,0.0,0.0,0.0,0.0,0.0,0.0,0.0,0.0,1.3005555868148804,0.03412403166294098,0.0,0.0,0.0,0.0,0.0,0.0,0.0,1.3200000524520874,0.03944961354136467,0.0,0.0,0.0,0.0,0.0,0.0,1.3025000095367432,0.0364418625831604,0.0,0.0,0.0,0.0,0.0,1.2919445037841797,0.03414728865027428,0.0,0.0,0.0,0.0,1.3277777433395386,0.040565893054008484,0.0,0.0,0.0,1.2469444274902344,0.04113953560590744,0.0,0.0,1.2827777862548828,0.03951162472367287,6.172839493956417e-05,1.3250000476837158,0.04089147225022316,1.1472222805023193,0.03819027543067932,0.03393023461103439,1.1223344534466212e-06
P6-R7-WFQ,full519,381605630,1,1.300578034682081,90.77679603355327,1.4967384338378906,4.388329166565351,2.3888633251190186,2.350674373795761,1.3342968225479126,1.1426204442977905,1.1098265895953756,52.05999755859375,3.4706664085388184,0.968000054359436,0.7693334221839905,0.10999999940395355,0.8,0.07514450867052024,3.1333333333333333,94.93470361602132,76.08181818181819,4.952478885650635,14.809326158419971,0.00668721878901124,0.0905587668593449,1.305277705192566,0.03393023461103439,0.0,0.0,0.0,0.0,0.0,0.0,0.0,0.0,0.0,0.0,1.2586112022399902,0.040550388395786285,0.0,0.0,0.0,0.0,0.0,0.0,0.0,0.0,0.0,1.2541667222976685,0.03934108465909958,0.0,0.0,0.0,0.0,0.0,0.0,0.0,0.0,1.3005555868148804,0.03412403166294098,0.0,0.0,0.0,0.0,0.0,0.0,0.0,1.3200000524520874,0.03944961354136467,0.0,0.0,0.0,0.0,0.0,0.0,1.3025000095367432,0.0364418625831604,0.0,0.0,0.0,0.0,0.0,1.2919445037841797,0.03414728865027428,0.0,0.0,0.0,0.0,1.3277777433395386,0.040565893054008484,0.0,0.0,0.0,1.2469444274902344,0.04113953560590744,0.0,0.0,1.2827777862548828,0.03951162472367287,6.172839493956417e-05,1.3250000476837158,0.04089147225022316,1.1472222805023193,0.03819027543067932,0.03393023461103439,1.1223344534466212e-06
P6-R7-WFQ,matched512,381605630,1,1.318359375,91.46900878624413,1.4832613468170166,4.310523407348491,2.4206249713897705,2.3828125,1.351660132408142,1.1576563119888306,1.125,52.05999755859375,3.4706664085388184,0.968000054359436,0.7693334221839905,0.10999999940395355,0.8,0.076171875,3.1333333333333333,94.93470361602132,76.08181818181819,4.952478885650635,14.809326158419971,0.00677864532917738,0.091796875,1.305277705192566,0.03393023461103439,0.0,0.0,0.0,0.0,0.0,0.0,0.0,0.0,0.0,0.0,1.2586112022399902,0.040550388395786285,0.0,0.0,0.0,0.0,0.0,0.0,0.0,0.0,0.0,1.2541667222976685,0.03934108465909958,0.0,0.0,0.0,0.0,0.0,0.0,0.0,0.0,1.3005555868148804,0.03412403166294098,0.0,0.0,0.0,0.0,0.0,0.0,0.0,1.3200000524520874,0.03944961354136467,0.0,0.0,0.0,0.0,0.0,0.0,1.3025000095367432,0.0364418625831604,0.0,0.0,0.0,0.0,0.0,1.2919445037841797,0.03414728865027428,0.0,0.0,0.0,0.0,1.3277777433395386,0.040565893054008484,0.0,0.0,0.0,1.2469444274902344,0.04113953560590744,0.0,0.0,1.2827777862548828,0.03951162472367287,6.172839493956417e-05,1.3250000476837158,0.04089147225022316,1.1472222805023193,0.03819027543067932,0.03393023461103439,1.1223344534466212e-06
P6-R7-WFQ,full519,381605630,2,1.300578034682081,90.51565208581826,1.5255558490753174,4.426048940428046,2.3888633251190186,2.350674373795761,1.3342968225479126,1.1426204442977905,1.1098265895953756,52.05999755859375,3.4706664085388184,0.968000054359436,0.7693334221839905,0.10999999940395355,0.8,0.07514450867052024,3.1333333333333333,94.69338290394019,70.99000000000001,5.070176124572754,15.467257766748897,0.00668721878901124,0.0905587668593449,1.305277705192566,0.03393023461103439,0.0,0.0,0.0,0.0,0.0,0.0,0.0,0.0,0.0,0.0,1.2586112022399902,0.040550388395786285,0.0,0.0,0.0,0.0,0.0,0.0,0.0,0.0,0.0,1.2541667222976685,0.03934108465909958,0.0,0.0,0.0,0.0,0.0,0.0,0.0,0.0,1.3005555868148804,0.03412403166294098,0.0,0.0,0.0,0.0,0.0,0.0,0.0,1.3200000524520874,0.03944961354136467,0.0,0.0,0.0,0.0,0.0,0.0,1.3025000095367432,0.0364418625831604,0.0,0.0,0.0,0.0,0.0,1.2919445037841797,0.03414728865027428,0.0,0.0,0.0,0.0,1.3277777433395386,0.040565893054008484,0.0,0.0,0.0,1.2469444274902344,0.04113953560590744,0.0,0.0,1.2827777862548828,0.03951162472367287,6.172839493956417e-05,1.3250000476837158,0.04089147225022316,1.1472222805023193,0.03819027543067932,0.03393023461103439,1.1223344534466212e-06
P6-R7-WFQ,matched512,381605630,2,1.318359375,91.20908586774553,1.5121487379074097,4.349981309522522,2.4206249713897705,2.3828125,1.351660132408142,1.1576563119888306,1.125,52.05999755859375,3.4706664085388184,0.968000054359436,0.7693334221839905,0.10999999940395355,0.8,0.076171875,3.1333333333333333,94.69338290394019,70.99000000000001,5.070176124572754,15.467257766748897,0.00677864532917738,0.091796875,1.305277705192566,0.03393023461103439,0.0,0.0,0.0,0.0,0.0,0.0,0.0,0.0,0.0,0.0,1.2586112022399902,0.040550388395786285,0.0,0.0,0.0,0.0,0.0,0.0,0.0,0.0,0.0,1.2541667222976685,0.03934108465909958,0.0,0.0,0.0,0.0,0.0,0.0,0.0,0.0,1.3005555868148804,0.03412403166294098,0.0,0.0,0.0,0.0,0.0,0.0,0.0,1.3200000524520874,0.03944961354136467,0.0,0.0,0.0,0.0,0.0,0.0,1.3025000095367432,0.0364418625831604,0.0,0.0,0.0,0.0,0.0,1.2919445037841797,0.03414728865027428,0.0,0.0,0.0,0.0,1.3277777433395386,0.040565893054008484,0.0,0.0,0.0,1.2469444274902344,0.04113953560590744,0.0,0.0,1.2827777862548828,0.03951162472367287,6.172839493956417e-05,1.3250000476837158,0.04089147225022316,1.1472222805023193,0.03819027543067932,0.03393023461103439,1.1223344534466212e-06
P6-R7-WFQ,full519,381605630,3,1.300578034682081,90.56393065321534,1.4912221431732178,4.416343466248926,2.3888633251190186,2.350674373795761,1.3342968225479126,1.1426204442977905,1.1098265895953756,52.05999755859375,3.4706664085388184,0.968000054359436,0.7693334221839905,0.10999999940395355,0.8,0.07514450867052024,3.1333333333333333,94.68436834365478,74.41,5.025249481201172,15.363727674969892,0.00668721878901124,0.0905587668593449,1.305277705192566,0.03393023461103439,0.0,0.0,0.0,0.0,0.0,0.0,0.0,0.0,0.0,0.0,1.2586112022399902,0.040550388395786285,0.0,0.0,0.0,0.0,0.0,0.0,0.0,0.0,0.0,1.2541667222976685,0.03934108465909958,0.0,0.0,0.0,0.0,0.0,0.0,0.0,0.0,1.3005555868148804,0.03412403166294098,0.0,0.0,0.0,0.0,0.0,0.0,0.0,1.3200000524520874,0.03944961354136467,0.0,0.0,0.0,0.0,0.0,0.0,1.3025000095367432,0.0364418625831604,0.0,0.0,0.0,0.0,0.0,1.2919445037841797,0.03414728865027428,0.0,0.0,0.0,0.0,1.3277777433395386,0.040565893054008484,0.0,0.0,0.0,1.2469444274902344,0.04113953560590744,0.0,0.0,1.2827777862548828,0.03951162472367287,6.172839493956417e-05,1.3250000476837158,0.04089147225022316,1.1472222805023193,0.03819027543067932,0.03393023461103439,1.1223344534466212e-06
P6-R7-WFQ,matched512,381605630,3,1.318359375,91.24950135070009,1.4775876998901367,4.338251594846439,2.4206249713897705,2.3828125,1.351660132408142,1.1576563119888306,1.125,52.05999755859375,3.4706664085388184,0.968000054359436,0.7693334221839905,0.10999999940395355,0.8,0.076171875,3.1333333333333333,94.68436834365478,74.41,5.025249481201172,15.363727674969892,0.00677864532917738,0.091796875,1.305277705192566,0.03393023461103439,0.0,0.0,0.0,0.0,0.0,0.0,0.0,0.0,0.0,0.0,1.2586112022399902,0.040550388395786285,0.0,0.0,0.0,0.0,0.0,0.0,0.0,0.0,0.0,1.2541667222976685,0.03934108465909958,0.0,0.0,0.0,0.0,0.0,0.0,0.0,0.0,1.3005555868148804,0.03412403166294098,0.0,0.0,0.0,0.0,0.0,0.0,0.0,1.3200000524520874,0.03944961354136467,0.0,0.0,0.0,0.0,0.0,0.0,1.3025000095367432,0.0364418625831604,0.0,0.0,0.0,0.0,0.0,1.2919445037841797,0.03414728865027428,0.0,0.0,0.0,0.0,1.3277777433395386,0.040565893054008484,0.0,0.0,0.0,1.2469444274902344,0.04113953560590744,0.0,0.0,1.2827777862548828,0.03951162472367287,6.172839493956417e-05,1.3250000476837158,0.04089147225022316,1.1472222805023193,0.03819027543067932,0.03393023461103439,1.1223344534466212e-06
P6-R7-WFQ,full519,381605630,4,1.300578034682081,90.48945423475047,1.560063362121582,4.429845088129737,2.3888633251190186,2.350674373795761,1.3342968225479126,1.1426204442977905,1.1098265895953756,52.05999755859375,3.4706664085388184,0.968000054359436,0.7693334221839905,0.10999999940395355,0.8,0.07514450867052024,3.1333333333333333,94.84340435522554,75.8809090909091,5.04494571685791,15.648866922350892,0.00668721878901124,0.0905587668593449,1.305277705192566,0.03393023461103439,0.0,0.0,0.0,0.0,0.0,0.0,0.0,0.0,0.0,0.0,1.2586112022399902,0.040550388395786285,0.0,0.0,0.0,0.0,0.0,0.0,0.0,0.0,0.0,1.2541667222976685,0.03934108465909958,0.0,0.0,0.0,0.0,0.0,0.0,0.0,0.0,1.3005555868148804,0.03412403166294098,0.0,0.0,0.0,0.0,0.0,0.0,0.0,1.3200000524520874,0.03944961354136467,0.0,0.0,0.0,0.0,0.0,0.0,1.3025000095367432,0.0364418625831604,0.0,0.0,0.0,0.0,0.0,1.2919445037841797,0.03414728865027428,0.0,0.0,0.0,0.0,1.3277777433395386,0.040565893054008484,0.0,0.0,0.0,1.2469444274902344,0.04113953560590744,0.0,0.0,1.2827777862548828,0.03951162472367287,6.172839493956417e-05,1.3250000476837158,0.04089147225022316,1.1472222805023193,0.03819027543067932,0.03393023461103439,1.1223344534466212e-06
P6-R7-WFQ,matched512,381605630,4,1.318359375,91.18982631490687,1.5470435619354248,4.3569915443882605,2.4206249713897705,2.3828125,1.351660132408142,1.1576563119888306,1.125,52.05999755859375,3.4706664085388184,0.968000054359436,0.7693334221839905,0.10999999940395355,0.8,0.076171875,3.1333333333333333,94.84340435522554,75.8809090909091,5.04494571685791,15.648866922350892,0.00677864532917738,0.091796875,1.305277705192566,0.03393023461103439,0.0,0.0,0.0,0.0,0.0,0.0,0.0,0.0,0.0,0.0,1.2586112022399902,0.040550388395786285,0.0,0.0,0.0,0.0,0.0,0.0,0.0,0.0,0.0,1.2541667222976685,0.03934108465909958,0.0,0.0,0.0,0.0,0.0,0.0,0.0,0.0,1.3005555868148804,0.03412403166294098,0.0,0.0,0.0,0.0,0.0,0.0,0.0,1.3200000524520874,0.03944961354136467,0.0,0.0,0.0,0.0,0.0,0.0,1.3025000095367432,0.0364418625831604,0.0,0.0,0.0,0.0,0.0,1.2919445037841797,0.03414728865027428,0.0,0.0,0.0,0.0,1.3277777433395386,0.040565893054008484,0.0,0.0,0.0,1.2469444274902344,0.04113953560590744,0.0,0.0,1.2827777862548828,0.03951162472367287,6.172839493956417e-05,1.3250000476837158,0.04089147225022316,1.1472222805023193,0.03819027543067932,0.03393023461103439,1.1223344534466212e-06
P6-R7-QFW,full519,1164564608,0,1.2793834296724471,90.61090707376545,1.5087031126022339,4.3688734201276915,2.378632068634033,2.3352601156069364,1.326358437538147,1.1282851696014404,1.0809248554913296,57.88999938964844,3.8593332767486572,0.9919999837875366,0.8433333039283752,0.09000000357627869,0.8666666666666667,0.0789980732177264,3.533333333333333,94.80604936100423,74.17,4.8383026123046875,15.26290687170312,0.007436094805598259,0.10211946050096339,1.306944489479065,0.033395349979400635,0.0,0.0,0.0,0.0,0.0,0.0,0.0,0.0,0.0,0.0,1.2547221183776855,0.04048837348818779,0.0,0.0,0.0,0.0,0.0,0.0,0.0,0.0,0.0,1.2552777528762817,0.0390697680413723,0.0,0.0,0.0,0.0,0.0,0.0,0.0,0.0,1.2986111640930176,0.03410852700471878,0.0,0.0,0.0,0.0,0.0,0.0,0.0,1.3183332681655884,0.03824806213378906,0.0,0.0,0.0,0.0,0.0,0.0,1.3080555200576782,0.03355814144015312,0.0,0.0,0.0,0.0,0.0,1.2975000143051147,0.03413178026676178,0.0,0.0,0.0,0.0,1.3308333158493042,0.04050387442111969,0.0,0.0,0.0,1.2480555772781372,0.04112403467297554,0.0,0.0,1.2822222709655762,0.03932558372616768,8.487654122291133e-05,1.3219444751739502,0.041201550513505936,1.15666663646698,0.03774136778983203,0.033395349979400635,1.5432098404165695e-06
P6-R7-QFW,matched512,1164564608,0,1.296875,91.33912546784813,1.4944261312484741,4.287770861380043,2.4102540016174316,2.3671875,1.3436132669448853,1.1431446075439453,1.095703125,57.88999938964844,3.8593332767486572,0.9919999837875366,0.8433333039283752,0.09000000357627869,0.8666666666666667,0.080078125,3.533333333333333,94.80604936100423,74.17,4.8383026123046875,15.26290687170312,0.007537760306149721,0.103515625,1.306944489479065,0.033395349979400635,0.0,0.0,0.0,0.0,0.0,0.0,0.0,0.0,0.0,0.0,1.2547221183776855,0.04048837348818779,0.0,0.0,0.0,0.0,0.0,0.0,0.0,0.0,0.0,1.2552777528762817,0.0390697680413723,0.0,0.0,0.0,0.0,0.0,0.0,0.0,0.0,1.2986111640930176,0.03410852700471878,0.0,0.0,0.0,0.0,0.0,0.0,0.0,1.3183332681655884,0.03824806213378906,0.0,0.0,0.0,0.0,0.0,0.0,1.3080555200576782,0.03355814144015312,0.0,0.0,0.0,0.0,0.0,1.2975000143051147,0.03413178026676178,0.0,0.0,0.0,0.0,1.3308333158493042,0.04050387442111969,0.0,0.0,0.0,1.2480555772781372,0.04112403467297554,0.0,0.0,1.2822222709655762,0.03932558372616768,8.487654122291133e-05,1.3219444751739502,0.041201550513505936,1.15666663646698,0.03774136778983203,0.033395349979400635,1.5432098404165695e-06
P6-R7-QFW,full519,1164564608,1,1.2793834296724471,90.78161483677957,1.4702134132385254,4.427364881104003,2.378632068634033,2.3352601156069364,1.326358437538147,1.1282851696014404,1.0809248554913296,57.88999938964844,3.8593332767486572,0.9919999837875366,0.8433333039283752,0.09000000357627869,0.8666666666666667,0.0789980732177264,3.533333333333333,94.79120819805195,73.46727272727273,4.803355693817139,15.776479889126474,0.007436094805598259,0.10211946050096339,1.306944489479065,0.033395349979400635,0.0,0.0,0.0,0.0,0.0,0.0,0.0,0.0,0.0,0.0,1.2547221183776855,0.04048837348818779,0.0,0.0,0.0,0.0,0.0,0.0,0.0,0.0,0.0,1.2552777528762817,0.0390697680413723,0.0,0.0,0.0,0.0,0.0,0.0,0.0,0.0,1.2986111640930176,0.03410852700471878,0.0,0.0,0.0,0.0,0.0,0.0,0.0,1.3183332681655884,0.03824806213378906,0.0,0.0,0.0,0.0,0.0,0.0,1.3080555200576782,0.03355814144015312,0.0,0.0,0.0,0.0,0.0,1.2975000143051147,0.03413178026676178,0.0,0.0,0.0,0.0,1.3308333158493042,0.04050387442111969,0.0,0.0,0.0,1.2480555772781372,0.04112403467297554,0.0,0.0,1.2822222709655762,0.03932558372616768,8.487654122291133e-05,1.3219444751739502,0.041201550513505936,1.15666663646698,0.03774136778983203,0.033395349979400635,1.5432098404165695e-06
P6-R7-QFW,matched512,1164564608,1,1.296875,91.51636525974025,1.4559838771820068,4.349237962105332,2.4102540016174316,2.3671875,1.3436132669448853,1.1431446075439453,1.095703125,57.88999938964844,3.8593332767486572,0.9919999837875366,0.8433333039283752,0.09000000357627869,0.8666666666666667,0.080078125,3.533333333333333,94.79120819805195,73.46727272727273,4.803355693817139,15.776479889126474,0.007537760306149721,0.103515625,1.306944489479065,0.033395349979400635,0.0,0.0,0.0,0.0,0.0,0.0,0.0,0.0,0.0,0.0,1.2547221183776855,0.04048837348818779,0.0,0.0,0.0,0.0,0.0,0.0,0.0,0.0,0.0,1.2552777528762817,0.0390697680413723,0.0,0.0,0.0,0.0,0.0,0.0,0.0,0.0,1.2986111640930176,0.03410852700471878,0.0,0.0,0.0,0.0,0.0,0.0,0.0,1.3183332681655884,0.03824806213378906,0.0,0.0,0.0,0.0,0.0,0.0,1.3080555200576782,0.03355814144015312,0.0,0.0,0.0,0.0,0.0,1.2975000143051147,0.03413178026676178,0.0,0.0,0.0,0.0,1.3308333158493042,0.04050387442111969,0.0,0.0,0.0,1.2480555772781372,0.04112403467297554,0.0,0.0,1.2822222709655762,0.03932558372616768,8.487654122291133e-05,1.3219444751739502,0.041201550513505936,1.15666663646698,0.03774136778983203,0.033395349979400635,1.5432098404165695e-06
P6-R7-QFW,full519,1164564608,2,1.2793834296724471,90.77805313317597,1.4682377576828003,4.4396119020740965,2.378632068634033,2.3352601156069364,1.326358437538147,1.1282851696014404,1.0809248554913296,57.88999938964844,3.8593332767486572,0.9919999837875366,0.8433333039283752,0.09000000357627869,0.8666666666666667,0.0789980732177264,3.533333333333333,94.86873433575171,73.25636363636364,4.780473232269287,16.06103577744995,0.007436094805598259,0.10211946050096339,1.306944489479065,0.033395349979400635,0.0,0.0,0.0,0.0,0.0,0.0,0.0,0.0,0.0,0.0,1.2547221183776855,0.04048837348818779,0.0,0.0,0.0,0.0,0.0,0.0,0.0,0.0,0.0,1.2552777528762817,0.0390697680413723,0.0,0.0,0.0,0.0,0.0,0.0,0.0,0.0,1.2986111640930176,0.03410852700471878,0.0,0.0,0.0,0.0,0.0,0.0,0.0,1.3183332681655884,0.03824806213378906,0.0,0.0,0.0,0.0,0.0,0.0,1.3080555200576782,0.03355814144015312,0.0,0.0,0.0,0.0,0.0,1.2975000143051147,0.03413178026676178,0.0,0.0,0.0,0.0,1.3308333158493042,0.04050387442111969,0.0,0.0,0.0,1.2480555772781372,0.04112403467297554,0.0,0.0,1.2822222709655762,0.03932558372616768,8.487654122291133e-05,1.3219444751739502,0.041201550513505936,1.15666663646698,0.03774136778983203,0.033395349979400635,1.5432098404165695e-06
P6-R7-QFW,matched512,1164564608,2,1.296875,91.51251389804857,1.4541443586349487,4.366163298834167,2.4102540016174316,2.3671875,1.3436132669448853,1.1431446075439453,1.095703125,57.88999938964844,3.8593332767486572,0.9919999837875366,0.8433333039283752,0.09000000357627869,0.8666666666666667,0.080078125,3.533333333333333,94.86873433575171,73.25636363636364,4.780473232269287,16.06103577744995,0.007537760306149721,0.103515625,1.306944489479065,0.033395349979400635,0.0,0.0,0.0,0.0,0.0,0.0,0.0,0.0,0.0,0.0,1.2547221183776855,0.04048837348818779,0.0,0.0,0.0,0.0,0.0,0.0,0.0,0.0,0.0,1.2552777528762817,0.0390697680413723,0.0,0.0,0.0,0.0,0.0,0.0,0.0,0.0,1.2986111640930176,0.03410852700471878,0.0,0.0,0.0,0.0,0.0,0.0,0.0,1.3183332681655884,0.03824806213378906,0.0,0.0,0.0,0.0,0.0,0.0,1.3080555200576782,0.03355814144015312,0.0,0.0,0.0,0.0,0.0,1.2975000143051147,0.03413178026676178,0.0,0.0,0.0,0.0,1.3308333158493042,0.04050387442111969,0.0,0.0,0.0,1.2480555772781372,0.04112403467297554,0.0,0.0,1.2822222709655762,0.03932558372616768,8.487654122291133e-05,1.3219444751739502,0.041201550513505936,1.15666663646698,0.03774136778983203,0.033395349979400635,1.5432098404165695e-06
P6-R7-QFW,full519,1164564608,3,1.2793834296724471,90.63122009594987,1.50638747215271,4.46638424886002,2.378632068634033,2.3352601156069364,1.326358437538147,1.1282851696014404,1.0809248554913296,57.88999938964844,3.8593332767486572,0.9919999837875366,0.8433333039283752,0.09000000357627869,0.8666666666666667,0.0789980732177264,3.533333333333333,94.83827794145155,74.53545454545454,4.851760387420654,15.785841981000944,0.007436094805598259,0.10211946050096339,1.306944489479065,0.033395349979400635,0.0,0.0,0.0,0.0,0.0,0.0,0.0,0.0,0.0,0.0,1.2547221183776855,0.04048837348818779,0.0,0.0,0.0,0.0,0.0,0.0,0.0,0.0,0.0,1.2552777528762817,0.0390697680413723,0.0,0.0,0.0,0.0,0.0,0.0,0.0,0.0,1.2986111640930176,0.03410852700471878,0.0,0.0,0.0,0.0,0.0,0.0,0.0,1.3183332681655884,0.03824806213378906,0.0,0.0,0.0,0.0,0.0,0.0,1.3080555200576782,0.03355814144015312,0.0,0.0,0.0,0.0,0.0,1.2975000143051147,0.03413178026676178,0.0,0.0,0.0,0.0,1.3308333158493042,0.04050387442111969,0.0,0.0,0.0,1.2480555772781372,0.04112403467297554,0.0,0.0,1.2822222709655762,0.03932558372616768,8.487654122291133e-05,1.3219444751739502,0.041201550513505936,1.15666663646698,0.03774136778983203,0.033395349979400635,1.5432098404165695e-06
P6-R7-QFW,matched512,1164564608,3,1.296875,91.36051745341248,1.492321252822876,4.391066387397002,2.4102540016174316,2.3671875,1.3436132669448853,1.1431446075439453,1.095703125,57.88999938964844,3.8593332767486572,0.9919999837875366,0.8433333039283752,0.09000000357627869,0.8666666666666667,0.080078125,3.533333333333333,94.83827794145155,74.53545454545454,4.851760387420654,15.785841981000944,0.007537760306149721,0.103515625,1.306944489479065,0.033395349979400635,0.0,0.0,0.0,0.0,0.0,0.0,0.0,0.0,0.0,0.0,1.2547221183776855,0.04048837348818779,0.0,0.0,0.0,0.0,0.0,0.0,0.0,0.0,0.0,1.2552777528762817,0.0390697680413723,0.0,0.0,0.0,0.0,0.0,0.0,0.0,0.0,1.2986111640930176,0.03410852700471878,0.0,0.0,0.0,0.0,0.0,0.0,0.0,1.3183332681655884,0.03824806213378906,0.0,0.0,0.0,0.0,0.0,0.0,1.3080555200576782,0.03355814144015312,0.0,0.0,0.0,0.0,0.0,1.2975000143051147,0.03413178026676178,0.0,0.0,0.0,0.0,1.3308333158493042,0.04050387442111969,0.0,0.0,0.0,1.2480555772781372,0.04112403467297554,0.0,0.0,1.2822222709655762,0.03932558372616768,8.487654122291133e-05,1.3219444751739502,0.041201550513505936,1.15666663646698,0.03774136778983203,0.033395349979400635,1.5432098404165695e-06
P6-R7-QFW,full519,1164564608,4,1.2793834296724471,90.48808105831228,1.5348122119903564,4.4270546611659505,2.378632068634033,2.3352601156069364,1.326358437538147,1.1282851696014404,1.0809248554913296,57.88999938964844,3.8593332767486572,0.9919999837875366,0.8433333039283752,0.09000000357627869,0.8666666666666667,0.0789980732177264,3.533333333333333,94.61323693532547,73.3190909090909,4.991516590118408,15.544482376351192,0.007436094805598259,0.10211946050096339,1.306944489479065,0.033395349979400635,0.0,0.0,0.0,0.0,0.0,0.0,0.0,0.0,0.0,0.0,1.2547221183776855,0.04048837348818779,0.0,0.0,0.0,0.0,0.0,0.0,0.0,0.0,0.0,1.2552777528762817,0.0390697680413723,0.0,0.0,0.0,0.0,0.0,0.0,0.0,0.0,1.2986111640930176,0.03410852700471878,0.0,0.0,0.0,0.0,0.0,0.0,0.0,1.3183332681655884,0.03824806213378906,0.0,0.0,0.0,0.0,0.0,0.0,1.3080555200576782,0.03355814144015312,0.0,0.0,0.0,0.0,0.0,1.2975000143051147,0.03413178026676178,0.0,0.0,0.0,0.0,1.3308333158493042,0.04050387442111969,0.0,0.0,0.0,1.2480555772781372,0.04112403467297554,0.0,0.0,1.2822222709655762,0.03932558372616768,8.487654122291133e-05,1.3219444751739502,0.041201550513505936,1.15666663646698,0.03774136778983203,0.033395349979400635,1.5432098404165695e-06
P6-R7-QFW,matched512,1164564608,4,1.296875,91.20661896588655,1.520731806755066,4.350459244055814,2.4102540016174316,2.3671875,1.3436132669448853,1.1431446075439453,1.095703125,57.88999938964844,3.8593332767486572,0.9919999837875366,0.8433333039283752,0.09000000357627869,0.8666666666666667,0.080078125,3.533333333333333,94.61323693532547,73.3190909090909,4.991516590118408,15.544482376351192,0.007537760306149721,0.103515625,1.306944489479065,0.033395349979400635,0.0,0.0,0.0,0.0,0.0,0.0,0.0,0.0,0.0,0.0,1.2547221183776855,0.04048837348818779,0.0,0.0,0.0,0.0,0.0,0.0,0.0,0.0,0.0,1.2552777528762817,0.0390697680413723,0.0,0.0,0.0,0.0,0.0,0.0,0.0,0.0,1.2986111640930176,0.03410852700471878,0.0,0.0,0.0,0.0,0.0,0.0,0.0,1.3183332681655884,0.03824806213378906,0.0,0.0,0.0,0.0,0.0,0.0,1.3080555200576782,0.03355814144015312,0.0,0.0,0.0,0.0,0.0,1.2975000143051147,0.03413178026676178,0.0,0.0,0.0,0.0,1.3308333158493042,0.04050387442111969,0.0,0.0,0.0,1.2480555772781372,0.04112403467297554,0.0,0.0,1.2822222709655762,0.03932558372616768,8.487654122291133e-05,1.3219444751739502,0.041201550513505936,1.15666663646698,0.03774136778983203,0.033395349979400635,1.5432098404165695e-06
P6-R7-WFD,full519,875849129,0,1.300578034682081,91.06343612494334,1.478324055671692,4.4102015416212,2.3894028663635254,2.3545279383429674,1.3354334831237793,1.1364161968231201,1.0982658959537572,56.36000061035156,3.757333278656006,0.9930000305175781,0.8426666855812073,0.09000000357627869,0.8,0.07707129094412331,3.4,94.99668245200017,76.06181818181818,4.760490894317627,15.286846932555001,0.007239563390612602,0.09826589595375723,1.3086111545562744,0.03341860696673393,0.0,0.0,0.0,0.0,0.0,0.0,0.0,0.0,0.0,0.0,1.2558332681655884,0.04059689864516258,0.0,0.0,0.0,0.0,0.0,0.0,0.0,0.0,0.0,1.2538888454437256,0.0390697680413723,0.0,0.0,0.0,0.0,0.0,0.0,0.0,0.0,1.3002777099609375,0.03434108570218086,0.0,0.0,0.0,0.0,0.0,0.0,0.0,1.3136111497879028,0.03886046260595322,0.0,0.0,0.0,0.0,0.0,0.0,1.3083332777023315,0.035612404346466064,0.0,0.0,0.0,0.0,0.0,1.2936110496520996,0.034310080111026764,0.0,0.0,0.0,0.0,1.3308333158493042,0.04052713140845299,0.0,0.0,0.0,1.2472223043441772,0.04115504026412964,0.0,0.0,1.2827777862548828,0.039519380778074265,7.716049731243402e-05,1.3250001668930054,0.041193801909685135,1.1580555438995361,0.038054969161748886,0.03341860696673393,1.4029181329533458e-06
P6-R7-WFD,matched512,875849129,0,1.318359375,91.77368345353648,1.4642199277877808,4.334856381967694,2.421132802963257,2.38671875,1.3527734279632568,1.1513476371765137,1.11328125,56.36000061035156,3.757333278656006,0.9930000305175781,0.8426666855812073,0.09000000357627869,0.8,0.078125,3.4,94.99668245200017,76.06181818181818,4.760490894317627,15.286846932555001,0.0073385415598750114,0.099609375,1.3086111545562744,0.03341860696673393,0.0,0.0,0.0,0.0,0.0,0.0,0.0,0.0,0.0,0.0,1.2558332681655884,0.04059689864516258,0.0,0.0,0.0,0.0,0.0,0.0,0.0,0.0,0.0,1.2538888454437256,0.0390697680413723,0.0,0.0,0.0,0.0,0.0,0.0,0.0,0.0,1.3002777099609375,0.03434108570218086,0.0,0.0,0.0,0.0,0.0,0.0,0.0,1.3136111497879028,0.03886046260595322,0.0,0.0,0.0,0.0,0.0,0.0,1.3083332777023315,0.035612404346466064,0.0,0.0,0.0,0.0,0.0,1.2936110496520996,0.034310080111026764,0.0,0.0,0.0,0.0,1.3308333158493042,0.04052713140845299,0.0,0.0,0.0,1.2472223043441772,0.04115504026412964,0.0,0.0,1.2827777862548828,0.039519380778074265,7.716049731243402e-05,1.3250001668930054,0.041193801909685135,1.1580555438995361,0.038054969161748886,0.03341860696673393,1.4029181329533458e-06
P6-R7-WFD,full519,875849129,1,1.300578034682081,90.73544220834826,1.519350528717041,4.457065825912911,2.3894028663635254,2.3545279383429674,1.3354334831237793,1.1364161968231201,1.0982658959537572,56.36000061035156,3.757333278656006,0.9930000305175781,0.8426666855812073,0.09000000357627869,0.8,0.07707129094412331,3.4,94.84206553882075,75.0990909090909,4.785164833068848,15.686620265236153,0.007239563390612602,0.09826589595375723,1.3086111545562744,0.03341860696673393,0.0,0.0,0.0,0.0,0.0,0.0,0.0,0.0,0.0,0.0,1.2558332681655884,0.04059689864516258,0.0,0.0,0.0,0.0,0.0,0.0,0.0,0.0,0.0,1.2538888454437256,0.0390697680413723,0.0,0.0,0.0,0.0,0.0,0.0,0.0,0.0,1.3002777099609375,0.03434108570218086,0.0,0.0,0.0,0.0,0.0,0.0,0.0,1.3136111497879028,0.03886046260595322,0.0,0.0,0.0,0.0,0.0,0.0,1.3083332777023315,0.035612404346466064,0.0,0.0,0.0,0.0,0.0,1.2936110496520996,0.034310080111026764,0.0,0.0,0.0,0.0,1.3308333158493042,0.04052713140845299,0.0,0.0,0.0,1.2472223043441772,0.04115504026412964,0.0,0.0,1.2827777862548828,0.039519380778074265,7.716049731243402e-05,1.3250001668930054,0.041193801909685135,1.1580555438995361,0.038054969161748886,0.03341860696673393,1.4029181329533458e-06
P6-R7-WFD,matched512,875849129,1,1.318359375,91.41421290260303,1.5050965547561646,4.3745706523172965,2.421132802963257,2.38671875,1.3527734279632568,1.1513476371765137,1.11328125,56.36000061035156,3.757333278656006,0.9930000305175781,0.8426666855812073,0.09000000357627869,0.8,0.078125,3.4,94.84206553882075,75.0990909090909,4.785164833068848,15.686620265236153,0.0073385415598750114,0.099609375,1.3086111545562744,0.03341860696673393,0.0,0.0,0.0,0.0,0.0,0.0,0.0,0.0,0.0,0.0,1.2558332681655884,0.04059689864516258,0.0,0.0,0.0,0.0,0.0,0.0,0.0,0.0,0.0,1.2538888454437256,0.0390697680413723,0.0,0.0,0.0,0.0,0.0,0.0,0.0,0.0,1.3002777099609375,0.03434108570218086,0.0,0.0,0.0,0.0,0.0,0.0,0.0,1.3136111497879028,0.03886046260595322,0.0,0.0,0.0,0.0,0.0,0.0,1.3083332777023315,0.035612404346466064,0.0,0.0,0.0,0.0,0.0,1.2936110496520996,0.034310080111026764,0.0,0.0,0.0,0.0,1.3308333158493042,0.04052713140845299,0.0,0.0,0.0,1.2472223043441772,0.04115504026412964,0.0,0.0,1.2827777862548828,0.039519380778074265,7.716049731243402e-05,1.3250001668930054,0.041193801909685135,1.1580555438995361,0.038054969161748886,0.03341860696673393,1.4029181329533458e-06
P6-R7-WFD,full519,875849129,2,1.300578034682081,90.73045591964234,1.520310640335083,4.430492614668767,2.3894028663635254,2.3545279383429674,1.3354334831237793,1.1364161968231201,1.0982658959537572,56.36000061035156,3.757333278656006,0.9930000305175781,0.8426666855812073,0.09000000357627869,0.8,0.07707129094412331,3.4,94.89223544723023,74.99300000000001,4.812946796417236,15.385027319840933,0.007239563390612602,0.09826589595375723,1.3086111545562744,0.03341860696673393,0.0,0.0,0.0,0.0,0.0,0.0,0.0,0.0,0.0,0.0,1.2558332681655884,0.04059689864516258,0.0,0.0,0.0,0.0,0.0,0.0,0.0,0.0,0.0,1.2538888454437256,0.0390697680413723,0.0,0.0,0.0,0.0,0.0,0.0,0.0,0.0,1.3002777099609375,0.03434108570218086,0.0,0.0,0.0,0.0,0.0,0.0,0.0,1.3136111497879028,0.03886046260595322,0.0,0.0,0.0,0.0,0.0,0.0,1.3083332777023315,0.035612404346466064,0.0,0.0,0.0,0.0,0.0,1.2936110496520996,0.034310080111026764,0.0,0.0,0.0,0.0,1.3308333158493042,0.04052713140845299,0.0,0.0,0.0,1.2472223043441772,0.04115504026412964,0.0,0.0,1.2827777862548828,0.039519380778074265,7.716049731243402e-05,1.3250001668930054,0.041193801909685135,1.1580555438995361,0.038054969161748886,0.03341860696673393,1.4029181329533458e-06
P6-R7-WFD,matched512,875849129,2,1.318359375,91.44667402047823,1.5059009790420532,4.355067263711889,2.421132802963257,2.38671875,1.3527734279632568,1.1513476371765137,1.11328125,56.36000061035156,3.757333278656006,0.9930000305175781,0.8426666855812073,0.09000000357627869,0.8,0.078125,3.4,94.89223544723023,74.99300000000001,4.812946796417236,15.385027319840933,0.0073385415598750114,0.099609375,1.3086111545562744,0.03341860696673393,0.0,0.0,0.0,0.0,0.0,0.0,0.0,0.0,0.0,0.0,1.2558332681655884,0.04059689864516258,0.0,0.0,0.0,0.0,0.0,0.0,0.0,0.0,0.0,1.2538888454437256,0.0390697680413723,0.0,0.0,0.0,0.0,0.0,0.0,0.0,0.0,1.3002777099609375,0.03434108570218086,0.0,0.0,0.0,0.0,0.0,0.0,0.0,1.3136111497879028,0.03886046260595322,0.0,0.0,0.0,0.0,0.0,0.0,1.3083332777023315,0.035612404346466064,0.0,0.0,0.0,0.0,0.0,1.2936110496520996,0.034310080111026764,0.0,0.0,0.0,0.0,1.3308333158493042,0.04052713140845299,0.0,0.0,0.0,1.2472223043441772,0.04115504026412964,0.0,0.0,1.2827777862548828,0.039519380778074265,7.716049731243402e-05,1.3250001668930054,0.041193801909685135,1.1580555438995361,0.038054969161748886,0.03341860696673393,1.4029181329533458e-06
P6-R7-WFD,full519,875849129,3,1.300578034682081,90.96585601194995,1.4911202192306519,4.402475626523975,2.3894028663635254,2.3545279383429674,1.3354334831237793,1.1364161968231201,1.0982658959537572,56.36000061035156,3.757333278656006,0.9930000305175781,0.8426666855812073,0.09000000357627869,0.8,0.07707129094412331,3.4,94.83405043323445,75.47545454545455,4.854114055633545,15.411280649940846,0.007239563390612602,0.09826589595375723,1.3086111545562744,0.03341860696673393,0.0,0.0,0.0,0.0,0.0,0.0,0.0,0.0,0.0,0.0,1.2558332681655884,0.04059689864516258,0.0,0.0,0.0,0.0,0.0,0.0,0.0,0.0,0.0,1.2538888454437256,0.0390697680413723,0.0,0.0,0.0,0.0,0.0,0.0,0.0,0.0,1.3002777099609375,0.03434108570218086,0.0,0.0,0.0,0.0,0.0,0.0,0.0,1.3136111497879028,0.03886046260595322,0.0,0.0,0.0,0.0,0.0,0.0,1.3083332777023315,0.035612404346466064,0.0,0.0,0.0,0.0,0.0,1.2936110496520996,0.034310080111026764,0.0,0.0,0.0,0.0,1.3308333158493042,0.04052713140845299,0.0,0.0,0.0,1.2472223043441772,0.04115504026412964,0.0,0.0,1.2827777862548828,0.039519380778074265,7.716049731243402e-05,1.3250001668930054,0.041193801909685135,1.1580555438995361,0.038054969161748886,0.03341860696673393,1.4029181329533458e-06
P6-R7-WFD,matched512,875849129,3,1.318359375,91.66729837930083,1.4767636060714722,4.32367176864059,2.421132802963257,2.38671875,1.3527734279632568,1.1513476371765137,1.11328125,56.36000061035156,3.757333278656006,0.9930000305175781,0.8426666855812073,0.09000000357627869,0.8,0.078125,3.4,94.83405043323445,75.47545454545455,4.854114055633545,15.411280649940846,0.0073385415598750114,0.099609375,1.3086111545562744,0.03341860696673393,0.0,0.0,0.0,0.0,0.0,0.0,0.0,0.0,0.0,0.0,1.2558332681655884,0.04059689864516258,0.0,0.0,0.0,0.0,0.0,0.0,0.0,0.0,0.0,1.2538888454437256,0.0390697680413723,0.0,0.0,0.0,0.0,0.0,0.0,0.0,0.0,1.3002777099609375,0.03434108570218086,0.0,0.0,0.0,0.0,0.0,0.0,0.0,1.3136111497879028,0.03886046260595322,0.0,0.0,0.0,0.0,0.0,0.0,1.3083332777023315,0.035612404346466064,0.0,0.0,0.0,0.0,0.0,1.2936110496520996,0.034310080111026764,0.0,0.0,0.0,0.0,1.3308333158493042,0.04052713140845299,0.0,0.0,0.0,1.2472223043441772,0.04115504026412964,0.0,0.0,1.2827777862548828,0.039519380778074265,7.716049731243402e-05,1.3250001668930054,0.041193801909685135,1.1580555438995361,0.038054969161748886,0.03341860696673393,1.4029181329533458e-06
P6-R7-WFD,full519,875849129,4,1.300578034682081,90.84038249895042,1.4927160739898682,4.448627369064867,2.3894028663635254,2.3545279383429674,1.3354334831237793,1.1364161968231201,1.0982658959537572,56.36000061035156,3.757333278656006,0.9930000305175781,0.8426666855812073,0.09000000357627869,0.8,0.07707129094412331,3.4,94.72209796543477,74.90090909090908,4.890799045562744,15.453902456863883,0.007239563390612602,0.09826589595375723,1.3086111545562744,0.03341860696673393,0.0,0.0,0.0,0.0,0.0,0.0,0.0,0.0,0.0,0.0,1.2558332681655884,0.04059689864516258,0.0,0.0,0.0,0.0,0.0,0.0,0.0,0.0,0.0,1.2538888454437256,0.0390697680413723,0.0,0.0,0.0,0.0,0.0,0.0,0.0,0.0,1.3002777099609375,0.03434108570218086,0.0,0.0,0.0,0.0,0.0,0.0,0.0,1.3136111497879028,0.03886046260595322,0.0,0.0,0.0,0.0,0.0,0.0,1.3083332777023315,0.035612404346466064,0.0,0.0,0.0,0.0,0.0,1.2936110496520996,0.034310080111026764,0.0,0.0,0.0,0.0,1.3308333158493042,0.04052713140845299,0.0,0.0,0.0,1.2472223043441772,0.04115504026412964,0.0,0.0,1.2827777862548828,0.039519380778074265,7.716049731243402e-05,1.3250001668930054,0.041193801909685135,1.1580555438995361,0.038054969161748886,0.03341860696673393,1.4029181329533458e-06
P6-R7-WFD,matched512,875849129,4,1.318359375,91.52850311781319,1.4784080982208252,4.3694348963091345,2.421132802963257,2.38671875,1.3527734279632568,1.1513476371765137,1.11328125,56.36000061035156,3.757333278656006,0.9930000305175781,0.8426666855812073,0.09000000357627869,0.8,0.078125,3.4,94.72209796543477,74.90090909090908,4.890799045562744,15.453902456863883,0.0073385415598750114,0.099609375,1.3086111545562744,0.03341860696673393,0.0,0.0,0.0,0.0,0.0,0.0,0.0,0.0,0.0,0.0,1.2558332681655884,0.04059689864516258,0.0,0.0,0.0,0.0,0.0,0.0,0.0,0.0,0.0,1.2538888454437256,0.0390697680413723,0.0,0.0,0.0,0.0,0.0,0.0,0.0,0.0,1.3002777099609375,0.03434108570218086,0.0,0.0,0.0,0.0,0.0,0.0,0.0,1.3136111497879028,0.03886046260595322,0.0,0.0,0.0,0.0,0.0,0.0,1.3083332777023315,0.035612404346466064,0.0,0.0,0.0,0.0,0.0,1.2936110496520996,0.034310080111026764,0.0,0.0,0.0,0.0,1.3308333158493042,0.04052713140845299,0.0,0.0,0.0,1.2472223043441772,0.04115504026412964,0.0,0.0,1.2827777862548828,0.039519380778074265,7.716049731243402e-05,1.3250001668930054,0.041193801909685135,1.1580555438995361,0.038054969161748886,0.03341860696673393,1.4029181329533458e-06
P7-R5-SYVIRR,full519,55937753,0,1.30635838150289,90.69965529573189,1.45808744430542,4.444219078480913,2.386300563812256,2.348747591522158,1.3327360153198242,1.142158031463623,1.1136801541425818,58.08000183105469,3.872000217437744,0.9915000200271606,0.831333339214325,0.09000000357627869,0.8,0.08092485549132948,3.533333333333333,95.09141645288867,75.18100000000001,4.438847064971924,15.753005065681071,0.007460501044988632,0.10211946050096339,1.3063888549804688,0.033387597650289536,0.0,0.0,0.0,0.0,0.0,0.0,0.0,0.0,0.0,0.0,1.2555556297302246,0.04061240330338478,0.0,0.0,0.0,0.0,0.0,0.0,0.0,0.0,0.0,1.252500057220459,0.03876744210720062,0.0,0.0,0.0,0.0,0.0,0.0,0.0,0.0,1.2958333492279053,0.03437209501862526,0.0,0.0,0.0,0.0,0.0,0.0,0.0,1.3183332681655884,0.0390930250287056,0.0,0.0,0.0,0.0,0.0,0.0,1.3005555868148804,0.03668216988444328,0.0,0.0,0.0,0.0,0.0,1.295277714729309,0.03427907079458237,0.0,0.0,0.0,0.0,1.3336111307144165,0.04065891355276108,0.0,0.0,0.0,1.2477777004241943,0.04101550579071045,0.0,0.0,1.2850000858306885,0.039271313697099686,3.858024865621701e-05,1.3236111402511597,0.040689919143915176,1.145277738571167,0.03807540508833798,0.033387597650289536,7.014590664766729e-07
P7-R5-SYVIRR,matched512,55937753,0,1.32421875,91.43544252866273,1.4430391788482666,4.365548851843977,2.41796875,2.380859375,1.3500194549560547,1.1571483612060547,1.12890625,58.08000183105469,3.872000217437744,0.9915000200271606,0.831333339214325,0.09000000357627869,0.8,0.08203125,3.533333333333333,95.09141645288867,75.18100000000001,4.438847064971924,15.753005065681071,0.007562500424683094,0.103515625,1.3063888549804688,0.033387597650289536,0.0,0.0,0.0,0.0,0.0,0.0,0.0,0.0,0.0,0.0,1.2555556297302246,0.04061240330338478,0.0,0.0,0.0,0.0,0.0,0.0,0.0,0.0,0.0,1.252500057220459,0.03876744210720062,0.0,0.0,0.0,0.0,0.0,0.0,0.0,0.0,1.2958333492279053,0.03437209501862526,0.0,0.0,0.0,0.0,0.0,0.0,0.0,1.3183332681655884,0.0390930250287056,0.0,0.0,0.0,0.0,0.0,0.0,1.3005555868148804,0.03668216988444328,0.0,0.0,0.0,0.0,0.0,1.295277714729309,0.03427907079458237,0.0,0.0,0.0,0.0,1.3336111307144165,0.04065891355276108,0.0,0.0,0.0,1.2477777004241943,0.04101550579071045,0.0,0.0,1.2850000858306885,0.039271313697099686,3.858024865621701e-05,1.3236111402511597,0.040689919143915176,1.145277738571167,0.03807540508833798,0.033387597650289536,7.014590664766729e-07
P7-R5-SYVIRR,full519,55937753,1,1.30635838150289,90.7146671560082,1.472802758216858,4.383448771928135,2.386300563812256,2.348747591522158,1.3327360153198242,1.142158031463623,1.1136801541425818,58.08000183105469,3.872000217437744,0.9915000200271606,0.831333339214325,0.09000000357627869,0.8,0.08092485549132948,3.533333333333333,95.05949835741676,71.558,4.491119384765625,15.789131195970784,0.007460501044988632,0.10211946050096339,1.3063888549804688,0.033387597650289536,0.0,0.0,0.0,0.0,0.0,0.0,0.0,0.0,0.0,0.0,1.2555556297302246,0.04061240330338478,0.0,0.0,0.0,0.0,0.0,0.0,0.0,0.0,0.0,1.252500057220459,0.03876744210720062,0.0,0.0,0.0,0.0,0.0,0.0,0.0,0.0,1.2958333492279053,0.03437209501862526,0.0,0.0,0.0,0.0,0.0,0.0,0.0,1.3183332681655884,0.0390930250287056,0.0,0.0,0.0,0.0,0.0,0.0,1.3005555868148804,0.03668216988444328,0.0,0.0,0.0,0.0,0.0,1.295277714729309,0.03427907079458237,0.0,0.0,0.0,0.0,1.3336111307144165,0.04065891355276108,0.0,0.0,0.0,1.2477777004241943,0.04101550579071045,0.0,0.0,1.2850000858306885,0.039271313697099686,3.858024865621701e-05,1.3236111402511597,0.040689919143915176,1.145277738571167,0.03807540508833798,0.033387597650289536,7.014590664766729e-07
P7-R5-SYVIRR,matched512,55937753,1,1.32421875,91.42097553943452,1.4578536748886108,4.302073907330369,2.41796875,2.380859375,1.3500194549560547,1.1571483612060547,1.12890625,58.08000183105469,3.872000217437744,0.9915000200271606,0.831333339214325,0.09000000357627869,0.8,0.08203125,3.533333333333333,95.05949835741676,71.558,4.491119384765625,15.789131195970784,0.007562500424683094,0.103515625,1.3063888549804688,0.033387597650289536,0.0,0.0,0.0,0.0,0.0,0.0,0.0,0.0,0.0,0.0,1.2555556297302246,0.04061240330338478,0.0,0.0,0.0,0.0,0.0,0.0,0.0,0.0,0.0,1.252500057220459,0.03876744210720062,0.0,0.0,0.0,0.0,0.0,0.0,0.0,0.0,1.2958333492279053,0.03437209501862526,0.0,0.0,0.0,0.0,0.0,0.0,0.0,1.3183332681655884,0.0390930250287056,0.0,0.0,0.0,0.0,0.0,0.0,1.3005555868148804,0.03668216988444328,0.0,0.0,0.0,0.0,0.0,1.295277714729309,0.03427907079458237,0.0,0.0,0.0,0.0,1.3336111307144165,0.04065891355276108,0.0,0.0,0.0,1.2477777004241943,0.04101550579071045,0.0,0.0,1.2850000858306885,0.039271313697099686,3.858024865621701e-05,1.3236111402511597,0.040689919143915176,1.145277738571167,0.03807540508833798,0.033387597650289536,7.014590664766729e-07
P7-R5-SYVIRR,full519,55937753,2,1.30635838150289,90.2967688674524,1.5296815633773804,4.394611472827215,2.386300563812256,2.348747591522158,1.3327360153198242,1.142158031463623,1.1136801541425818,58.08000183105469,3.872000217437744,0.9915000200271606,0.831333339214325,0.09000000357627869,0.8,0.08092485549132948,3.533333333333333,94.8363932354297,69.88399999999999,4.613913536071777,15.52513259537341,0.007460501044988632,0.10211946050096339,1.3063888549804688,0.033387597650289536,0.0,0.0,0.0,0.0,0.0,0.0,0.0,0.0,0.0,0.0,1.2555556297302246,0.04061240330338478,0.0,0.0,0.0,0.0,0.0,0.0,0.0,0.0,0.0,1.252500057220459,0.03876744210720062,0.0,0.0,0.0,0.0,0.0,0.0,0.0,0.0,1.2958333492279053,0.03437209501862526,0.0,0.0,0.0,0.0,0.0,0.0,0.0,1.3183332681655884,0.0390930250287056,0.0,0.0,0.0,0.0,0.0,0.0,1.3005555868148804,0.03668216988444328,0.0,0.0,0.0,0.0,0.0,1.295277714729309,0.03427907079458237,0.0,0.0,0.0,0.0,1.3336111307144165,0.04065891355276108,0.0,0.0,0.0,1.2477777004241943,0.04101550579071045,0.0,0.0,1.2850000858306885,0.039271313697099686,3.858024865621701e-05,1.3236111402511597,0.040689919143915176,1.145277738571167,0.03807540508833798,0.033387597650289536,7.014590664766729e-07
P7-R5-SYVIRR,matched512,55937753,2,1.32421875,90.99069279077042,1.5149694681167603,4.315747952294854,2.41796875,2.380859375,1.3500194549560547,1.1571483612060547,1.12890625,58.08000183105469,3.872000217437744,0.9915000200271606,0.831333339214325,0.09000000357627869,0.8,0.08203125,3.533333333333333,94.8363932354297,69.88399999999999,4.613913536071777,15.52513259537341,0.007562500424683094,0.103515625,1.3063888549804688,0.033387597650289536,0.0,0.0,0.0,0.0,0.0,0.0,0.0,0.0,0.0,0.0,1.2555556297302246,0.04061240330338478,0.0,0.0,0.0,0.0,0.0,0.0,0.0,0.0,0.0,1.252500057220459,0.03876744210720062,0.0,0.0,0.0,0.0,0.0,0.0,0.0,0.0,1.2958333492279053,0.03437209501862526,0.0,0.0,0.0,0.0,0.0,0.0,0.0,1.3183332681655884,0.0390930250287056,0.0,0.0,0.0,0.0,0.0,0.0,1.3005555868148804,0.03668216988444328,0.0,0.0,0.0,0.0,0.0,1.295277714729309,0.03427907079458237,0.0,0.0,0.0,0.0,1.3336111307144165,0.04065891355276108,0.0,0.0,0.0,1.2477777004241943,0.04101550579071045,0.0,0.0,1.2850000858306885,0.039271313697099686,3.858024865621701e-05,1.3236111402511597,0.040689919143915176,1.145277738571167,0.03807540508833798,0.033387597650289536,7.014590664766729e-07
P7-R5-SYVIRR,full519,55937753,3,1.30635838150289,90.38698688578602,1.5435476303100586,4.408791329679854,2.386300563812256,2.348747591522158,1.3327360153198242,1.142158031463623,1.1136801541425818,58.08000183105469,3.872000217437744,0.9915000200271606,0.831333339214325,0.09000000357627869,0.8,0.08092485549132948,3.533333333333333,94.92549435993533,75.09,4.602438449859619,15.51539536094525,0.007460501044988632,0.10211946050096339,1.3063888549804688,0.033387597650289536,0.0,0.0,0.0,0.0,0.0,0.0,0.0,0.0,0.0,0.0,1.2555556297302246,0.04061240330338478,0.0,0.0,0.0,0.0,0.0,0.0,0.0,0.0,0.0,1.252500057220459,0.03876744210720062,0.0,0.0,0.0,0.0,0.0,0.0,0.0,0.0,1.2958333492279053,0.03437209501862526,0.0,0.0,0.0,0.0,0.0,0.0,0.0,1.3183332681655884,0.0390930250287056,0.0,0.0,0.0,0.0,0.0,0.0,1.3005555868148804,0.03668216988444328,0.0,0.0,0.0,0.0,0.0,1.295277714729309,0.03427907079458237,0.0,0.0,0.0,0.0,1.3336111307144165,0.04065891355276108,0.0,0.0,0.0,1.2477777004241943,0.04101550579071045,0.0,0.0,1.2850000858306885,0.039271313697099686,3.858024865621701e-05,1.3236111402511597,0.040689919143915176,1.145277738571167,0.03807540508833798,0.033387597650289536,7.014590664766729e-07
P7-R5-SYVIRR,matched512,55937753,3,1.32421875,91.09980283372226,1.5288928747177124,4.334890695680875,2.41796875,2.380859375,1.3500194549560547,1.1571483612060547,1.12890625,58.08000183105469,3.872000217437744,0.9915000200271606,0.831333339214325,0.09000000357627869,0.8,0.08203125,3.533333333333333,94.92549435993533,75.09,4.602438449859619,15.51539536094525,0.007562500424683094,0.103515625,1.3063888549804688,0.033387597650289536,0.0,0.0,0.0,0.0,0.0,0.0,0.0,0.0,0.0,0.0,1.2555556297302246,0.04061240330338478,0.0,0.0,0.0,0.0,0.0,0.0,0.0,0.0,0.0,1.252500057220459,0.03876744210720062,0.0,0.0,0.0,0.0,0.0,0.0,0.0,0.0,1.2958333492279053,0.03437209501862526,0.0,0.0,0.0,0.0,0.0,0.0,0.0,1.3183332681655884,0.0390930250287056,0.0,0.0,0.0,0.0,0.0,0.0,1.3005555868148804,0.03668216988444328,0.0,0.0,0.0,0.0,0.0,1.295277714729309,0.03427907079458237,0.0,0.0,0.0,0.0,1.3336111307144165,0.04065891355276108,0.0,0.0,0.0,1.2477777004241943,0.04101550579071045,0.0,0.0,1.2850000858306885,0.039271313697099686,3.858024865621701e-05,1.3236111402511597,0.040689919143915176,1.145277738571167,0.03807540508833798,0.033387597650289536,7.014590664766729e-07
P7-R5-SYVIRR,full519,55937753,4,1.30635838150289,90.67222227087834,1.5069011449813843,4.445604119824357,2.386300563812256,2.348747591522158,1.3327360153198242,1.142158031463623,1.1136801541425818,58.08000183105469,3.872000217437744,0.9915000200271606,0.831333339214325,0.09000000357627869,0.8,0.08092485549132948,3.533333333333333,95.05417482112796,76.2690909090909,4.61837100982666,15.855688712952468,0.007460501044988632,0.10211946050096339,1.3063888549804688,0.033387597650289536,0.0,0.0,0.0,0.0,0.0,0.0,0.0,0.0,0.0,0.0,1.2555556297302246,0.04061240330338478,0.0,0.0,0.0,0.0,0.0,0.0,0.0,0.0,0.0,1.252500057220459,0.03876744210720062,0.0,0.0,0.0,0.0,0.0,0.0,0.0,0.0,1.2958333492279053,0.03437209501862526,0.0,0.0,0.0,0.0,0.0,0.0,0.0,1.3183332681655884,0.0390930250287056,0.0,0.0,0.0,0.0,0.0,0.0,1.3005555868148804,0.03668216988444328,0.0,0.0,0.0,0.0,0.0,1.295277714729309,0.03427907079458237,0.0,0.0,0.0,0.0,1.3336111307144165,0.04065891355276108,0.0,0.0,0.0,1.2477777004241943,0.04101550579071045,0.0,0.0,1.2850000858306885,0.039271313697099686,3.858024865621701e-05,1.3236111402511597,0.040689919143915176,1.145277738571167,0.03807540508833798,0.033387597650289536,7.014590664766729e-07
P7-R5-SYVIRR,matched512,55937753,4,1.32421875,91.38393342605745,1.4922209978103638,4.3670662811846706,2.41796875,2.380859375,1.3500194549560547,1.1571483612060547,1.12890625,58.08000183105469,3.872000217437744,0.9915000200271606,0.831333339214325,0.09000000357627869,0.8,0.08203125,3.533333333333333,95.05417482112796,76.2690909090909,4.61837100982666,15.855688712952468,0.007562500424683094,0.103515625,1.3063888549804688,0.033387597650289536,0.0,0.0,0.0,0.0,0.0,0.0,0.0,0.0,0.0,0.0,1.2555556297302246,0.04061240330338478,0.0,0.0,0.0,0.0,0.0,0.0,0.0,0.0,0.0,1.252500057220459,0.03876744210720062,0.0,0.0,0.0,0.0,0.0,0.0,0.0,0.0,1.2958333492279053,0.03437209501862526,0.0,0.0,0.0,0.0,0.0,0.0,0.0,1.3183332681655884,0.0390930250287056,0.0,0.0,0.0,0.0,0.0,0.0,1.3005555868148804,0.03668216988444328,0.0,0.0,0.0,0.0,0.0,1.295277714729309,0.03427907079458237,0.0,0.0,0.0,0.0,1.3336111307144165,0.04065891355276108,0.0,0.0,0.0,1.2477777004241943,0.04101550579071045,0.0,0.0,1.2850000858306885,0.039271313697099686,3.858024865621701e-05,1.3236111402511597,0.040689919143915176,1.145277738571167,0.03807540508833798,0.033387597650289536,7.014590664766729e-07
P4-R5-SHE+P7-R5-SHE,full519,378840504,0,1.3179190751445087,91.71706609933635,1.432316541671753,4.2945413290290855,2.3941426277160645,2.3699421965317917,1.338516354560852,1.14048171043396,1.117533718689788,49.959999084472656,3.3306665420532227,0.9539998769760132,0.7286666631698608,0.17000000178813934,0.7333333333333333,0.06165703275529865,2.7333333333333334,95.13017771381139,76.7309090909091,4.811008453369141,14.628772808816677,0.006417469587177038,0.0789980732177264,1.3013888597488403,0.03396124020218849,0.0,0.0,0.0,0.0,0.0,0.0,0.0,0.0,0.0,0.0,1.2558332681655884,0.04074418544769287,0.0,0.0,0.0,0.0,0.0,0.0,0.0,0.0,0.0,1.2494444847106934,0.03868217021226883,0.0,0.0,0.0,0.0,0.0,0.0,0.0,0.0,1.290555477142334,0.034325581043958664,0.0,0.0,0.0,0.0,0.0,0.0,0.0,1.3127777576446533,0.03855038806796074,0.0,0.0,0.0,0.0,0.0,0.0,1.2991667985916138,0.03675193712115288,0.0,0.0,0.0,0.0,0.0,1.2866666316986084,0.03448062017560005,0.0,0.0,0.0,0.0,1.329444408416748,0.04064341261982918,0.0,0.0,0.0,1.2494444847106934,0.04124030843377113,0.0,0.0,1.2850000858306885,0.039899226278066635,0.0001851851848186925,1.3297221660614014,0.042379844933748245,1.1658333539962769,0.03833262859420343,0.03396124020218849,3.3670033603398635e-06
P4-R5-SHE+P7-R5-SHE,matched512,378840504,0,1.3359375,92.38768648468502,1.4173059463500977,4.2133537770640785,2.4258594512939453,2.40234375,1.3558204174041748,1.1554101705551147,1.1328125,49.959999084472656,3.3306665420532227,0.9539998769760132,0.7286666631698608,0.17000000178813934,0.7333333333333333,0.0625,2.7333333333333334,95.13017771381139,76.7309090909091,4.811008453369141,14.628772808816677,0.0065052080899477005,0.080078125,1.3013888597488403,0.03396124020218849,0.0,0.0,0.0,0.0,0.0,0.0,0.0,0.0,0.0,0.0,1.2558332681655884,0.04074418544769287,0.0,0.0,0.0,0.0,0.0,0.0,0.0,0.0,0.0,1.2494444847106934,0.03868217021226883,0.0,0.0,0.0,0.0,0.0,0.0,0.0,0.0,1.290555477142334,0.034325581043958664,0.0,0.0,0.0,0.0,0.0,0.0,0.0,1.3127777576446533,0.03855038806796074,0.0,0.0,0.0,0.0,0.0,0.0,1.2991667985916138,0.03675193712115288,0.0,0.0,0.0,0.0,0.0,1.2866666316986084,0.03448062017560005,0.0,0.0,0.0,0.0,1.329444408416748,0.04064341261982918,0.0,0.0,0.0,1.2494444847106934,0.04124030843377113,0.0,0.0,1.2850000858306885,0.039899226278066635,0.0001851851848186925,1.3297221660614014,0.042379844933748245,1.1658333539962769,0.03833262859420343,0.03396124020218849,3.3670033603398635e-06
P4-R5-SHE+P7-R5-SHE,full519,378840504,1,1.3179190751445087,91.50686964261386,1.4767212867736816,4.408797250112593,2.3941426277160645,2.3699421965317917,1.338516354560852,1.14048171043396,1.117533718689788,49.959999084472656,3.3306665420532227,0.9539998769760132,0.7286666631698608,0.17000000178813934,0.7333333333333333,0.06165703275529865,2.7333333333333334,95.00971152998237,76.48,4.978438377380371,15.27708534615265,0.006417469587177038,0.0789980732177264,1.3013888597488403,0.03396124020218849,0.0,0.0,0.0,0.0,0.0,0.0,0.0,0.0,0.0,0.0,1.2558332681655884,0.04074418544769287,0.0,0.0,0.0,0.0,0.0,0.0,0.0,0.0,0.0,1.2494444847106934,0.03868217021226883,0.0,0.0,0.0,0.0,0.0,0.0,0.0,0.0,1.290555477142334,0.034325581043958664,0.0,0.0,0.0,0.0,0.0,0.0,0.0,1.3127777576446533,0.03855038806796074,0.0,0.0,0.0,0.0,0.0,0.0,1.2991667985916138,0.03675193712115288,0.0,0.0,0.0,0.0,0.0,1.2866666316986084,0.03448062017560005,0.0,0.0,0.0,0.0,1.329444408416748,0.04064341261982918,0.0,0.0,0.0,1.2494444847106934,0.04124030843377113,0.0,0.0,1.2850000858306885,0.039899226278066635,0.0001851851848186925,1.3297221660614014,0.042379844933748245,1.1658333539962769,0.03833262859420343,0.03396124020218849,3.3670033603398635e-06
P4-R5-SHE+P7-R5-SHE,matched512,378840504,1,1.3359375,92.18226203511115,1.4613796472549438,4.333439298485013,2.4258594512939453,2.40234375,1.3558204174041748,1.1554101705551147,1.1328125,49.959999084472656,3.3306665420532227,0.9539998769760132,0.7286666631698608,0.17000000178813934,0.7333333333333333,0.0625,2.7333333333333334,95.00971152998237,76.48,4.978438377380371,15.27708534615265,0.0065052080899477005,0.080078125,1.3013888597488403,0.03396124020218849,0.0,0.0,0.0,0.0,0.0,0.0,0.0,0.0,0.0,0.0,1.2558332681655884,0.04074418544769287,0.0,0.0,0.0,0.0,0.0,0.0,0.0,0.0,0.0,1.2494444847106934,0.03868217021226883,0.0,0.0,0.0,0.0,0.0,0.0,0.0,0.0,1.290555477142334,0.034325581043958664,0.0,0.0,0.0,0.0,0.0,0.0,0.0,1.3127777576446533,0.03855038806796074,0.0,0.0,0.0,0.0,0.0,0.0,1.2991667985916138,0.03675193712115288,0.0,0.0,0.0,0.0,0.0,1.2866666316986084,0.03448062017560005,0.0,0.0,0.0,0.0,1.329444408416748,0.04064341261982918,0.0,0.0,0.0,1.2494444847106934,0.04124030843377113,0.0,0.0,1.2850000858306885,0.039899226278066635,0.0001851851848186925,1.3297221660614014,0.042379844933748245,1.1658333539962769,0.03833262859420343,0.03396124020218849,3.3670033603398635e-06
P4-R5-SHE+P7-R5-SHE,full519,378840504,2,1.3179190751445087,91.3981836115073,1.4821099042892456,4.349559812260829,2.3941426277160645,2.3699421965317917,1.338516354560852,1.14048171043396,1.117533718689788,49.959999084472656,3.3306665420532227,0.9539998769760132,0.7286666631698608,0.17000000178813934,0.7333333333333333,0.06165703275529865,2.7333333333333334,94.93436037123884,76.2609090909091,4.973748683929443,14.791048777401116,0.006417469587177038,0.0789980732177264,1.3013888597488403,0.03396124020218849,0.0,0.0,0.0,0.0,0.0,0.0,0.0,0.0,0.0,0.0,1.2558332681655884,0.04074418544769287,0.0,0.0,0.0,0.0,0.0,0.0,0.0,0.0,0.0,1.2494444847106934,0.03868217021226883,0.0,0.0,0.0,0.0,0.0,0.0,0.0,0.0,1.290555477142334,0.034325581043958664,0.0,0.0,0.0,0.0,0.0,0.0,0.0,1.3127777576446533,0.03855038806796074,0.0,0.0,0.0,0.0,0.0,0.0,1.2991667985916138,0.03675193712115288,0.0,0.0,0.0,0.0,0.0,1.2866666316986084,0.03448062017560005,0.0,0.0,0.0,0.0,1.329444408416748,0.04064341261982918,0.0,0.0,0.0,1.2494444847106934,0.04124030843377113,0.0,0.0,1.2850000858306885,0.039899226278066635,0.0001851851848186925,1.3297221660614014,0.042379844933748245,1.1658333539962769,0.03833262859420343,0.03396124020218849,3.3670033603398635e-06
P4-R5-SHE+P7-R5-SHE,matched512,378840504,2,1.3359375,92.06266724161254,1.46695077419281,4.272631630462157,2.4258594512939453,2.40234375,1.3558204174041748,1.1554101705551147,1.1328125,49.959999084472656,3.3306665420532227,0.9539998769760132,0.7286666631698608,0.17000000178813934,0.7333333333333333,0.0625,2.7333333333333334,94.93436037123884,76.2609090909091,4.973748683929443,14.791048777401116,0.0065052080899477005,0.080078125,1.3013888597488403,0.03396124020218849,0.0,0.0,0.0,0.0,0.0,0.0,0.0,0.0,0.0,0.0,1.2558332681655884,0.04074418544769287,0.0,0.0,0.0,0.0,0.0,0.0,0.0,0.0,0.0,1.2494444847106934,0.03868217021226883,0.0,0.0,0.0,0.0,0.0,0.0,0.0,0.0,1.290555477142334,0.034325581043958664,0.0,0.0,0.0,0.0,0.0,0.0,0.0,1.3127777576446533,0.03855038806796074,0.0,0.0,0.0,0.0,0.0,0.0,1.2991667985916138,0.03675193712115288,0.0,0.0,0.0,0.0,0.0,1.2866666316986084,0.03448062017560005,0.0,0.0,0.0,0.0,1.329444408416748,0.04064341261982918,0.0,0.0,0.0,1.2494444847106934,0.04124030843377113,0.0,0.0,1.2850000858306885,0.039899226278066635,0.0001851851848186925,1.3297221660614014,0.042379844933748245,1.1658333539962769,0.03833262859420343,0.03396124020218849,3.3670033603398635e-06
P4-R5-SHE+P7-R5-SHE,full519,378840504,3,1.3179190751445087,91.51067559228397,1.4645878076553345,4.389269386986591,2.3941426277160645,2.3699421965317917,1.338516354560852,1.14048171043396,1.117533718689788,49.959999084472656,3.3306665420532227,0.9539998769760132,0.7286666631698608,0.17000000178813934,0.7333333333333333,0.06165703275529865,2.7333333333333334,94.90082551206508,75.95454545454545,4.978393077850342,15.42526244213544,0.006417469587177038,0.0789980732177264,1.3013888597488403,0.03396124020218849,0.0,0.0,0.0,0.0,0.0,0.0,0.0,0.0,0.0,0.0,1.2558332681655884,0.04074418544769287,0.0,0.0,0.0,0.0,0.0,0.0,0.0,0.0,0.0,1.2494444847106934,0.03868217021226883,0.0,0.0,0.0,0.0,0.0,0.0,0.0,0.0,1.290555477142334,0.034325581043958664,0.0,0.0,0.0,0.0,0.0,0.0,0.0,1.3127777576446533,0.03855038806796074,0.0,0.0,0.0,0.0,0.0,0.0,1.2991667985916138,0.03675193712115288,0.0,0.0,0.0,0.0,0.0,1.2866666316986084,0.03448062017560005,0.0,0.0,0.0,0.0,1.329444408416748,0.04064341261982918,0.0,0.0,0.0,1.2494444847106934,0.04124030843377113,0.0,0.0,1.2850000858306885,0.039899226278066635,0.0001851851848186925,1.3297221660614014,0.042379844933748245,1.1658333539962769,0.03833262859420343,0.03396124020218849,3.3670033603398635e-06
P4-R5-SHE+P7-R5-SHE,matched512,378840504,3,1.3359375,92.18555516309863,1.4495642185211182,4.309944875442214,2.4258594512939453,2.40234375,1.3558204174041748,1.1554101705551147,1.1328125,49.959999084472656,3.3306665420532227,0.9539998769760132,0.7286666631698608,0.17000000178813934,0.7333333333333333,0.0625,2.7333333333333334,94.90082551206508,75.95454545454545,4.978393077850342,15.42526244213544,0.0065052080899477005,0.080078125,1.3013888597488403,0.03396124020218849,0.0,0.0,0.0,0.0,0.0,0.0,0.0,0.0,0.0,0.0,1.2558332681655884,0.04074418544769287,0.0,0.0,0.0,0.0,0.0,0.0,0.0,0.0,0.0,1.2494444847106934,0.03868217021226883,0.0,0.0,0.0,0.0,0.0,0.0,0.0,0.0,1.290555477142334,0.034325581043958664,0.0,0.0,0.0,0.0,0.0,0.0,0.0,1.3127777576446533,0.03855038806796074,0.0,0.0,0.0,0.0,0.0,0.0,1.2991667985916138,0.03675193712115288,0.0,0.0,0.0,0.0,0.0,1.2866666316986084,0.03448062017560005,0.0,0.0,0.0,0.0,1.329444408416748,0.04064341261982918,0.0,0.0,0.0,1.2494444847106934,0.04124030843377113,0.0,0.0,1.2850000858306885,0.039899226278066635,0.0001851851848186925,1.3297221660614014,0.042379844933748245,1.1658333539962769,0.03833262859420343,0.03396124020218849,3.3670033603398635e-06
P4-R5-SHE+P7-R5-SHE,full519,378840504,4,1.3179190751445087,91.43093806562736,1.5147267580032349,4.393103766055988,2.3941426277160645,2.3699421965317917,1.338516354560852,1.14048171043396,1.117533718689788,49.959999084472656,3.3306665420532227,0.9539998769760132,0.7286666631698608,0.17000000178813934,0.7333333333333333,0.06165703275529865,2.7333333333333334,94.98469218056891,76.55272727272727,5.050594329833984,15.12415214515224,0.006417469587177038,0.0789980732177264,1.3013888597488403,0.03396124020218849,0.0,0.0,0.0,0.0,0.0,0.0,0.0,0.0,0.0,0.0,1.2558332681655884,0.04074418544769287,0.0,0.0,0.0,0.0,0.0,0.0,0.0,0.0,0.0,1.2494444847106934,0.03868217021226883,0.0,0.0,0.0,0.0,0.0,0.0,0.0,0.0,1.290555477142334,0.034325581043958664,0.0,0.0,0.0,0.0,0.0,0.0,0.0,1.3127777576446533,0.03855038806796074,0.0,0.0,0.0,0.0,0.0,0.0,1.2991667985916138,0.03675193712115288,0.0,0.0,0.0,0.0,0.0,1.2866666316986084,0.03448062017560005,0.0,0.0,0.0,0.0,1.329444408416748,0.04064341261982918,0.0,0.0,0.0,1.2494444847106934,0.04124030843377113,0.0,0.0,1.2850000858306885,0.039899226278066635,0.0001851851848186925,1.3297221660614014,0.042379844933748245,1.1658333539962769,0.03833262859420343,0.03396124020218849,3.3670033603398635e-06
P4-R5-SHE+P7-R5-SHE,matched512,378840504,4,1.3359375,92.09970143327809,1.4998291730880737,4.316773582789279,2.4258594512939453,2.40234375,1.3558204174041748,1.1554101705551147,1.1328125,49.959999084472656,3.3306665420532227,0.9539998769760132,0.7286666631698608,0.17000000178813934,0.7333333333333333,0.0625,2.7333333333333334,94.98469218056891,76.55272727272727,5.050594329833984,15.12415214515224,0.0065052080899477005,0.080078125,1.3013888597488403,0.03396124020218849,0.0,0.0,0.0,0.0,0.0,0.0,0.0,0.0,0.0,0.0,1.2558332681655884,0.04074418544769287,0.0,0.0,0.0,0.0,0.0,0.0,0.0,0.0,0.0,1.2494444847106934,0.03868217021226883,0.0,0.0,0.0,0.0,0.0,0.0,0.0,0.0,1.290555477142334,0.034325581043958664,0.0,0.0,0.0,0.0,0.0,0.0,0.0,1.3127777576446533,0.03855038806796074,0.0,0.0,0.0,0.0,0.0,0.0,1.2991667985916138,0.03675193712115288,0.0,0.0,0.0,0.0,0.0,1.2866666316986084,0.03448062017560005,0.0,0.0,0.0,0.0,1.329444408416748,0.04064341261982918,0.0,0.0,0.0,1.2494444847106934,0.04124030843377113,0.0,0.0,1.2850000858306885,0.039899226278066635,0.0001851851848186925,1.3297221660614014,0.042379844933748245,1.1658333539962769,0.03833262859420343,0.03396124020218849,3.3670033603398635e-06
P4-R5-YYE+P7-P5-YYE,full519,768386762,0,1.3044315992292872,90.83061934442136,1.471435308456421,4.437947818929941,2.3878612518310547,2.352601156069364,1.331772804260254,1.1399999856948853,1.1117533718689787,52.56999969482422,3.504666566848755,0.9845000505447388,0.8333333134651184,0.09000000357627869,0.8666666666666667,0.07129094412331406,3.2,95.30815507756132,78.053,4.445087909698486,15.736180785286319,0.006752729415893555,0.09248554913294797,1.3094444274902344,0.03333333507180214,0.0,0.0,0.0,0.0,0.0,0.0,0.0,0.0,0.0,0.0,1.2563889026641846,0.04066666588187218,0.0,0.0,0.0,0.0,0.0,0.0,0.0,0.0,0.0,1.2541667222976685,0.038844961673021317,0.0,0.0,0.0,0.0,0.0,0.0,0.0,0.0,1.3005555868148804,0.033922482281923294,0.0,0.0,0.0,0.0,0.0,0.0,0.0,1.3180556297302246,0.03955813869833946,0.0,0.0,0.0,0.0,0.0,0.0,1.305833339691162,0.037162791937589645,0.0,0.0,0.0,0.0,0.0,1.290555477142334,0.03415503725409508,0.0,0.0,0.0,0.0,1.328611135482788,0.0403643399477005,0.0,0.0,0.0,1.2480555772781372,0.04117054492235184,0.0,0.0,1.2833333015441895,0.03944185748696327,5.401234739110805e-05,1.326111078262329,0.04092248156666756,1.1480555534362793,0.03814023970202966,0.03333333507180214,9.820426798383282e-07
P4-R5-YYE+P7-P5-YYE,matched512,768386762,0,1.322265625,91.55917335393556,1.4530503749847412,4.361528216119016,2.419316291809082,2.384765625,1.3488085269927979,1.1547656059265137,1.126953125,52.56999969482422,3.504666566848755,0.9845000505447388,0.8333333134651184,0.09000000357627869,0.8666666666666667,0.072265625,3.2,95.30815507756132,78.053,4.445087909698486,15.736180785286319,0.006845051888376474,0.09375,1.3094444274902344,0.03333333507180214,0.0,0.0,0.0,0.0,0.0,0.0,0.0,0.0,0.0,0.0,1.2563889026641846,0.04066666588187218,0.0,0.0,0.0,0.0,0.0,0.0,0.0,0.0,0.0,1.2541667222976685,0.038844961673021317,0.0,0.0,0.0,0.0,0.0,0.0,0.0,0.0,1.3005555868148804,0.033922482281923294,0.0,0.0,0.0,0.0,0.0,0.0,0.0,1.3180556297302246,0.03955813869833946,0.0,0.0,0.0,0.0,0.0,0.0,1.305833339691162,0.037162791937589645,0.0,0.0,0.0,0.0,0.0,1.290555477142334,0.03415503725409508,0.0,0.0,0.0,0.0,1.328611135482788,0.0403643399477005,0.0,0.0,0.0,1.2480555772781372,0.04117054492235184,0.0,0.0,1.2833333015441895,0.03944185748696327,5.401234739110805e-05,1.326111078262329,0.04092248156666756,1.1480555534362793,0.03814023970202966,0.03333333507180214,9.820426798383282e-07
P4-R5-YYE+P7-P5-YYE,full519,768386762,1,1.3044315992292872,90.68444932465307,1.4584619998931885,4.418343294227977,2.3878612518310547,2.352601156069364,1.331772804260254,1.1399999856948853,1.1117533718689787,52.56999969482422,3.504666566848755,0.9845000505447388,0.8333333134651184,0.09000000357627869,0.8666666666666667,0.07129094412331406,3.2,95.11195707905779,76.60272727272728,4.498727321624756,15.432644819866058,0.006752729415893555,0.09248554913294797,1.3094444274902344,0.03333333507180214,0.0,0.0,0.0,0.0,0.0,0.0,0.0,0.0,0.0,0.0,1.2563889026641846,0.04066666588187218,0.0,0.0,0.0,0.0,0.0,0.0,0.0,0.0,0.0,1.2541667222976685,0.038844961673021317,0.0,0.0,0.0,0.0,0.0,0.0,0.0,0.0,1.3005555868148804,0.033922482281923294,0.0,0.0,0.0,0.0,0.0,0.0,0.0,1.3180556297302246,0.03955813869833946,0.0,0.0,0.0,0.0,0.0,0.0,1.305833339691162,0.037162791937589645,0.0,0.0,0.0,0.0,0.0,1.290555477142334,0.03415503725409508,0.0,0.0,0.0,0.0,1.328611135482788,0.0403643399477005,0.0,0.0,0.0,1.2480555772781372,0.04117054492235184,0.0,0.0,1.2833333015441895,0.03944185748696327,5.401234739110805e-05,1.326111078262329,0.04092248156666756,1.1480555534362793,0.03814023970202966,0.03333333507180214,9.820426798383282e-07
P4-R5-YYE+P7-P5-YYE,matched512,768386762,1,1.322265625,91.40704890774373,1.4398595094680786,4.339254028343436,2.419316291809082,2.384765625,1.3488085269927979,1.1547656059265137,1.126953125,52.56999969482422,3.504666566848755,0.9845000505447388,0.8333333134651184,0.09000000357627869,0.8666666666666667,0.072265625,3.2,95.11195707905779,76.60272727272728,4.498727321624756,15.432644819866058,0.006845051888376474,0.09375,1.3094444274902344,0.03333333507180214,0.0,0.0,0.0,0.0,0.0,0.0,0.0,0.0,0.0,0.0,1.2563889026641846,0.04066666588187218,0.0,0.0,0.0,0.0,0.0,0.0,0.0,0.0,0.0,1.2541667222976685,0.038844961673021317,0.0,0.0,0.0,0.0,0.0,0.0,0.0,0.0,1.3005555868148804,0.033922482281923294,0.0,0.0,0.0,0.0,0.0,0.0,0.0,1.3180556297302246,0.03955813869833946,0.0,0.0,0.0,0.0,0.0,0.0,1.305833339691162,0.037162791937589645,0.0,0.0,0.0,0.0,0.0,1.290555477142334,0.03415503725409508,0.0,0.0,0.0,0.0,1.328611135482788,0.0403643399477005,0.0,0.0,0.0,1.2480555772781372,0.04117054492235184,0.0,0.0,1.2833333015441895,0.03944185748696327,5.401234739110805e-05,1.326111078262329,0.04092248156666756,1.1480555534362793,0.03814023970202966,0.03333333507180214,9.820426798383282e-07
P4-R5-YYE+P7-P5-YYE,full519,768386762,2,1.3044315992292872,90.74459718016944,1.4743738174438477,4.473263468991631,2.3878612518310547,2.352601156069364,1.331772804260254,1.1399999856948853,1.1117533718689787,52.56999969482422,3.504666566848755,0.9845000505447388,0.8333333134651184,0.09000000357627869,0.8666666666666667,0.07129094412331406,3.2,95.28725873650527,78.05,4.419927597045898,15.796294059647062,0.006752729415893555,0.09248554913294797,1.3094444274902344,0.03333333507180214,0.0,0.0,0.0,0.0,0.0,0.0,0.0,0.0,0.0,0.0,1.2563889026641846,0.04066666588187218,0.0,0.0,0.0,0.0,0.0,0.0,0.0,0.0,0.0,1.2541667222976685,0.038844961673021317,0.0,0.0,0.0,0.0,0.0,0.0,0.0,0.0,1.3005555868148804,0.033922482281923294,0.0,0.0,0.0,0.0,0.0,0.0,0.0,1.3180556297302246,0.03955813869833946,0.0,0.0,0.0,0.0,0.0,0.0,1.305833339691162,0.037162791937589645,0.0,0.0,0.0,0.0,0.0,1.290555477142334,0.03415503725409508,0.0,0.0,0.0,0.0,1.328611135482788,0.0403643399477005,0.0,0.0,0.0,1.2480555772781372,0.04117054492235184,0.0,0.0,1.2833333015441895,0.03944185748696327,5.401234739110805e-05,1.326111078262329,0.04092248156666756,1.1480555534362793,0.03814023970202966,0.03333333507180214,9.820426798383282e-07
P4-R5-YYE+P7-P5-YYE,matched512,768386762,2,1.322265625,91.48725497581844,1.456286072731018,4.398692871587377,2.419316291809082,2.384765625,1.3488085269927979,1.1547656059265137,1.126953125,52.56999969482422,3.504666566848755,0.9845000505447388,0.8333333134651184,0.09000000357627869,0.8666666666666667,0.072265625,3.2,95.28725873650527,78.05,4.419927597045898,15.796294059647062,0.006845051888376474,0.09375,1.3094444274902344,0.03333333507180214,0.0,0.0,0.0,0.0,0.0,0.0,0.0,0.0,0.0,0.0,1.2563889026641846,0.04066666588187218,0.0,0.0,0.0,0.0,0.0,0.0,0.0,0.0,0.0,1.2541667222976685,0.038844961673021317,0.0,0.0,0.0,0.0,0.0,0.0,0.0,0.0,1.3005555868148804,0.033922482281923294,0.0,0.0,0.0,0.0,0.0,0.0,0.0,1.3180556297302246,0.03955813869833946,0.0,0.0,0.0,0.0,0.0,0.0,1.305833339691162,0.037162791937589645,0.0,0.0,0.0,0.0,0.0,1.290555477142334,0.03415503725409508,0.0,0.0,0.0,0.0,1.328611135482788,0.0403643399477005,0.0,0.0,0.0,1.2480555772781372,0.04117054492235184,0.0,0.0,1.2833333015441895,0.03944185748696327,5.401234739110805e-05,1.326111078262329,0.04092248156666756,1.1480555534362793,0.03814023970202966,0.03333333507180214,9.820426798383282e-07
P4-R5-YYE+P7-P5-YYE,full519,768386762,3,1.3044315992292872,90.83888471627922,1.4420093297958374,4.417469160529266,2.3878612518310547,2.352601156069364,1.331772804260254,1.1399999856948853,1.1117533718689787,52.56999969482422,3.504666566848755,0.9845000505447388,0.8333333134651184,0.09000000357627869,0.8666666666666667,0.07129094412331406,3.2,95.2159600594236,76.65,4.477309226989746,15.115837687504529,0.006752729415893555,0.09248554913294797,1.3094444274902344,0.03333333507180214,0.0,0.0,0.0,0.0,0.0,0.0,0.0,0.0,0.0,0.0,1.2563889026641846,0.04066666588187218,0.0,0.0,0.0,0.0,0.0,0.0,0.0,0.0,0.0,1.2541667222976685,0.038844961673021317,0.0,0.0,0.0,0.0,0.0,0.0,0.0,0.0,1.3005555868148804,0.033922482281923294,0.0,0.0,0.0,0.0,0.0,0.0,0.0,1.3180556297302246,0.03955813869833946,0.0,0.0,0.0,0.0,0.0,0.0,1.305833339691162,0.037162791937589645,0.0,0.0,0.0,0.0,0.0,1.290555477142334,0.03415503725409508,0.0,0.0,0.0,0.0,1.328611135482788,0.0403643399477005,0.0,0.0,0.0,1.2480555772781372,0.04117054492235184,0.0,0.0,1.2833333015441895,0.03944185748696327,5.401234739110805e-05,1.326111078262329,0.04092248156666756,1.1480555534362793,0.03814023970202966,0.03333333507180214,9.820426798383282e-07
P4-R5-YYE+P7-P5-YYE,matched512,768386762,3,1.322265625,91.57206430022886,1.4237233400344849,4.340234438917977,2.419316291809082,2.384765625,1.3488085269927979,1.1547656059265137,1.126953125,52.56999969482422,3.504666566848755,0.9845000505447388,0.8333333134651184,0.09000000357627869,0.8666666666666667,0.072265625,3.2,95.2159600594236,76.65,4.477309226989746,15.115837687504529,0.006845051888376474,0.09375,1.3094444274902344,0.03333333507180214,0.0,0.0,0.0,0.0,0.0,0.0,0.0,0.0,0.0,0.0,1.2563889026641846,0.04066666588187218,0.0,0.0,0.0,0.0,0.0,0.0,0.0,0.0,0.0,1.2541667222976685,0.038844961673021317,0.0,0.0,0.0,0.0,0.0,0.0,0.0,0.0,1.3005555868148804,0.033922482281923294,0.0,0.0,0.0,0.0,0.0,0.0,0.0,1.3180556297302246,0.03955813869833946,0.0,0.0,0.0,0.0,0.0,0.0,1.305833339691162,0.037162791937589645,0.0,0.0,0.0,0.0,0.0,1.290555477142334,0.03415503725409508,0.0,0.0,0.0,0.0,1.328611135482788,0.0403643399477005,0.0,0.0,0.0,1.2480555772781372,0.04117054492235184,0.0,0.0,1.2833333015441895,0.03944185748696327,5.401234739110805e-05,1.326111078262329,0.04092248156666756,1.1480555534362793,0.03814023970202966,0.03333333507180214,9.820426798383282e-07
P4-R5-YYE+P7-P5-YYE,full519,768386762,4,1.3044315992292872,90.98462137616183,1.453739881515503,4.452524199970248,2.3878612518310547,2.352601156069364,1.331772804260254,1.1399999856948853,1.1117533718689787,52.56999969482422,3.504666566848755,0.9845000505447388,0.8333333134651184,0.09000000357627869,0.8666666666666667,0.07129094412331406,3.2,95.32475002421704,77.7181818181818,4.483792781829834,15.450116348402133,0.006752729415893555,0.09248554913294797,1.3094444274902344,0.03333333507180214,0.0,0.0,0.0,0.0,0.0,0.0,0.0,0.0,0.0,0.0,1.2563889026641846,0.04066666588187218,0.0,0.0,0.0,0.0,0.0,0.0,0.0,0.0,0.0,1.2541667222976685,0.038844961673021317,0.0,0.0,0.0,0.0,0.0,0.0,0.0,0.0,1.3005555868148804,0.033922482281923294,0.0,0.0,0.0,0.0,0.0,0.0,0.0,1.3180556297302246,0.03955813869833946,0.0,0.0,0.0,0.0,0.0,0.0,1.305833339691162,0.037162791937589645,0.0,0.0,0.0,0.0,0.0,1.290555477142334,0.03415503725409508,0.0,0.0,0.0,0.0,1.328611135482788,0.0403643399477005,0.0,0.0,0.0,1.2480555772781372,0.04117054492235184,0.0,0.0,1.2833333015441895,0.03944185748696327,5.401234739110805e-05,1.326111078262329,0.04092248156666756,1.1480555534362793,0.03814023970202966,0.03333333507180214,9.820426798383282e-07
P4-R5-YYE+P7-P5-YYE,matched512,768386762,4,1.322265625,91.70426370710453,1.4354792833328247,4.374440234657591,2.419316291809082,2.384765625,1.3488085269927979,1.1547656059265137,1.126953125,52.56999969482422,3.504666566848755,0.9845000505447388,0.8333333134651184,0.09000000357627869,0.8666666666666667,0.072265625,3.2,95.32475002421704,77.7181818181818,4.483792781829834,15.450116348402133,0.006845051888376474,0.09375,1.3094444274902344,0.03333333507180214,0.0,0.0,0.0,0.0,0.0,0.0,0.0,0.0,0.0,0.0,1.2563889026641846,0.04066666588187218,0.0,0.0,0.0,0.0,0.0,0.0,0.0,0.0,0.0,1.2541667222976685,0.038844961673021317,0.0,0.0,0.0,0.0,0.0,0.0,0.0,0.0,1.3005555868148804,0.033922482281923294,0.0,0.0,0.0,0.0,0.0,0.0,0.0,1.3180556297302246,0.03955813869833946,0.0,0.0,0.0,0.0,0.0,0.0,1.305833339691162,0.037162791937589645,0.0,0.0,0.0,0.0,0.0,1.290555477142334,0.03415503725409508,0.0,0.0,0.0,0.0,1.328611135482788,0.0403643399477005,0.0,0.0,0.0,1.2480555772781372,0.04117054492235184,0.0,0.0,1.2833333015441895,0.03944185748696327,5.401234739110805e-05,1.326111078262329,0.04092248156666756,1.1480555534362793,0.03814023970202966,0.03333333507180214,9.820426798383282e-07
P4-R5-THE+P7-R5-THE,full519,575980329,0,1.298651252408478,91.54626828149372,1.4548699855804443,4.408071612761264,2.389730215072632,2.350674373795761,1.334701418876648,1.1369941234588623,1.1001926782273603,49.349998474121094,3.2899999618530273,0.9489998817443848,0.7286666631698608,0.14000000059604645,0.7333333333333333,0.05973025048169557,2.6666666666666665,95.29282393962777,77.89999999999999,4.718730449676514,15.617509315598962,0.0063391136936843395,0.07707129094412331,1.3077778816223145,0.03358914703130722,0.0,0.0,0.0,0.0,0.0,0.0,0.0,0.0,0.0,0.0,1.2569444179534912,0.040674418210983276,0.0,0.0,0.0,0.0,0.0,0.0,0.0,0.0,0.0,1.2549999952316284,0.039000000804662704,0.0,0.0,0.0,0.0,0.0,0.0,0.0,0.0,1.2894444465637207,0.03341860696673393,0.0,0.0,0.0,0.0,0.0,0.0,0.0,1.3255555629730225,0.039124030619859695,0.0,0.0,0.0,0.0,0.0,0.0,1.3127778768539429,0.03635659068822861,0.0,0.0,0.0,0.0,0.0,1.2869445085525513,0.033550385385751724,0.0,0.0,0.0,0.0,1.3291666507720947,0.04070542752742767,0.0,0.0,0.0,1.2513889074325562,0.04116278886795044,0.0,0.0,1.2838889360427856,0.03983720764517784,0.00011574074596865103,1.3216667175292969,0.0416279062628746,1.1600000858306885,0.03809513727372343,0.03341860696673393,2.104377199430019e-06
P4-R5-THE+P7-R5-THE,matched512,575980329,0,1.31640625,92.23683776661706,1.4355545043945312,4.331533822932985,2.421093702316284,2.3828125,1.351660132408142,1.1516211032867432,1.115234375,49.349998474121094,3.2899999618530273,0.9489998817443848,0.7286666631698608,0.14000000059604645,0.7333333333333333,0.060546875,2.6666666666666665,95.29282393962777,77.89999999999999,4.718730449676514,15.617509315598962,0.006425781175494194,0.078125,1.3077778816223145,0.03358914703130722,0.0,0.0,0.0,0.0,0.0,0.0,0.0,0.0,0.0,0.0,1.2569444179534912,0.040674418210983276,0.0,0.0,0.0,0.0,0.0,0.0,0.0,0.0,0.0,1.2549999952316284,0.039000000804662704,0.0,0.0,0.0,0.0,0.0,0.0,0.0,0.0,1.2894444465637207,0.03341860696673393,0.0,0.0,0.0,0.0,0.0,0.0,0.0,1.3255555629730225,0.039124030619859695,0.0,0.0,0.0,0.0,0.0,0.0,1.3127778768539429,0.03635659068822861,0.0,0.0,0.0,0.0,0.0,1.2869445085525513,0.033550385385751724,0.0,0.0,0.0,0.0,1.3291666507720947,0.04070542752742767,0.0,0.0,0.0,1.2513889074325562,0.04116278886795044,0.0,0.0,1.2838889360427856,0.03983720764517784,0.00011574074596865103,1.3216667175292969,0.0416279062628746,1.1600000858306885,0.03809513727372343,0.03341860696673393,2.104377199430019e-06
P4-R5-THE+P7-R5-THE,full519,575980329,1,1.298651252408478,91.92437581081946,1.4010112285614014,4.3811613860176175,2.389730215072632,2.350674373795761,1.334701418876648,1.1369941234588623,1.1001926782273603,49.349998474121094,3.2899999618530273,0.9489998817443848,0.7286666631698608,0.14000000059604645,0.7333333333333333,0.05973025048169557,2.6666666666666665,95.46508771327693,77.82636363636362,4.676275253295898,15.236522060400933,0.0063391136936843395,0.07707129094412331,1.3077778816223145,0.03358914703130722,0.0,0.0,0.0,0.0,0.0,0.0,0.0,0.0,0.0,0.0,1.2569444179534912,0.040674418210983276,0.0,0.0,0.0,0.0,0.0,0.0,0.0,0.0,0.0,1.2549999952316284,0.039000000804662704,0.0,0.0,0.0,0.0,0.0,0.0,0.0,0.0,1.2894444465637207,0.03341860696673393,0.0,0.0,0.0,0.0,0.0,0.0,0.0,1.3255555629730225,0.039124030619859695,0.0,0.0,0.0,0.0,0.0,0.0,1.3127778768539429,0.03635659068822861,0.0,0.0,0.0,0.0,0.0,1.2869445085525513,0.033550385385751724,0.0,0.0,0.0,0.0,1.3291666507720947,0.04070542752742767,0.0,0.0,0.0,1.2513889074325562,0.04116278886795044,0.0,0.0,1.2838889360427856,0.03983720764517784,0.00011574074596865103,1.3216667175292969,0.0416279062628746,1.1600000858306885,0.03809513727372343,0.03341860696673393,2.104377199430019e-06
P4-R5-THE+P7-R5-THE,matched512,575980329,1,1.31640625,92.62505381592149,1.38119637966156,4.3019950997966,2.421093702316284,2.3828125,1.351660132408142,1.1516211032867432,1.115234375,49.349998474121094,3.2899999618530273,0.9489998817443848,0.7286666631698608,0.14000000059604645,0.7333333333333333,0.060546875,2.6666666666666665,95.46508771327693,77.82636363636362,4.676275253295898,15.236522060400933,0.006425781175494194,0.078125,1.3077778816223145,0.03358914703130722,0.0,0.0,0.0,0.0,0.0,0.0,0.0,0.0,0.0,0.0,1.2569444179534912,0.040674418210983276,0.0,0.0,0.0,0.0,0.0,0.0,0.0,0.0,0.0,1.2549999952316284,0.039000000804662704,0.0,0.0,0.0,0.0,0.0,0.0,0.0,0.0,1.2894444465637207,0.03341860696673393,0.0,0.0,0.0,0.0,0.0,0.0,0.0,1.3255555629730225,0.039124030619859695,0.0,0.0,0.0,0.0,0.0,0.0,1.3127778768539429,0.03635659068822861,0.0,0.0,0.0,0.0,0.0,1.2869445085525513,0.033550385385751724,0.0,0.0,0.0,0.0,1.3291666507720947,0.04070542752742767,0.0,0.0,0.0,1.2513889074325562,0.04116278886795044,0.0,0.0,1.2838889360427856,0.03983720764517784,0.00011574074596865103,1.3216667175292969,0.0416279062628746,1.1600000858306885,0.03809513727372343,0.03341860696673393,2.104377199430019e-06
P4-R5-THE+P7-R5-THE,full519,575980329,2,1.298651252408478,91.67050299652176,1.4429125785827637,4.384082107121035,2.389730215072632,2.350674373795761,1.334701418876648,1.1369941234588623,1.1001926782273603,49.349998474121094,3.2899999618530273,0.9489998817443848,0.7286666631698608,0.14000000059604645,0.7333333333333333,0.05973025048169557,2.6666666666666665,95.34722706228956,77.51272727272726,4.72420072555542,14.996997613330858,0.0063391136936843395,0.07707129094412331,1.3077778816223145,0.03358914703130722,0.0,0.0,0.0,0.0,0.0,0.0,0.0,0.0,0.0,0.0,1.2569444179534912,0.040674418210983276,0.0,0.0,0.0,0.0,0.0,0.0,0.0,0.0,0.0,1.2549999952316284,0.039000000804662704,0.0,0.0,0.0,0.0,0.0,0.0,0.0,0.0,1.2894444465637207,0.03341860696673393,0.0,0.0,0.0,0.0,0.0,0.0,0.0,1.3255555629730225,0.039124030619859695,0.0,0.0,0.0,0.0,0.0,0.0,1.3127778768539429,0.03635659068822861,0.0,0.0,0.0,0.0,0.0,1.2869445085525513,0.033550385385751724,0.0,0.0,0.0,0.0,1.3291666507720947,0.04070542752742767,0.0,0.0,0.0,1.2513889074325562,0.04116278886795044,0.0,0.0,1.2838889360427856,0.03983720764517784,0.00011574074596865103,1.3216667175292969,0.0416279062628746,1.1600000858306885,0.03809513727372343,0.03341860696673393,2.104377199430019e-06
P4-R5-THE+P7-R5-THE,matched512,575980329,2,1.31640625,92.35795337231127,1.4234896898269653,4.307870568812032,2.421093702316284,2.3828125,1.351660132408142,1.1516211032867432,1.115234375,49.349998474121094,3.2899999618530273,0.9489998817443848,0.7286666631698608,0.14000000059604645,0.7333333333333333,0.060546875,2.6666666666666665,95.34722706228956,77.51272727272726,4.72420072555542,14.996997613330858,0.006425781175494194,0.078125,1.3077778816223145,0.03358914703130722,0.0,0.0,0.0,0.0,0.0,0.0,0.0,0.0,0.0,0.0,1.2569444179534912,0.040674418210983276,0.0,0.0,0.0,0.0,0.0,0.0,0.0,0.0,0.0,1.2549999952316284,0.039000000804662704,0.0,0.0,0.0,0.0,0.0,0.0,0.0,0.0,1.2894444465637207,0.03341860696673393,0.0,0.0,0.0,0.0,0.0,0.0,0.0,1.3255555629730225,0.039124030619859695,0.0,0.0,0.0,0.0,0.0,0.0,1.3127778768539429,0.03635659068822861,0.0,0.0,0.0,0.0,0.0,1.2869445085525513,0.033550385385751724,0.0,0.0,0.0,0.0,1.3291666507720947,0.04070542752742767,0.0,0.0,0.0,1.2513889074325562,0.04116278886795044,0.0,0.0,1.2838889360427856,0.03983720764517784,0.00011574074596865103,1.3216667175292969,0.0416279062628746,1.1600000858306885,0.03809513727372343,0.03341860696673393,2.104377199430019e-06
P4-R5-THE+P7-R5-THE,full519,575980329,3,1.298651252408478,91.96742424381442,1.4194995164871216,4.379334900846438,2.389730215072632,2.350674373795761,1.334701418876648,1.1369941234588623,1.1001926782273603,49.349998474121094,3.2899999618530273,0.9489998817443848,0.7286666631698608,0.14000000059604645,0.7333333333333333,0.05973025048169557,2.6666666666666665,95.50624804593555,77.2218181818182,4.716254711151123,14.815754535973122,0.0063391136936843395,0.07707129094412331,1.3077778816223145,0.03358914703130722,0.0,0.0,0.0,0.0,0.0,0.0,0.0,0.0,0.0,0.0,1.2569444179534912,0.040674418210983276,0.0,0.0,0.0,0.0,0.0,0.0,0.0,0.0,0.0,1.2549999952316284,0.039000000804662704,0.0,0.0,0.0,0.0,0.0,0.0,0.0,0.0,1.2894444465637207,0.03341860696673393,0.0,0.0,0.0,0.0,0.0,0.0,0.0,1.3255555629730225,0.039124030619859695,0.0,0.0,0.0,0.0,0.0,0.0,1.3127778768539429,0.03635659068822861,0.0,0.0,0.0,0.0,0.0,1.2869445085525513,0.033550385385751724,0.0,0.0,0.0,0.0,1.3291666507720947,0.04070542752742767,0.0,0.0,0.0,1.2513889074325562,0.04116278886795044,0.0,0.0,1.2838889360427856,0.03983720764517784,0.00011574074596865103,1.3216667175292969,0.0416279062628746,1.1600000858306885,0.03809513727372343,0.03341860696673393,2.104377199430019e-06
P4-R5-THE+P7-R5-THE,matched512,575980329,3,1.31640625,92.669728515625,1.4000188112258911,4.313735536142442,2.421093702316284,2.3828125,1.351660132408142,1.1516211032867432,1.115234375,49.349998474121094,3.2899999618530273,0.9489998817443848,0.7286666631698608,0.14000000059604645,0.7333333333333333,0.060546875,2.6666666666666665,95.50624804593555,77.2218181818182,4.716254711151123,14.815754535973122,0.006425781175494194,0.078125,1.3077778816223145,0.03358914703130722,0.0,0.0,0.0,0.0,0.0,0.0,0.0,0.0,0.0,0.0,1.2569444179534912,0.040674418210983276,0.0,0.0,0.0,0.0,0.0,0.0,0.0,0.0,0.0,1.2549999952316284,0.039000000804662704,0.0,0.0,0.0,0.0,0.0,0.0,0.0,0.0,1.2894444465637207,0.03341860696673393,0.0,0.0,0.0,0.0,0.0,0.0,0.0,1.3255555629730225,0.039124030619859695,0.0,0.0,0.0,0.0,0.0,0.0,1.3127778768539429,0.03635659068822861,0.0,0.0,0.0,0.0,0.0,1.2869445085525513,0.033550385385751724,0.0,0.0,0.0,0.0,1.3291666507720947,0.04070542752742767,0.0,0.0,0.0,1.2513889074325562,0.04116278886795044,0.0,0.0,1.2838889360427856,0.03983720764517784,0.00011574074596865103,1.3216667175292969,0.0416279062628746,1.1600000858306885,0.03809513727372343,0.03341860696673393,2.104377199430019e-06
P4-R5-THE+P7-R5-THE,full519,575980329,4,1.298651252408478,91.83243313398226,1.3979017734527588,4.360559021561304,2.389730215072632,2.350674373795761,1.334701418876648,1.1369941234588623,1.1001926782273603,49.349998474121094,3.2899999618530273,0.9489998817443848,0.7286666631698608,0.14000000059604645,0.7333333333333333,0.05973025048169557,2.6666666666666665,95.38519479099861,77.9590909090909,4.702408790588379,15.222755031713865,0.0063391136936843395,0.07707129094412331,1.3077778816223145,0.03358914703130722,0.0,0.0,0.0,0.0,0.0,0.0,0.0,0.0,0.0,0.0,1.2569444179534912,0.040674418210983276,0.0,0.0,0.0,0.0,0.0,0.0,0.0,0.0,0.0,1.2549999952316284,0.039000000804662704,0.0,0.0,0.0,0.0,0.0,0.0,0.0,0.0,1.2894444465637207,0.03341860696673393,0.0,0.0,0.0,0.0,0.0,0.0,0.0,1.3255555629730225,0.039124030619859695,0.0,0.0,0.0,0.0,0.0,0.0,1.3127778768539429,0.03635659068822861,0.0,0.0,0.0,0.0,0.0,1.2869445085525513,0.033550385385751724,0.0,0.0,0.0,0.0,1.3291666507720947,0.04070542752742767,0.0,0.0,0.0,1.2513889074325562,0.04116278886795044,0.0,0.0,1.2838889360427856,0.03983720764517784,0.00011574074596865103,1.3216667175292969,0.0416279062628746,1.1600000858306885,0.03809513727372343,0.03341860696673393,2.104377199430019e-06
P4-R5-THE+P7-R5-THE,matched512,575980329,4,1.31640625,92.51460693147997,1.378035545349121,4.279907637746349,2.421093702316284,2.3828125,1.351660132408142,1.1516211032867432,1.115234375,49.349998474121094,3.2899999618530273,0.9489998817443848,0.7286666631698608,0.14000000059604645,0.7333333333333333,0.060546875,2.6666666666666665,95.38519479099861,77.9590909090909,4.702408790588379,15.222755031713865,0.006425781175494194,0.078125,1.3077778816223145,0.03358914703130722,0.0,0.0,0.0,0.0,0.0,0.0,0.0,0.0,0.0,0.0,1.2569444179534912,0.040674418210983276,0.0,0.0,0.0,0.0,0.0,0.0,0.0,0.0,0.0,1.2549999952316284,0.039000000804662704,0.0,0.0,0.0,0.0,0.0,0.0,0.0,0.0,1.2894444465637207,0.03341860696673393,0.0,0.0,0.0,0.0,0.0,0.0,0.0,1.3255555629730225,0.039124030619859695,0.0,0.0,0.0,0.0,0.0,0.0,1.3127778768539429,0.03635659068822861,0.0,0.0,0.0,0.0,0.0,1.2869445085525513,0.033550385385751724,0.0,0.0,0.0,0.0,1.3291666507720947,0.04070542752742767,0.0,0.0,0.0,1.2513889074325562,0.04116278886795044,0.0,0.0,1.2838889360427856,0.03983720764517784,0.00011574074596865103,1.3216667175292969,0.0416279062628746,1.1600000858306885,0.03809513727372343,0.03341860696673393,2.104377199430019e-06
P4-R5-SNE+P7-R5-SNE,full519,1135276247,0,1.3198458574181118,91.80652025832228,1.4130816459655762,4.350992562905128,2.3960888385772705,2.373795761078998,1.3403276205062866,1.142350673675537,1.1194605009633911,46.93000030517578,3.128666639328003,0.8715000152587891,0.651333212852478,0.15000000596046448,0.6,0.05973025048169557,2.533333333333333,95.06874208102855,75.81181818181818,4.8384785652160645,15.018181864670217,0.006028259638696909,0.07321772639691715,1.3011112213134766,0.03434883430600166,0.0,0.0,0.0,0.0,0.0,0.0,0.0,0.0,0.0,0.0,1.2530555725097656,0.04093023017048836,0.0,0.0,0.0,0.0,0.0,0.0,0.0,0.0,0.0,1.25,0.03831782937049866,0.0,0.0,0.0,0.0,0.0,0.0,0.0,0.0,1.2958333492279053,0.03449612483382225,0.0,0.0,0.0,0.0,0.0,0.0,0.0,1.323888897895813,0.038728680461645126,0.0,0.0,0.0,0.0,0.0,0.0,1.3069443702697754,0.03637209162116051,0.0,0.0,0.0,0.0,0.0,1.2936110496520996,0.03449612483382225,0.0,0.0,0.0,0.0,1.3322222232818604,0.04064341261982918,0.0,0.0,0.0,1.2530555725097656,0.041201550513505936,0.0,0.0,1.2858333587646484,0.040023256093263626,0.00023148149193730205,1.3250000476837158,0.04261240363121033,1.1624999046325684,0.038379139859567986,0.03434883430600166,4.208754398860038e-06
P4-R5-SNE+P7-R5-SNE,matched512,1135276247,0,1.337890625,92.46577560411593,1.4056761264801025,4.27371063179628,2.428339958190918,2.40625,1.3581445217132568,1.1576367616653442,1.134765625,46.93000030517578,3.128666639328003,0.8715000152587891,0.651333212852478,0.15000000596046448,0.6,0.060546875,2.533333333333333,95.06874208102855,75.81181818181818,4.8384785652160645,15.018181864670217,0.006110677029937506,0.07421875,1.3011112213134766,0.03434883430600166,0.0,0.0,0.0,0.0,0.0,0.0,0.0,0.0,0.0,0.0,1.2530555725097656,0.04093023017048836,0.0,0.0,0.0,0.0,0.0,0.0,0.0,0.0,0.0,1.25,0.03831782937049866,0.0,0.0,0.0,0.0,0.0,0.0,0.0,0.0,1.2958333492279053,0.03449612483382225,0.0,0.0,0.0,0.0,0.0,0.0,0.0,1.323888897895813,0.038728680461645126,0.0,0.0,0.0,0.0,0.0,0.0,1.3069443702697754,0.03637209162116051,0.0,0.0,0.0,0.0,0.0,1.2936110496520996,0.03449612483382225,0.0,0.0,0.0,0.0,1.3322222232818604,0.04064341261982918,0.0,0.0,0.0,1.2530555725097656,0.041201550513505936,0.0,0.0,1.2858333587646484,0.040023256093263626,0.00023148149193730205,1.3250000476837158,0.04261240363121033,1.1624999046325684,0.038379139859567986,0.03434883430600166,4.208754398860038e-06
P4-R5-SNE+P7-R5-SNE,full519,1135276247,1,1.3198458574181118,91.6660478949973,1.4475992918014526,4.368111718852803,2.3960888385772705,2.373795761078998,1.3403276205062866,1.142350673675537,1.1194605009633911,46.93000030517578,3.128666639328003,0.8715000152587891,0.651333212852478,0.15000000596046448,0.6,0.05973025048169557,2.533333333333333,95.00870289535568,76.10454545454546,5.0142693519592285,14.994539453517726,0.006028259638696909,0.07321772639691715,1.3011112213134766,0.03434883430600166,0.0,0.0,0.0,0.0,0.0,0.0,0.0,0.0,0.0,0.0,1.2530555725097656,0.04093023017048836,0.0,0.0,0.0,0.0,0.0,0.0,0.0,0.0,0.0,1.25,0.03831782937049866,0.0,0.0,0.0,0.0,0.0,0.0,0.0,0.0,1.2958333492279053,0.03449612483382225,0.0,0.0,0.0,0.0,0.0,0.0,0.0,1.323888897895813,0.038728680461645126,0.0,0.0,0.0,0.0,0.0,0.0,1.3069443702697754,0.03637209162116051,0.0,0.0,0.0,0.0,0.0,1.2936110496520996,0.03449612483382225,0.0,0.0,0.0,0.0,1.3322222232818604,0.04064341261982918,0.0,0.0,0.0,1.2530555725097656,0.041201550513505936,0.0,0.0,1.2858333587646484,0.040023256093263626,0.00023148149193730205,1.3250000476837158,0.04261240363121033,1.1624999046325684,0.038379139859567986,0.03434883430600166,4.208754398860038e-06
P4-R5-SNE+P7-R5-SNE,matched512,1135276247,1,1.337890625,92.31510054013911,1.4399334192276,4.2877911917661,2.428339958190918,2.40625,1.3581445217132568,1.1576367616653442,1.134765625,46.93000030517578,3.128666639328003,0.8715000152587891,0.651333212852478,0.15000000596046448,0.6,0.060546875,2.533333333333333,95.00870289535568,76.10454545454546,5.0142693519592285,14.994539453517726,0.006110677029937506,0.07421875,1.3011112213134766,0.03434883430600166,0.0,0.0,0.0,0.0,0.0,0.0,0.0,0.0,0.0,0.0,1.2530555725097656,0.04093023017048836,0.0,0.0,0.0,0.0,0.0,0.0,0.0,0.0,0.0,1.25,0.03831782937049866,0.0,0.0,0.0,0.0,0.0,0.0,0.0,0.0,1.2958333492279053,0.03449612483382225,0.0,0.0,0.0,0.0,0.0,0.0,0.0,1.323888897895813,0.038728680461645126,0.0,0.0,0.0,0.0,0.0,0.0,1.3069443702697754,0.03637209162116051,0.0,0.0,0.0,0.0,0.0,1.2936110496520996,0.03449612483382225,0.0,0.0,0.0,0.0,1.3322222232818604,0.04064341261982918,0.0,0.0,0.0,1.2530555725097656,0.041201550513505936,0.0,0.0,1.2858333587646484,0.040023256093263626,0.00023148149193730205,1.3250000476837158,0.04261240363121033,1.1624999046325684,0.038379139859567986,0.03434883430600166,4.208754398860038e-06
P4-R5-SNE+P7-R5-SNE,full519,1135276247,2,1.3198458574181118,91.66271586147742,1.4276211261749268,4.326065694877143,2.3960888385772705,2.373795761078998,1.3403276205062866,1.142350673675537,1.1194605009633911,46.93000030517578,3.128666639328003,0.8715000152587891,0.651333212852478,0.15000000596046448,0.6,0.05973025048169557,2.533333333333333,94.98222048861632,75.97272727272727,4.903953552246094,14.9122056194612,0.006028259638696909,0.07321772639691715,1.3011112213134766,0.03434883430600166,0.0,0.0,0.0,0.0,0.0,0.0,0.0,0.0,0.0,0.0,1.2530555725097656,0.04093023017048836,0.0,0.0,0.0,0.0,0.0,0.0,0.0,0.0,0.0,1.25,0.03831782937049866,0.0,0.0,0.0,0.0,0.0,0.0,0.0,0.0,1.2958333492279053,0.03449612483382225,0.0,0.0,0.0,0.0,0.0,0.0,0.0,1.323888897895813,0.038728680461645126,0.0,0.0,0.0,0.0,0.0,0.0,1.3069443702697754,0.03637209162116051,0.0,0.0,0.0,0.0,0.0,1.2936110496520996,0.03449612483382225,0.0,0.0,0.0,0.0,1.3322222232818604,0.04064341261982918,0.0,0.0,0.0,1.2530555725097656,0.041201550513505936,0.0,0.0,1.2858333587646484,0.040023256093263626,0.00023148149193730205,1.3250000476837158,0.04261240363121033,1.1624999046325684,0.038379139859567986,0.03434883430600166,4.208754398860038e-06
P4-R5-SNE+P7-R5-SNE,matched512,1135276247,2,1.337890625,92.32271392989605,1.4201388359069824,4.248383911576951,2.428339958190918,2.40625,1.3581445217132568,1.1576367616653442,1.134765625,46.93000030517578,3.128666639328003,0.8715000152587891,0.651333212852478,0.15000000596046448,0.6,0.060546875,2.533333333333333,94.98222048861632,75.97272727272727,4.903953552246094,14.9122056194612,0.006110677029937506,0.07421875,1.3011112213134766,0.03434883430600166,0.0,0.0,0.0,0.0,0.0,0.0,0.0,0.0,0.0,0.0,1.2530555725097656,0.04093023017048836,0.0,0.0,0.0,0.0,0.0,0.0,0.0,0.0,0.0,1.25,0.03831782937049866,0.0,0.0,0.0,0.0,0.0,0.0,0.0,0.0,1.2958333492279053,0.03449612483382225,0.0,0.0,0.0,0.0,0.0,0.0,0.0,1.323888897895813,0.038728680461645126,0.0,0.0,0.0,0.0,0.0,0.0,1.3069443702697754,0.03637209162116051,0.0,0.0,0.0,0.0,0.0,1.2936110496520996,0.03449612483382225,0.0,0.0,0.0,0.0,1.3322222232818604,0.04064341261982918,0.0,0.0,0.0,1.2530555725097656,0.041201550513505936,0.0,0.0,1.2858333587646484,0.040023256093263626,0.00023148149193730205,1.3250000476837158,0.04261240363121033,1.1624999046325684,0.038379139859567986,0.03434883430600166,4.208754398860038e-06
P4-R5-SNE+P7-R5-SNE,full519,1135276247,3,1.3198458574181118,91.6845337569196,1.4371426105499268,4.382258092805519,2.3960888385772705,2.373795761078998,1.3403276205062866,1.142350673675537,1.1194605009633911,46.93000030517578,3.128666639328003,0.8715000152587891,0.651333212852478,0.15000000596046448,0.6,0.05973025048169557,2.533333333333333,95.03994543149753,75.84090909090908,4.927220821380615,14.99676011739642,0.006028259638696909,0.07321772639691715,1.3011112213134766,0.03434883430600166,0.0,0.0,0.0,0.0,0.0,0.0,0.0,0.0,0.0,0.0,1.2530555725097656,0.04093023017048836,0.0,0.0,0.0,0.0,0.0,0.0,0.0,0.0,0.0,1.25,0.03831782937049866,0.0,0.0,0.0,0.0,0.0,0.0,0.0,0.0,1.2958333492279053,0.03449612483382225,0.0,0.0,0.0,0.0,0.0,0.0,0.0,1.323888897895813,0.038728680461645126,0.0,0.0,0.0,0.0,0.0,0.0,1.3069443702697754,0.03637209162116051,0.0,0.0,0.0,0.0,0.0,1.2936110496520996,0.03449612483382225,0.0,0.0,0.0,0.0,1.3322222232818604,0.04064341261982918,0.0,0.0,0.0,1.2530555725097656,0.041201550513505936,0.0,0.0,1.2858333587646484,0.040023256093263626,0.00023148149193730205,1.3250000476837158,0.04261240363121033,1.1624999046325684,0.038379139859567986,0.03434883430600166,4.208754398860038e-06
P4-R5-SNE+P7-R5-SNE,matched512,1135276247,3,1.337890625,92.3479458937872,1.4297130107879639,4.305211285068467,2.428339958190918,2.40625,1.3581445217132568,1.1576367616653442,1.134765625,46.93000030517578,3.128666639328003,0.8715000152587891,0.651333212852478,0.15000000596046448,0.6,0.060546875,2.533333333333333,95.03994543149753,75.84090909090908,4.927220821380615,14.99676011739642,0.006110677029937506,0.07421875,1.3011112213134766,0.03434883430600166,0.0,0.0,0.0,0.0,0.0,0.0,0.0,0.0,0.0,0.0,1.2530555725097656,0.04093023017048836,0.0,0.0,0.0,0.0,0.0,0.0,0.0,0.0,0.0,1.25,0.03831782937049866,0.0,0.0,0.0,0.0,0.0,0.0,0.0,0.0,1.2958333492279053,0.03449612483382225,0.0,0.0,0.0,0.0,0.0,0.0,0.0,1.323888897895813,0.038728680461645126,0.0,0.0,0.0,0.0,0.0,0.0,1.3069443702697754,0.03637209162116051,0.0,0.0,0.0,0.0,0.0,1.2936110496520996,0.03449612483382225,0.0,0.0,0.0,0.0,1.3322222232818604,0.04064341261982918,0.0,0.0,0.0,1.2530555725097656,0.041201550513505936,0.0,0.0,1.2858333587646484,0.040023256093263626,0.00023148149193730205,1.3250000476837158,0.04261240363121033,1.1624999046325684,0.038379139859567986,0.03434883430600166,4.208754398860038e-06
P4-R5-SNE+P7-R5-SNE,full519,1135276247,4,1.3198458574181118,91.53845470949517,1.4653342962265015,4.359484991721169,2.3960888385772705,2.373795761078998,1.3403276205062866,1.142350673675537,1.1194605009633911,46.93000030517578,3.128666639328003,0.8715000152587891,0.651333212852478,0.15000000596046448,0.6,0.05973025048169557,2.533333333333333,94.9885684031118,75.9981818181818,4.986117839813232,14.596546039511889,0.006028259638696909,0.07321772639691715,1.3011112213134766,0.03434883430600166,0.0,0.0,0.0,0.0,0.0,0.0,0.0,0.0,0.0,0.0,1.2530555725097656,0.04093023017048836,0.0,0.0,0.0,0.0,0.0,0.0,0.0,0.0,0.0,1.25,0.03831782937049866,0.0,0.0,0.0,0.0,0.0,0.0,0.0,0.0,1.2958333492279053,0.03449612483382225,0.0,0.0,0.0,0.0,0.0,0.0,0.0,1.323888897895813,0.038728680461645126,0.0,0.0,0.0,0.0,0.0,0.0,1.3069443702697754,0.03637209162116051,0.0,0.0,0.0,0.0,0.0,1.2936110496520996,0.03449612483382225,0.0,0.0,0.0,0.0,1.3322222232818604,0.04064341261982918,0.0,0.0,0.0,1.2530555725097656,0.041201550513505936,0.0,0.0,1.2858333587646484,0.040023256093263626,0.00023148149193730205,1.3250000476837158,0.04261240363121033,1.1624999046325684,0.038379139859567986,0.03434883430600166,4.208754398860038e-06
P4-R5-SNE+P7-R5-SNE,matched512,1135276247,4,1.337890625,92.184598714545,1.4578073024749756,4.280947223473312,2.428339958190918,2.40625,1.3581445217132568,1.1576367616653442,1.134765625,46.93000030517578,3.128666639328003,0.8715000152587891,0.651333212852478,0.15000000596046448,0.6,0.060546875,2.533333333333333,94.9885684031118,75.9981818181818,4.986117839813232,14.596546039511889,0.006110677029937506,0.07421875,1.3011112213134766,0.03434883430600166,0.0,0.0,0.0,0.0,0.0,0.0,0.0,0.0,0.0,0.0,1.2530555725097656,0.04093023017048836,0.0,0.0,0.0,0.0,0.0,0.0,0.0,0.0,0.0,1.25,0.03831782937049866,0.0,0.0,0.0,0.0,0.0,0.0,0.0,0.0,1.2958333492279053,0.03449612483382225,0.0,0.0,0.0,0.0,0.0,0.0,0.0,1.323888897895813,0.038728680461645126,0.0,0.0,0.0,0.0,0.0,0.0,1.3069443702697754,0.03637209162116051,0.0,0.0,0.0,0.0,0.0,1.2936110496520996,0.03449612483382225,0.0,0.0,0.0,0.0,1.3322222232818604,0.04064341261982918,0.0,0.0,0.0,1.2530555725097656,0.041201550513505936,0.0,0.0,1.2858333587646484,0.040023256093263626,0.00023148149193730205,1.3250000476837158,0.04261240363121033,1.1624999046325684,0.038379139859567986,0.03434883430600166,4.208754398860038e-06
P5-R6-NYE,full519,491362472,0,1.3102119460500963,91.55993372550165,1.4501632452011108,4.36642683211441,2.3935835361480713,2.3583815028901736,1.3404046297073364,1.140674352645874,1.1078998073217727,58.81999969482422,3.9213333129882812,0.9950000047683716,0.8459999561309814,0.09000000357627869,0.8,0.0789980732177264,3.533333333333333,95.38147752408342,78.2690909090909,4.574141979217529,15.118145992797466,0.007555555552244186,0.10211946050096339,1.3077778816223145,0.033387597650289536,0.0,0.0,0.0,0.0,0.0,0.0,0.0,0.0,0.0,0.0,1.2563889026641846,0.04055038467049599,0.0,0.0,0.0,0.0,0.0,0.0,0.0,0.0,0.0,1.2569444179534912,0.03920930251479149,0.0,0.0,0.0,0.0,0.0,0.0,0.0,0.0,1.298888921737671,0.03489147499203682,0.0,0.0,0.0,0.0,0.0,0.0,0.0,1.3111110925674438,0.03824806585907936,0.0,0.0,0.0,0.0,0.0,0.0,1.298888921737671,0.037046510726213455,0.0,0.0,0.0,0.0,0.0,1.290555477142334,0.03456588834524155,0.0,0.0,0.0,0.0,1.3308333158493042,0.040558140724897385,0.0,0.0,0.0,1.2477777004241943,0.04093798249959946,0.0,0.0,1.2836110591888428,0.03944185748696327,7.716049731243402e-05,1.3299999237060547,0.041317831724882126,1.1586110591888428,0.0381959124722264,0.033387597650289536,1.4029181329533458e-06
P5-R6-NYE,matched512,491362472,0,1.328125,92.27301348656769,1.4294795989990234,4.28813123003443,2.4249610900878906,2.390625,1.3574023246765137,1.1553319692611694,1.123046875,58.81999969482422,3.9213333129882812,0.9950000047683716,0.8459999561309814,0.09000000357627869,0.8,0.080078125,3.533333333333333,95.38147752408342,78.2690909090909,4.574141979217529,15.118145992797466,0.007658854126930237,0.103515625,1.3077778816223145,0.033387597650289536,0.0,0.0,0.0,0.0,0.0,0.0,0.0,0.0,0.0,0.0,1.2563889026641846,0.04055038467049599,0.0,0.0,0.0,0.0,0.0,0.0,0.0,0.0,0.0,1.2569444179534912,0.03920930251479149,0.0,0.0,0.0,0.0,0.0,0.0,0.0,0.0,1.298888921737671,0.03489147499203682,0.0,0.0,0.0,0.0,0.0,0.0,0.0,1.3111110925674438,0.03824806585907936,0.0,0.0,0.0,0.0,0.0,0.0,1.298888921737671,0.037046510726213455,0.0,0.0,0.0,0.0,0.0,1.290555477142334,0.03456588834524155,0.0,0.0,0.0,0.0,1.3308333158493042,0.040558140724897385,0.0,0.0,0.0,1.2477777004241943,0.04093798249959946,0.0,0.0,1.2836110591888428,0.03944185748696327,7.716049731243402e-05,1.3299999237060547,0.041317831724882126,1.1586110591888428,0.0381959124722264,0.033387597650289536,1.4029181329533458e-06
P5-R6-NYE,full519,491362472,1,1.3102119460500963,91.11202677407157,1.4875775575637817,4.432282322054739,2.3935835361480713,2.3583815028901736,1.3404046297073364,1.140674352645874,1.1078998073217727,58.81999969482422,3.9213333129882812,0.9950000047683716,0.8459999561309814,0.09000000357627869,0.8,0.0789980732177264,3.533333333333333,95.15296037925552,77.077,4.73470401763916,15.468587659766062,0.007555555552244186,0.10211946050096339,1.3077778816223145,0.033387597650289536,0.0,0.0,0.0,0.0,0.0,0.0,0.0,0.0,0.0,0.0,1.2563889026641846,0.04055038467049599,0.0,0.0,0.0,0.0,0.0,0.0,0.0,0.0,0.0,1.2569444179534912,0.03920930251479149,0.0,0.0,0.0,0.0,0.0,0.0,0.0,0.0,1.298888921737671,0.03489147499203682,0.0,0.0,0.0,0.0,0.0,0.0,0.0,1.3111110925674438,0.03824806585907936,0.0,0.0,0.0,0.0,0.0,0.0,1.298888921737671,0.037046510726213455,0.0,0.0,0.0,0.0,0.0,1.290555477142334,0.03456588834524155,0.0,0.0,0.0,0.0,1.3308333158493042,0.040558140724897385,0.0,0.0,0.0,1.2477777004241943,0.04093798249959946,0.0,0.0,1.2836110591888428,0.03944185748696327,7.716049731243402e-05,1.3299999237060547,0.041317831724882126,1.1586110591888428,0.0381959124722264,0.033387597650289536,1.4029181329533458e-06
P5-R6-NYE,matched512,491362472,1,1.328125,91.83027372990509,1.4664902687072754,4.3523263361779385,2.4249610900878906,2.390625,1.3574023246765137,1.1553319692611694,1.123046875,58.81999969482422,3.9213333129882812,0.9950000047683716,0.8459999561309814,0.09000000357627869,0.8,0.080078125,3.533333333333333,95.15296037925552,77.077,4.73470401763916,15.468587659766062,0.007658854126930237,0.103515625,1.3077778816223145,0.033387597650289536,0.0,0.0,0.0,0.0,0.0,0.0,0.0,0.0,0.0,0.0,1.2563889026641846,0.04055038467049599,0.0,0.0,0.0,0.0,0.0,0.0,0.0,0.0,0.0,1.2569444179534912,0.03920930251479149,0.0,0.0,0.0,0.0,0.0,0.0,0.0,0.0,1.298888921737671,0.03489147499203682,0.0,0.0,0.0,0.0,0.0,0.0,0.0,1.3111110925674438,0.03824806585907936,0.0,0.0,0.0,0.0,0.0,0.0,1.298888921737671,0.037046510726213455,0.0,0.0,0.0,0.0,0.0,1.290555477142334,0.03456588834524155,0.0,0.0,0.0,0.0,1.3308333158493042,0.040558140724897385,0.0,0.0,0.0,1.2477777004241943,0.04093798249959946,0.0,0.0,1.2836110591888428,0.03944185748696327,7.716049731243402e-05,1.3299999237060547,0.041317831724882126,1.1586110591888428,0.0381959124722264,0.033387597650289536,1.4029181329533458e-06
P5-R6-NYE,full519,491362472,2,1.3102119460500963,91.13925723099423,1.464569330215454,4.432220669096963,2.3935835361480713,2.3583815028901736,1.3404046297073364,1.140674352645874,1.1078998073217727,58.81999969482422,3.9213333129882812,0.9950000047683716,0.8459999561309814,0.09000000357627869,0.8,0.0789980732177264,3.533333333333333,95.06197460551279,75.009,4.698765754699707,15.611128104921164,0.007555555552244186,0.10211946050096339,1.3077778816223145,0.033387597650289536,0.0,0.0,0.0,0.0,0.0,0.0,0.0,0.0,0.0,0.0,1.2563889026641846,0.04055038467049599,0.0,0.0,0.0,0.0,0.0,0.0,0.0,0.0,0.0,1.2569444179534912,0.03920930251479149,0.0,0.0,0.0,0.0,0.0,0.0,0.0,0.0,1.298888921737671,0.03489147499203682,0.0,0.0,0.0,0.0,0.0,0.0,0.0,1.3111110925674438,0.03824806585907936,0.0,0.0,0.0,0.0,0.0,0.0,1.298888921737671,0.037046510726213455,0.0,0.0,0.0,0.0,0.0,1.290555477142334,0.03456588834524155,0.0,0.0,0.0,0.0,1.3308333158493042,0.040558140724897385,0.0,0.0,0.0,1.2477777004241943,0.04093798249959946,0.0,0.0,1.2836110591888428,0.03944185748696327,7.716049731243402e-05,1.3299999237060547,0.041317831724882126,1.1586110591888428,0.0381959124722264,0.033387597650289536,1.4029181329533458e-06
P5-R6-NYE,matched512,491362472,2,1.328125,91.85218877671807,1.4436266422271729,4.350748420178704,2.4249610900878906,2.390625,1.3574023246765137,1.1553319692611694,1.123046875,58.81999969482422,3.9213333129882812,0.9950000047683716,0.8459999561309814,0.09000000357627869,0.8,0.080078125,3.533333333333333,95.06197460551279,75.009,4.698765754699707,15.611128104921164,0.007658854126930237,0.103515625,1.3077778816223145,0.033387597650289536,0.0,0.0,0.0,0.0,0.0,0.0,0.0,0.0,0.0,0.0,1.2563889026641846,0.04055038467049599,0.0,0.0,0.0,0.0,0.0,0.0,0.0,0.0,0.0,1.2569444179534912,0.03920930251479149,0.0,0.0,0.0,0.0,0.0,0.0,0.0,0.0,1.298888921737671,0.03489147499203682,0.0,0.0,0.0,0.0,0.0,0.0,0.0,1.3111110925674438,0.03824806585907936,0.0,0.0,0.0,0.0,0.0,0.0,1.298888921737671,0.037046510726213455,0.0,0.0,0.0,0.0,0.0,1.290555477142334,0.03456588834524155,0.0,0.0,0.0,0.0,1.3308333158493042,0.040558140724897385,0.0,0.0,0.0,1.2477777004241943,0.04093798249959946,0.0,0.0,1.2836110591888428,0.03944185748696327,7.716049731243402e-05,1.3299999237060547,0.041317831724882126,1.1586110591888428,0.0381959124722264,0.033387597650289536,1.4029181329533458e-06
P5-R6-NYE,full519,491362472,3,1.3102119460500963,91.15185679322819,1.4891241788864136,4.428195545841115,2.3935835361480713,2.3583815028901736,1.3404046297073364,1.140674352645874,1.1078998073217727,58.81999969482422,3.9213333129882812,0.9950000047683716,0.8459999561309814,0.09000000357627869,0.8,0.0789980732177264,3.533333333333333,95.22103544539307,77.66900000000001,4.669249534606934,15.505101103984467,0.007555555552244186,0.10211946050096339,1.3077778816223145,0.033387597650289536,0.0,0.0,0.0,0.0,0.0,0.0,0.0,0.0,0.0,0.0,1.2563889026641846,0.04055038467049599,0.0,0.0,0.0,0.0,0.0,0.0,0.0,0.0,0.0,1.2569444179534912,0.03920930251479149,0.0,0.0,0.0,0.0,0.0,0.0,0.0,0.0,1.298888921737671,0.03489147499203682,0.0,0.0,0.0,0.0,0.0,0.0,0.0,1.3111110925674438,0.03824806585907936,0.0,0.0,0.0,0.0,0.0,0.0,1.298888921737671,0.037046510726213455,0.0,0.0,0.0,0.0,0.0,1.290555477142334,0.03456588834524155,0.0,0.0,0.0,0.0,1.3308333158493042,0.040558140724897385,0.0,0.0,0.0,1.2477777004241943,0.04093798249959946,0.0,0.0,1.2836110591888428,0.03944185748696327,7.716049731243402e-05,1.3299999237060547,0.041317831724882126,1.1586110591888428,0.0381959124722264,0.033387597650289536,1.4029181329533458e-06
P5-R6-NYE,matched512,491362472,3,1.328125,91.86378531337368,1.4678901433944702,4.3480798054205465,2.4249610900878906,2.390625,1.3574023246765137,1.1553319692611694,1.123046875,58.81999969482422,3.9213333129882812,0.9950000047683716,0.8459999561309814,0.09000000357627869,0.8,0.080078125,3.533333333333333,95.22103544539307,77.66900000000001,4.669249534606934,15.505101103984467,0.007658854126930237,0.103515625,1.3077778816223145,0.033387597650289536,0.0,0.0,0.0,0.0,0.0,0.0,0.0,0.0,0.0,0.0,1.2563889026641846,0.04055038467049599,0.0,0.0,0.0,0.0,0.0,0.0,0.0,0.0,0.0,1.2569444179534912,0.03920930251479149,0.0,0.0,0.0,0.0,0.0,0.0,0.0,0.0,1.298888921737671,0.03489147499203682,0.0,0.0,0.0,0.0,0.0,0.0,0.0,1.3111110925674438,0.03824806585907936,0.0,0.0,0.0,0.0,0.0,0.0,1.298888921737671,0.037046510726213455,0.0,0.0,0.0,0.0,0.0,1.290555477142334,0.03456588834524155,0.0,0.0,0.0,0.0,1.3308333158493042,0.040558140724897385,0.0,0.0,0.0,1.2477777004241943,0.04093798249959946,0.0,0.0,1.2836110591888428,0.03944185748696327,7.716049731243402e-05,1.3299999237060547,0.041317831724882126,1.1586110591888428,0.0381959124722264,0.033387597650289536,1.4029181329533458e-06
P5-R6-NYE,full519,491362472,4,1.3102119460500963,90.81188070284459,1.5388710498809814,4.461039883446996,2.3935835361480713,2.3583815028901736,1.3404046297073364,1.140674352645874,1.1078998073217727,58.81999969482422,3.9213333129882812,0.9950000047683716,0.8459999561309814,0.09000000357627869,0.8,0.0789980732177264,3.533333333333333,95.00440726795067,74.876,4.802523612976074,15.483429824523755,0.007555555552244186,0.10211946050096339,1.3077778816223145,0.033387597650289536,0.0,0.0,0.0,0.0,0.0,0.0,0.0,0.0,0.0,0.0,1.2563889026641846,0.04055038467049599,0.0,0.0,0.0,0.0,0.0,0.0,0.0,0.0,0.0,1.2569444179534912,0.03920930251479149,0.0,0.0,0.0,0.0,0.0,0.0,0.0,0.0,1.298888921737671,0.03489147499203682,0.0,0.0,0.0,0.0,0.0,0.0,0.0,1.3111110925674438,0.03824806585907936,0.0,0.0,0.0,0.0,0.0,0.0,1.298888921737671,0.037046510726213455,0.0,0.0,0.0,0.0,0.0,1.290555477142334,0.03456588834524155,0.0,0.0,0.0,0.0,1.3308333158493042,0.040558140724897385,0.0,0.0,0.0,1.2477777004241943,0.04093798249959946,0.0,0.0,1.2836110591888428,0.03944185748696327,7.716049731243402e-05,1.3299999237060547,0.041317831724882126,1.1586110591888428,0.0381959124722264,0.033387597650289536,1.4029181329533458e-06
P5-R6-NYE,matched512,491362472,4,1.328125,91.5205710051125,1.5175483226776123,4.3801075080121255,2.4249610900878906,2.390625,1.3574023246765137,1.1553319692611694,1.123046875,58.81999969482422,3.9213333129882812,0.9950000047683716,0.8459999561309814,0.09000000357627869,0.8,0.080078125,3.533333333333333,95.00440726795067,74.876,4.802523612976074,15.483429824523755,0.007658854126930237,0.103515625,1.3077778816223145,0.033387597650289536,0.0,0.0,0.0,0.0,0.0,0.0,0.0,0.0,0.0,0.0,1.2563889026641846,0.04055038467049599,0.0,0.0,0.0,0.0,0.0,0.0,0.0,0.0,0.0,1.2569444179534912,0.03920930251479149,0.0,0.0,0.0,0.0,0.0,0.0,0.0,0.0,1.298888921737671,0.03489147499203682,0.0,0.0,0.0,0.0,0.0,0.0,0.0,1.3111110925674438,0.03824806585907936,0.0,0.0,0.0,0.0,0.0,0.0,1.298888921737671,0.037046510726213455,0.0,0.0,0.0,0.0,0.0,1.290555477142334,0.03456588834524155,0.0,0.0,0.0,0.0,1.3308333158493042,0.040558140724897385,0.0,0.0,0.0,1.2477777004241943,0.04093798249959946,0.0,0.0,1.2836110591888428,0.03944185748696327,7.716049731243402e-05,1.3299999237060547,0.041317831724882126,1.1586110591888428,0.0381959124722264,0.033387597650289536,1.4029181329533458e-06
P4-R5-SWD+P7-R5-SWD,full519,5262087,0,1.3044315992292872,91.20010276380653,1.5021740198135376,4.405191344508749,2.3889403343200684,2.350674373795761,1.3359923362731934,1.1380153894424438,1.1040462427745665,59.51000213623047,3.9673335552215576,0.9904999732971191,0.8473333120346069,0.10000000149011612,0.8,0.0789980732177264,3.533333333333333,95.03441285457085,77.33272727272727,4.88688850402832,15.247741106851217,0.007644187659025192,0.10211946050096339,1.3075000047683716,0.033387597650289536,0.0,0.0,0.0,0.0,0.0,0.0,0.0,0.0,0.0,0.0,1.2547221183776855,0.04062790796160698,0.0,0.0,0.0,0.0,0.0,0.0,0.0,0.0,0.0,1.2524999380111694,0.03857364505529404,0.0,0.0,0.0,0.0,0.0,0.0,0.0,0.0,1.287500023841858,0.03444961458444595,0.0,0.0,0.0,0.0,0.0,0.0,0.0,1.3152776956558228,0.038356587290763855,0.0,0.0,0.0,0.0,0.0,0.0,1.297777771949768,0.036914728581905365,0.0,0.0,0.0,0.0,0.0,1.2852777242660522,0.03463565930724144,0.0,0.0,0.0,0.0,1.3330556154251099,0.0403798446059227,0.0,0.0,0.0,1.2486109733581543,0.04111627861857414,0.0,0.0,1.2847222089767456,0.03948837146162987,6.172839493956417e-05,1.3305555582046509,0.04103876277804375,1.165555477142334,0.03808809071779251,0.033387597650289536,1.1223344534466212e-06
P4-R5-SWD+P7-R5-SWD,matched512,5262087,0,1.322265625,91.91116211148878,1.48843252658844,4.326201372802418,2.420703172683716,2.3828125,1.3533788919448853,1.1529881954193115,1.119140625,59.51000213623047,3.9673335552215576,0.9904999732971191,0.8473333120346069,0.10000000149011612,0.8,0.080078125,3.533333333333333,95.03441285457085,77.33272727272727,4.88688850402832,15.247741106851217,0.007748698350042105,0.103515625,1.3075000047683716,0.033387597650289536,0.0,0.0,0.0,0.0,0.0,0.0,0.0,0.0,0.0,0.0,1.2547221183776855,0.04062790796160698,0.0,0.0,0.0,0.0,0.0,0.0,0.0,0.0,0.0,1.2524999380111694,0.03857364505529404,0.0,0.0,0.0,0.0,0.0,0.0,0.0,0.0,1.287500023841858,0.03444961458444595,0.0,0.0,0.0,0.0,0.0,0.0,0.0,1.3152776956558228,0.038356587290763855,0.0,0.0,0.0,0.0,0.0,0.0,1.297777771949768,0.036914728581905365,0.0,0.0,0.0,0.0,0.0,1.2852777242660522,0.03463565930724144,0.0,0.0,0.0,0.0,1.3330556154251099,0.0403798446059227,0.0,0.0,0.0,1.2486109733581543,0.04111627861857414,0.0,0.0,1.2847222089767456,0.03948837146162987,6.172839493956417e-05,1.3305555582046509,0.04103876277804375,1.165555477142334,0.03808809071779251,0.033387597650289536,1.1223344534466212e-06
P4-R5-SWD+P7-R5-SWD,full519,5262087,1,1.3044315992292872,91.0427708978027,1.5142186880111694,4.39704248471731,2.3889403343200684,2.350674373795761,1.3359923362731934,1.1380153894424438,1.1040462427745665,59.51000213623047,3.9673335552215576,0.9904999732971191,0.8473333120346069,0.10000000149011612,0.8,0.0789980732177264,3.533333333333333,94.99367746830073,77.06,4.846986293792725,15.332542367301622,0.007644187659025192,0.10211946050096339,1.3075000047683716,0.033387597650289536,0.0,0.0,0.0,0.0,0.0,0.0,0.0,0.0,0.0,0.0,1.2547221183776855,0.04062790796160698,0.0,0.0,0.0,0.0,0.0,0.0,0.0,0.0,0.0,1.2524999380111694,0.03857364505529404,0.0,0.0,0.0,0.0,0.0,0.0,0.0,0.0,1.287500023841858,0.03444961458444595,0.0,0.0,0.0,0.0,0.0,0.0,0.0,1.3152776956558228,0.038356587290763855,0.0,0.0,0.0,0.0,0.0,0.0,1.297777771949768,0.036914728581905365,0.0,0.0,0.0,0.0,0.0,1.2852777242660522,0.03463565930724144,0.0,0.0,0.0,0.0,1.3330556154251099,0.0403798446059227,0.0,0.0,0.0,1.2486109733581543,0.04111627861857414,0.0,0.0,1.2847222089767456,0.03948837146162987,6.172839493956417e-05,1.3305555582046509,0.04103876277804375,1.165555477142334,0.03808809071779251,0.033387597650289536,1.1223344534466212e-06
P4-R5-SWD+P7-R5-SWD,matched512,5262087,1,1.322265625,91.76117590666712,1.5006603002548218,4.320181534237797,2.420703172683716,2.3828125,1.3533788919448853,1.1529881954193115,1.119140625,59.51000213623047,3.9673335552215576,0.9904999732971191,0.8473333120346069,0.10000000149011612,0.8,0.080078125,3.533333333333333,94.99367746830073,77.06,4.846986293792725,15.332542367301622,0.007748698350042105,0.103515625,1.3075000047683716,0.033387597650289536,0.0,0.0,0.0,0.0,0.0,0.0,0.0,0.0,0.0,0.0,1.2547221183776855,0.04062790796160698,0.0,0.0,0.0,0.0,0.0,0.0,0.0,0.0,0.0,1.2524999380111694,0.03857364505529404,0.0,0.0,0.0,0.0,0.0,0.0,0.0,0.0,1.287500023841858,0.03444961458444595,0.0,0.0,0.0,0.0,0.0,0.0,0.0,1.3152776956558228,0.038356587290763855,0.0,0.0,0.0,0.0,0.0,0.0,1.297777771949768,0.036914728581905365,0.0,0.0,0.0,0.0,0.0,1.2852777242660522,0.03463565930724144,0.0,0.0,0.0,0.0,1.3330556154251099,0.0403798446059227,0.0,0.0,0.0,1.2486109733581543,0.04111627861857414,0.0,0.0,1.2847222089767456,0.03948837146162987,6.172839493956417e-05,1.3305555582046509,0.04103876277804375,1.165555477142334,0.03808809071779251,0.033387597650289536,1.1223344534466212e-06
P4-R5-SWD+P7-R5-SWD,full519,5262087,2,1.3044315992292872,91.07188134023971,1.4857091903686523,4.4365541461607725,2.3889403343200684,2.350674373795761,1.3359923362731934,1.1380153894424438,1.1040462427745665,59.51000213623047,3.9673335552215576,0.9904999732971191,0.8473333120346069,0.10000000149011612,0.8,0.0789980732177264,3.533333333333333,95.05979294348911,77.85363636363637,4.797850608825684,15.545466577621415,0.007644187659025192,0.10211946050096339,1.3075000047683716,0.033387597650289536,0.0,0.0,0.0,0.0,0.0,0.0,0.0,0.0,0.0,0.0,1.2547221183776855,0.04062790796160698,0.0,0.0,0.0,0.0,0.0,0.0,0.0,0.0,0.0,1.2524999380111694,0.03857364505529404,0.0,0.0,0.0,0.0,0.0,0.0,0.0,0.0,1.287500023841858,0.03444961458444595,0.0,0.0,0.0,0.0,0.0,0.0,0.0,1.3152776956558228,0.038356587290763855,0.0,0.0,0.0,0.0,0.0,0.0,1.297777771949768,0.036914728581905365,0.0,0.0,0.0,0.0,0.0,1.2852777242660522,0.03463565930724144,0.0,0.0,0.0,0.0,1.3330556154251099,0.0403798446059227,0.0,0.0,0.0,1.2486109733581543,0.04111627861857414,0.0,0.0,1.2847222089767456,0.03948837146162987,6.172839493956417e-05,1.3305555582046509,0.04103876277804375,1.165555477142334,0.03808809071779251,0.033387597650289536,1.1223344534466212e-06
P4-R5-SWD+P7-R5-SWD,matched512,5262087,2,1.322265625,91.79991952448592,1.4721689224243164,4.361375801408001,2.420703172683716,2.3828125,1.3533788919448853,1.1529881954193115,1.119140625,59.51000213623047,3.9673335552215576,0.9904999732971191,0.8473333120346069,0.10000000149011612,0.8,0.080078125,3.533333333333333,95.05979294348911,77.85363636363637,4.797850608825684,15.545466577621415,0.007748698350042105,0.103515625,1.3075000047683716,0.033387597650289536,0.0,0.0,0.0,0.0,0.0,0.0,0.0,0.0,0.0,0.0,1.2547221183776855,0.04062790796160698,0.0,0.0,0.0,0.0,0.0,0.0,0.0,0.0,0.0,1.2524999380111694,0.03857364505529404,0.0,0.0,0.0,0.0,0.0,0.0,0.0,0.0,1.287500023841858,0.03444961458444595,0.0,0.0,0.0,0.0,0.0,0.0,0.0,1.3152776956558228,0.038356587290763855,0.0,0.0,0.0,0.0,0.0,0.0,1.297777771949768,0.036914728581905365,0.0,0.0,0.0,0.0,0.0,1.2852777242660522,0.03463565930724144,0.0,0.0,0.0,0.0,1.3330556154251099,0.0403798446059227,0.0,0.0,0.0,1.2486109733581543,0.04111627861857414,0.0,0.0,1.2847222089767456,0.03948837146162987,6.172839493956417e-05,1.3305555582046509,0.04103876277804375,1.165555477142334,0.03808809071779251,0.033387597650289536,1.1223344534466212e-06
P4-R5-SWD+P7-R5-SWD,full519,5262087,3,1.3044315992292872,90.91798487489817,1.554894208908081,4.449824341339718,2.3889403343200684,2.350674373795761,1.3359923362731934,1.1380153894424438,1.1040462427745665,59.51000213623047,3.9673335552215576,0.9904999732971191,0.8473333120346069,0.10000000149011612,0.8,0.0789980732177264,3.533333333333333,95.00157628199989,77.32636363636364,4.912530422210693,15.782844406740605,0.007644187659025192,0.10211946050096339,1.3075000047683716,0.033387597650289536,0.0,0.0,0.0,0.0,0.0,0.0,0.0,0.0,0.0,0.0,1.2547221183776855,0.04062790796160698,0.0,0.0,0.0,0.0,0.0,0.0,0.0,0.0,0.0,1.2524999380111694,0.03857364505529404,0.0,0.0,0.0,0.0,0.0,0.0,0.0,0.0,1.287500023841858,0.03444961458444595,0.0,0.0,0.0,0.0,0.0,0.0,0.0,1.3152776956558228,0.038356587290763855,0.0,0.0,0.0,0.0,0.0,0.0,1.297777771949768,0.036914728581905365,0.0,0.0,0.0,0.0,0.0,1.2852777242660522,0.03463565930724144,0.0,0.0,0.0,0.0,1.3330556154251099,0.0403798446059227,0.0,0.0,0.0,1.2486109733581543,0.04111627861857414,0.0,0.0,1.2847222089767456,0.03948837146162987,6.172839493956417e-05,1.3305555582046509,0.04103876277804375,1.165555477142334,0.03808809071779251,0.033387597650289536,1.1223344534466212e-06
P4-R5-SWD+P7-R5-SWD,matched512,5262087,3,1.322265625,91.64034439963248,1.541338324546814,4.372374908602535,2.420703172683716,2.3828125,1.3533788919448853,1.1529881954193115,1.119140625,59.51000213623047,3.9673335552215576,0.9904999732971191,0.8473333120346069,0.10000000149011612,0.8,0.080078125,3.533333333333333,95.00157628199989,77.32636363636364,4.912530422210693,15.782844406740605,0.007748698350042105,0.103515625,1.3075000047683716,0.033387597650289536,0.0,0.0,0.0,0.0,0.0,0.0,0.0,0.0,0.0,0.0,1.2547221183776855,0.04062790796160698,0.0,0.0,0.0,0.0,0.0,0.0,0.0,0.0,0.0,1.2524999380111694,0.03857364505529404,0.0,0.0,0.0,0.0,0.0,0.0,0.0,0.0,1.287500023841858,0.03444961458444595,0.0,0.0,0.0,0.0,0.0,0.0,0.0,1.3152776956558228,0.038356587290763855,0.0,0.0,0.0,0.0,0.0,0.0,1.297777771949768,0.036914728581905365,0.0,0.0,0.0,0.0,0.0,1.2852777242660522,0.03463565930724144,0.0,0.0,0.0,0.0,1.3330556154251099,0.0403798446059227,0.0,0.0,0.0,1.2486109733581543,0.04111627861857414,0.0,0.0,1.2847222089767456,0.03948837146162987,6.172839493956417e-05,1.3305555582046509,0.04103876277804375,1.165555477142334,0.03808809071779251,0.033387597650289536,1.1223344534466212e-06
P4-R5-SWD+P7-R5-SWD,full519,5262087,4,1.3044315992292872,90.90013318778203,1.5187854766845703,4.420049912792336,2.3889403343200684,2.350674373795761,1.3359923362731934,1.1380153894424438,1.1040462427745665,59.51000213623047,3.9673335552215576,0.9904999732971191,0.8473333120346069,0.10000000149011612,0.8,0.0789980732177264,3.533333333333333,94.79221505481401,75.91272727272728,4.932507038116455,15.573684844298786,0.007644187659025192,0.10211946050096339,1.3075000047683716,0.033387597650289536,0.0,0.0,0.0,0.0,0.0,0.0,0.0,0.0,0.0,0.0,1.2547221183776855,0.04062790796160698,0.0,0.0,0.0,0.0,0.0,0.0,0.0,0.0,0.0,1.2524999380111694,0.03857364505529404,0.0,0.0,0.0,0.0,0.0,0.0,0.0,0.0,1.287500023841858,0.03444961458444595,0.0,0.0,0.0,0.0,0.0,0.0,0.0,1.3152776956558228,0.038356587290763855,0.0,0.0,0.0,0.0,0.0,0.0,1.297777771949768,0.036914728581905365,0.0,0.0,0.0,0.0,0.0,1.2852777242660522,0.03463565930724144,0.0,0.0,0.0,0.0,1.3330556154251099,0.0403798446059227,0.0,0.0,0.0,1.2486109733581543,0.04111627861857414,0.0,0.0,1.2847222089767456,0.03948837146162987,6.172839493956417e-05,1.3305555582046509,0.04103876277804375,1.165555477142334,0.03808809071779251,0.033387597650289536,1.1223344534466212e-06
P4-R5-SWD+P7-R5-SWD,matched512,5262087,4,1.322265625,91.61188142797957,1.5051615238189697,4.337575396037652,2.420703172683716,2.3828125,1.3533788919448853,1.1529881954193115,1.119140625,59.51000213623047,3.9673335552215576,0.9904999732971191,0.8473333120346069,0.10000000149011612,0.8,0.080078125,3.533333333333333,94.79221505481401,75.91272727272728,4.932507038116455,15.573684844298786,0.007748698350042105,0.103515625,1.3075000047683716,0.033387597650289536,0.0,0.0,0.0,0.0,0.0,0.0,0.0,0.0,0.0,0.0,1.2547221183776855,0.04062790796160698,0.0,0.0,0.0,0.0,0.0,0.0,0.0,0.0,0.0,1.2524999380111694,0.03857364505529404,0.0,0.0,0.0,0.0,0.0,0.0,0.0,0.0,1.287500023841858,0.03444961458444595,0.0,0.0,0.0,0.0,0.0,0.0,0.0,1.3152776956558228,0.038356587290763855,0.0,0.0,0.0,0.0,0.0,0.0,1.297777771949768,0.036914728581905365,0.0,0.0,0.0,0.0,0.0,1.2852777242660522,0.03463565930724144,0.0,0.0,0.0,0.0,1.3330556154251099,0.0403798446059227,0.0,0.0,0.0,1.2486109733581543,0.04111627861857414,0.0,0.0,1.2847222089767456,0.03948837146162987,6.172839493956417e-05,1.3305555582046509,0.04103876277804375,1.165555477142334,0.03808809071779251,0.033387597650289536,1.1223344534466212e-06
P5-R6-SFE,full519,1092438045,0,1.2967244701348748,90.77611420842057,1.4727996587753296,4.362202807088376,2.3858189582824707,2.346820809248555,1.3315608501434326,1.1389209032058716,1.1021194605009634,57.980003356933594,3.8653335571289062,0.9930000305175781,0.8373333215713501,0.09000000357627869,0.8,0.0789980732177264,3.466666666666667,95.35601205507456,77.90272727272728,4.3329243659973145,14.959129818293745,0.0074476562440395355,0.1001926782273603,1.3061109781265259,0.03329457342624664,0.0,0.0,0.0,0.0,0.0,0.0,0.0,0.0,0.0,0.0,1.2547221183776855,0.04058914631605148,0.0,0.0,0.0,0.0,0.0,0.0,0.0,0.0,0.0,1.2577776908874512,0.03890697658061981,0.0,0.0,0.0,0.0,0.0,0.0,0.0,0.0,1.296388864517212,0.034325581043958664,0.0,0.0,0.0,0.0,0.0,0.0,0.0,1.3186111450195312,0.038984496146440506,0.0,0.0,0.0,0.0,0.0,0.0,1.3030554056167603,0.03694573789834976,0.0,0.0,0.0,0.0,0.0,1.2947221994400024,0.03447286784648895,0.0,0.0,0.0,0.0,1.331111192703247,0.04045736417174339,0.0,0.0,0.0,1.2461111545562744,0.04109302535653114,0.0,0.0,1.2813888788223267,0.03942635655403137,5.401234739110805e-05,1.3244444131851196,0.04090698063373566,1.1502777338027954,0.0381275550885634,0.03329457342624664,9.820426798383282e-07
P5-R6-SFE,matched512,1092438045,0,1.314453125,91.50281300448682,1.4572150707244873,4.2883550843553895,2.417421817779541,2.37890625,1.3487695455551147,1.1538281440734863,1.1171875,57.980003356933594,3.8653335571289062,0.9930000305175781,0.8373333215713501,0.09000000357627869,0.8,0.080078125,3.466666666666667,95.35601205507456,77.90272727272728,4.3329243659973145,14.959129818293745,0.007549479603767395,0.1015625,1.3061109781265259,0.03329457342624664,0.0,0.0,0.0,0.0,0.0,0.0,0.0,0.0,0.0,0.0,1.2547221183776855,0.04058914631605148,0.0,0.0,0.0,0.0,0.0,0.0,0.0,0.0,0.0,1.2577776908874512,0.03890697658061981,0.0,0.0,0.0,0.0,0.0,0.0,0.0,0.0,1.296388864517212,0.034325581043958664,0.0,0.0,0.0,0.0,0.0,0.0,0.0,1.3186111450195312,0.038984496146440506,0.0,0.0,0.0,0.0,0.0,0.0,1.3030554056167603,0.03694573789834976,0.0,0.0,0.0,0.0,0.0,1.2947221994400024,0.03447286784648895,0.0,0.0,0.0,0.0,1.331111192703247,0.04045736417174339,0.0,0.0,0.0,1.2461111545562744,0.04109302535653114,0.0,0.0,1.2813888788223267,0.03942635655403137,5.401234739110805e-05,1.3244444131851196,0.04090698063373566,1.1502777338027954,0.0381275550885634,0.03329457342624664,9.820426798383282e-07
P5-R6-SFE,full519,1092438045,1,1.2967244701348748,90.70270002669136,1.4667699337005615,4.366098802038711,2.3858189582824707,2.346820809248555,1.3315608501434326,1.1389209032058716,1.1021194605009634,57.980003356933594,3.8653335571289062,0.9930000305175781,0.8373333215713501,0.09000000357627869,0.8,0.0789980732177264,3.466666666666667,95.1991913463337,77.36727272727273,4.430603981018066,15.214364049985036,0.0074476562440395355,0.1001926782273603,1.3061109781265259,0.03329457342624664,0.0,0.0,0.0,0.0,0.0,0.0,0.0,0.0,0.0,0.0,1.2547221183776855,0.04058914631605148,0.0,0.0,0.0,0.0,0.0,0.0,0.0,0.0,0.0,1.2577776908874512,0.03890697658061981,0.0,0.0,0.0,0.0,0.0,0.0,0.0,0.0,1.296388864517212,0.034325581043958664,0.0,0.0,0.0,0.0,0.0,0.0,0.0,1.3186111450195312,0.038984496146440506,0.0,0.0,0.0,0.0,0.0,0.0,1.3030554056167603,0.03694573789834976,0.0,0.0,0.0,0.0,0.0,1.2947221994400024,0.03447286784648895,0.0,0.0,0.0,0.0,1.331111192703247,0.04045736417174339,0.0,0.0,0.0,1.2461111545562744,0.04109302535653114,0.0,0.0,1.2813888788223267,0.03942635655403137,5.401234739110805e-05,1.3244444131851196,0.04090698063373566,1.1502777338027954,0.0381275550885634,0.03329457342624664,9.820426798383282e-07
P5-R6-SFE,matched512,1092438045,1,1.314453125,91.4269577837527,1.4510295391082764,4.288326683249797,2.417421817779541,2.37890625,1.3487695455551147,1.1538281440734863,1.1171875,57.980003356933594,3.8653335571289062,0.9930000305175781,0.8373333215713501,0.09000000357627869,0.8,0.080078125,3.466666666666667,95.1991913463337,77.36727272727273,4.430603981018066,15.214364049985036,0.007549479603767395,0.1015625,1.3061109781265259,0.03329457342624664,0.0,0.0,0.0,0.0,0.0,0.0,0.0,0.0,0.0,0.0,1.2547221183776855,0.04058914631605148,0.0,0.0,0.0,0.0,0.0,0.0,0.0,0.0,0.0,1.2577776908874512,0.03890697658061981,0.0,0.0,0.0,0.0,0.0,0.0,0.0,0.0,1.296388864517212,0.034325581043958664,0.0,0.0,0.0,0.0,0.0,0.0,0.0,1.3186111450195312,0.038984496146440506,0.0,0.0,0.0,0.0,0.0,0.0,1.3030554056167603,0.03694573789834976,0.0,0.0,0.0,0.0,0.0,1.2947221994400024,0.03447286784648895,0.0,0.0,0.0,0.0,1.331111192703247,0.04045736417174339,0.0,0.0,0.0,1.2461111545562744,0.04109302535653114,0.0,0.0,1.2813888788223267,0.03942635655403137,5.401234739110805e-05,1.3244444131851196,0.04090698063373566,1.1502777338027954,0.0381275550885634,0.03329457342624664,9.820426798383282e-07
P5-R6-SFE,full519,1092438045,2,1.2967244701348748,90.62489070028666,1.4419689178466797,4.39779033336642,2.3858189582824707,2.346820809248555,1.3315608501434326,1.1389209032058716,1.1021194605009634,57.980003356933594,3.8653335571289062,0.9930000305175781,0.8373333215713501,0.09000000357627869,0.8,0.0789980732177264,3.466666666666667,95.03616893555261,76.02600000000001,4.483560085296631,15.417046398307223,0.0074476562440395355,0.1001926782273603,1.3061109781265259,0.03329457342624664,0.0,0.0,0.0,0.0,0.0,0.0,0.0,0.0,0.0,0.0,1.2547221183776855,0.04058914631605148,0.0,0.0,0.0,0.0,0.0,0.0,0.0,0.0,0.0,1.2577776908874512,0.03890697658061981,0.0,0.0,0.0,0.0,0.0,0.0,0.0,0.0,1.296388864517212,0.034325581043958664,0.0,0.0,0.0,0.0,0.0,0.0,0.0,1.3186111450195312,0.038984496146440506,0.0,0.0,0.0,0.0,0.0,0.0,1.3030554056167603,0.03694573789834976,0.0,0.0,0.0,0.0,0.0,1.2947221994400024,0.03447286784648895,0.0,0.0,0.0,0.0,1.331111192703247,0.04045736417174339,0.0,0.0,0.0,1.2461111545562744,0.04109302535653114,0.0,0.0,1.2813888788223267,0.03942635655403137,5.401234739110805e-05,1.3244444131851196,0.04090698063373566,1.1502777338027954,0.0381275550885634,0.03329457342624664,9.820426798383282e-07
P5-R6-SFE,matched512,1092438045,2,1.314453125,91.34177668425325,1.4260544776916504,4.319024085021178,2.417421817779541,2.37890625,1.3487695455551147,1.1538281440734863,1.1171875,57.980003356933594,3.8653335571289062,0.9930000305175781,0.8373333215713501,0.09000000357627869,0.8,0.080078125,3.466666666666667,95.03616893555261,76.02600000000001,4.483560085296631,15.417046398307223,0.007549479603767395,0.1015625,1.3061109781265259,0.03329457342624664,0.0,0.0,0.0,0.0,0.0,0.0,0.0,0.0,0.0,0.0,1.2547221183776855,0.04058914631605148,0.0,0.0,0.0,0.0,0.0,0.0,0.0,0.0,0.0,1.2577776908874512,0.03890697658061981,0.0,0.0,0.0,0.0,0.0,0.0,0.0,0.0,1.296388864517212,0.034325581043958664,0.0,0.0,0.0,0.0,0.0,0.0,0.0,1.3186111450195312,0.038984496146440506,0.0,0.0,0.0,0.0,0.0,0.0,1.3030554056167603,0.03694573789834976,0.0,0.0,0.0,0.0,0.0,1.2947221994400024,0.03447286784648895,0.0,0.0,0.0,0.0,1.331111192703247,0.04045736417174339,0.0,0.0,0.0,1.2461111545562744,0.04109302535653114,0.0,0.0,1.2813888788223267,0.03942635655403137,5.401234739110805e-05,1.3244444131851196,0.04090698063373566,1.1502777338027954,0.0381275550885634,0.03329457342624664,9.820426798383282e-07
P5-R6-SFE,full519,1092438045,3,1.2967244701348748,90.59255511487015,1.4880893230438232,4.384795321976863,2.3858189582824707,2.346820809248555,1.3315608501434326,1.1389209032058716,1.1021194605009634,57.980003356933594,3.8653335571289062,0.9930000305175781,0.8373333215713501,0.09000000357627869,0.8,0.0789980732177264,3.466666666666667,95.15409202725002,77.03,4.437790870666504,14.983785481201805,0.0074476562440395355,0.1001926782273603,1.3061109781265259,0.03329457342624664,0.0,0.0,0.0,0.0,0.0,0.0,0.0,0.0,0.0,0.0,1.2547221183776855,0.04058914631605148,0.0,0.0,0.0,0.0,0.0,0.0,0.0,0.0,0.0,1.2577776908874512,0.03890697658061981,0.0,0.0,0.0,0.0,0.0,0.0,0.0,0.0,1.296388864517212,0.034325581043958664,0.0,0.0,0.0,0.0,0.0,0.0,0.0,1.3186111450195312,0.038984496146440506,0.0,0.0,0.0,0.0,0.0,0.0,1.3030554056167603,0.03694573789834976,0.0,0.0,0.0,0.0,0.0,1.2947221994400024,0.03447286784648895,0.0,0.0,0.0,0.0,1.331111192703247,0.04045736417174339,0.0,0.0,0.0,1.2461111545562744,0.04109302535653114,0.0,0.0,1.2813888788223267,0.03942635655403137,5.401234739110805e-05,1.3244444131851196,0.04090698063373566,1.1502777338027954,0.0381275550885634,0.03329457342624664,9.820426798383282e-07
P5-R6-SFE,matched512,1092438045,3,1.314453125,91.3043614239493,1.4725942611694336,4.308433196115389,2.417421817779541,2.37890625,1.3487695455551147,1.1538281440734863,1.1171875,57.980003356933594,3.8653335571289062,0.9930000305175781,0.8373333215713501,0.09000000357627869,0.8,0.080078125,3.466666666666667,95.15409202725002,77.03,4.437790870666504,14.983785481201805,0.007549479603767395,0.1015625,1.3061109781265259,0.03329457342624664,0.0,0.0,0.0,0.0,0.0,0.0,0.0,0.0,0.0,0.0,1.2547221183776855,0.04058914631605148,0.0,0.0,0.0,0.0,0.0,0.0,0.0,0.0,0.0,1.2577776908874512,0.03890697658061981,0.0,0.0,0.0,0.0,0.0,0.0,0.0,0.0,1.296388864517212,0.034325581043958664,0.0,0.0,0.0,0.0,0.0,0.0,0.0,1.3186111450195312,0.038984496146440506,0.0,0.0,0.0,0.0,0.0,0.0,1.3030554056167603,0.03694573789834976,0.0,0.0,0.0,0.0,0.0,1.2947221994400024,0.03447286784648895,0.0,0.0,0.0,0.0,1.331111192703247,0.04045736417174339,0.0,0.0,0.0,1.2461111545562744,0.04109302535653114,0.0,0.0,1.2813888788223267,0.03942635655403137,5.401234739110805e-05,1.3244444131851196,0.04090698063373566,1.1502777338027954,0.0381275550885634,0.03329457342624664,9.820426798383282e-07
P5-R6-SFE,full519,1092438045,4,1.2967244701348748,90.41498646386798,1.5512361526489258,4.4067440015981365,2.3858189582824707,2.346820809248555,1.3315608501434326,1.1389209032058716,1.1021194605009634,57.980003356933594,3.8653335571289062,0.9930000305175781,0.8373333215713501,0.09000000357627869,0.8,0.0789980732177264,3.466666666666667,94.96538719954171,75.99300000000001,4.685328960418701,15.52108190119014,0.0074476562440395355,0.1001926782273603,1.3061109781265259,0.03329457342624664,0.0,0.0,0.0,0.0,0.0,0.0,0.0,0.0,0.0,0.0,1.2547221183776855,0.04058914631605148,0.0,0.0,0.0,0.0,0.0,0.0,0.0,0.0,0.0,1.2577776908874512,0.03890697658061981,0.0,0.0,0.0,0.0,0.0,0.0,0.0,0.0,1.296388864517212,0.034325581043958664,0.0,0.0,0.0,0.0,0.0,0.0,0.0,1.3186111450195312,0.038984496146440506,0.0,0.0,0.0,0.0,0.0,0.0,1.3030554056167603,0.03694573789834976,0.0,0.0,0.0,0.0,0.0,1.2947221994400024,0.03447286784648895,0.0,0.0,0.0,0.0,1.331111192703247,0.04045736417174339,0.0,0.0,0.0,1.2461111545562744,0.04109302535653114,0.0,0.0,1.2813888788223267,0.03942635655403137,5.401234739110805e-05,1.3244444131851196,0.04090698063373566,1.1502777338027954,0.0381275550885634,0.03329457342624664,9.820426798383282e-07
P5-R6-SFE,matched512,1092438045,4,1.314453125,91.12548060544057,1.535521388053894,4.328639618705099,2.417421817779541,2.37890625,1.3487695455551147,1.1538281440734863,1.1171875,57.980003356933594,3.8653335571289062,0.9930000305175781,0.8373333215713501,0.09000000357627869,0.8,0.080078125,3.466666666666667,94.96538719954171,75.99300000000001,4.685328960418701,15.52108190119014,0.007549479603767395,0.1015625,1.3061109781265259,0.03329457342624664,0.0,0.0,0.0,0.0,0.0,0.0,0.0,0.0,0.0,0.0,1.2547221183776855,0.04058914631605148,0.0,0.0,0.0,0.0,0.0,0.0,0.0,0.0,0.0,1.2577776908874512,0.03890697658061981,0.0,0.0,0.0,0.0,0.0,0.0,0.0,0.0,1.296388864517212,0.034325581043958664,0.0,0.0,0.0,0.0,0.0,0.0,0.0,1.3186111450195312,0.038984496146440506,0.0,0.0,0.0,0.0,0.0,0.0,1.3030554056167603,0.03694573789834976,0.0,0.0,0.0,0.0,0.0,1.2947221994400024,0.03447286784648895,0.0,0.0,0.0,0.0,1.331111192703247,0.04045736417174339,0.0,0.0,0.0,1.2461111545562744,0.04109302535653114,0.0,0.0,1.2813888788223267,0.03942635655403137,5.401234739110805e-05,1.3244444131851196,0.04090698063373566,1.1502777338027954,0.0381275550885634,0.03329457342624664,9.820426798383282e-07
P5-R6-VFN,full519,590743699,0,1.2967244701348748,90.66633862781406,1.5261493921279907,4.413796570000287,2.3847975730895996,2.346820809248555,1.3326396942138672,1.1341040134429932,1.0963391136801541,58.119998931884766,3.874666690826416,0.9915000200271606,0.8319999575614929,0.10000000149011612,0.8,0.0789980732177264,3.533333333333333,94.79250524674656,73.618,4.907432556152344,15.512933946534478,0.0074656386859714985,0.10211946050096339,1.3088887929916382,0.03329457342624664,0.0,0.0,0.0,0.0,0.0,0.0,0.0,0.0,0.0,0.0,1.2530555725097656,0.04060465469956398,0.0,0.0,0.0,0.0,0.0,0.0,0.0,0.0,0.0,1.2549999952316284,0.03858914598822594,0.0,0.0,0.0,0.0,0.0,0.0,0.0,0.0,1.31166672706604,0.03466666862368584,0.0,0.0,0.0,0.0,0.0,0.0,0.0,1.3208333253860474,0.037410855293273926,0.0,0.0,0.0,0.0,0.0,0.0,1.3088889122009277,0.03594573587179184,0.0,0.0,0.0,0.0,0.0,1.3008333444595337,0.03446511551737785,0.0,0.0,0.0,0.0,1.334444522857666,0.04050387442111969,0.0,0.0,0.0,1.2488888502120972,0.04111627861857414,0.0,0.0,1.2836110591888428,0.03946511447429657,6.944443885004148e-05,1.3305555582046509,0.041062016040086746,1.149999976158142,0.0379203666340221,0.03329457342624664,1.2626261609098451e-06
P5-R6-VFN,matched512,590743699,0,1.314453125,91.36421445974815,1.5122238397598267,4.334389079837821,2.41650390625,2.37890625,1.3499804735183716,1.149023413658142,1.111328125,58.12000274658203,3.874666929244995,0.9915000200271606,0.8319999575614929,0.10000000149011612,0.8,0.080078125,3.533333333333333,94.79250524674656,73.618,4.907432556152344,15.512933946534478,0.007567708846181631,0.103515625,1.3088887929916382,0.03329457342624664,0.0,0.0,0.0,0.0,0.0,0.0,0.0,0.0,0.0,0.0,1.2530555725097656,0.04060465469956398,0.0,0.0,0.0,0.0,0.0,0.0,0.0,0.0,0.0,1.2549999952316284,0.03858914598822594,0.0,0.0,0.0,0.0,0.0,0.0,0.0,0.0,1.31166672706604,0.03466666862368584,0.0,0.0,0.0,0.0,0.0,0.0,0.0,1.3208333253860474,0.037410855293273926,0.0,0.0,0.0,0.0,0.0,0.0,1.3088889122009277,0.03594573587179184,0.0,0.0,0.0,0.0,0.0,1.3008333444595337,0.03446511551737785,0.0,0.0,0.0,0.0,1.334444522857666,0.04050387442111969,0.0,0.0,0.0,1.2488888502120972,0.04111627861857414,0.0,0.0,1.2836110591888428,0.03946511447429657,6.944443885004148e-05,1.3305555582046509,0.041062016040086746,1.149999976158142,0.0379203666340221,0.03329457342624664,1.2626261609098451e-06
P5-R6-VFN,full519,590743699,1,1.2967244701348748,90.60584401752178,1.5450046062469482,4.337846180149137,2.3847975730895996,2.346820809248555,1.3326396942138672,1.1341040134429932,1.0963391136801541,58.119998931884766,3.874666690826416,0.9915000200271606,0.8319999575614929,0.10000000149011612,0.8,0.0789980732177264,3.533333333333333,94.72182614755357,74.5490909090909,4.921932697296143,14.787030841365889,0.0074656386859714985,0.10211946050096339,1.3088887929916382,0.03329457342624664,0.0,0.0,0.0,0.0,0.0,0.0,0.0,0.0,0.0,0.0,1.2530555725097656,0.04060465469956398,0.0,0.0,0.0,0.0,0.0,0.0,0.0,0.0,0.0,1.2549999952316284,0.03858914598822594,0.0,0.0,0.0,0.0,0.0,0.0,0.0,0.0,1.31166672706604,0.03466666862368584,0.0,0.0,0.0,0.0,0.0,0.0,0.0,1.3208333253860474,0.037410855293273926,0.0,0.0,0.0,0.0,0.0,0.0,1.3088889122009277,0.03594573587179184,0.0,0.0,0.0,0.0,0.0,1.3008333444595337,0.03446511551737785,0.0,0.0,0.0,0.0,1.334444522857666,0.04050387442111969,0.0,0.0,0.0,1.2488888502120972,0.04111627861857414,0.0,0.0,1.2836110591888428,0.03946511447429657,6.944443885004148e-05,1.3305555582046509,0.041062016040086746,1.149999976158142,0.0379203666340221,0.03329457342624664,1.2626261609098451e-06
P5-R6-VFN,matched512,590743699,1,1.314453125,91.30478629839126,1.5317981243133545,4.270801668903608,2.41650390625,2.37890625,1.3499804735183716,1.149023413658142,1.111328125,58.12000274658203,3.874666929244995,0.9915000200271606,0.8319999575614929,0.10000000149011612,0.8,0.080078125,3.533333333333333,94.72182614755357,74.5490909090909,4.921932697296143,14.787030841365889,0.007567708846181631,0.103515625,1.3088887929916382,0.03329457342624664,0.0,0.0,0.0,0.0,0.0,0.0,0.0,0.0,0.0,0.0,1.2530555725097656,0.04060465469956398,0.0,0.0,0.0,0.0,0.0,0.0,0.0,0.0,0.0,1.2549999952316284,0.03858914598822594,0.0,0.0,0.0,0.0,0.0,0.0,0.0,0.0,1.31166672706604,0.03466666862368584,0.0,0.0,0.0,0.0,0.0,0.0,0.0,1.3208333253860474,0.037410855293273926,0.0,0.0,0.0,0.0,0.0,0.0,1.3088889122009277,0.03594573587179184,0.0,0.0,0.0,0.0,0.0,1.3008333444595337,0.03446511551737785,0.0,0.0,0.0,0.0,1.334444522857666,0.04050387442111969,0.0,0.0,0.0,1.2488888502120972,0.04111627861857414,0.0,0.0,1.2836110591888428,0.03946511447429657,6.944443885004148e-05,1.3305555582046509,0.041062016040086746,1.149999976158142,0.0379203666340221,0.03329457342624664,1.2626261609098451e-06
P5-R6-VFN,full519,590743699,2,1.2967244701348748,90.50625560518479,1.5249630212783813,4.354383896667335,2.3847975730895996,2.346820809248555,1.3326396942138672,1.1341040134429932,1.0963391136801541,58.119998931884766,3.874666690826416,0.9915000200271606,0.8319999575614929,0.10000000149011612,0.8,0.0789980732177264,3.533333333333333,94.59310203974266,72.208,4.946898937225342,15.162524064847716,0.0074656386859714985,0.10211946050096339,1.3088887929916382,0.03329457342624664,0.0,0.0,0.0,0.0,0.0,0.0,0.0,0.0,0.0,0.0,1.2530555725097656,0.04060465469956398,0.0,0.0,0.0,0.0,0.0,0.0,0.0,0.0,0.0,1.2549999952316284,0.03858914598822594,0.0,0.0,0.0,0.0,0.0,0.0,0.0,0.0,1.31166672706604,0.03466666862368584,0.0,0.0,0.0,0.0,0.0,0.0,0.0,1.3208333253860474,0.037410855293273926,0.0,0.0,0.0,0.0,0.0,0.0,1.3088889122009277,0.03594573587179184,0.0,0.0,0.0,0.0,0.0,1.3008333444595337,0.03446511551737785,0.0,0.0,0.0,0.0,1.334444522857666,0.04050387442111969,0.0,0.0,0.0,1.2488888502120972,0.04111627861857414,0.0,0.0,1.2836110591888428,0.03946511447429657,6.944443885004148e-05,1.3305555582046509,0.041062016040086746,1.149999976158142,0.0379203666340221,0.03329457342624664,1.2626261609098451e-06
P5-R6-VFN,matched512,590743699,2,1.314453125,91.20030690484646,1.511094093322754,4.275801698217931,2.41650390625,2.37890625,1.3499804735183716,1.149023413658142,1.111328125,58.12000274658203,3.874666929244995,0.9915000200271606,0.8319999575614929,0.10000000149011612,0.8,0.080078125,3.533333333333333,94.59310203974266,72.208,4.946898937225342,15.162524064847716,0.007567708846181631,0.103515625,1.3088887929916382,0.03329457342624664,0.0,0.0,0.0,0.0,0.0,0.0,0.0,0.0,0.0,0.0,1.2530555725097656,0.04060465469956398,0.0,0.0,0.0,0.0,0.0,0.0,0.0,0.0,0.0,1.2549999952316284,0.03858914598822594,0.0,0.0,0.0,0.0,0.0,0.0,0.0,0.0,1.31166672706604,0.03466666862368584,0.0,0.0,0.0,0.0,0.0,0.0,0.0,1.3208333253860474,0.037410855293273926,0.0,0.0,0.0,0.0,0.0,0.0,1.3088889122009277,0.03594573587179184,0.0,0.0,0.0,0.0,0.0,1.3008333444595337,0.03446511551737785,0.0,0.0,0.0,0.0,1.334444522857666,0.04050387442111969,0.0,0.0,0.0,1.2488888502120972,0.04111627861857414,0.0,0.0,1.2836110591888428,0.03946511447429657,6.944443885004148e-05,1.3305555582046509,0.041062016040086746,1.149999976158142,0.0379203666340221,0.03329457342624664,1.2626261609098451e-06
P5-R6-VFN,full519,590743699,3,1.2967244701348748,90.44391772041917,1.5384505987167358,4.375404074043859,2.3847975730895996,2.346820809248555,1.3326396942138672,1.1341040134429932,1.0963391136801541,58.119998931884766,3.874666690826416,0.9915000200271606,0.8319999575614929,0.10000000149011612,0.8,0.0789980732177264,3.533333333333333,94.54700023465475,72.96,5.042126655578613,14.83960439176794,0.0074656386859714985,0.10211946050096339,1.3088887929916382,0.03329457342624664,0.0,0.0,0.0,0.0,0.0,0.0,0.0,0.0,0.0,0.0,1.2530555725097656,0.04060465469956398,0.0,0.0,0.0,0.0,0.0,0.0,0.0,0.0,0.0,1.2549999952316284,0.03858914598822594,0.0,0.0,0.0,0.0,0.0,0.0,0.0,0.0,1.31166672706604,0.03466666862368584,0.0,0.0,0.0,0.0,0.0,0.0,0.0,1.3208333253860474,0.037410855293273926,0.0,0.0,0.0,0.0,0.0,0.0,1.3088889122009277,0.03594573587179184,0.0,0.0,0.0,0.0,0.0,1.3008333444595337,0.03446511551737785,0.0,0.0,0.0,0.0,1.334444522857666,0.04050387442111969,0.0,0.0,0.0,1.2488888502120972,0.04111627861857414,0.0,0.0,1.2836110591888428,0.03946511447429657,6.944443885004148e-05,1.3305555582046509,0.041062016040086746,1.149999976158142,0.0379203666340221,0.03329457342624664,1.2626261609098451e-06
P5-R6-VFN,matched512,590743699,3,1.314453125,91.14180726700599,1.52444326877594,4.296155929295459,2.41650390625,2.37890625,1.3499804735183716,1.149023413658142,1.111328125,58.12000274658203,3.874666929244995,0.9915000200271606,0.8319999575614929,0.10000000149011612,0.8,0.080078125,3.533333333333333,94.54700023465475,72.96,5.042126655578613,14.83960439176794,0.007567708846181631,0.103515625,1.3088887929916382,0.03329457342624664,0.0,0.0,0.0,0.0,0.0,0.0,0.0,0.0,0.0,0.0,1.2530555725097656,0.04060465469956398,0.0,0.0,0.0,0.0,0.0,0.0,0.0,0.0,0.0,1.2549999952316284,0.03858914598822594,0.0,0.0,0.0,0.0,0.0,0.0,0.0,0.0,1.31166672706604,0.03466666862368584,0.0,0.0,0.0,0.0,0.0,0.0,0.0,1.3208333253860474,0.037410855293273926,0.0,0.0,0.0,0.0,0.0,0.0,1.3088889122009277,0.03594573587179184,0.0,0.0,0.0,0.0,0.0,1.3008333444595337,0.03446511551737785,0.0,0.0,0.0,0.0,1.334444522857666,0.04050387442111969,0.0,0.0,0.0,1.2488888502120972,0.04111627861857414,0.0,0.0,1.2836110591888428,0.03946511447429657,6.944443885004148e-05,1.3305555582046509,0.041062016040086746,1.149999976158142,0.0379203666340221,0.03329457342624664,1.2626261609098451e-06
P5-R6-VFN,full519,590743699,4,1.2967244701348748,90.3115017432792,1.5726540088653564,4.422907252524649,2.3847975730895996,2.346820809248555,1.3326396942138672,1.1341040134429932,1.0963391136801541,58.119998931884766,3.874666690826416,0.9915000200271606,0.8319999575614929,0.10000000149011612,0.8,0.0789980732177264,3.533333333333333,94.38684168320106,72.50545454545455,5.087158203125,15.433176677942324,0.0074656386859714985,0.10211946050096339,1.3088887929916382,0.03329457342624664,0.0,0.0,0.0,0.0,0.0,0.0,0.0,0.0,0.0,0.0,1.2530555725097656,0.04060465469956398,0.0,0.0,0.0,0.0,0.0,0.0,0.0,0.0,0.0,1.2549999952316284,0.03858914598822594,0.0,0.0,0.0,0.0,0.0,0.0,0.0,0.0,1.31166672706604,0.03466666862368584,0.0,0.0,0.0,0.0,0.0,0.0,0.0,1.3208333253860474,0.037410855293273926,0.0,0.0,0.0,0.0,0.0,0.0,1.3088889122009277,0.03594573587179184,0.0,0.0,0.0,0.0,0.0,1.3008333444595337,0.03446511551737785,0.0,0.0,0.0,0.0,1.334444522857666,0.04050387442111969,0.0,0.0,0.0,1.2488888502120972,0.04111627861857414,0.0,0.0,1.2836110591888428,0.03946511447429657,6.944443885004148e-05,1.3305555582046509,0.041062016040086746,1.149999976158142,0.0379203666340221,0.03329457342624664,1.2626261609098451e-06
P5-R6-VFN,matched512,590743699,4,1.314453125,90.98822769407242,1.5590343475341797,4.342600576329928,2.41650390625,2.37890625,1.3499804735183716,1.149023413658142,1.111328125,58.12000274658203,3.874666929244995,0.9915000200271606,0.8319999575614929,0.10000000149011612,0.8,0.080078125,3.533333333333333,94.38684168320106,72.50545454545455,5.087158203125,15.433176677942324,0.007567708846181631,0.103515625,1.3088887929916382,0.03329457342624664,0.0,0.0,0.0,0.0,0.0,0.0,0.0,0.0,0.0,0.0,1.2530555725097656,0.04060465469956398,0.0,0.0,0.0,0.0,0.0,0.0,0.0,0.0,0.0,1.2549999952316284,0.03858914598822594,0.0,0.0,0.0,0.0,0.0,0.0,0.0,0.0,1.31166672706604,0.03466666862368584,0.0,0.0,0.0,0.0,0.0,0.0,0.0,1.3208333253860474,0.037410855293273926,0.0,0.0,0.0,0.0,0.0,0.0,1.3088889122009277,0.03594573587179184,0.0,0.0,0.0,0.0,0.0,1.3008333444595337,0.03446511551737785,0.0,0.0,0.0,0.0,1.334444522857666,0.04050387442111969,0.0,0.0,0.0,1.2488888502120972,0.04111627861857414,0.0,0.0,1.2836110591888428,0.03946511447429657,6.944443885004148e-05,1.3305555582046509,0.041062016040086746,1.149999976158142,0.0379203666340221,0.03329457342624664,1.2626261609098451e-06
P5-R6-TYE,full519,200417498,0,1.30635838150289,91.08117629640749,1.4806028604507446,4.375573564851648,2.3866281509399414,2.3564547206165702,1.3343546390533447,1.1370905637741089,1.1078998073217727,58.599998474121094,3.9066665172576904,0.9919999837875366,0.840666651725769,0.09000000357627869,0.8,0.0789980732177264,3.533333333333333,95.20241688963044,78.33090909090907,4.6898274421691895,14.822574822570996,0.007527295965701342,0.10211946050096339,1.3083332777023315,0.03348061814904213,0.0,0.0,0.0,0.0,0.0,0.0,0.0,0.0,0.0,0.0,1.255555510520935,0.04058139771223068,0.0,0.0,0.0,0.0,0.0,0.0,0.0,0.0,0.0,1.2524999380111694,0.038620155304670334,0.0,0.0,0.0,0.0,0.0,0.0,0.0,0.0,1.2908333539962769,0.03468216955661774,0.0,0.0,0.0,0.0,0.0,0.0,0.0,1.3069443702697754,0.03789147734642029,0.0,0.0,0.0,0.0,0.0,0.0,1.3019444942474365,0.036945734173059464,0.0,0.0,0.0,0.0,0.0,1.2941666841506958,0.03460464999079704,0.0,0.0,0.0,0.0,1.329722285270691,0.040449611842632294,0.0,0.0,0.0,1.2458332777023315,0.041193798184394836,0.0,0.0,1.2833333015441895,0.03943410888314247,7.716049731243402e-05,1.3291666507720947,0.04118604585528374,1.1547222137451172,0.038097251545299186,0.03348061814904213,1.4029181329533458e-06
P5-R6-TYE,matched512,200417498,0,1.32421875,91.78250384001848,1.4667600393295288,4.3021658901638435,2.418339729309082,2.388671875,1.3516991138458252,1.1520507335662842,1.123046875,58.599998474121094,3.9066665172576904,0.9919999837875366,0.840666651725769,0.09000000357627869,0.8,0.080078125,3.533333333333333,95.20241688963044,78.33090909090907,4.6898274421691895,14.822574822570996,0.007630208041518927,0.103515625,1.3083332777023315,0.03348061814904213,0.0,0.0,0.0,0.0,0.0,0.0,0.0,0.0,0.0,0.0,1.255555510520935,0.04058139771223068,0.0,0.0,0.0,0.0,0.0,0.0,0.0,0.0,0.0,1.2524999380111694,0.038620155304670334,0.0,0.0,0.0,0.0,0.0,0.0,0.0,0.0,1.2908333539962769,0.03468216955661774,0.0,0.0,0.0,0.0,0.0,0.0,0.0,1.3069443702697754,0.03789147734642029,0.0,0.0,0.0,0.0,0.0,0.0,1.3019444942474365,0.036945734173059464,0.0,0.0,0.0,0.0,0.0,1.2941666841506958,0.03460464999079704,0.0,0.0,0.0,0.0,1.329722285270691,0.040449611842632294,0.0,0.0,0.0,1.2458332777023315,0.041193798184394836,0.0,0.0,1.2833333015441895,0.03943410888314247,7.716049731243402e-05,1.3291666507720947,0.04118604585528374,1.1547222137451172,0.038097251545299186,0.03348061814904213,1.4029181329533458e-06
P5-R6-TYE,full519,200417498,1,1.30635838150289,90.85860962848969,1.5211695432662964,4.392539068757951,2.3866281509399414,2.3564547206165702,1.3343546390533447,1.1370905637741089,1.1078998073217727,58.599998474121094,3.9066665172576904,0.9919999837875366,0.840666651725769,0.09000000357627869,0.8,0.0789980732177264,3.533333333333333,95.10967279858772,74.566,4.710222244262695,15.312736983238521,0.007527295965701342,0.10211946050096339,1.3083332777023315,0.03348061814904213,0.0,0.0,0.0,0.0,0.0,0.0,0.0,0.0,0.0,0.0,1.255555510520935,0.04058139771223068,0.0,0.0,0.0,0.0,0.0,0.0,0.0,0.0,0.0,1.2524999380111694,0.038620155304670334,0.0,0.0,0.0,0.0,0.0,0.0,0.0,0.0,1.2908333539962769,0.03468216955661774,0.0,0.0,0.0,0.0,0.0,0.0,0.0,1.3069443702697754,0.03789147734642029,0.0,0.0,0.0,0.0,0.0,0.0,1.3019444942474365,0.036945734173059464,0.0,0.0,0.0,0.0,0.0,1.2941666841506958,0.03460464999079704,0.0,0.0,0.0,0.0,1.329722285270691,0.040449611842632294,0.0,0.0,0.0,1.2458332777023315,0.041193798184394836,0.0,0.0,1.2833333015441895,0.03943410888314247,7.716049731243402e-05,1.3291666507720947,0.04118604585528374,1.1547222137451172,0.038097251545299186,0.03348061814904213,1.4029181329533458e-06
P5-R6-TYE,matched512,200417498,1,1.32421875,91.52960337682066,1.507644534111023,4.312094704848434,2.418339729309082,2.388671875,1.3516991138458252,1.1520507335662842,1.123046875,58.599998474121094,3.9066665172576904,0.9919999837875366,0.840666651725769,0.09000000357627869,0.8,0.080078125,3.533333333333333,95.10967279858772,74.566,4.710222244262695,15.312736983238521,0.007630208041518927,0.103515625,1.3083332777023315,0.03348061814904213,0.0,0.0,0.0,0.0,0.0,0.0,0.0,0.0,0.0,0.0,1.255555510520935,0.04058139771223068,0.0,0.0,0.0,0.0,0.0,0.0,0.0,0.0,0.0,1.2524999380111694,0.038620155304670334,0.0,0.0,0.0,0.0,0.0,0.0,0.0,0.0,1.2908333539962769,0.03468216955661774,0.0,0.0,0.0,0.0,0.0,0.0,0.0,1.3069443702697754,0.03789147734642029,0.0,0.0,0.0,0.0,0.0,0.0,1.3019444942474365,0.036945734173059464,0.0,0.0,0.0,0.0,0.0,1.2941666841506958,0.03460464999079704,0.0,0.0,0.0,0.0,1.329722285270691,0.040449611842632294,0.0,0.0,0.0,1.2458332777023315,0.041193798184394836,0.0,0.0,1.2833333015441895,0.03943410888314247,7.716049731243402e-05,1.3291666507720947,0.04118604585528374,1.1547222137451172,0.038097251545299186,0.03348061814904213,1.4029181329533458e-06
P5-R6-TYE,full519,200417498,2,1.30635838150289,90.93339240116552,1.5010930299758911,4.397874759416137,2.3866281509399414,2.3564547206165702,1.3343546390533447,1.1370905637741089,1.1078998073217727,58.599998474121094,3.9066665172576904,0.9919999837875366,0.840666651725769,0.09000000357627869,0.8,0.0789980732177264,3.533333333333333,95.18471719927449,78.32545454545455,4.67405366897583,14.941630503645953,0.007527295965701342,0.10211946050096339,1.3083332777023315,0.03348061814904213,0.0,0.0,0.0,0.0,0.0,0.0,0.0,0.0,0.0,0.0,1.255555510520935,0.04058139771223068,0.0,0.0,0.0,0.0,0.0,0.0,0.0,0.0,0.0,1.2524999380111694,0.038620155304670334,0.0,0.0,0.0,0.0,0.0,0.0,0.0,0.0,1.2908333539962769,0.03468216955661774,0.0,0.0,0.0,0.0,0.0,0.0,0.0,1.3069443702697754,0.03789147734642029,0.0,0.0,0.0,0.0,0.0,0.0,1.3019444942474365,0.036945734173059464,0.0,0.0,0.0,0.0,0.0,1.2941666841506958,0.03460464999079704,0.0,0.0,0.0,0.0,1.329722285270691,0.040449611842632294,0.0,0.0,0.0,1.2458332777023315,0.041193798184394836,0.0,0.0,1.2833333015441895,0.03943410888314247,7.716049731243402e-05,1.3291666507720947,0.04118604585528374,1.1547222137451172,0.038097251545299186,0.03348061814904213,1.4029181329533458e-06
P5-R6-TYE,matched512,200417498,2,1.32421875,91.61145077941806,1.4871501922607422,4.321527812580097,2.418339729309082,2.388671875,1.3516991138458252,1.1520507335662842,1.123046875,58.599998474121094,3.9066665172576904,0.9919999837875366,0.840666651725769,0.09000000357627869,0.8,0.080078125,3.533333333333333,95.18471719927449,78.32545454545455,4.67405366897583,14.941630503645953,0.007630208041518927,0.103515625,1.3083332777023315,0.03348061814904213,0.0,0.0,0.0,0.0,0.0,0.0,0.0,0.0,0.0,0.0,1.255555510520935,0.04058139771223068,0.0,0.0,0.0,0.0,0.0,0.0,0.0,0.0,0.0,1.2524999380111694,0.038620155304670334,0.0,0.0,0.0,0.0,0.0,0.0,0.0,0.0,1.2908333539962769,0.03468216955661774,0.0,0.0,0.0,0.0,0.0,0.0,0.0,1.3069443702697754,0.03789147734642029,0.0,0.0,0.0,0.0,0.0,0.0,1.3019444942474365,0.036945734173059464,0.0,0.0,0.0,0.0,0.0,1.2941666841506958,0.03460464999079704,0.0,0.0,0.0,0.0,1.329722285270691,0.040449611842632294,0.0,0.0,0.0,1.2458332777023315,0.041193798184394836,0.0,0.0,1.2833333015441895,0.03943410888314247,7.716049731243402e-05,1.3291666507720947,0.04118604585528374,1.1547222137451172,0.038097251545299186,0.03348061814904213,1.4029181329533458e-06
P5-R6-TYE,full519,200417498,3,1.30635838150289,90.86029057225154,1.4758573770523071,4.3630418128318444,2.3866281509399414,2.3564547206165702,1.3343546390533447,1.1370905637741089,1.1078998073217727,58.599998474121094,3.9066665172576904,0.9919999837875366,0.840666651725769,0.09000000357627869,0.8,0.0789980732177264,3.533333333333333,94.97119739391266,76.006,4.712728023529053,15.061282148892289,0.007527295965701342,0.10211946050096339,1.3083332777023315,0.03348061814904213,0.0,0.0,0.0,0.0,0.0,0.0,0.0,0.0,0.0,0.0,1.255555510520935,0.04058139771223068,0.0,0.0,0.0,0.0,0.0,0.0,0.0,0.0,0.0,1.2524999380111694,0.038620155304670334,0.0,0.0,0.0,0.0,0.0,0.0,0.0,0.0,1.2908333539962769,0.03468216955661774,0.0,0.0,0.0,0.0,0.0,0.0,0.0,1.3069443702697754,0.03789147734642029,0.0,0.0,0.0,0.0,0.0,0.0,1.3019444942474365,0.036945734173059464,0.0,0.0,0.0,0.0,0.0,1.2941666841506958,0.03460464999079704,0.0,0.0,0.0,0.0,1.329722285270691,0.040449611842632294,0.0,0.0,0.0,1.2458332777023315,0.041193798184394836,0.0,0.0,1.2833333015441895,0.03943410888314247,7.716049731243402e-05,1.3291666507720947,0.04118604585528374,1.1547222137451172,0.038097251545299186,0.03348061814904213,1.4029181329533458e-06
P5-R6-TYE,matched512,200417498,3,1.32421875,91.54846651292502,1.4618875980377197,4.28434281690055,2.418339729309082,2.388671875,1.3516991138458252,1.1520507335662842,1.123046875,58.599998474121094,3.9066665172576904,0.9919999837875366,0.840666651725769,0.09000000357627869,0.8,0.080078125,3.533333333333333,94.97119739391266,76.006,4.712728023529053,15.061282148892289,0.007630208041518927,0.103515625,1.3083332777023315,0.03348061814904213,0.0,0.0,0.0,0.0,0.0,0.0,0.0,0.0,0.0,0.0,1.255555510520935,0.04058139771223068,0.0,0.0,0.0,0.0,0.0,0.0,0.0,0.0,0.0,1.2524999380111694,0.038620155304670334,0.0,0.0,0.0,0.0,0.0,0.0,0.0,0.0,1.2908333539962769,0.03468216955661774,0.0,0.0,0.0,0.0,0.0,0.0,0.0,1.3069443702697754,0.03789147734642029,0.0,0.0,0.0,0.0,0.0,0.0,1.3019444942474365,0.036945734173059464,0.0,0.0,0.0,0.0,0.0,1.2941666841506958,0.03460464999079704,0.0,0.0,0.0,0.0,1.329722285270691,0.040449611842632294,0.0,0.0,0.0,1.2458332777023315,0.041193798184394836,0.0,0.0,1.2833333015441895,0.03943410888314247,7.716049731243402e-05,1.3291666507720947,0.04118604585528374,1.1547222137451172,0.038097251545299186,0.03348061814904213,1.4029181329533458e-06
P5-R6-TYE,full519,200417498,4,1.30635838150289,90.84320107418807,1.474019169807434,4.401064452647137,2.3866281509399414,2.3564547206165702,1.3343546390533447,1.1370905637741089,1.1078998073217727,58.599998474121094,3.9066665172576904,0.9919999837875366,0.840666651725769,0.09000000357627869,0.8,0.0789980732177264,3.533333333333333,94.96320153669633,74.788,4.739334583282471,15.01984640043679,0.007527295965701342,0.10211946050096339,1.3083332777023315,0.03348061814904213,0.0,0.0,0.0,0.0,0.0,0.0,0.0,0.0,0.0,0.0,1.255555510520935,0.04058139771223068,0.0,0.0,0.0,0.0,0.0,0.0,0.0,0.0,0.0,1.2524999380111694,0.038620155304670334,0.0,0.0,0.0,0.0,0.0,0.0,0.0,0.0,1.2908333539962769,0.03468216955661774,0.0,0.0,0.0,0.0,0.0,0.0,0.0,1.3069443702697754,0.03789147734642029,0.0,0.0,0.0,0.0,0.0,0.0,1.3019444942474365,0.036945734173059464,0.0,0.0,0.0,0.0,0.0,1.2941666841506958,0.03460464999079704,0.0,0.0,0.0,0.0,1.329722285270691,0.040449611842632294,0.0,0.0,0.0,1.2458332777023315,0.041193798184394836,0.0,0.0,1.2833333015441895,0.03943410888314247,7.716049731243402e-05,1.3291666507720947,0.04118604585528374,1.1547222137451172,0.038097251545299186,0.03348061814904213,1.4029181329533458e-06
P5-R6-TYE,matched512,200417498,4,1.32421875,91.53901647825916,1.459788203239441,4.318457649187195,2.418339729309082,2.388671875,1.3516991138458252,1.1520507335662842,1.123046875,58.599998474121094,3.9066665172576904,0.9919999837875366,0.840666651725769,0.09000000357627869,0.8,0.080078125,3.533333333333333,94.96320153669633,74.788,4.739334583282471,15.01984640043679,0.007630208041518927,0.103515625,1.3083332777023315,0.03348061814904213,0.0,0.0,0.0,0.0,0.0,0.0,0.0,0.0,0.0,0.0,1.255555510520935,0.04058139771223068,0.0,0.0,0.0,0.0,0.0,0.0,0.0,0.0,0.0,1.2524999380111694,0.038620155304670334,0.0,0.0,0.0,0.0,0.0,0.0,0.0,0.0,1.2908333539962769,0.03468216955661774,0.0,0.0,0.0,0.0,0.0,0.0,0.0,1.3069443702697754,0.03789147734642029,0.0,0.0,0.0,0.0,0.0,0.0,1.3019444942474365,0.036945734173059464,0.0,0.0,0.0,0.0,0.0,1.2941666841506958,0.03460464999079704,0.0,0.0,0.0,0.0,1.329722285270691,0.040449611842632294,0.0,0.0,0.0,1.2458332777023315,0.041193798184394836,0.0,0.0,1.2833333015441895,0.03943410888314247,7.716049731243402e-05,1.3291666507720947,0.04118604585528374,1.1547222137451172,0.038097251545299186,0.03348061814904213,1.4029181329533458e-06
P4-R5-SHE,full519,810109421,0,1.3198458574181118,91.93726122844186,1.3699976205825806,4.299024668193977,2.3945858478546143,2.368015414258189,1.3404239416122437,1.1405009031295776,1.1194605009633911,50.23999786376953,3.3493332862854004,0.965999960899353,0.7320000529289246,0.14000000059604645,0.7333333333333333,0.06165703275529865,2.7333333333333334,95.3373420080434,77.36545454545454,4.55658483505249,14.536672102932473,0.006453435868024826,0.0789980732177264,1.3038889169692993,0.03368217125535011,0.0,0.0,0.0,0.0,0.0,0.0,0.0,0.0,0.0,0.0,1.2572221755981445,0.04062015190720558,0.0,0.0,0.0,0.0,0.0,0.0,0.0,0.0,0.0,1.2552778720855713,0.0390465147793293,0.0,0.0,0.0,0.0,0.0,0.0,0.0,0.0,1.2933332920074463,0.03437209129333496,0.0,0.0,0.0,0.0,0.0,0.0,0.0,1.3138890266418457,0.03851162642240524,0.0,0.0,0.0,0.0,0.0,0.0,1.3041666746139526,0.036906976252794266,0.0,0.0,0.0,0.0,0.0,1.2905555963516235,0.03459690138697624,0.0,0.0,0.0,0.0,1.329722285270691,0.040697675198316574,0.0,0.0,0.0,1.2544444799423218,0.04116278886795044,0.0,0.0,1.284166693687439,0.03975193575024605,0.0001080246947822161,1.3252778053283691,0.041596900671720505,1.1577777862548828,0.03826779398051175,0.03368217125535011,1.9640853596766564e-06
P4-R5-SHE,matched512,810109421,0,1.337890625,92.63823793670522,1.351202130317688,4.221231708956831,2.426074266433716,2.400390625,1.357519507408142,1.155214786529541,1.134765625,50.23999786376953,3.3493332862854004,0.965999960899353,0.7320000529289246,0.14000000059604645,0.7333333333333333,0.0625,2.7333333333333334,95.3373420080434,77.36545454545454,4.55658483505249,14.536672102932473,0.006541666574776173,0.080078125,1.3038889169692993,0.03368217125535011,0.0,0.0,0.0,0.0,0.0,0.0,0.0,0.0,0.0,0.0,1.2572221755981445,0.04062015190720558,0.0,0.0,0.0,0.0,0.0,0.0,0.0,0.0,0.0,1.2552778720855713,0.0390465147793293,0.0,0.0,0.0,0.0,0.0,0.0,0.0,0.0,1.2933332920074463,0.03437209129333496,0.0,0.0,0.0,0.0,0.0,0.0,0.0,1.3138890266418457,0.03851162642240524,0.0,0.0,0.0,0.0,0.0,0.0,1.3041666746139526,0.036906976252794266,0.0,0.0,0.0,0.0,0.0,1.2905555963516235,0.03459690138697624,0.0,0.0,0.0,0.0,1.329722285270691,0.040697675198316574,0.0,0.0,0.0,1.2544444799423218,0.04116278886795044,0.0,0.0,1.284166693687439,0.03975193575024605,0.0001080246947822161,1.3252778053283691,0.041596900671720505,1.1577777862548828,0.03826779398051175,0.03368217125535011,1.9640853596766564e-06
P4-R5-SHE,full519,810109421,1,1.3198458574181118,91.47784159166675,1.4481894969940186,4.320785676429495,2.3945858478546143,2.368015414258189,1.3404239416122437,1.1405009031295776,1.1194605009633911,50.23999786376953,3.3493332862854004,0.965999960899353,0.7320000529289246,0.14000000059604645,0.7333333333333333,0.06165703275529865,2.7333333333333334,95.13390756690582,77.47,4.757998466491699,14.799008061206294,0.006453435868024826,0.0789980732177264,1.3038889169692993,0.03368217125535011,0.0,0.0,0.0,0.0,0.0,0.0,0.0,0.0,0.0,0.0,1.2572221755981445,0.04062015190720558,0.0,0.0,0.0,0.0,0.0,0.0,0.0,0.0,0.0,1.2552778720855713,0.0390465147793293,0.0,0.0,0.0,0.0,0.0,0.0,0.0,0.0,1.2933332920074463,0.03437209129333496,0.0,0.0,0.0,0.0,0.0,0.0,0.0,1.3138890266418457,0.03851162642240524,0.0,0.0,0.0,0.0,0.0,0.0,1.3041666746139526,0.036906976252794266,0.0,0.0,0.0,0.0,0.0,1.2905555963516235,0.03459690138697624,0.0,0.0,0.0,0.0,1.329722285270691,0.040697675198316574,0.0,0.0,0.0,1.2544444799423218,0.04116278886795044,0.0,0.0,1.284166693687439,0.03975193575024605,0.0001080246947822161,1.3252778053283691,0.041596900671720505,1.1577777862548828,0.03826779398051175,0.03368217125535011,1.9640853596766564e-06
P4-R5-SHE,matched512,810109421,1,1.337890625,92.16491750442484,1.4291884899139404,4.2448367036534,2.426074266433716,2.400390625,1.357519507408142,1.155214786529541,1.134765625,50.23999786376953,3.3493332862854004,0.965999960899353,0.7320000529289246,0.14000000059604645,0.7333333333333333,0.0625,2.7333333333333334,95.13390756690582,77.47,4.757998466491699,14.799008061206294,0.006541666574776173,0.080078125,1.3038889169692993,0.03368217125535011,0.0,0.0,0.0,0.0,0.0,0.0,0.0,0.0,0.0,0.0,1.2572221755981445,0.04062015190720558,0.0,0.0,0.0,0.0,0.0,0.0,0.0,0.0,0.0,1.2552778720855713,0.0390465147793293,0.0,0.0,0.0,0.0,0.0,0.0,0.0,0.0,1.2933332920074463,0.03437209129333496,0.0,0.0,0.0,0.0,0.0,0.0,0.0,1.3138890266418457,0.03851162642240524,0.0,0.0,0.0,0.0,0.0,0.0,1.3041666746139526,0.036906976252794266,0.0,0.0,0.0,0.0,0.0,1.2905555963516235,0.03459690138697624,0.0,0.0,0.0,0.0,1.329722285270691,0.040697675198316574,0.0,0.0,0.0,1.2544444799423218,0.04116278886795044,0.0,0.0,1.284166693687439,0.03975193575024605,0.0001080246947822161,1.3252778053283691,0.041596900671720505,1.1577777862548828,0.03826779398051175,0.03368217125535011,1.9640853596766564e-06
P4-R5-SHE,full519,810109421,2,1.3198458574181118,91.56779523976346,1.491512417793274,4.348875357421796,2.3945858478546143,2.368015414258189,1.3404239416122437,1.1405009031295776,1.1194605009633911,50.23999786376953,3.3493332862854004,0.965999960899353,0.7320000529289246,0.14000000059604645,0.7333333333333333,0.06165703275529865,2.7333333333333334,95.09027393394928,76.59818181818183,4.893189430236816,14.86279823546535,0.006453435868024826,0.0789980732177264,1.3038889169692993,0.03368217125535011,0.0,0.0,0.0,0.0,0.0,0.0,0.0,0.0,0.0,0.0,1.2572221755981445,0.04062015190720558,0.0,0.0,0.0,0.0,0.0,0.0,0.0,0.0,0.0,1.2552778720855713,0.0390465147793293,0.0,0.0,0.0,0.0,0.0,0.0,0.0,0.0,1.2933332920074463,0.03437209129333496,0.0,0.0,0.0,0.0,0.0,0.0,0.0,1.3138890266418457,0.03851162642240524,0.0,0.0,0.0,0.0,0.0,0.0,1.3041666746139526,0.036906976252794266,0.0,0.0,0.0,0.0,0.0,1.2905555963516235,0.03459690138697624,0.0,0.0,0.0,0.0,1.329722285270691,0.040697675198316574,0.0,0.0,0.0,1.2544444799423218,0.04116278886795044,0.0,0.0,1.284166693687439,0.03975193575024605,0.0001080246947822161,1.3252778053283691,0.041596900671720505,1.1577777862548828,0.03826779398051175,0.03368217125535011,1.9640853596766564e-06
P4-R5-SHE,matched512,810109421,2,1.337890625,92.24466722329319,1.4723480939865112,4.267538834052266,2.426074266433716,2.400390625,1.357519507408142,1.155214786529541,1.134765625,50.23999786376953,3.3493332862854004,0.965999960899353,0.7320000529289246,0.14000000059604645,0.7333333333333333,0.0625,2.7333333333333334,95.09027393394928,76.59818181818183,4.893189430236816,14.86279823546535,0.006541666574776173,0.080078125,1.3038889169692993,0.03368217125535011,0.0,0.0,0.0,0.0,0.0,0.0,0.0,0.0,0.0,0.0,1.2572221755981445,0.04062015190720558,0.0,0.0,0.0,0.0,0.0,0.0,0.0,0.0,0.0,1.2552778720855713,0.0390465147793293,0.0,0.0,0.0,0.0,0.0,0.0,0.0,0.0,1.2933332920074463,0.03437209129333496,0.0,0.0,0.0,0.0,0.0,0.0,0.0,1.3138890266418457,0.03851162642240524,0.0,0.0,0.0,0.0,0.0,0.0,1.3041666746139526,0.036906976252794266,0.0,0.0,0.0,0.0,0.0,1.2905555963516235,0.03459690138697624,0.0,0.0,0.0,0.0,1.329722285270691,0.040697675198316574,0.0,0.0,0.0,1.2544444799423218,0.04116278886795044,0.0,0.0,1.284166693687439,0.03975193575024605,0.0001080246947822161,1.3252778053283691,0.041596900671720505,1.1577777862548828,0.03826779398051175,0.03368217125535011,1.9640853596766564e-06
P4-R5-SHE,full519,810109421,3,1.3198458574181118,91.35302622495252,1.495577096939087,4.326186475078191,2.3945858478546143,2.368015414258189,1.3404239416122437,1.1405009031295776,1.1194605009633911,50.23999786376953,3.3493332862854004,0.965999960899353,0.7320000529289246,0.14000000059604645,0.7333333333333333,0.06165703275529865,2.7333333333333334,95.04098731611754,76.5381818181818,4.828899383544922,14.885020344373425,0.006453435868024826,0.0789980732177264,1.3038889169692993,0.03368217125535011,0.0,0.0,0.0,0.0,0.0,0.0,0.0,0.0,0.0,0.0,1.2572221755981445,0.04062015190720558,0.0,0.0,0.0,0.0,0.0,0.0,0.0,0.0,0.0,1.2552778720855713,0.0390465147793293,0.0,0.0,0.0,0.0,0.0,0.0,0.0,0.0,1.2933332920074463,0.03437209129333496,0.0,0.0,0.0,0.0,0.0,0.0,0.0,1.3138890266418457,0.03851162642240524,0.0,0.0,0.0,0.0,0.0,0.0,1.3041666746139526,0.036906976252794266,0.0,0.0,0.0,0.0,0.0,1.2905555963516235,0.03459690138697624,0.0,0.0,0.0,0.0,1.329722285270691,0.040697675198316574,0.0,0.0,0.0,1.2544444799423218,0.04116278886795044,0.0,0.0,1.284166693687439,0.03975193575024605,0.0001080246947822161,1.3252778053283691,0.041596900671720505,1.1577777862548828,0.03826779398051175,0.03368217125535011,1.9640853596766564e-06
P4-R5-SHE,matched512,810109421,3,1.337890625,92.03999638756426,1.476702332496643,4.249002760159176,2.426074266433716,2.400390625,1.357519507408142,1.155214786529541,1.134765625,50.23999786376953,3.3493332862854004,0.965999960899353,0.7320000529289246,0.14000000059604645,0.7333333333333333,0.0625,2.7333333333333334,95.04098731611754,76.5381818181818,4.828899383544922,14.885020344373425,0.006541666574776173,0.080078125,1.3038889169692993,0.03368217125535011,0.0,0.0,0.0,0.0,0.0,0.0,0.0,0.0,0.0,0.0,1.2572221755981445,0.04062015190720558,0.0,0.0,0.0,0.0,0.0,0.0,0.0,0.0,0.0,1.2552778720855713,0.0390465147793293,0.0,0.0,0.0,0.0,0.0,0.0,0.0,0.0,1.2933332920074463,0.03437209129333496,0.0,0.0,0.0,0.0,0.0,0.0,0.0,1.3138890266418457,0.03851162642240524,0.0,0.0,0.0,0.0,0.0,0.0,1.3041666746139526,0.036906976252794266,0.0,0.0,0.0,0.0,0.0,1.2905555963516235,0.03459690138697624,0.0,0.0,0.0,0.0,1.329722285270691,0.040697675198316574,0.0,0.0,0.0,1.2544444799423218,0.04116278886795044,0.0,0.0,1.284166693687439,0.03975193575024605,0.0001080246947822161,1.3252778053283691,0.041596900671720505,1.1577777862548828,0.03826779398051175,0.03368217125535011,1.9640853596766564e-06
P4-R5-SHE,full519,810109421,4,1.3198458574181118,91.511049920482,1.4976849555969238,4.33014063142624,2.3945858478546143,2.368015414258189,1.3404239416122437,1.1405009031295776,1.1194605009633911,50.23999786376953,3.3493332862854004,0.965999960899353,0.7320000529289246,0.14000000059604645,0.7333333333333333,0.06165703275529865,2.7333333333333334,95.07868122778711,76.46181818181817,4.964155673980713,14.550234561043641,0.006453435868024826,0.0789980732177264,1.3038889169692993,0.03368217125535011,0.0,0.0,0.0,0.0,0.0,0.0,0.0,0.0,0.0,0.0,1.2572221755981445,0.04062015190720558,0.0,0.0,0.0,0.0,0.0,0.0,0.0,0.0,0.0,1.2552778720855713,0.0390465147793293,0.0,0.0,0.0,0.0,0.0,0.0,0.0,0.0,1.2933332920074463,0.03437209129333496,0.0,0.0,0.0,0.0,0.0,0.0,0.0,1.3138890266418457,0.03851162642240524,0.0,0.0,0.0,0.0,0.0,0.0,1.3041666746139526,0.036906976252794266,0.0,0.0,0.0,0.0,0.0,1.2905555963516235,0.03459690138697624,0.0,0.0,0.0,0.0,1.329722285270691,0.040697675198316574,0.0,0.0,0.0,1.2544444799423218,0.04116278886795044,0.0,0.0,1.284166693687439,0.03975193575024605,0.0001080246947822161,1.3252778053283691,0.041596900671720505,1.1577777862548828,0.03826779398051175,0.03368217125535011,1.9640853596766564e-06
P4-R5-SHE,matched512,810109421,4,1.337890625,92.1868734266493,1.4787986278533936,4.25259714351837,2.426074266433716,2.400390625,1.357519507408142,1.155214786529541,1.134765625,50.23999786376953,3.3493332862854004,0.965999960899353,0.7320000529289246,0.14000000059604645,0.7333333333333333,0.0625,2.7333333333333334,95.07868122778711,76.46181818181817,4.964155673980713,14.550234561043641,0.006541666574776173,0.080078125,1.3038889169692993,0.03368217125535011,0.0,0.0,0.0,0.0,0.0,0.0,0.0,0.0,0.0,0.0,1.2572221755981445,0.04062015190720558,0.0,0.0,0.0,0.0,0.0,0.0,0.0,0.0,0.0,1.2552778720855713,0.0390465147793293,0.0,0.0,0.0,0.0,0.0,0.0,0.0,0.0,1.2933332920074463,0.03437209129333496,0.0,0.0,0.0,0.0,0.0,0.0,0.0,1.3138890266418457,0.03851162642240524,0.0,0.0,0.0,0.0,0.0,0.0,1.3041666746139526,0.036906976252794266,0.0,0.0,0.0,0.0,0.0,1.2905555963516235,0.03459690138697624,0.0,0.0,0.0,0.0,1.329722285270691,0.040697675198316574,0.0,0.0,0.0,1.2544444799423218,0.04116278886795044,0.0,0.0,1.284166693687439,0.03975193575024605,0.0001080246947822161,1.3252778053283691,0.041596900671720505,1.1577777862548828,0.03826779398051175,0.03368217125535011,1.9640853596766564e-06
P5-R6-THN,full519,818847244,0,1.30635838150289,91.47138092318728,1.4212192296981812,4.358623089519945,2.39040470123291,2.3603082851637764,1.3353564739227295,1.1358380317687988,1.1040462427745665,59.68000030517578,3.9786667823791504,0.9919999837875366,0.8506667613983154,0.09000000357627869,0.8,0.08285163776493257,3.6666666666666665,95.08267819982228,76.28,4.70650577545166,14.982053681484215,0.007666024379432201,0.10597302504816955,1.3055555820465088,0.033534880727529526,0.0,0.0,0.0,0.0,0.0,0.0,0.0,0.0,0.0,0.0,1.2569444179534912,0.040674418210983276,0.0,0.0,0.0,0.0,0.0,0.0,0.0,0.0,0.0,1.2563890218734741,0.03870542719960213,0.0,0.0,0.0,0.0,0.0,0.0,0.0,0.0,1.3002777099609375,0.034558139741420746,0.0,0.0,0.0,0.0,0.0,0.0,0.0,1.3111110925674438,0.03720154985785484,0.0,0.0,0.0,0.0,0.0,0.0,1.2975001335144043,0.03684496134519577,0.0,0.0,0.0,0.0,0.0,1.2949999570846558,0.034596897661685944,0.0,0.0,0.0,0.0,1.331944465637207,0.04048837348818779,0.0,0.0,0.0,1.2461110353469849,0.04103100672364235,0.0,0.0,1.2822222709655762,0.03953488543629646,0.00011574074596865103,1.3322222232818604,0.041589148342609406,1.161388874053955,0.038069062612273476,0.033534880727529526,2.104377199430019e-06
P5-R6-THN,matched512,818847244,0,1.32421875,92.18887825661751,1.405517578125,4.279047693171549,2.422050714492798,2.392578125,1.3525975942611694,1.1506835222244263,1.119140625,59.68000030517578,3.9786667823791504,0.9919999837875366,0.8506667613983154,0.09000000357627869,0.8,0.083984375,3.6666666666666665,95.08267819982228,76.28,4.70650577545166,14.982053681484215,0.007770833559334278,0.107421875,1.3055555820465088,0.033534880727529526,0.0,0.0,0.0,0.0,0.0,0.0,0.0,0.0,0.0,0.0,1.2569444179534912,0.040674418210983276,0.0,0.0,0.0,0.0,0.0,0.0,0.0,0.0,0.0,1.2563890218734741,0.03870542719960213,0.0,0.0,0.0,0.0,0.0,0.0,0.0,0.0,1.3002777099609375,0.034558139741420746,0.0,0.0,0.0,0.0,0.0,0.0,0.0,1.3111110925674438,0.03720154985785484,0.0,0.0,0.0,0.0,0.0,0.0,1.2975001335144043,0.03684496134519577,0.0,0.0,0.0,0.0,0.0,1.2949999570846558,0.034596897661685944,0.0,0.0,0.0,0.0,1.331944465637207,0.04048837348818779,0.0,0.0,0.0,1.2461110353469849,0.04103100672364235,0.0,0.0,1.2822222709655762,0.03953488543629646,0.00011574074596865103,1.3322222232818604,0.041589148342609406,1.161388874053955,0.038069062612273476,0.033534880727529526,2.104377199430019e-06
P5-R6-THN,full519,818847244,1,1.30635838150289,91.211380475551,1.4783926010131836,4.449928104073189,2.39040470123291,2.3603082851637764,1.3353564739227295,1.1358380317687988,1.1040462427745665,59.68000030517578,3.9786667823791504,0.9919999837875366,0.8506667613983154,0.09000000357627869,0.8,0.08285163776493257,3.6666666666666665,94.90105593801775,76.01272727272728,4.842996597290039,15.716383925996167,0.007666024379432201,0.10597302504816955,1.3055555820465088,0.033534880727529526,0.0,0.0,0.0,0.0,0.0,0.0,0.0,0.0,0.0,0.0,1.2569444179534912,0.040674418210983276,0.0,0.0,0.0,0.0,0.0,0.0,0.0,0.0,0.0,1.2563890218734741,0.03870542719960213,0.0,0.0,0.0,0.0,0.0,0.0,0.0,0.0,1.3002777099609375,0.034558139741420746,0.0,0.0,0.0,0.0,0.0,0.0,0.0,1.3111110925674438,0.03720154985785484,0.0,0.0,0.0,0.0,0.0,0.0,1.2975001335144043,0.03684496134519577,0.0,0.0,0.0,0.0,0.0,1.2949999570846558,0.034596897661685944,0.0,0.0,0.0,0.0,1.331944465637207,0.04048837348818779,0.0,0.0,0.0,1.2461110353469849,0.04103100672364235,0.0,0.0,1.2822222709655762,0.03953488543629646,0.00011574074596865103,1.3322222232818604,0.041589148342609406,1.161388874053955,0.038069062612273476,0.033534880727529526,2.104377199430019e-06
P5-R6-THN,matched512,818847244,1,1.32421875,91.91667906464195,1.4624840021133423,4.370358397143749,2.422050714492798,2.392578125,1.3525975942611694,1.1506835222244263,1.119140625,59.68000030517578,3.9786667823791504,0.9919999837875366,0.8506667613983154,0.09000000357627869,0.8,0.083984375,3.6666666666666665,94.90105593801775,76.01272727272728,4.842996597290039,15.716383925996167,0.007770833559334278,0.107421875,1.3055555820465088,0.033534880727529526,0.0,0.0,0.0,0.0,0.0,0.0,0.0,0.0,0.0,0.0,1.2569444179534912,0.040674418210983276,0.0,0.0,0.0,0.0,0.0,0.0,0.0,0.0,0.0,1.2563890218734741,0.03870542719960213,0.0,0.0,0.0,0.0,0.0,0.0,0.0,0.0,1.3002777099609375,0.034558139741420746,0.0,0.0,0.0,0.0,0.0,0.0,0.0,1.3111110925674438,0.03720154985785484,0.0,0.0,0.0,0.0,0.0,0.0,1.2975001335144043,0.03684496134519577,0.0,0.0,0.0,0.0,0.0,1.2949999570846558,0.034596897661685944,0.0,0.0,0.0,0.0,1.331944465637207,0.04048837348818779,0.0,0.0,0.0,1.2461110353469849,0.04103100672364235,0.0,0.0,1.2822222709655762,0.03953488543629646,0.00011574074596865103,1.3322222232818604,0.041589148342609406,1.161388874053955,0.038069062612273476,0.033534880727529526,2.104377199430019e-06
P5-R6-THN,full519,818847244,2,1.30635838150289,91.22347940317016,1.4508203268051147,4.376793117845487,2.39040470123291,2.3603082851637764,1.3353564739227295,1.1358380317687988,1.1040462427745665,59.68000030517578,3.9786667823791504,0.9919999837875366,0.8506667613983154,0.09000000357627869,0.8,0.08285163776493257,3.6666666666666665,94.94986044388996,76.27454545454545,4.785727024078369,14.898213214142565,0.007666024379432201,0.10597302504816955,1.3055555820465088,0.033534880727529526,0.0,0.0,0.0,0.0,0.0,0.0,0.0,0.0,0.0,0.0,1.2569444179534912,0.040674418210983276,0.0,0.0,0.0,0.0,0.0,0.0,0.0,0.0,0.0,1.2563890218734741,0.03870542719960213,0.0,0.0,0.0,0.0,0.0,0.0,0.0,0.0,1.3002777099609375,0.034558139741420746,0.0,0.0,0.0,0.0,0.0,0.0,0.0,1.3111110925674438,0.03720154985785484,0.0,0.0,0.0,0.0,0.0,0.0,1.2975001335144043,0.03684496134519577,0.0,0.0,0.0,0.0,0.0,1.2949999570846558,0.034596897661685944,0.0,0.0,0.0,0.0,1.331944465637207,0.04048837348818779,0.0,0.0,0.0,1.2461110353469849,0.04103100672364235,0.0,0.0,1.2822222709655762,0.03953488543629646,0.00011574074596865103,1.3322222232818604,0.041589148342609406,1.161388874053955,0.038069062612273476,0.033534880727529526,2.104377199430019e-06
P5-R6-THN,matched512,818847244,2,1.32421875,91.93752452397862,1.4348968267440796,4.302552038569426,2.422050714492798,2.392578125,1.3525975942611694,1.1506835222244263,1.119140625,59.68000030517578,3.9786667823791504,0.9919999837875366,0.8506667613983154,0.09000000357627869,0.8,0.083984375,3.6666666666666665,94.94986044388996,76.27454545454545,4.785727024078369,14.898213214142565,0.007770833559334278,0.107421875,1.3055555820465088,0.033534880727529526,0.0,0.0,0.0,0.0,0.0,0.0,0.0,0.0,0.0,0.0,1.2569444179534912,0.040674418210983276,0.0,0.0,0.0,0.0,0.0,0.0,0.0,0.0,0.0,1.2563890218734741,0.03870542719960213,0.0,0.0,0.0,0.0,0.0,0.0,0.0,0.0,1.3002777099609375,0.034558139741420746,0.0,0.0,0.0,0.0,0.0,0.0,0.0,1.3111110925674438,0.03720154985785484,0.0,0.0,0.0,0.0,0.0,0.0,1.2975001335144043,0.03684496134519577,0.0,0.0,0.0,0.0,0.0,1.2949999570846558,0.034596897661685944,0.0,0.0,0.0,0.0,1.331944465637207,0.04048837348818779,0.0,0.0,0.0,1.2461110353469849,0.04103100672364235,0.0,0.0,1.2822222709655762,0.03953488543629646,0.00011574074596865103,1.3322222232818604,0.041589148342609406,1.161388874053955,0.038069062612273476,0.033534880727529526,2.104377199430019e-06
P5-R6-THN,full519,818847244,3,1.30635838150289,91.38668733439543,1.4379777908325195,4.42996723440145,2.39040470123291,2.3603082851637764,1.3353564739227295,1.1358380317687988,1.1040462427745665,59.68000030517578,3.9786667823791504,0.9919999837875366,0.8506667613983154,0.09000000357627869,0.8,0.08285163776493257,3.6666666666666665,95.05520194003527,77.26272727272728,4.744970321655273,15.250000844451414,0.007666024379432201,0.10597302504816955,1.3055555820465088,0.033534880727529526,0.0,0.0,0.0,0.0,0.0,0.0,0.0,0.0,0.0,0.0,1.2569444179534912,0.040674418210983276,0.0,0.0,0.0,0.0,0.0,0.0,0.0,0.0,0.0,1.2563890218734741,0.03870542719960213,0.0,0.0,0.0,0.0,0.0,0.0,0.0,0.0,1.3002777099609375,0.034558139741420746,0.0,0.0,0.0,0.0,0.0,0.0,0.0,1.3111110925674438,0.03720154985785484,0.0,0.0,0.0,0.0,0.0,0.0,1.2975001335144043,0.03684496134519577,0.0,0.0,0.0,0.0,0.0,1.2949999570846558,0.034596897661685944,0.0,0.0,0.0,0.0,1.331944465637207,0.04048837348818779,0.0,0.0,0.0,1.2461110353469849,0.04103100672364235,0.0,0.0,1.2822222709655762,0.03953488543629646,0.00011574074596865103,1.3322222232818604,0.041589148342609406,1.161388874053955,0.038069062612273476,0.033534880727529526,2.104377199430019e-06
P5-R6-THN,matched512,818847244,3,1.32421875,92.08808518640647,1.4220993518829346,4.347270720923923,2.422050714492798,2.392578125,1.3525975942611694,1.1506835222244263,1.119140625,59.68000030517578,3.9786667823791504,0.9919999837875366,0.8506667613983154,0.09000000357627869,0.8,0.083984375,3.6666666666666665,95.05520194003527,77.26272727272728,4.744970321655273,15.250000844451414,0.007770833559334278,0.107421875,1.3055555820465088,0.033534880727529526,0.0,0.0,0.0,0.0,0.0,0.0,0.0,0.0,0.0,0.0,1.2569444179534912,0.040674418210983276,0.0,0.0,0.0,0.0,0.0,0.0,0.0,0.0,0.0,1.2563890218734741,0.03870542719960213,0.0,0.0,0.0,0.0,0.0,0.0,0.0,0.0,1.3002777099609375,0.034558139741420746,0.0,0.0,0.0,0.0,0.0,0.0,0.0,1.3111110925674438,0.03720154985785484,0.0,0.0,0.0,0.0,0.0,0.0,1.2975001335144043,0.03684496134519577,0.0,0.0,0.0,0.0,0.0,1.2949999570846558,0.034596897661685944,0.0,0.0,0.0,0.0,1.331944465637207,0.04048837348818779,0.0,0.0,0.0,1.2461110353469849,0.04103100672364235,0.0,0.0,1.2822222709655762,0.03953488543629646,0.00011574074596865103,1.3322222232818604,0.041589148342609406,1.161388874053955,0.038069062612273476,0.033534880727529526,2.104377199430019e-06
P5-R6-THN,full519,818847244,4,1.30635838150289,91.32207153909032,1.439685583114624,4.3596026984186595,2.39040470123291,2.3603082851637764,1.3353564739227295,1.1358380317687988,1.1040462427745665,59.68000030517578,3.9786667823791504,0.9919999837875366,0.8506667613983154,0.09000000357627869,0.8,0.08285163776493257,3.6666666666666665,95.02484406732671,77.44272727272727,4.780587673187256,14.824277986825253,0.007666024379432201,0.10597302504816955,1.3055555820465088,0.033534880727529526,0.0,0.0,0.0,0.0,0.0,0.0,0.0,0.0,0.0,0.0,1.2569444179534912,0.040674418210983276,0.0,0.0,0.0,0.0,0.0,0.0,0.0,0.0,0.0,1.2563890218734741,0.03870542719960213,0.0,0.0,0.0,0.0,0.0,0.0,0.0,0.0,1.3002777099609375,0.034558139741420746,0.0,0.0,0.0,0.0,0.0,0.0,0.0,1.3111110925674438,0.03720154985785484,0.0,0.0,0.0,0.0,0.0,0.0,1.2975001335144043,0.03684496134519577,0.0,0.0,0.0,0.0,0.0,1.2949999570846558,0.034596897661685944,0.0,0.0,0.0,0.0,1.331944465637207,0.04048837348818779,0.0,0.0,0.0,1.2461110353469849,0.04103100672364235,0.0,0.0,1.2822222709655762,0.03953488543629646,0.00011574074596865103,1.3322222232818604,0.041589148342609406,1.161388874053955,0.038069062612273476,0.033534880727529526,2.104377199430019e-06
P5-R6-THN,matched512,818847244,4,1.32421875,92.04534344350311,1.4237723350524902,4.284542472893903,2.422050714492798,2.392578125,1.3525975942611694,1.1506835222244263,1.119140625,59.68000030517578,3.9786667823791504,0.9919999837875366,0.8506667613983154,0.09000000357627869,0.8,0.083984375,3.6666666666666665,95.02484406732671,77.44272727272727,4.780587673187256,14.824277986825253,0.007770833559334278,0.107421875,1.3055555820465088,0.033534880727529526,0.0,0.0,0.0,0.0,0.0,0.0,0.0,0.0,0.0,0.0,1.2569444179534912,0.040674418210983276,0.0,0.0,0.0,0.0,0.0,0.0,0.0,0.0,0.0,1.2563890218734741,0.03870542719960213,0.0,0.0,0.0,0.0,0.0,0.0,0.0,0.0,1.3002777099609375,0.034558139741420746,0.0,0.0,0.0,0.0,0.0,0.0,0.0,1.3111110925674438,0.03720154985785484,0.0,0.0,0.0,0.0,0.0,0.0,1.2975001335144043,0.03684496134519577,0.0,0.0,0.0,0.0,0.0,1.2949999570846558,0.034596897661685944,0.0,0.0,0.0,0.0,1.331944465637207,0.04048837348818779,0.0,0.0,0.0,1.2461110353469849,0.04103100672364235,0.0,0.0,1.2822222709655762,0.03953488543629646,0.00011574074596865103,1.3322222232818604,0.041589148342609406,1.161388874053955,0.038069062612273476,0.033534880727529526,2.104377199430019e-06
P4-R5-SNE,full519,2050111479,0,1.300578034682081,91.18800901041797,1.442476511001587,4.333365098417866,2.3878228664398193,2.3429672447013488,1.3342773914337158,1.1432948112487793,1.1098265895953756,48.040000915527344,3.202666759490967,0.9449999928474426,0.6973332762718201,0.10999999940395355,0.7333333333333333,0.057803468208092484,2.6,95.05619592418897,76.48375,4.819565773010254,14.65414637533417,0.00617084139958024,0.07514450867052024,1.307777762413025,0.03371317684650421,0.0,0.0,0.0,0.0,0.0,0.0,0.0,0.0,0.0,0.0,1.2533334493637085,0.04064341261982918,0.0,0.0,0.0,0.0,0.0,0.0,0.0,0.0,0.0,1.2549999952316284,0.03877519071102142,0.0,0.0,0.0,0.0,0.0,0.0,0.0,0.0,1.2925000190734863,0.03458914905786514,0.0,0.0,0.0,0.0,0.0,0.0,0.0,1.3147222995758057,0.03858139365911484,0.0,0.0,0.0,0.0,0.0,0.0,1.304444432258606,0.03681395202875137,0.0,0.0,0.0,0.0,0.0,1.292222261428833,0.03449612483382225,0.0,0.0,0.0,0.0,1.329722285270691,0.040682174265384674,0.0,0.0,0.0,1.25166654586792,0.040945734828710556,0.0,0.0,1.2869445085525513,0.03967441990971565,3.858024865621701e-05,1.3233332633972168,0.04070542752742767,1.141111135482788,0.03814728693528609,0.03371317684650421,7.014590664766729e-07
P4-R5-SNE,matched512,2050111479,0,1.318359375,91.83552310000113,1.4305983781814575,4.257286915211365,2.4196486473083496,2.375,1.351718783378601,1.1583983898162842,1.125,48.03999710083008,3.2026665210723877,0.9449999928474426,0.6973332762718201,0.10999999940395355,0.7333333333333333,0.05859375,2.6,95.05619592418897,76.48375,4.819565773010254,14.65414637533417,0.006255208048969507,0.076171875,1.307777762413025,0.03371317684650421,0.0,0.0,0.0,0.0,0.0,0.0,0.0,0.0,0.0,0.0,1.2533334493637085,0.04064341261982918,0.0,0.0,0.0,0.0,0.0,0.0,0.0,0.0,0.0,1.2549999952316284,0.03877519071102142,0.0,0.0,0.0,0.0,0.0,0.0,0.0,0.0,1.2925000190734863,0.03458914905786514,0.0,0.0,0.0,0.0,0.0,0.0,0.0,1.3147222995758057,0.03858139365911484,0.0,0.0,0.0,0.0,0.0,0.0,1.304444432258606,0.03681395202875137,0.0,0.0,0.0,0.0,0.0,1.292222261428833,0.03449612483382225,0.0,0.0,0.0,0.0,1.329722285270691,0.040682174265384674,0.0,0.0,0.0,1.25166654586792,0.040945734828710556,0.0,0.0,1.2869445085525513,0.03967441990971565,3.858024865621701e-05,1.3233332633972168,0.04070542752742767,1.141111135482788,0.03814728693528609,0.03371317684650421,7.014590664766729e-07
P4-R5-SNE,full519,2050111479,1,1.300578034682081,90.87858741627672,1.4519948959350586,4.374479799093629,2.3878228664398193,2.3429672447013488,1.3342773914337158,1.1432948112487793,1.1098265895953756,48.040000915527344,3.202666759490967,0.9449999928474426,0.6973332762718201,0.10999999940395355,0.7333333333333333,0.057803468208092484,2.6,94.96484732410079,75.2925,4.733586311340332,14.605679035136847,0.00617084139958024,0.07514450867052024,1.307777762413025,0.03371317684650421,0.0,0.0,0.0,0.0,0.0,0.0,0.0,0.0,0.0,0.0,1.2533334493637085,0.04064341261982918,0.0,0.0,0.0,0.0,0.0,0.0,0.0,0.0,0.0,1.2549999952316284,0.03877519071102142,0.0,0.0,0.0,0.0,0.0,0.0,0.0,0.0,1.2925000190734863,0.03458914905786514,0.0,0.0,0.0,0.0,0.0,0.0,0.0,1.3147222995758057,0.03858139365911484,0.0,0.0,0.0,0.0,0.0,0.0,1.304444432258606,0.03681395202875137,0.0,0.0,0.0,0.0,0.0,1.292222261428833,0.03449612483382225,0.0,0.0,0.0,0.0,1.329722285270691,0.040682174265384674,0.0,0.0,0.0,1.25166654586792,0.040945734828710556,0.0,0.0,1.2869445085525513,0.03967441990971565,3.858024865621701e-05,1.3233332633972168,0.04070542752742767,1.141111135482788,0.03814728693528609,0.03371317684650421,7.014590664766729e-07
P4-R5-SNE,matched512,2050111479,1,1.318359375,91.51130751643105,1.4400590658187866,4.300057886262707,2.4196486473083496,2.375,1.351718783378601,1.1583983898162842,1.125,48.03999710083008,3.2026665210723877,0.9449999928474426,0.6973332762718201,0.10999999940395355,0.7333333333333333,0.05859375,2.6,94.96484732410079,75.2925,4.733586311340332,14.605679035136847,0.006255208048969507,0.076171875,1.307777762413025,0.03371317684650421,0.0,0.0,0.0,0.0,0.0,0.0,0.0,0.0,0.0,0.0,1.2533334493637085,0.04064341261982918,0.0,0.0,0.0,0.0,0.0,0.0,0.0,0.0,0.0,1.2549999952316284,0.03877519071102142,0.0,0.0,0.0,0.0,0.0,0.0,0.0,0.0,1.2925000190734863,0.03458914905786514,0.0,0.0,0.0,0.0,0.0,0.0,0.0,1.3147222995758057,0.03858139365911484,0.0,0.0,0.0,0.0,0.0,0.0,1.304444432258606,0.03681395202875137,0.0,0.0,0.0,0.0,0.0,1.292222261428833,0.03449612483382225,0.0,0.0,0.0,0.0,1.329722285270691,0.040682174265384674,0.0,0.0,0.0,1.25166654586792,0.040945734828710556,0.0,0.0,1.2869445085525513,0.03967441990971565,3.858024865621701e-05,1.3233332633972168,0.04070542752742767,1.141111135482788,0.03814728693528609,0.03371317684650421,7.014590664766729e-07
P4-R5-SNE,full519,2050111479,2,1.300578034682081,90.90889340417665,1.444800615310669,4.407878141255849,2.3878228664398193,2.3429672447013488,1.3342773914337158,1.1432948112487793,1.1098265895953756,48.040000915527344,3.202666759490967,0.9449999928474426,0.6973332762718201,0.10999999940395355,0.7333333333333333,0.057803468208092484,2.6,94.98113823586394,74.12625,4.592775344848633,15.372948860510249,0.00617084139958024,0.07514450867052024,1.307777762413025,0.03371317684650421,0.0,0.0,0.0,0.0,0.0,0.0,0.0,0.0,0.0,0.0,1.2533334493637085,0.04064341261982918,0.0,0.0,0.0,0.0,0.0,0.0,0.0,0.0,0.0,1.2549999952316284,0.03877519071102142,0.0,0.0,0.0,0.0,0.0,0.0,0.0,0.0,1.2925000190734863,0.03458914905786514,0.0,0.0,0.0,0.0,0.0,0.0,0.0,1.3147222995758057,0.03858139365911484,0.0,0.0,0.0,0.0,0.0,0.0,1.304444432258606,0.03681395202875137,0.0,0.0,0.0,0.0,0.0,1.292222261428833,0.03449612483382225,0.0,0.0,0.0,0.0,1.329722285270691,0.040682174265384674,0.0,0.0,0.0,1.25166654586792,0.040945734828710556,0.0,0.0,1.2869445085525513,0.03967441990971565,3.858024865621701e-05,1.3233332633972168,0.04070542752742767,1.141111135482788,0.03814728693528609,0.03371317684650421,7.014590664766729e-07
P4-R5-SNE,matched512,2050111479,2,1.318359375,91.53621644457971,1.432991862297058,4.329550103330557,2.4196486473083496,2.375,1.351718783378601,1.1583983898162842,1.125,48.03999710083008,3.2026665210723877,0.9449999928474426,0.6973332762718201,0.10999999940395355,0.7333333333333333,0.05859375,2.6,94.98113823586394,74.12625,4.592775344848633,15.372948860510249,0.006255208048969507,0.076171875,1.307777762413025,0.03371317684650421,0.0,0.0,0.0,0.0,0.0,0.0,0.0,0.0,0.0,0.0,1.2533334493637085,0.04064341261982918,0.0,0.0,0.0,0.0,0.0,0.0,0.0,0.0,0.0,1.2549999952316284,0.03877519071102142,0.0,0.0,0.0,0.0,0.0,0.0,0.0,0.0,1.2925000190734863,0.03458914905786514,0.0,0.0,0.0,0.0,0.0,0.0,0.0,1.3147222995758057,0.03858139365911484,0.0,0.0,0.0,0.0,0.0,0.0,1.304444432258606,0.03681395202875137,0.0,0.0,0.0,0.0,0.0,1.292222261428833,0.03449612483382225,0.0,0.0,0.0,0.0,1.329722285270691,0.040682174265384674,0.0,0.0,0.0,1.25166654586792,0.040945734828710556,0.0,0.0,1.2869445085525513,0.03967441990971565,3.858024865621701e-05,1.3233332633972168,0.04070542752742767,1.141111135482788,0.03814728693528609,0.03371317684650421,7.014590664766729e-07
P4-R5-SNE,full519,2050111479,3,1.300578034682081,91.03074400209083,1.4430830478668213,4.374179329139781,2.3878228664398193,2.3429672447013488,1.3342773914337158,1.1432948112487793,1.1098265895953756,48.040000915527344,3.202666759490967,0.9449999928474426,0.6973332762718201,0.10999999940395355,0.7333333333333333,0.057803468208092484,2.6,94.92123186060338,72.8,4.790307998657227,14.743643648632299,0.00617084139958024,0.07514450867052024,1.307777762413025,0.03371317684650421,0.0,0.0,0.0,0.0,0.0,0.0,0.0,0.0,0.0,0.0,1.2533334493637085,0.04064341261982918,0.0,0.0,0.0,0.0,0.0,0.0,0.0,0.0,0.0,1.2549999952316284,0.03877519071102142,0.0,0.0,0.0,0.0,0.0,0.0,0.0,0.0,1.2925000190734863,0.03458914905786514,0.0,0.0,0.0,0.0,0.0,0.0,0.0,1.3147222995758057,0.03858139365911484,0.0,0.0,0.0,0.0,0.0,0.0,1.304444432258606,0.03681395202875137,0.0,0.0,0.0,0.0,0.0,1.292222261428833,0.03449612483382225,0.0,0.0,0.0,0.0,1.329722285270691,0.040682174265384674,0.0,0.0,0.0,1.25166654586792,0.040945734828710556,0.0,0.0,1.2869445085525513,0.03967441990971565,3.858024865621701e-05,1.3233332633972168,0.04070542752742767,1.141111135482788,0.03814728693528609,0.03371317684650421,7.014590664766729e-07
P4-R5-SNE,matched512,2050111479,3,1.318359375,91.65471793267497,1.4311531782150269,4.296035941856173,2.4196486473083496,2.375,1.351718783378601,1.1583983898162842,1.125,48.03999710083008,3.2026665210723877,0.9449999928474426,0.6973332762718201,0.10999999940395355,0.7333333333333333,0.05859375,2.6,94.92123186060338,72.8,4.790307998657227,14.743643648632299,0.006255208048969507,0.076171875,1.307777762413025,0.03371317684650421,0.0,0.0,0.0,0.0,0.0,0.0,0.0,0.0,0.0,0.0,1.2533334493637085,0.04064341261982918,0.0,0.0,0.0,0.0,0.0,0.0,0.0,0.0,0.0,1.2549999952316284,0.03877519071102142,0.0,0.0,0.0,0.0,0.0,0.0,0.0,0.0,1.2925000190734863,0.03458914905786514,0.0,0.0,0.0,0.0,0.0,0.0,0.0,1.3147222995758057,0.03858139365911484,0.0,0.0,0.0,0.0,0.0,0.0,1.304444432258606,0.03681395202875137,0.0,0.0,0.0,0.0,0.0,1.292222261428833,0.03449612483382225,0.0,0.0,0.0,0.0,1.329722285270691,0.040682174265384674,0.0,0.0,0.0,1.25166654586792,0.040945734828710556,0.0,0.0,1.2869445085525513,0.03967441990971565,3.858024865621701e-05,1.3233332633972168,0.04070542752742767,1.141111135482788,0.03814728693528609,0.03371317684650421,7.014590664766729e-07
P4-R5-SNE,full519,2050111479,4,1.300578034682081,90.98706265656844,1.4829261302947998,4.374714211389599,2.3878228664398193,2.3429672447013488,1.3342773914337158,1.1432948112487793,1.1098265895953756,48.040000915527344,3.202666759490967,0.9449999928474426,0.6973332762718201,0.10999999940395355,0.7333333333333333,0.057803468208092484,2.6,94.83985941842366,74.15375,4.987209320068359,15.0151977780428,0.00617084139958024,0.07514450867052024,1.307777762413025,0.03371317684650421,0.0,0.0,0.0,0.0,0.0,0.0,0.0,0.0,0.0,0.0,1.2533334493637085,0.04064341261982918,0.0,0.0,0.0,0.0,0.0,0.0,0.0,0.0,0.0,1.2549999952316284,0.03877519071102142,0.0,0.0,0.0,0.0,0.0,0.0,0.0,0.0,1.2925000190734863,0.03458914905786514,0.0,0.0,0.0,0.0,0.0,0.0,0.0,1.3147222995758057,0.03858139365911484,0.0,0.0,0.0,0.0,0.0,0.0,1.304444432258606,0.03681395202875137,0.0,0.0,0.0,0.0,0.0,1.292222261428833,0.03449612483382225,0.0,0.0,0.0,0.0,1.329722285270691,0.040682174265384674,0.0,0.0,0.0,1.25166654586792,0.040945734828710556,0.0,0.0,1.2869445085525513,0.03967441990971565,3.858024865621701e-05,1.3233332633972168,0.04070542752742767,1.141111135482788,0.03814728693528609,0.03371317684650421,7.014590664766729e-07
P4-R5-SNE,matched512,2050111479,4,1.318359375,91.63102841895518,1.4710733890533447,4.295480809897464,2.4196486473083496,2.375,1.351718783378601,1.1583983898162842,1.125,48.03999710083008,3.2026665210723877,0.9449999928474426,0.6973332762718201,0.10999999940395355,0.7333333333333333,0.05859375,2.6,94.83985941842366,74.15375,4.987209320068359,15.0151977780428,0.006255208048969507,0.076171875,1.307777762413025,0.03371317684650421,0.0,0.0,0.0,0.0,0.0,0.0,0.0,0.0,0.0,0.0,1.2533334493637085,0.04064341261982918,0.0,0.0,0.0,0.0,0.0,0.0,0.0,0.0,0.0,1.2549999952316284,0.03877519071102142,0.0,0.0,0.0,0.0,0.0,0.0,0.0,0.0,1.2925000190734863,0.03458914905786514,0.0,0.0,0.0,0.0,0.0,0.0,0.0,1.3147222995758057,0.03858139365911484,0.0,0.0,0.0,0.0,0.0,0.0,1.304444432258606,0.03681395202875137,0.0,0.0,0.0,0.0,0.0,1.292222261428833,0.03449612483382225,0.0,0.0,0.0,0.0,1.329722285270691,0.040682174265384674,0.0,0.0,0.0,1.25166654586792,0.040945734828710556,0.0,0.0,1.2869445085525513,0.03967441990971565,3.858024865621701e-05,1.3233332633972168,0.04070542752742767,1.141111135482788,0.03814728693528609,0.03371317684650421,7.014590664766729e-07
P4-R5-ETD,full519,966984196,0,1.3102119460500963,91.35160091626422,1.4640861749649048,4.421267700063213,2.3946821689605713,2.3622350674373798,1.3402889966964722,1.1409056186676025,1.1098265895953756,59.55999755859375,3.9706664085388184,0.9895000457763672,0.8493333458900452,0.10000000149011612,0.8666666666666667,0.08477842003853564,3.8,95.08626892853802,77.36909090909091,4.760535717010498,15.504139747950536,0.007650610059499741,0.10982658959537572,1.3066667318344116,0.03359689936041832,0.0,0.0,0.0,0.0,0.0,0.0,0.0,0.0,0.0,0.0,1.2561111450195312,0.04080620035529137,0.0,0.0,0.0,0.0,0.0,0.0,0.0,0.0,0.0,1.2583333253860474,0.038728680461645126,0.0,0.0,0.0,0.0,0.0,0.0,0.0,0.0,1.28249990940094,0.03454263508319855,0.0,0.0,0.0,0.0,0.0,0.0,0.0,1.3194444179534912,0.038852714002132416,0.0,0.0,0.0,0.0,0.0,0.0,1.3008333444595337,0.03696899116039276,0.0,0.0,0.0,0.0,0.0,1.2938889265060425,0.03455038741230965,0.0,0.0,0.0,0.0,1.3300000429153442,0.040565889328718185,0.0,0.0,0.0,1.2472223043441772,0.04098449647426605,0.0,0.0,1.2819443941116333,0.03958139196038246,6.944444612599909e-05,1.3333333730697632,0.04123255982995033,1.164722204208374,0.038219167766245926,0.03359689936041832,1.2626262931999836e-06
P4-R5-ETD,matched512,966984196,0,1.328125,92.028160424699,1.4538142681121826,4.34582879749814,2.4267382621765137,2.39453125,1.3579297065734863,1.1560547351837158,1.125,59.55999755859375,3.9706664085388184,0.9895000457763672,0.8493333458900452,0.10000000149011612,0.8666666666666667,0.0859375,3.8,95.08626892853802,77.36909090909091,4.760535717010498,15.504139747950536,0.00775520782917738,0.111328125,1.3066667318344116,0.03359689936041832,0.0,0.0,0.0,0.0,0.0,0.0,0.0,0.0,0.0,0.0,1.2561111450195312,0.04080620035529137,0.0,0.0,0.0,0.0,0.0,0.0,0.0,0.0,0.0,1.2583333253860474,0.038728680461645126,0.0,0.0,0.0,0.0,0.0,0.0,0.0,0.0,1.28249990940094,0.03454263508319855,0.0,0.0,0.0,0.0,0.0,0.0,0.0,1.3194444179534912,0.038852714002132416,0.0,0.0,0.0,0.0,0.0,0.0,1.3008333444595337,0.03696899116039276,0.0,0.0,0.0,0.0,0.0,1.2938889265060425,0.03455038741230965,0.0,0.0,0.0,0.0,1.3300000429153442,0.040565889328718185,0.0,0.0,0.0,1.2472223043441772,0.04098449647426605,0.0,0.0,1.2819443941116333,0.03958139196038246,6.944444612599909e-05,1.3333333730697632,0.04123255982995033,1.164722204208374,0.038219167766245926,0.03359689936041832,1.2626262931999836e-06
P4-R5-ETD,full519,966984196,1,1.3102119460500963,91.30658740237497,1.4674034118652344,4.352278817927288,2.3946821689605713,2.3622350674373798,1.3402889966964722,1.1409056186676025,1.1098265895953756,59.55999755859375,3.9706664085388184,0.9895000457763672,0.8493333458900452,0.10000000149011612,0.8666666666666667,0.08477842003853564,3.8,95.03562529728502,76.62909090909092,4.755990982055664,15.178277191992336,0.007650610059499741,0.10982658959537572,1.3066667318344116,0.03359689936041832,0.0,0.0,0.0,0.0,0.0,0.0,0.0,0.0,0.0,0.0,1.2561111450195312,0.04080620035529137,0.0,0.0,0.0,0.0,0.0,0.0,0.0,0.0,0.0,1.2583333253860474,0.038728680461645126,0.0,0.0,0.0,0.0,0.0,0.0,0.0,0.0,1.28249990940094,0.03454263508319855,0.0,0.0,0.0,0.0,0.0,0.0,0.0,1.3194444179534912,0.038852714002132416,0.0,0.0,0.0,0.0,0.0,0.0,1.3008333444595337,0.03696899116039276,0.0,0.0,0.0,0.0,0.0,1.2938889265060425,0.03455038741230965,0.0,0.0,0.0,0.0,1.3300000429153442,0.040565889328718185,0.0,0.0,0.0,1.2472223043441772,0.04098449647426605,0.0,0.0,1.2819443941116333,0.03958139196038246,6.944444612599909e-05,1.3333333730697632,0.04123255982995033,1.164722204208374,0.038219167766245926,0.03359689936041832,1.2626262931999836e-06
P4-R5-ETD,matched512,966984196,1,1.328125,91.98827212907536,1.4570198059082031,4.270951131284618,2.4267382621765137,2.39453125,1.3579297065734863,1.1560547351837158,1.125,59.55999755859375,3.9706664085388184,0.9895000457763672,0.8493333458900452,0.10000000149011612,0.8666666666666667,0.0859375,3.8,95.03562529728502,76.62909090909092,4.755990982055664,15.178277191992336,0.00775520782917738,0.111328125,1.3066667318344116,0.03359689936041832,0.0,0.0,0.0,0.0,0.0,0.0,0.0,0.0,0.0,0.0,1.2561111450195312,0.04080620035529137,0.0,0.0,0.0,0.0,0.0,0.0,0.0,0.0,0.0,1.2583333253860474,0.038728680461645126,0.0,0.0,0.0,0.0,0.0,0.0,0.0,0.0,1.28249990940094,0.03454263508319855,0.0,0.0,0.0,0.0,0.0,0.0,0.0,1.3194444179534912,0.038852714002132416,0.0,0.0,0.0,0.0,0.0,0.0,1.3008333444595337,0.03696899116039276,0.0,0.0,0.0,0.0,0.0,1.2938889265060425,0.03455038741230965,0.0,0.0,0.0,0.0,1.3300000429153442,0.040565889328718185,0.0,0.0,0.0,1.2472223043441772,0.04098449647426605,0.0,0.0,1.2819443941116333,0.03958139196038246,6.944444612599909e-05,1.3333333730697632,0.04123255982995033,1.164722204208374,0.038219167766245926,0.03359689936041832,1.2626262931999836e-06
P4-R5-ETD,full519,966984196,2,1.3102119460500963,91.37030609146794,1.4639813899993896,4.399486682901553,2.3946821689605713,2.3622350674373798,1.3402889966964722,1.1409056186676025,1.1098265895953756,59.55999755859375,3.9706664085388184,0.9895000457763672,0.8493333458900452,0.10000000149011612,0.8666666666666667,0.08477842003853564,3.8,95.05732517052137,77.33818181818181,4.793533802032471,15.559323536436914,0.007650610059499741,0.10982658959537572,1.3066667318344116,0.03359689936041832,0.0,0.0,0.0,0.0,0.0,0.0,0.0,0.0,0.0,0.0,1.2561111450195312,0.04080620035529137,0.0,0.0,0.0,0.0,0.0,0.0,0.0,0.0,0.0,1.2583333253860474,0.038728680461645126,0.0,0.0,0.0,0.0,0.0,0.0,0.0,0.0,1.28249990940094,0.03454263508319855,0.0,0.0,0.0,0.0,0.0,0.0,0.0,1.3194444179534912,0.038852714002132416,0.0,0.0,0.0,0.0,0.0,0.0,1.3008333444595337,0.03696899116039276,0.0,0.0,0.0,0.0,0.0,1.2938889265060425,0.03455038741230965,0.0,0.0,0.0,0.0,1.3300000429153442,0.040565889328718185,0.0,0.0,0.0,1.2472223043441772,0.04098449647426605,0.0,0.0,1.2819443941116333,0.03958139196038246,6.944444612599909e-05,1.3333333730697632,0.04123255982995033,1.164722204208374,0.038219167766245926,0.03359689936041832,1.2626262931999836e-06
P4-R5-ETD,matched512,966984196,2,1.328125,92.04422993467037,1.4536906480789185,4.322585731983502,2.4267382621765137,2.39453125,1.3579297065734863,1.1560547351837158,1.125,59.55999755859375,3.9706664085388184,0.9895000457763672,0.8493333458900452,0.10000000149011612,0.8666666666666667,0.0859375,3.8,95.05732517052137,77.33818181818181,4.793533802032471,15.559323536436914,0.00775520782917738,0.111328125,1.3066667318344116,0.03359689936041832,0.0,0.0,0.0,0.0,0.0,0.0,0.0,0.0,0.0,0.0,1.2561111450195312,0.04080620035529137,0.0,0.0,0.0,0.0,0.0,0.0,0.0,0.0,0.0,1.2583333253860474,0.038728680461645126,0.0,0.0,0.0,0.0,0.0,0.0,0.0,0.0,1.28249990940094,0.03454263508319855,0.0,0.0,0.0,0.0,0.0,0.0,0.0,1.3194444179534912,0.038852714002132416,0.0,0.0,0.0,0.0,0.0,0.0,1.3008333444595337,0.03696899116039276,0.0,0.0,0.0,0.0,0.0,1.2938889265060425,0.03455038741230965,0.0,0.0,0.0,0.0,1.3300000429153442,0.040565889328718185,0.0,0.0,0.0,1.2472223043441772,0.04098449647426605,0.0,0.0,1.2819443941116333,0.03958139196038246,6.944444612599909e-05,1.3333333730697632,0.04123255982995033,1.164722204208374,0.038219167766245926,0.03359689936041832,1.2626262931999836e-06
P4-R5-ETD,full519,966984196,3,1.3102119460500963,90.94623693583232,1.5252439975738525,4.396739262220098,2.3946821689605713,2.3622350674373798,1.3402889966964722,1.1409056186676025,1.1098265895953756,59.55999755859375,3.9706664085388184,0.9895000457763672,0.8493333458900452,0.10000000149011612,0.8666666666666667,0.08477842003853564,3.8,94.87304661612822,76.35727272727273,4.833731651306152,15.01576195489617,0.007650610059499741,0.10982658959537572,1.3066667318344116,0.03359689936041832,0.0,0.0,0.0,0.0,0.0,0.0,0.0,0.0,0.0,0.0,1.2561111450195312,0.04080620035529137,0.0,0.0,0.0,0.0,0.0,0.0,0.0,0.0,0.0,1.2583333253860474,0.038728680461645126,0.0,0.0,0.0,0.0,0.0,0.0,0.0,0.0,1.28249990940094,0.03454263508319855,0.0,0.0,0.0,0.0,0.0,0.0,0.0,1.3194444179534912,0.038852714002132416,0.0,0.0,0.0,0.0,0.0,0.0,1.3008333444595337,0.03696899116039276,0.0,0.0,0.0,0.0,0.0,1.2938889265060425,0.03455038741230965,0.0,0.0,0.0,0.0,1.3300000429153442,0.040565889328718185,0.0,0.0,0.0,1.2472223043441772,0.04098449647426605,0.0,0.0,1.2819443941116333,0.03958139196038246,6.944444612599909e-05,1.3333333730697632,0.04123255982995033,1.164722204208374,0.038219167766245926,0.03359689936041832,1.2626262931999836e-06
P4-R5-ETD,matched512,966984196,3,1.328125,91.59620168622611,1.5152453184127808,4.318555745102593,2.4267382621765137,2.39453125,1.3579297065734863,1.1560547351837158,1.125,59.55999755859375,3.9706664085388184,0.9895000457763672,0.8493333458900452,0.10000000149011612,0.8666666666666667,0.0859375,3.8,94.87304661612822,76.35727272727273,4.833731651306152,15.01576195489617,0.00775520782917738,0.111328125,1.3066667318344116,0.03359689936041832,0.0,0.0,0.0,0.0,0.0,0.0,0.0,0.0,0.0,0.0,1.2561111450195312,0.04080620035529137,0.0,0.0,0.0,0.0,0.0,0.0,0.0,0.0,0.0,1.2583333253860474,0.038728680461645126,0.0,0.0,0.0,0.0,0.0,0.0,0.0,0.0,1.28249990940094,0.03454263508319855,0.0,0.0,0.0,0.0,0.0,0.0,0.0,1.3194444179534912,0.038852714002132416,0.0,0.0,0.0,0.0,0.0,0.0,1.3008333444595337,0.03696899116039276,0.0,0.0,0.0,0.0,0.0,1.2938889265060425,0.03455038741230965,0.0,0.0,0.0,0.0,1.3300000429153442,0.040565889328718185,0.0,0.0,0.0,1.2472223043441772,0.04098449647426605,0.0,0.0,1.2819443941116333,0.03958139196038246,6.944444612599909e-05,1.3333333730697632,0.04123255982995033,1.164722204208374,0.038219167766245926,0.03359689936041832,1.2626262931999836e-06
P4-R5-ETD,full519,966984196,4,1.3102119460500963,91.02501906972283,1.5189309120178223,4.43458039055414,2.3946821689605713,2.3622350674373798,1.3402889966964722,1.1409056186676025,1.1098265895953756,59.55999755859375,3.9706664085388184,0.9895000457763672,0.8493333458900452,0.10000000149011612,0.8666666666666667,0.08477842003853564,3.8,94.82296850532441,76.40727272727273,4.931178092956543,15.76257097229667,0.007650610059499741,0.10982658959537572,1.3066667318344116,0.03359689936041832,0.0,0.0,0.0,0.0,0.0,0.0,0.0,0.0,0.0,0.0,1.2561111450195312,0.04080620035529137,0.0,0.0,0.0,0.0,0.0,0.0,0.0,0.0,0.0,1.2583333253860474,0.038728680461645126,0.0,0.0,0.0,0.0,0.0,0.0,0.0,0.0,1.28249990940094,0.03454263508319855,0.0,0.0,0.0,0.0,0.0,0.0,0.0,1.3194444179534912,0.038852714002132416,0.0,0.0,0.0,0.0,0.0,0.0,1.3008333444595337,0.03696899116039276,0.0,0.0,0.0,0.0,0.0,1.2938889265060425,0.03455038741230965,0.0,0.0,0.0,0.0,1.3300000429153442,0.040565889328718185,0.0,0.0,0.0,1.2472223043441772,0.04098449647426605,0.0,0.0,1.2819443941116333,0.03958139196038246,6.944444612599909e-05,1.3333333730697632,0.04123255982995033,1.164722204208374,0.038219167766245926,0.03359689936041832,1.2626262931999836e-06
P4-R5-ETD,matched512,966984196,4,1.328125,91.69666344316491,1.5088108777999878,4.354968169129349,2.4267382621765137,2.39453125,1.3579297065734863,1.1560547351837158,1.125,59.55999755859375,3.9706664085388184,0.9895000457763672,0.8493333458900452,0.10000000149011612,0.8666666666666667,0.0859375,3.8,94.82296850532441,76.40727272727273,4.931178092956543,15.76257097229667,0.00775520782917738,0.111328125,1.3066667318344116,0.03359689936041832,0.0,0.0,0.0,0.0,0.0,0.0,0.0,0.0,0.0,0.0,1.2561111450195312,0.04080620035529137,0.0,0.0,0.0,0.0,0.0,0.0,0.0,0.0,0.0,1.2583333253860474,0.038728680461645126,0.0,0.0,0.0,0.0,0.0,0.0,0.0,0.0,1.28249990940094,0.03454263508319855,0.0,0.0,0.0,0.0,0.0,0.0,0.0,1.3194444179534912,0.038852714002132416,0.0,0.0,0.0,0.0,0.0,0.0,1.3008333444595337,0.03696899116039276,0.0,0.0,0.0,0.0,0.0,1.2938889265060425,0.03455038741230965,0.0,0.0,0.0,0.0,1.3300000429153442,0.040565889328718185,0.0,0.0,0.0,1.2472223043441772,0.04098449647426605,0.0,0.0,1.2819443941116333,0.03958139196038246,6.944444612599909e-05,1.3333333730697632,0.04123255982995033,1.164722204208374,0.038219167766245926,0.03359689936041832,1.2626262931999836e-06
P4-R5-VTF,full519,394017083,0,1.283236994219653,90.54094744444166,1.538915753364563,4.409590511310889,2.3738343715667725,2.325626204238921,1.3204045295715332,1.1317726373672485,1.0982658959537572,49.02000045776367,3.2680001258850098,0.9649999737739563,0.7360000014305115,0.14000000059604645,0.8666666666666667,0.057803468208092484,2.466666666666667,94.55755441568463,64.87625,5.138445854187012,16.295784599799614,0.006296724546700716,0.07129094412331406,1.2997221946716309,0.03396124020218849,0.0,0.0,0.0,0.0,0.0,0.0,0.0,0.0,0.0,0.0,1.25083327293396,0.04092248156666756,0.0,0.0,0.0,0.0,0.0,0.0,0.0,0.0,0.0,1.2591667175292969,0.03683720529079437,0.0,0.0,0.0,0.0,0.0,0.0,0.0,0.0,1.2811111211776733,0.03178294748067856,0.0,0.0,0.0,0.0,0.0,0.0,0.0,1.3211110830307007,0.03831782937049866,0.0,0.0,0.0,0.0,0.0,0.0,1.3005555868148804,0.03705426678061485,0.0,0.0,0.0,0.0,0.0,1.2922221422195435,0.03440309688448906,0.0,0.0,0.0,0.0,1.3308334350585938,0.04044186323881149,0.0,0.0,0.0,1.2472221851348877,0.04104651138186455,0.0,0.0,1.2836110591888428,0.03955813869833946,1.5432098734891042e-05,1.3202776908874512,0.04008527100086212,1.1122221946716309,0.03767371380870992,0.03178294748067856,2.805836133616553e-07
P4-R5-VTF,matched512,394017083,0,1.30078125,91.18512915708423,1.523416519165039,4.3236894363306,2.4052538871765137,2.357421875,1.3374414443969727,1.1465624570846558,1.11328125,49.019996643066406,3.2679998874664307,0.9649999737739563,0.7360000014305115,0.14000000059604645,0.8666666666666667,0.05859375,2.466666666666667,94.55755441568463,64.87625,5.138445854187012,16.295784599799614,0.006382812280207872,0.072265625,1.2997221946716309,0.03396124020218849,0.0,0.0,0.0,0.0,0.0,0.0,0.0,0.0,0.0,0.0,1.25083327293396,0.04092248156666756,0.0,0.0,0.0,0.0,0.0,0.0,0.0,0.0,0.0,1.2591667175292969,0.03683720529079437,0.0,0.0,0.0,0.0,0.0,0.0,0.0,0.0,1.2811111211776733,0.03178294748067856,0.0,0.0,0.0,0.0,0.0,0.0,0.0,1.3211110830307007,0.03831782937049866,0.0,0.0,0.0,0.0,0.0,0.0,1.3005555868148804,0.03705426678061485,0.0,0.0,0.0,0.0,0.0,1.2922221422195435,0.03440309688448906,0.0,0.0,0.0,0.0,1.3308334350585938,0.04044186323881149,0.0,0.0,0.0,1.2472221851348877,0.04104651138186455,0.0,0.0,1.2836110591888428,0.03955813869833946,1.5432098734891042e-05,1.3202776908874512,0.04008527100086212,1.1122221946716309,0.03767371380870992,0.03178294748067856,2.805836133616553e-07
P4-R5-VTF,full519,394017083,1,1.283236994219653,90.41399447614043,1.547349214553833,4.448623354511404,2.3738343715667725,2.325626204238921,1.3204045295715332,1.1317726373672485,1.0982658959537572,49.02000045776367,3.2680001258850098,0.9649999737739563,0.7360000014305115,0.14000000059604645,0.8666666666666667,0.057803468208092484,2.466666666666667,94.48599663466676,62.15875,5.158355712890625,16.433788333789842,0.006296724546700716,0.07129094412331406,1.2997221946716309,0.03396124020218849,0.0,0.0,0.0,0.0,0.0,0.0,0.0,0.0,0.0,0.0,1.25083327293396,0.04092248156666756,0.0,0.0,0.0,0.0,0.0,0.0,0.0,0.0,0.0,1.2591667175292969,0.03683720529079437,0.0,0.0,0.0,0.0,0.0,0.0,0.0,0.0,1.2811111211776733,0.03178294748067856,0.0,0.0,0.0,0.0,0.0,0.0,0.0,1.3211110830307007,0.03831782937049866,0.0,0.0,0.0,0.0,0.0,0.0,1.3005555868148804,0.03705426678061485,0.0,0.0,0.0,0.0,0.0,1.2922221422195435,0.03440309688448906,0.0,0.0,0.0,0.0,1.3308334350585938,0.04044186323881149,0.0,0.0,0.0,1.2472221851348877,0.04104651138186455,0.0,0.0,1.2836110591888428,0.03955813869833946,1.5432098734891042e-05,1.3202776908874512,0.04008527100086212,1.1122221946716309,0.03767371380870992,0.03178294748067856,2.805836133616553e-07
P4-R5-VTF,matched512,394017083,1,1.30078125,91.06569885870422,1.5320230722427368,4.368630090671692,2.4052538871765137,2.357421875,1.3374414443969727,1.1465624570846558,1.11328125,49.019996643066406,3.2679998874664307,0.9649999737739563,0.7360000014305115,0.14000000059604645,0.8666666666666667,0.05859375,2.466666666666667,94.48599663466676,62.15875,5.158355712890625,16.433788333789842,0.006382812280207872,0.072265625,1.2997221946716309,0.03396124020218849,0.0,0.0,0.0,0.0,0.0,0.0,0.0,0.0,0.0,0.0,1.25083327293396,0.04092248156666756,0.0,0.0,0.0,0.0,0.0,0.0,0.0,0.0,0.0,1.2591667175292969,0.03683720529079437,0.0,0.0,0.0,0.0,0.0,0.0,0.0,0.0,1.2811111211776733,0.03178294748067856,0.0,0.0,0.0,0.0,0.0,0.0,0.0,1.3211110830307007,0.03831782937049866,0.0,0.0,0.0,0.0,0.0,0.0,1.3005555868148804,0.03705426678061485,0.0,0.0,0.0,0.0,0.0,1.2922221422195435,0.03440309688448906,0.0,0.0,0.0,0.0,1.3308334350585938,0.04044186323881149,0.0,0.0,0.0,1.2472221851348877,0.04104651138186455,0.0,0.0,1.2836110591888428,0.03955813869833946,1.5432098734891042e-05,1.3202776908874512,0.04008527100086212,1.1122221946716309,0.03767371380870992,0.03178294748067856,2.805836133616553e-07
P4-R5-VTF,full519,394017083,2,1.283236994219653,90.6091855375945,1.5523014068603516,4.46775102153391,2.3738343715667725,2.325626204238921,1.3204045295715332,1.1317726373672485,1.0982658959537572,49.02000045776367,3.2680001258850098,0.9649999737739563,0.7360000014305115,0.14000000059604645,0.8666666666666667,0.057803468208092484,2.466666666666667,94.68634577087008,65.01875000000001,5.157690525054932,16.143476400265023,0.006296724546700716,0.07129094412331406,1.2997221946716309,0.03396124020218849,0.0,0.0,0.0,0.0,0.0,0.0,0.0,0.0,0.0,0.0,1.25083327293396,0.04092248156666756,0.0,0.0,0.0,0.0,0.0,0.0,0.0,0.0,0.0,1.2591667175292969,0.03683720529079437,0.0,0.0,0.0,0.0,0.0,0.0,0.0,0.0,1.2811111211776733,0.03178294748067856,0.0,0.0,0.0,0.0,0.0,0.0,0.0,1.3211110830307007,0.03831782937049866,0.0,0.0,0.0,0.0,0.0,0.0,1.3005555868148804,0.03705426678061485,0.0,0.0,0.0,0.0,0.0,1.2922221422195435,0.03440309688448906,0.0,0.0,0.0,0.0,1.3308334350585938,0.04044186323881149,0.0,0.0,0.0,1.2472221851348877,0.04104651138186455,0.0,0.0,1.2836110591888428,0.03955813869833946,1.5432098734891042e-05,1.3202776908874512,0.04008527100086212,1.1122221946716309,0.03767371380870992,0.03178294748067856,2.805836133616553e-07
P4-R5-VTF,matched512,394017083,2,1.30078125,91.2528455023167,1.5369583368301392,4.3876081367805995,2.4052538871765137,2.357421875,1.3374414443969727,1.1465624570846558,1.11328125,49.019996643066406,3.2679998874664307,0.9649999737739563,0.7360000014305115,0.14000000059604645,0.8666666666666667,0.05859375,2.466666666666667,94.68634577087008,65.01875000000001,5.157690525054932,16.143476400265023,0.006382812280207872,0.072265625,1.2997221946716309,0.03396124020218849,0.0,0.0,0.0,0.0,0.0,0.0,0.0,0.0,0.0,0.0,1.25083327293396,0.04092248156666756,0.0,0.0,0.0,0.0,0.0,0.0,0.0,0.0,0.0,1.2591667175292969,0.03683720529079437,0.0,0.0,0.0,0.0,0.0,0.0,0.0,0.0,1.2811111211776733,0.03178294748067856,0.0,0.0,0.0,0.0,0.0,0.0,0.0,1.3211110830307007,0.03831782937049866,0.0,0.0,0.0,0.0,0.0,0.0,1.3005555868148804,0.03705426678061485,0.0,0.0,0.0,0.0,0.0,1.2922221422195435,0.03440309688448906,0.0,0.0,0.0,0.0,1.3308334350585938,0.04044186323881149,0.0,0.0,0.0,1.2472221851348877,0.04104651138186455,0.0,0.0,1.2836110591888428,0.03955813869833946,1.5432098734891042e-05,1.3202776908874512,0.04008527100086212,1.1122221946716309,0.03767371380870992,0.03178294748067856,2.805836133616553e-07
P4-R5-VTF,full519,394017083,3,1.283236994219653,90.69085893409738,1.5250121355056763,4.423613861080573,2.3738343715667725,2.325626204238921,1.3204045295715332,1.1317726373672485,1.0982658959537572,49.02000045776367,3.2680001258850098,0.9649999737739563,0.7360000014305115,0.14000000059604645,0.8666666666666667,0.057803468208092484,2.466666666666667,94.59242468835178,67.2225,5.139796733856201,16.469035581909466,0.006296724546700716,0.07129094412331406,1.2997221946716309,0.03396124020218849,0.0,0.0,0.0,0.0,0.0,0.0,0.0,0.0,0.0,0.0,1.25083327293396,0.04092248156666756,0.0,0.0,0.0,0.0,0.0,0.0,0.0,0.0,0.0,1.2591667175292969,0.03683720529079437,0.0,0.0,0.0,0.0,0.0,0.0,0.0,0.0,1.2811111211776733,0.03178294748067856,0.0,0.0,0.0,0.0,0.0,0.0,0.0,1.3211110830307007,0.03831782937049866,0.0,0.0,0.0,0.0,0.0,0.0,1.3005555868148804,0.03705426678061485,0.0,0.0,0.0,0.0,0.0,1.2922221422195435,0.03440309688448906,0.0,0.0,0.0,0.0,1.3308334350585938,0.04044186323881149,0.0,0.0,0.0,1.2472221851348877,0.04104651138186455,0.0,0.0,1.2836110591888428,0.03955813869833946,1.5432098734891042e-05,1.3202776908874512,0.04008527100086212,1.1122221946716309,0.03767371380870992,0.03178294748067856,2.805836133616553e-07
P4-R5-VTF,matched512,394017083,3,1.30078125,91.33910805952945,1.5094096660614014,4.340547933964714,2.4052538871765137,2.357421875,1.3374414443969727,1.1465624570846558,1.11328125,49.019996643066406,3.2679998874664307,0.9649999737739563,0.7360000014305115,0.14000000059604645,0.8666666666666667,0.05859375,2.466666666666667,94.59242468835178,67.2225,5.139796733856201,16.469035581909466,0.006382812280207872,0.072265625,1.2997221946716309,0.03396124020218849,0.0,0.0,0.0,0.0,0.0,0.0,0.0,0.0,0.0,0.0,1.25083327293396,0.04092248156666756,0.0,0.0,0.0,0.0,0.0,0.0,0.0,0.0,0.0,1.2591667175292969,0.03683720529079437,0.0,0.0,0.0,0.0,0.0,0.0,0.0,0.0,1.2811111211776733,0.03178294748067856,0.0,0.0,0.0,0.0,0.0,0.0,0.0,1.3211110830307007,0.03831782937049866,0.0,0.0,0.0,0.0,0.0,0.0,1.3005555868148804,0.03705426678061485,0.0,0.0,0.0,0.0,0.0,1.2922221422195435,0.03440309688448906,0.0,0.0,0.0,0.0,1.3308334350585938,0.04044186323881149,0.0,0.0,0.0,1.2472221851348877,0.04104651138186455,0.0,0.0,1.2836110591888428,0.03955813869833946,1.5432098734891042e-05,1.3202776908874512,0.04008527100086212,1.1122221946716309,0.03767371380870992,0.03178294748067856,2.805836133616553e-07
P4-R5-VTF,full519,394017083,4,1.283236994219653,90.19131471750258,1.6329947710037231,4.470818216561726,2.3738343715667725,2.325626204238921,1.3204045295715332,1.1317726373672485,1.0982658959537572,49.02000045776367,3.2680001258850098,0.9649999737739563,0.7360000014305115,0.14000000059604645,0.8666666666666667,0.057803468208092484,2.466666666666667,94.3877527198239,60.34,5.291213512420654,16.303556141974667,0.006296724546700716,0.07129094412331406,1.2997221946716309,0.03396124020218849,0.0,0.0,0.0,0.0,0.0,0.0,0.0,0.0,0.0,0.0,1.25083327293396,0.04092248156666756,0.0,0.0,0.0,0.0,0.0,0.0,0.0,0.0,0.0,1.2591667175292969,0.03683720529079437,0.0,0.0,0.0,0.0,0.0,0.0,0.0,0.0,1.2811111211776733,0.03178294748067856,0.0,0.0,0.0,0.0,0.0,0.0,0.0,1.3211110830307007,0.03831782937049866,0.0,0.0,0.0,0.0,0.0,0.0,1.3005555868148804,0.03705426678061485,0.0,0.0,0.0,0.0,0.0,1.2922221422195435,0.03440309688448906,0.0,0.0,0.0,0.0,1.3308334350585938,0.04044186323881149,0.0,0.0,0.0,1.2472221851348877,0.04104651138186455,0.0,0.0,1.2836110591888428,0.03955813869833946,1.5432098734891042e-05,1.3202776908874512,0.04008527100086212,1.1122221946716309,0.03767371380870992,0.03178294748067856,2.805836133616553e-07
P4-R5-VTF,matched512,394017083,4,1.30078125,90.82989249498331,1.6180921792984009,4.392919368032201,2.4052538871765137,2.357421875,1.3374414443969727,1.1465624570846558,1.11328125,49.019996643066406,3.2679998874664307,0.9649999737739563,0.7360000014305115,0.14000000059604645,0.8666666666666667,0.05859375,2.466666666666667,94.3877527198239,60.34,5.291213512420654,16.303556141974667,0.006382812280207872,0.072265625,1.2997221946716309,0.03396124020218849,0.0,0.0,0.0,0.0,0.0,0.0,0.0,0.0,0.0,0.0,1.25083327293396,0.04092248156666756,0.0,0.0,0.0,0.0,0.0,0.0,0.0,0.0,0.0,1.2591667175292969,0.03683720529079437,0.0,0.0,0.0,0.0,0.0,0.0,0.0,0.0,1.2811111211776733,0.03178294748067856,0.0,0.0,0.0,0.0,0.0,0.0,0.0,1.3211110830307007,0.03831782937049866,0.0,0.0,0.0,0.0,0.0,0.0,1.3005555868148804,0.03705426678061485,0.0,0.0,0.0,0.0,0.0,1.2922221422195435,0.03440309688448906,0.0,0.0,0.0,0.0,1.3308334350585938,0.04044186323881149,0.0,0.0,0.0,1.2472221851348877,0.04104651138186455,0.0,0.0,1.2836110591888428,0.03955813869833946,1.5432098734891042e-05,1.3202776908874512,0.04008527100086212,1.1122221946716309,0.03767371380870992,0.03178294748067856,2.805836133616553e-07
