family,validation,model,scope,construct,C388_mean,work,mutation_group,score,prediction
frozen,transfer,CP_density3_RF,matched512,P4-R5-ETD,0.0,0,P4,0.8477395319600154,1
frozen,transfer,CP_density3_RF,matched512,P4-R5-SHE,0.616825,1,P4,0.8407019123215894,1
frozen,transfer,CP_density3_RF,matched512,P4-R5-SHE+P7-R5-SHE,0.7531399999999999,1,P4+P7,0.8407019123215894,1
frozen,transfer,CP_density3_RF,matched512,P4-R5-SNE,0.7430950000000001,1,P4,0.5828038530562332,1
frozen,transfer,CP_density3_RF,matched512,P4-R5-SNE+P7-R5-SNE,0.80335,1,P4+P7,0.8407019123215894,1
frozen,transfer,CP_density3_RF,matched512,P4-R5-SWD+P7-R5-SWD,0.518925,1,P4+P7,0.7119176961196616,1
frozen,transfer,CP_density3_RF,matched512,P4-R5-THE+P7-R5-THE,0.68814,1,P4+P7,0.33496935834019526,0
frozen,transfer,CP_density3_RF,matched512,P4-R5-YTH+P7-R5-YTH,0.0,0,P4+P7,0.8407019123215894,1
frozen,transfer,CP_density3_RF,matched512,P4-R5-YYE+P7-P5-YYE,0.0866649999999999,0,P4+P7,0.7753687859345413,1
frozen,transfer,CP_density3_RF,matched512,P5-R6-AYE,0.55629,1,P5,0.029755820160231927,0
frozen,transfer,CP_density3_RF,matched512,P5-R6-DFE,0.32484,0,P5,0.7667912050830832,1
frozen,transfer,CP_density3_RF,matched512,P5-R6-FWD,0.37332,0,P5,0.7645888241307021,1
frozen,transfer,CP_density3_RF,matched512,P5-R6-LRD,0.23336,0,P5,0.019964153493565256,0
frozen,transfer,CP_density3_RF,matched512,P5-R6-NYE,0.57387,1,P5,0.7667912050830832,1
frozen,transfer,CP_density3_RF,matched512,P5-R6-SFE,0.6291599999999999,1,P5,0.35497258592643977,0
frozen,transfer,CP_density3_RF,matched512,P5-R6-SWD,0.666435,1,P5,0.5945874596350129,1
frozen,transfer,CP_density3_RF,matched512,P5-R6-SYQ,0.591215,1,P5,0.7341518766994305,1
frozen,transfer,CP_density3_RF,matched512,P5-R6-THN,0.529215,1,P5,0.7529049576016343,1
frozen,transfer,CP_density3_RF,matched512,P5-R6-TTE,0.348885,0,P5,0.723922242785586,1
frozen,transfer,CP_density3_RF,matched512,P5-R6-TWD,0.59784,1,P5,0.029755820160231927,0
frozen,transfer,CP_density3_RF,matched512,P5-R6-TYE,0.44306,0,P5,0.7667912050830832,1
frozen,transfer,CP_density3_RF,matched512,P5-R6-VFN,0.5554349999999999,1,P5,0.3340460410660715,0
frozen,transfer,CP_density3_RF,matched512,P6-R7-MHQ,0.2532999999999999,0,P6,0.8407019123215894,1
frozen,transfer,CP_density3_RF,matched512,P6-R7-QFW,0.67784,1,P6,0.007703081232492998,0
frozen,transfer,CP_density3_RF,matched512,P6-R7-QRW,0.60431,1,P6,0.276523016704812,0
frozen,transfer,CP_density3_RF,matched512,P6-R7-TRQ,0.657745,1,P6,0.8255157244793124,1
frozen,transfer,CP_density3_RF,matched512,P6-R7-WFD,0.70041,1,P6,0.5678077401714696,1
frozen,transfer,CP_density3_RF,matched512,P6-R7-WFQ,0.651535,1,P6,0.8155187382150986,1
frozen,transfer,CP_density3_RF,matched512,P7-R5-SYVIRR,0.79377,1,P7,0.8640115218154093,1
frozen,transfer,CP_density3_RF,matched512,P8-R6-GVE,0.658565,1,P8,0.766340780019738,1
frozen,transfer,CP_density3_RF,matched512,PUF12-9,0.7256100000000001,1,WT,0.7645888241307021,1
frozen,transfer,CP_density3_LR,matched512,P4-R5-ETD,0.0,0,P4,0.7115922079003391,1
frozen,transfer,CP_density3_LR,matched512,P4-R5-SHE,0.616825,1,P4,0.753399323996754,1
frozen,transfer,CP_density3_LR,matched512,P4-R5-SHE+P7-R5-SHE,0.7531399999999999,1,P4+P7,0.7490705139966074,1
frozen,transfer,CP_density3_LR,matched512,P4-R5-SNE,0.7430950000000001,1,P4,0.6701920932401615,1
frozen,transfer,CP_density3_LR,matched512,P4-R5-SNE+P7-R5-SNE,0.80335,1,P4+P7,0.7601548290681492,1
frozen,transfer,CP_density3_LR,matched512,P4-R5-SWD+P7-R5-SWD,0.518925,1,P4+P7,0.6733833070787205,1
frozen,transfer,CP_density3_LR,matched512,P4-R5-THE+P7-R5-THE,0.68814,1,P4+P7,0.6543881808958005,1
frozen,transfer,CP_density3_LR,matched512,P4-R5-YTH+P7-R5-YTH,0.0,0,P4+P7,0.7261610095564184,1
frozen,transfer,CP_density3_LR,matched512,P4-R5-YYE+P7-P5-YYE,0.0866649999999999,0,P4+P7,0.6942301816047174,1
frozen,transfer,CP_density3_LR,matched512,P5-R6-AYE,0.55629,1,P5,0.59741160965146,1
frozen,transfer,CP_density3_LR,matched512,P5-R6-DFE,0.32484,0,P5,0.7068151074587049,1
frozen,transfer,CP_density3_LR,matched512,P5-R6-FWD,0.37332,0,P5,0.6916541053266804,1
frozen,transfer,CP_density3_LR,matched512,P5-R6-LRD,0.23336,0,P5,0.5721449995135524,1
frozen,transfer,CP_density3_LR,matched512,P5-R6-NYE,0.57387,1,P5,0.7021607241892324,1
frozen,transfer,CP_density3_LR,matched512,P5-R6-SFE,0.6291599999999999,1,P5,0.6503599173516992,1
frozen,transfer,CP_density3_LR,matched512,P5-R6-SWD,0.666435,1,P5,0.6709749703718022,1
frozen,transfer,CP_density3_LR,matched512,P5-R6-SYQ,0.591215,1,P5,0.6672761206718953,1
frozen,transfer,CP_density3_LR,matched512,P5-R6-THN,0.529215,1,P5,0.6897703785188295,1
frozen,transfer,CP_density3_LR,matched512,P5-R6-TTE,0.348885,0,P5,0.6862376711859947,1
frozen,transfer,CP_density3_LR,matched512,P5-R6-TWD,0.59784,1,P5,0.5799862836190792,1
frozen,transfer,CP_density3_LR,matched512,P5-R6-TYE,0.44306,0,P5,0.6935314760603923,1
frozen,transfer,CP_density3_LR,matched512,P5-R6-VFN,0.5554349999999999,1,P5,0.6358657497183563,1
frozen,transfer,CP_density3_LR,matched512,P6-R7-MHQ,0.2532999999999999,0,P6,0.7607772090786403,1
frozen,transfer,CP_density3_LR,matched512,P6-R7-QFW,0.67784,1,P6,0.5464964063718641,1
frozen,transfer,CP_density3_LR,matched512,P6-R7-QRW,0.60431,1,P6,0.6229743071814633,1
frozen,transfer,CP_density3_LR,matched512,P6-R7-TRQ,0.657745,1,P6,0.6787142119903724,1
frozen,transfer,CP_density3_LR,matched512,P6-R7-WFD,0.70041,1,P6,0.6583944114301977,1
frozen,transfer,CP_density3_LR,matched512,P6-R7-WFQ,0.651535,1,P6,0.6809176078989538,1
frozen,transfer,CP_density3_LR,matched512,P7-R5-SYVIRR,0.79377,1,P7,0.6965452823373359,1
frozen,transfer,CP_density3_LR,matched512,P8-R6-GVE,0.658565,1,P8,0.6972401163710477,1
frozen,transfer,CP_density3_LR,matched512,PUF12-9,0.7256100000000001,1,WT,0.6864113120465297,1
frozen,transfer,S12_only_RF,matched512,P4-R5-ETD,0.0,0,P4,0.85091152789931,1
frozen,transfer,S12_only_RF,matched512,P4-R5-SHE,0.616825,1,P4,0.85091152789931,1
frozen,transfer,S12_only_RF,matched512,P4-R5-SHE+P7-R5-SHE,0.7531399999999999,1,P4+P7,0.85091152789931,1
frozen,transfer,S12_only_RF,matched512,P4-R5-SNE,0.7430950000000001,1,P4,0.7804670270533411,1
frozen,transfer,S12_only_RF,matched512,P4-R5-SNE+P7-R5-SNE,0.80335,1,P4+P7,0.85091152789931,1
frozen,transfer,S12_only_RF,matched512,P4-R5-SWD+P7-R5-SWD,0.518925,1,P4+P7,0.7248030568747721,1
frozen,transfer,S12_only_RF,matched512,P4-R5-THE+P7-R5-THE,0.68814,1,P4+P7,0.09562788966251964,0
frozen,transfer,S12_only_RF,matched512,P4-R5-YTH+P7-R5-YTH,0.0,0,P4+P7,0.85091152789931,1
frozen,transfer,S12_only_RF,matched512,P4-R5-YYE+P7-P5-YYE,0.0866649999999999,0,P4+P7,0.7248030568747721,1
frozen,transfer,S12_only_RF,matched512,P5-R6-AYE,0.55629,1,P5,0.003125,0
frozen,transfer,S12_only_RF,matched512,P5-R6-DFE,0.32484,0,P5,0.85091152789931,1
frozen,transfer,S12_only_RF,matched512,P5-R6-FWD,0.37332,0,P5,0.85091152789931,1
frozen,transfer,S12_only_RF,matched512,P5-R6-LRD,0.23336,0,P5,0.0,0
frozen,transfer,S12_only_RF,matched512,P5-R6-NYE,0.57387,1,P5,0.85091152789931,1
frozen,transfer,S12_only_RF,matched512,P5-R6-SFE,0.6291599999999999,1,P5,0.08774098490061487,0
frozen,transfer,S12_only_RF,matched512,P5-R6-SWD,0.666435,1,P5,0.7979915368572628,1
frozen,transfer,S12_only_RF,matched512,P5-R6-SYQ,0.591215,1,P5,0.7804670270533411,1
frozen,transfer,S12_only_RF,matched512,P5-R6-THN,0.529215,1,P5,0.85091152789931,1
frozen,transfer,S12_only_RF,matched512,P5-R6-TTE,0.348885,0,P5,0.7979915368572628,1
frozen,transfer,S12_only_RF,matched512,P5-R6-TWD,0.59784,1,P5,0.003125,0
frozen,transfer,S12_only_RF,matched512,P5-R6-TYE,0.44306,0,P5,0.85091152789931,1
frozen,transfer,S12_only_RF,matched512,P5-R6-VFN,0.5554349999999999,1,P5,0.08774098490061487,0
frozen,transfer,S12_only_RF,matched512,P6-R7-MHQ,0.2532999999999999,0,P6,0.85091152789931,1
frozen,transfer,S12_only_RF,matched512,P6-R7-QFW,0.67784,1,P6,0.0,0
frozen,transfer,S12_only_RF,matched512,P6-R7-QRW,0.60431,1,P6,0.012461917562724014,0
frozen,transfer,S12_only_RF,matched512,P6-R7-TRQ,0.657745,1,P6,0.7979915368572628,1
frozen,transfer,S12_only_RF,matched512,P6-R7-WFD,0.70041,1,P6,0.7804670270533411,1
frozen,transfer,S12_only_RF,matched512,P6-R7-WFQ,0.651535,1,P6,0.7804670270533411,1
frozen,transfer,S12_only_RF,matched512,P7-R5-SYVIRR,0.79377,1,P7,0.85091152789931,1
frozen,transfer,S12_only_RF,matched512,P8-R6-GVE,0.658565,1,P8,0.7248030568747721,1
frozen,transfer,S12_only_RF,matched512,PUF12-9,0.7256100000000001,1,WT,0.85091152789931,1
frozen,transfer,S12_only_LR,matched512,P4-R5-ETD,0.0,0,P4,0.6169212788699262,1
frozen,transfer,S12_only_LR,matched512,P4-R5-SHE,0.616825,1,P4,0.6447067452638617,1
frozen,transfer,S12_only_LR,matched512,P4-R5-SHE+P7-R5-SHE,0.7531399999999999,1,P4+P7,0.6392203424965132,1
frozen,transfer,S12_only_LR,matched512,P4-R5-SNE,0.7430950000000001,1,P4,0.5883503083740639,1
frozen,transfer,S12_only_LR,matched512,P4-R5-SNE+P7-R5-SNE,0.80335,1,P4+P7,0.6447067452638617,1
frozen,transfer,S12_only_LR,matched512,P4-R5-SWD+P7-R5-SWD,0.518925,1,P4+P7,0.5998620271066015,1
frozen,transfer,S12_only_LR,matched512,P4-R5-THE+P7-R5-THE,0.68814,1,P4+P7,0.5825571359101506,1
frozen,transfer,S12_only_LR,matched512,P4-R5-YTH+P7-R5-YTH,0.0,0,P4+P7,0.6225465477881694,1
frozen,transfer,S12_only_LR,matched512,P4-R5-YYE+P7-P5-YYE,0.0866649999999999,0,P4+P7,0.5998620271066015,1
frozen,transfer,S12_only_LR,matched512,P5-R6-AYE,0.55629,1,P5,0.5473720496115501,1
frozen,transfer,S12_only_LR,matched512,P5-R6-DFE,0.32484,0,P5,0.6112645240293678,1
frozen,transfer,S12_only_LR,matched512,P5-R6-FWD,0.37332,0,P5,0.6055776429547419,1
frozen,transfer,S12_only_LR,matched512,P5-R6-LRD,0.23336,0,P5,0.5355195188717246,1
frozen,transfer,S12_only_LR,matched512,P5-R6-NYE,0.57387,1,P5,0.6169212788699262,1
frozen,transfer,S12_only_LR,matched512,P5-R6-SFE,0.6291599999999999,1,P5,0.5767410867359015,1
frozen,transfer,S12_only_LR,matched512,P5-R6-SWD,0.666435,1,P5,0.5941190984924262,1
frozen,transfer,S12_only_LR,matched512,P5-R6-SYQ,0.591215,1,P5,0.5912378443113412,1
frozen,transfer,S12_only_LR,matched512,P5-R6-THN,0.529215,1,P5,0.6055776429547419,1
frozen,transfer,S12_only_LR,matched512,P5-R6-TTE,0.348885,0,P5,0.5941190984924262,1
frozen,transfer,S12_only_LR,matched512,P5-R6-TWD,0.59784,1,P5,0.5473720496115501,1
frozen,transfer,S12_only_LR,matched512,P5-R6-TYE,0.44306,0,P5,0.6055776429547419,1
frozen,transfer,S12_only_LR,matched512,P5-R6-VFN,0.5554349999999999,1,P5,0.5767410867359015,1
frozen,transfer,S12_only_LR,matched512,P6-R7-MHQ,0.2532999999999999,0,P6,0.6447067452638617,1
frozen,transfer,S12_only_LR,matched512,P6-R7-QFW,0.67784,1,P6,0.5236267304206086,1
frozen,transfer,S12_only_LR,matched512,P6-R7-QRW,0.60431,1,P6,0.5591711009709784,1
frozen,transfer,S12_only_LR,matched512,P6-R7-TRQ,0.657745,1,P6,0.5941190984924262,1
frozen,transfer,S12_only_LR,matched512,P6-R7-WFD,0.70041,1,P6,0.5883503083740639,1
frozen,transfer,S12_only_LR,matched512,P6-R7-WFQ,0.651535,1,P6,0.5883503083740639,1
frozen,transfer,S12_only_LR,matched512,P7-R5-SYVIRR,0.79377,1,P7,0.6055776429547419,1
frozen,transfer,S12_only_LR,matched512,P8-R6-GVE,0.658565,1,P8,0.5998620271066015,1
frozen,transfer,S12_only_LR,matched512,PUF12-9,0.7256100000000001,1,WT,0.6055776429547419,1
frozen,transfer,CP_density3_RF,full519,P4-R5-ETD,0.0,0,P4,0.006274509803921568,0
frozen,transfer,CP_density3_RF,full519,P4-R5-SHE,0.616825,1,P4,0.4267253305438866,0
frozen,transfer,CP_density3_RF,full519,P4-R5-SHE+P7-R5-SHE,0.7531399999999999,1,P4+P7,0.31869015056791755,0
frozen,transfer,CP_density3_RF,full519,P4-R5-SNE,0.7430950000000001,1,P4,0.0033333333333333335,0
frozen,transfer,CP_density3_RF,full519,P4-R5-SNE+P7-R5-SNE,0.80335,1,P4+P7,0.4786602243537806,0
frozen,transfer,CP_density3_RF,full519,P4-R5-SWD+P7-R5-SWD,0.518925,1,P4+P7,0.0,0
frozen,transfer,CP_density3_RF,full519,P4-R5-THE+P7-R5-THE,0.68814,1,P4+P7,0.0,0
frozen,transfer,CP_density3_RF,full519,P4-R5-YTH+P7-R5-YTH,0.0,0,P4+P7,0.0173109243697479,0
frozen,transfer,CP_density3_RF,full519,P4-R5-YYE+P7-P5-YYE,0.0866649999999999,0,P4+P7,0.0033333333333333335,0
frozen,transfer,CP_density3_RF,full519,P5-R6-AYE,0.55629,1,P5,0.0,0
frozen,transfer,CP_density3_RF,full519,P5-R6-DFE,0.32484,0,P5,0.0,0
frozen,transfer,CP_density3_RF,full519,P5-R6-FWD,0.37332,0,P5,0.0,0
frozen,transfer,CP_density3_RF,full519,P5-R6-LRD,0.23336,0,P5,0.0,0
frozen,transfer,CP_density3_RF,full519,P5-R6-NYE,0.57387,1,P5,0.0029411764705882357,0
frozen,transfer,CP_density3_RF,full519,P5-R6-SFE,0.6291599999999999,1,P5,0.0,0
frozen,transfer,CP_density3_RF,full519,P5-R6-SWD,0.666435,1,P5,0.0,0
frozen,transfer,CP_density3_RF,full519,P5-R6-SYQ,0.591215,1,P5,0.0,0
frozen,transfer,CP_density3_RF,full519,P5-R6-THN,0.529215,1,P5,0.0,0
frozen,transfer,CP_density3_RF,full519,P5-R6-TTE,0.348885,0,P5,0.0,0
frozen,transfer,CP_density3_RF,full519,P5-R6-TWD,0.59784,1,P5,0.0,0
frozen,transfer,CP_density3_RF,full519,P5-R6-TYE,0.44306,0,P5,0.0,0
frozen,transfer,CP_density3_RF,full519,P5-R6-VFN,0.5554349999999999,1,P5,0.0,0
frozen,transfer,CP_density3_RF,full519,P6-R7-MHQ,0.2532999999999999,0,P6,0.5700119201134656,1
frozen,transfer,CP_density3_RF,full519,P6-R7-QFW,0.67784,1,P6,0.0,0
frozen,transfer,CP_density3_RF,full519,P6-R7-QRW,0.60431,1,P6,0.0,0
frozen,transfer,CP_density3_RF,full519,P6-R7-TRQ,0.657745,1,P6,0.0033333333333333335,0
frozen,transfer,CP_density3_RF,full519,P6-R7-WFD,0.70041,1,P6,0.0,0
frozen,transfer,CP_density3_RF,full519,P6-R7-WFQ,0.651535,1,P6,0.0033333333333333335,0
frozen,transfer,CP_density3_RF,full519,P7-R5-SYVIRR,0.79377,1,P7,0.0033333333333333335,0
frozen,transfer,CP_density3_RF,full519,P8-R6-GVE,0.658565,1,P8,0.01819370172311349,0
frozen,transfer,CP_density3_RF,full519,PUF12-9,0.7256100000000001,1,WT,0.0,0
frozen,transfer,CP_density3_LR,full519,P4-R5-ETD,0.0,0,P4,0.6000560046421626,1
frozen,transfer,CP_density3_LR,full519,P4-R5-SHE,0.616825,1,P4,0.6494247825546324,1
frozen,transfer,CP_density3_LR,full519,P4-R5-SHE+P7-R5-SHE,0.7531399999999999,1,P4+P7,0.6442045355739159,1
frozen,transfer,CP_density3_LR,full519,P4-R5-SNE,0.7430950000000001,1,P4,0.5533561898776022,1
frozen,transfer,CP_density3_LR,full519,P4-R5-SNE+P7-R5-SNE,0.80335,1,P4+P7,0.6576231858355315,1
frozen,transfer,CP_density3_LR,full519,P4-R5-SWD+P7-R5-SWD,0.518925,1,P4+P7,0.5568823510752917,1
frozen,transfer,CP_density3_LR,full519,P4-R5-THE+P7-R5-THE,0.68814,1,P4+P7,0.5360682703787862,1
frozen,transfer,CP_density3_LR,full519,P4-R5-YTH+P7-R5-YTH,0.0,0,P4+P7,0.6169985433582199,1
frozen,transfer,CP_density3_LR,full519,P4-R5-YYE+P7-P5-YYE,0.0866649999999999,0,P4+P7,0.5802163207061539,1
frozen,transfer,CP_density3_LR,full519,P5-R6-AYE,0.55629,1,P5,0.4760478700323303,0
frozen,transfer,CP_density3_LR,full519,P5-R6-DFE,0.32484,0,P5,0.5945595756790362,1
frozen,transfer,CP_density3_LR,full519,P5-R6-FWD,0.37332,0,P5,0.5773044461011606,1
frozen,transfer,CP_density3_LR,full519,P5-R6-LRD,0.23336,0,P5,0.4505220444506026,0
frozen,transfer,CP_density3_LR,full519,P5-R6-NYE,0.57387,1,P5,0.5892319434986852,1
frozen,transfer,CP_density3_LR,full519,P5-R6-SFE,0.6291599999999999,1,P5,0.531707603643597,1
frozen,transfer,CP_density3_LR,full519,P5-R6-SWD,0.666435,1,P5,0.5542201283518617,1
frozen,transfer,CP_density3_LR,full519,P5-R6-SYQ,0.591215,1,P5,0.5501446084623973,1
frozen,transfer,CP_density3_LR,full519,P5-R6-THN,0.529215,1,P5,0.5751803036745367,1
frozen,transfer,CP_density3_LR,full519,P5-R6-TTE,0.348885,0,P5,0.5712083579065348,1
frozen,transfer,CP_density3_LR,full519,P5-R6-TWD,0.59784,1,P5,0.45837512979540523,0
frozen,transfer,CP_density3_LR,full519,P5-R6-TYE,0.44306,0,P5,0.5794257336661378,1
frozen,transfer,CP_density3_LR,full519,P5-R6-VFN,0.5554349999999999,1,P5,0.5161683273360415,1
frozen,transfer,CP_density3_LR,full519,P6-R7-MHQ,0.2532999999999999,0,P6,0.6583816967993548,1
frozen,transfer,CP_density3_LR,full519,P6-R7-QFW,0.67784,1,P6,0.42525404449825344,0
frozen,transfer,CP_density3_LR,full519,P6-R7-QRW,0.60431,1,P6,0.5025420937019085,1
frozen,transfer,CP_density3_LR,full519,P6-R7-TRQ,0.657745,1,P6,0.5627996304477423,1
frozen,transfer,CP_density3_LR,full519,P6-R7-WFD,0.70041,1,P6,0.5404234285555053,1
frozen,transfer,CP_density3_LR,full519,P6-R7-WFQ,0.651535,1,P6,0.5652552653452472,1
frozen,transfer,CP_density3_LR,full519,P7-R5-SYVIRR,0.79377,1,P7,0.5828401494626805,1
frozen,transfer,CP_density3_LR,full519,P8-R6-GVE,0.658565,1,P8,0.5836289303317674,1
frozen,transfer,CP_density3_LR,full519,PUF12-9,0.7256100000000001,1,WT,0.5714032349441089,1
frozen,transfer,S12_only_RF,full519,P4-R5-ETD,0.0,0,P4,0.012461917562724014,0
frozen,transfer,S12_only_RF,full519,P4-R5-SHE,0.616825,1,P4,0.7835920270533412,1
frozen,transfer,S12_only_RF,full519,P4-R5-SHE+P7-R5-SHE,0.7531399999999999,1,P4+P7,0.7804670270533411,1
frozen,transfer,S12_only_RF,full519,P4-R5-SNE,0.7430950000000001,1,P4,0.0,0
frozen,transfer,S12_only_RF,full519,P4-R5-SNE+P7-R5-SNE,0.80335,1,P4+P7,0.7835920270533412,1
frozen,transfer,S12_only_RF,full519,P4-R5-SWD+P7-R5-SWD,0.518925,1,P4+P7,0.003125,0
frozen,transfer,S12_only_RF,full519,P4-R5-THE+P7-R5-THE,0.68814,1,P4+P7,0.0,0
frozen,transfer,S12_only_RF,full519,P4-R5-YTH+P7-R5-YTH,0.0,0,P4+P7,0.018736427366645582,0
frozen,transfer,S12_only_RF,full519,P4-R5-YYE+P7-P5-YYE,0.0866649999999999,0,P4+P7,0.003125,0
frozen,transfer,S12_only_RF,full519,P5-R6-AYE,0.55629,1,P5,0.0,0
frozen,transfer,S12_only_RF,full519,P5-R6-DFE,0.32484,0,P5,0.006458333333333333,0
frozen,transfer,S12_only_RF,full519,P5-R6-FWD,0.37332,0,P5,0.003125,0
frozen,transfer,S12_only_RF,full519,P5-R6-LRD,0.23336,0,P5,0.0,0
frozen,transfer,S12_only_RF,full519,P5-R6-NYE,0.57387,1,P5,0.012461917562724014,0
frozen,transfer,S12_only_RF,full519,P5-R6-SFE,0.6291599999999999,1,P5,0.0,0
frozen,transfer,S12_only_RF,full519,P5-R6-SWD,0.666435,1,P5,0.0,0
frozen,transfer,S12_only_RF,full519,P5-R6-SYQ,0.591215,1,P5,0.0,0
frozen,transfer,S12_only_RF,full519,P5-R6-THN,0.529215,1,P5,0.003125,0
frozen,transfer,S12_only_RF,full519,P5-R6-TTE,0.348885,0,P5,0.0,0
frozen,transfer,S12_only_RF,full519,P5-R6-TWD,0.59784,1,P5,0.0,0
frozen,transfer,S12_only_RF,full519,P5-R6-TYE,0.44306,0,P5,0.003125,0
frozen,transfer,S12_only_RF,full519,P5-R6-VFN,0.5554349999999999,1,P5,0.0,0
frozen,transfer,S12_only_RF,full519,P6-R7-MHQ,0.2532999999999999,0,P6,0.7835920270533412,1
frozen,transfer,S12_only_RF,full519,P6-R7-QFW,0.67784,1,P6,0.0,0
frozen,transfer,S12_only_RF,full519,P6-R7-QRW,0.60431,1,P6,0.0,0
frozen,transfer,S12_only_RF,full519,P6-R7-TRQ,0.657745,1,P6,0.0,0
frozen,transfer,S12_only_RF,full519,P6-R7-WFD,0.70041,1,P6,0.0,0
frozen,transfer,S12_only_RF,full519,P6-R7-WFQ,0.651535,1,P6,0.0,0
frozen,transfer,S12_only_RF,full519,P7-R5-SYVIRR,0.79377,1,P7,0.003125,0
frozen,transfer,S12_only_RF,full519,P8-R6-GVE,0.658565,1,P8,0.003125,0
frozen,transfer,S12_only_RF,full519,PUF12-9,0.7256100000000001,1,WT,0.003125,0
frozen,transfer,S12_only_LR,full519,P4-R5-ETD,0.0,0,P4,0.5640402188144321,1
frozen,transfer,S12_only_LR,full519,P4-R5-SHE,0.616825,1,P4,0.592743109589129,1
frozen,transfer,S12_only_LR,full519,P4-R5-SHE+P7-R5-SHE,0.7531399999999999,1,P4+P7,0.5870464085325143,1
frozen,transfer,S12_only_LR,full519,P4-R5-SNE,0.7430950000000001,1,P4,0.5349016963456814,1
frozen,transfer,S12_only_LR,full519,P4-R5-SNE+P7-R5-SNE,0.80335,1,P4+P7,0.592743109589129,1
frozen,transfer,S12_only_LR,full519,P4-R5-SWD+P7-R5-SWD,0.518925,1,P4+P7,0.5465970776173238,1
frozen,transfer,S12_only_LR,full519,P4-R5-THE+P7-R5-THE,0.68814,1,P4+P7,0.529038765051593,1
frozen,transfer,S12_only_LR,full519,P4-R5-YTH+P7-R5-YTH,0.0,0,P4+P7,0.5698217263781895,1
frozen,transfer,S12_only_LR,full519,P4-R5-YYE+P7-P5-YYE,0.0866649999999999,0,P4+P7,0.5465970776173238,1
frozen,transfer,S12_only_LR,full519,P5-R6-AYE,0.55629,1,P5,0.49374939551187375,0
frozen,transfer,S12_only_LR,full519,P5-R6-DFE,0.32484,0,P5,0.5582412482727401,1
frozen,transfer,S12_only_LR,full519,P5-R6-FWD,0.37332,0,P5,0.5524263502686363,1
frozen,transfer,S12_only_LR,full519,P5-R6-LRD,0.23336,0,P5,0.48198273745194664,0
frozen,transfer,S12_only_LR,full519,P5-R6-NYE,0.57387,1,P5,0.5640402188144321,1
frozen,transfer,S12_only_LR,full519,P5-R6-SFE,0.6291599999999999,1,P5,0.5231678103469459,1
frozen,transfer,S12_only_LR,full519,P5-R6-SWD,0.666435,1,P5,0.5407549988086006,1
frozen,transfer,S12_only_LR,full519,P5-R6-SYQ,0.591215,1,P5,0.5378296511261709,1
frozen,transfer,S12_only_LR,full519,P5-R6-THN,0.529215,1,P5,0.5524263502686363,1
frozen,transfer,S12_only_LR,full519,P5-R6-TTE,0.348885,0,P5,0.5407549988086006,1
frozen,transfer,S12_only_LR,full519,P5-R6-TWD,0.59784,1,P5,0.49374939551187375,0
frozen,transfer,S12_only_LR,full519,P5-R6-TYE,0.44306,0,P5,0.5524263502686363,1
frozen,transfer,S12_only_LR,full519,P5-R6-VFN,0.5554349999999999,1,P5,0.5231678103469459,1
frozen,transfer,S12_only_LR,full519,P6-R7-MHQ,0.2532999999999999,0,P6,0.592743109589129,1
frozen,transfer,S12_only_LR,full519,P6-R7-QFW,0.67784,1,P6,0.47023602799313596,0
frozen,transfer,S12_only_LR,full519,P6-R7-QRW,0.60431,1,P6,0.5055229821129241,1
frozen,transfer,S12_only_LR,full519,P6-R7-TRQ,0.657745,1,P6,0.5407549988086006,1
frozen,transfer,S12_only_LR,full519,P6-R7-WFD,0.70041,1,P6,0.5349016963456814,1
frozen,transfer,S12_only_LR,full519,P6-R7-WFQ,0.651535,1,P6,0.5349016963456814,1
frozen,transfer,S12_only_LR,full519,P7-R5-SYVIRR,0.79377,1,P7,0.5524263502686363,1
frozen,transfer,S12_only_LR,full519,P8-R6-GVE,0.658565,1,P8,0.5465970776173238,1
frozen,transfer,S12_only_LR,full519,PUF12-9,0.7256100000000001,1,WT,0.5524263502686363,1
retrained,LOCO,CP3_LR,matched512,P4-R5-ETD,0.0,0,P4,0.44000910893743456,0
retrained,LOCO,CP3_LR,matched512,P4-R5-SHE,0.616825,1,P4,0.351061834317515,0
retrained,LOCO,CP3_LR,matched512,P4-R5-SHE+P7-R5-SHE,0.7531399999999999,1,P4+P7,0.34200484261511416,0
retrained,LOCO,CP3_LR,matched512,P4-R5-SNE,0.7430950000000001,1,P4,0.584390995895068,1
retrained,LOCO,CP3_LR,matched512,P4-R5-SNE+P7-R5-SNE,0.80335,1,P4+P7,0.300126209139404,0
retrained,LOCO,CP3_LR,matched512,P4-R5-SWD+P7-R5-SWD,0.518925,1,P4+P7,0.5271947669538003,1
retrained,LOCO,CP3_LR,matched512,P4-R5-THE+P7-R5-THE,0.68814,1,P4+P7,0.5345861440152133,1
retrained,LOCO,CP3_LR,matched512,P4-R5-YTH+P7-R5-YTH,0.0,0,P4+P7,0.4013900741912642,0
retrained,LOCO,CP3_LR,matched512,P4-R5-YYE+P7-P5-YYE,0.0866649999999999,0,P4+P7,0.5251973105975438,1
retrained,LOCO,CP3_LR,matched512,P5-R6-AYE,0.55629,1,P5,0.6251316742488443,1
retrained,LOCO,CP3_LR,matched512,P5-R6-DFE,0.32484,0,P5,0.4279950370650235,0
retrained,LOCO,CP3_LR,matched512,P5-R6-FWD,0.37332,0,P5,0.4694955218927142,0
retrained,LOCO,CP3_LR,matched512,P5-R6-LRD,0.23336,0,P5,0.790490959092693,1
retrained,LOCO,CP3_LR,matched512,P5-R6-NYE,0.57387,1,P5,0.4594069183366557,0
retrained,LOCO,CP3_LR,matched512,P5-R6-SFE,0.6291599999999999,1,P5,0.5649274249473643,1
retrained,LOCO,CP3_LR,matched512,P5-R6-SWD,0.666435,1,P5,0.5014906489801327,1
retrained,LOCO,CP3_LR,matched512,P5-R6-SYQ,0.591215,1,P5,0.5385470979149752,1
retrained,LOCO,CP3_LR,matched512,P5-R6-THN,0.529215,1,P5,0.4507919768842722,0
retrained,LOCO,CP3_LR,matched512,P5-R6-TTE,0.348885,0,P5,0.45093826121660097,0
retrained,LOCO,CP3_LR,matched512,P5-R6-TWD,0.59784,1,P5,0.6014224136450603,1
retrained,LOCO,CP3_LR,matched512,P5-R6-TYE,0.44306,0,P5,0.48423421339460804,0
retrained,LOCO,CP3_LR,matched512,P5-R6-VFN,0.5554349999999999,1,P5,0.5630393279516144,1
retrained,LOCO,CP3_LR,matched512,P6-R7-MHQ,0.2532999999999999,0,P6,0.34214803909997676,0
retrained,LOCO,CP3_LR,matched512,P6-R7-QFW,0.67784,1,P6,0.6442514867505069,1
retrained,LOCO,CP3_LR,matched512,P6-R7-QRW,0.60431,1,P6,0.5823533070563099,1
retrained,LOCO,CP3_LR,matched512,P6-R7-TRQ,0.657745,1,P6,0.5551690598500008,1
retrained,LOCO,CP3_LR,matched512,P6-R7-WFD,0.70041,1,P6,0.5018483267286259,1
retrained,LOCO,CP3_LR,matched512,P6-R7-WFQ,0.651535,1,P6,0.5303926160401101,1
retrained,LOCO,CP3_LR,matched512,P7-R5-SYVIRR,0.79377,1,P7,0.5322669955625606,1
retrained,LOCO,CP3_LR,matched512,P8-R6-GVE,0.658565,1,P8,0.5559169527717677,1
retrained,LOCO,CP3_LR,matched512,PUF12-9,0.7256100000000001,1,WT,0.49596409696858135,0
retrained,LOCO,CP3_RF,matched512,P4-R5-ETD,0.0,0,P4,0.3014592770735347,0
retrained,LOCO,CP3_RF,matched512,P4-R5-SHE,0.616825,1,P4,0.3191205432724422,0
retrained,LOCO,CP3_RF,matched512,P4-R5-SHE+P7-R5-SHE,0.7531399999999999,1,P4+P7,0.34623946704153274,0
retrained,LOCO,CP3_RF,matched512,P4-R5-SNE,0.7430950000000001,1,P4,0.809951766823338,1
retrained,LOCO,CP3_RF,matched512,P4-R5-SNE+P7-R5-SNE,0.80335,1,P4+P7,0.3343905969205027,0
retrained,LOCO,CP3_RF,matched512,P4-R5-SWD+P7-R5-SWD,0.518925,1,P4+P7,0.7790867812682194,1
retrained,LOCO,CP3_RF,matched512,P4-R5-THE+P7-R5-THE,0.68814,1,P4+P7,0.9258254793279238,1
retrained,LOCO,CP3_RF,matched512,P4-R5-YTH+P7-R5-YTH,0.0,0,P4+P7,0.33994186943565713,0
retrained,LOCO,CP3_RF,matched512,P4-R5-YYE+P7-P5-YYE,0.0866649999999999,0,P4+P7,0.9760511443351391,1
retrained,LOCO,CP3_RF,matched512,P5-R6-AYE,0.55629,1,P5,0.6873016388793728,1
retrained,LOCO,CP3_RF,matched512,P5-R6-DFE,0.32484,0,P5,0.17333691131596704,0
retrained,LOCO,CP3_RF,matched512,P5-R6-FWD,0.37332,0,P5,0.48205916760324896,0
retrained,LOCO,CP3_RF,matched512,P5-R6-LRD,0.23336,0,P5,1.0,1
retrained,LOCO,CP3_RF,matched512,P5-R6-NYE,0.57387,1,P5,0.16430967983058523,0
retrained,LOCO,CP3_RF,matched512,P5-R6-SFE,0.6291599999999999,1,P5,0.9212086368003809,1
retrained,LOCO,CP3_RF,matched512,P5-R6-SWD,0.666435,1,P5,0.6321693492026206,1
retrained,LOCO,CP3_RF,matched512,P5-R6-SYQ,0.591215,1,P5,0.9039527425557435,1
retrained,LOCO,CP3_RF,matched512,P5-R6-THN,0.529215,1,P5,0.09895597309115751,0
retrained,LOCO,CP3_RF,matched512,P5-R6-TTE,0.348885,0,P5,0.466043899674701,0
retrained,LOCO,CP3_RF,matched512,P5-R6-TWD,0.59784,1,P5,0.6899367082173957,1
retrained,LOCO,CP3_RF,matched512,P5-R6-TYE,0.44306,0,P5,0.37535278278086587,0
retrained,LOCO,CP3_RF,matched512,P5-R6-VFN,0.5554349999999999,1,P5,0.8888486475553418,1
retrained,LOCO,CP3_RF,matched512,P6-R7-MHQ,0.2532999999999999,0,P6,0.5580352450651452,1
retrained,LOCO,CP3_RF,matched512,P6-R7-QFW,0.67784,1,P6,0.660448588409573,1
retrained,LOCO,CP3_RF,matched512,P6-R7-QRW,0.60431,1,P6,0.8226099722365112,1
retrained,LOCO,CP3_RF,matched512,P6-R7-TRQ,0.657745,1,P6,0.854687954497348,1
retrained,LOCO,CP3_RF,matched512,P6-R7-WFD,0.70041,1,P6,0.5657946379547764,1
retrained,LOCO,CP3_RF,matched512,P6-R7-WFQ,0.651535,1,P6,0.8966337403670204,1
retrained,LOCO,CP3_RF,matched512,P7-R5-SYVIRR,0.79377,1,P7,0.7842218822729069,1
retrained,LOCO,CP3_RF,matched512,P8-R6-GVE,0.658565,1,P8,0.8297388888110221,1
retrained,LOCO,CP3_RF,matched512,PUF12-9,0.7256100000000001,1,WT,0.4981642348291214,0
retrained,LOCO,CP14_LR,matched512,P4-R5-ETD,0.0,0,P4,0.5830521084486198,1
retrained,LOCO,CP14_LR,matched512,P4-R5-SHE,0.616825,1,P4,0.4459067224190745,0
retrained,LOCO,CP14_LR,matched512,P4-R5-SHE+P7-R5-SHE,0.7531399999999999,1,P4+P7,0.638380153836236,1
retrained,LOCO,CP14_LR,matched512,P4-R5-SNE,0.7430950000000001,1,P4,0.538882294032481,1
retrained,LOCO,CP14_LR,matched512,P4-R5-SNE+P7-R5-SNE,0.80335,1,P4+P7,0.3444817617600945,0
retrained,LOCO,CP14_LR,matched512,P4-R5-SWD+P7-R5-SWD,0.518925,1,P4+P7,0.6316261731220474,1
retrained,LOCO,CP14_LR,matched512,P4-R5-THE+P7-R5-THE,0.68814,1,P4+P7,0.634943372327795,1
retrained,LOCO,CP14_LR,matched512,P4-R5-YTH+P7-R5-YTH,0.0,0,P4+P7,0.10175822522487778,0
retrained,LOCO,CP14_LR,matched512,P4-R5-YYE+P7-P5-YYE,0.0866649999999999,0,P4+P7,0.4697251407010098,0
retrained,LOCO,CP14_LR,matched512,P5-R6-AYE,0.55629,1,P5,0.7120471010805421,1
retrained,LOCO,CP14_LR,matched512,P5-R6-DFE,0.32484,0,P5,0.5079183340383755,1
retrained,LOCO,CP14_LR,matched512,P5-R6-FWD,0.37332,0,P5,0.4682623011817628,0
retrained,LOCO,CP14_LR,matched512,P5-R6-LRD,0.23336,0,P5,0.7047175391252127,1
retrained,LOCO,CP14_LR,matched512,P5-R6-NYE,0.57387,1,P5,0.49759453092670286,0
retrained,LOCO,CP14_LR,matched512,P5-R6-SFE,0.6291599999999999,1,P5,0.6337738975713714,1
retrained,LOCO,CP14_LR,matched512,P5-R6-SWD,0.666435,1,P5,0.505036458679982,1
retrained,LOCO,CP14_LR,matched512,P5-R6-SYQ,0.591215,1,P5,0.5793510611027374,1
retrained,LOCO,CP14_LR,matched512,P5-R6-THN,0.529215,1,P5,0.4891179979543149,0
retrained,LOCO,CP14_LR,matched512,P5-R6-TTE,0.348885,0,P5,0.24085615365601962,0
retrained,LOCO,CP14_LR,matched512,P5-R6-TWD,0.59784,1,P5,0.5887691968592191,1
retrained,LOCO,CP14_LR,matched512,P5-R6-TYE,0.44306,0,P5,0.5593308074872251,1
retrained,LOCO,CP14_LR,matched512,P5-R6-VFN,0.5554349999999999,1,P5,0.6459594058278842,1
retrained,LOCO,CP14_LR,matched512,P6-R7-MHQ,0.2532999999999999,0,P6,0.24081501990873933,0
retrained,LOCO,CP14_LR,matched512,P6-R7-QFW,0.67784,1,P6,0.6326544019803582,1
retrained,LOCO,CP14_LR,matched512,P6-R7-QRW,0.60431,1,P6,0.6215472131081107,1
retrained,LOCO,CP14_LR,matched512,P6-R7-TRQ,0.657745,1,P6,0.5693259313159595,1
retrained,LOCO,CP14_LR,matched512,P6-R7-WFD,0.70041,1,P6,0.5115663763179996,1
retrained,LOCO,CP14_LR,matched512,P6-R7-WFQ,0.651535,1,P6,0.5583870206690043,1
retrained,LOCO,CP14_LR,matched512,P7-R5-SYVIRR,0.79377,1,P7,0.5976009019557839,1
retrained,LOCO,CP14_LR,matched512,P8-R6-GVE,0.658565,1,P8,0.6549575245249142,1
retrained,LOCO,CP14_LR,matched512,PUF12-9,0.7256100000000001,1,WT,0.5423845126294686,1
retrained,LOCO,CP14_RF,matched512,P4-R5-ETD,0.0,0,P4,0.5754938119026005,1
retrained,LOCO,CP14_RF,matched512,P4-R5-SHE,0.616825,1,P4,0.4301813137546734,0
retrained,LOCO,CP14_RF,matched512,P4-R5-SHE+P7-R5-SHE,0.7531399999999999,1,P4+P7,0.3899003246255722,0
retrained,LOCO,CP14_RF,matched512,P4-R5-SNE,0.7430950000000001,1,P4,0.7038791740332669,1
retrained,LOCO,CP14_RF,matched512,P4-R5-SNE+P7-R5-SNE,0.80335,1,P4+P7,0.31874933525319454,0
retrained,LOCO,CP14_RF,matched512,P4-R5-SWD+P7-R5-SWD,0.518925,1,P4+P7,0.7658270073615308,1
retrained,LOCO,CP14_RF,matched512,P4-R5-THE+P7-R5-THE,0.68814,1,P4+P7,0.7780409846863328,1
retrained,LOCO,CP14_RF,matched512,P4-R5-YTH+P7-R5-YTH,0.0,0,P4+P7,0.3091524066444588,0
retrained,LOCO,CP14_RF,matched512,P4-R5-YYE+P7-P5-YYE,0.0866649999999999,0,P4+P7,0.8772992523571805,1
retrained,LOCO,CP14_RF,matched512,P5-R6-AYE,0.55629,1,P5,0.8810598496570554,1
retrained,LOCO,CP14_RF,matched512,P5-R6-DFE,0.32484,0,P5,0.4754533439317241,0
retrained,LOCO,CP14_RF,matched512,P5-R6-FWD,0.37332,0,P5,0.45006247279687833,0
retrained,LOCO,CP14_RF,matched512,P5-R6-LRD,0.23336,0,P5,0.8918525708422733,1
retrained,LOCO,CP14_RF,matched512,P5-R6-NYE,0.57387,1,P5,0.26395487908845583,0
retrained,LOCO,CP14_RF,matched512,P5-R6-SFE,0.6291599999999999,1,P5,0.8871517907441491,1
retrained,LOCO,CP14_RF,matched512,P5-R6-SWD,0.666435,1,P5,0.5417728123765536,1
retrained,LOCO,CP14_RF,matched512,P5-R6-SYQ,0.591215,1,P5,0.8543721226506298,1
retrained,LOCO,CP14_RF,matched512,P5-R6-THN,0.529215,1,P5,0.2593353162209363,0
retrained,LOCO,CP14_RF,matched512,P5-R6-TTE,0.348885,0,P5,0.3863753402726603,0
retrained,LOCO,CP14_RF,matched512,P5-R6-TWD,0.59784,1,P5,0.7187223250066649,1
retrained,LOCO,CP14_RF,matched512,P5-R6-TYE,0.44306,0,P5,0.5861670265806684,1
retrained,LOCO,CP14_RF,matched512,P5-R6-VFN,0.5554349999999999,1,P5,0.9076138538502211,1
retrained,LOCO,CP14_RF,matched512,P6-R7-MHQ,0.2532999999999999,0,P6,0.44101526858642764,0
retrained,LOCO,CP14_RF,matched512,P6-R7-QFW,0.67784,1,P6,0.7598818781455744,1
retrained,LOCO,CP14_RF,matched512,P6-R7-QRW,0.60431,1,P6,0.739812553341957,1
retrained,LOCO,CP14_RF,matched512,P6-R7-TRQ,0.657745,1,P6,0.8460660814315543,1
retrained,LOCO,CP14_RF,matched512,P6-R7-WFD,0.70041,1,P6,0.6524984834431702,1
retrained,LOCO,CP14_RF,matched512,P6-R7-WFQ,0.651535,1,P6,0.7662169909391205,1
retrained,LOCO,CP14_RF,matched512,P7-R5-SYVIRR,0.79377,1,P7,0.8228712255592808,1
retrained,LOCO,CP14_RF,matched512,P8-R6-GVE,0.658565,1,P8,0.812356997000334,1
retrained,LOCO,CP14_RF,matched512,PUF12-9,0.7256100000000001,1,WT,0.6071386344815061,1
retrained,LOCO,Structure6_LR,matched512,P4-R5-ETD,0.0,0,P4,0.49479197650811907,0
retrained,LOCO,Structure6_LR,matched512,P4-R5-SHE,0.616825,1,P4,0.7145608875172609,1
retrained,LOCO,Structure6_LR,matched512,P4-R5-SHE+P7-R5-SHE,0.7531399999999999,1,P4+P7,0.5779976378860104,1
retrained,LOCO,Structure6_LR,matched512,P4-R5-SNE,0.7430950000000001,1,P4,0.6605593540405522,1
retrained,LOCO,Structure6_LR,matched512,P4-R5-SNE+P7-R5-SNE,0.80335,1,P4+P7,0.6179894531501164,1
retrained,LOCO,Structure6_LR,matched512,P4-R5-SWD+P7-R5-SWD,0.518925,1,P4+P7,0.3986639025090487,0
retrained,LOCO,Structure6_LR,matched512,P4-R5-THE+P7-R5-THE,0.68814,1,P4+P7,0.3967284135049034,0
retrained,LOCO,Structure6_LR,matched512,P4-R5-YTH+P7-R5-YTH,0.0,0,P4+P7,0.2931009779715196,0
retrained,LOCO,Structure6_LR,matched512,P4-R5-YYE+P7-P5-YYE,0.0866649999999999,0,P4+P7,0.4535775103402541,0
retrained,LOCO,Structure6_LR,matched512,P5-R6-AYE,0.55629,1,P5,0.5868757241119874,1
retrained,LOCO,Structure6_LR,matched512,P5-R6-DFE,0.32484,0,P5,0.6136858610960223,1
retrained,LOCO,Structure6_LR,matched512,P5-R6-FWD,0.37332,0,P5,0.3946584760214852,0
retrained,LOCO,Structure6_LR,matched512,P5-R6-LRD,0.23336,0,P5,0.24730290200938754,0
retrained,LOCO,Structure6_LR,matched512,P5-R6-NYE,0.57387,1,P5,0.3929431173646537,0
retrained,LOCO,Structure6_LR,matched512,P5-R6-SFE,0.6291599999999999,1,P5,0.5728434914175868,1
retrained,LOCO,Structure6_LR,matched512,P5-R6-SWD,0.666435,1,P5,0.6783129206669921,1
retrained,LOCO,Structure6_LR,matched512,P5-R6-SYQ,0.591215,1,P5,0.5454797507595637,1
retrained,LOCO,Structure6_LR,matched512,P5-R6-THN,0.529215,1,P5,0.5314162966632254,1
retrained,LOCO,Structure6_LR,matched512,P5-R6-TTE,0.348885,0,P5,0.396225772188745,0
retrained,LOCO,Structure6_LR,matched512,P5-R6-TWD,0.59784,1,P5,0.270591196486348,0
retrained,LOCO,Structure6_LR,matched512,P5-R6-TYE,0.44306,0,P5,0.6059753927036761,1
retrained,LOCO,Structure6_LR,matched512,P5-R6-VFN,0.5554349999999999,1,P5,0.6471082652007883,1
retrained,LOCO,Structure6_LR,matched512,P6-R7-MHQ,0.2532999999999999,0,P6,0.4888894449735972,0
retrained,LOCO,Structure6_LR,matched512,P6-R7-QFW,0.67784,1,P6,0.45345236835377606,0
retrained,LOCO,Structure6_LR,matched512,P6-R7-QRW,0.60431,1,P6,0.6083464543581009,1
retrained,LOCO,Structure6_LR,matched512,P6-R7-TRQ,0.657745,1,P6,0.6232826204132952,1
retrained,LOCO,Structure6_LR,matched512,P6-R7-WFD,0.70041,1,P6,0.45507861276523826,0
retrained,LOCO,Structure6_LR,matched512,P6-R7-WFQ,0.651535,1,P6,0.4629822499878502,0
retrained,LOCO,Structure6_LR,matched512,P7-R5-SYVIRR,0.79377,1,P7,0.4911369766161922,0
retrained,LOCO,Structure6_LR,matched512,P8-R6-GVE,0.658565,1,P8,0.9363798978211653,1
retrained,LOCO,Structure6_LR,matched512,PUF12-9,0.7256100000000001,1,WT,0.6047322728401888,1
retrained,LOCO,Structure6_RF,matched512,P4-R5-ETD,0.0,0,P4,0.7266088984440471,1
retrained,LOCO,Structure6_RF,matched512,P4-R5-SHE,0.616825,1,P4,0.7919189355946135,1
retrained,LOCO,Structure6_RF,matched512,P4-R5-SHE+P7-R5-SHE,0.7531399999999999,1,P4+P7,0.8294269187166282,1
retrained,LOCO,Structure6_RF,matched512,P4-R5-SNE,0.7430950000000001,1,P4,0.9106020397524383,1
retrained,LOCO,Structure6_RF,matched512,P4-R5-SNE+P7-R5-SNE,0.80335,1,P4+P7,0.8434037612158558,1
retrained,LOCO,Structure6_RF,matched512,P4-R5-SWD+P7-R5-SWD,0.518925,1,P4+P7,0.4586714015038772,0
retrained,LOCO,Structure6_RF,matched512,P4-R5-THE+P7-R5-THE,0.68814,1,P4+P7,0.7108146556120093,1
retrained,LOCO,Structure6_RF,matched512,P4-R5-YTH+P7-R5-YTH,0.0,0,P4+P7,0.63501403251961,1
retrained,LOCO,Structure6_RF,matched512,P4-R5-YYE+P7-P5-YYE,0.0866649999999999,0,P4+P7,0.3804309145856801,0
retrained,LOCO,Structure6_RF,matched512,P5-R6-AYE,0.55629,1,P5,0.8102337900122605,1
retrained,LOCO,Structure6_RF,matched512,P5-R6-DFE,0.32484,0,P5,0.7872093788613174,1
retrained,LOCO,Structure6_RF,matched512,P5-R6-FWD,0.37332,0,P5,0.38231291942435874,0
retrained,LOCO,Structure6_RF,matched512,P5-R6-LRD,0.23336,0,P5,0.5500756620817002,1
retrained,LOCO,Structure6_RF,matched512,P5-R6-NYE,0.57387,1,P5,0.23233154764273123,0
retrained,LOCO,Structure6_RF,matched512,P5-R6-SFE,0.6291599999999999,1,P5,0.8423588280564935,1
retrained,LOCO,Structure6_RF,matched512,P5-R6-SWD,0.666435,1,P5,0.863773868992099,1
retrained,LOCO,Structure6_RF,matched512,P5-R6-SYQ,0.591215,1,P5,0.3594898568812006,0
retrained,LOCO,Structure6_RF,matched512,P5-R6-THN,0.529215,1,P5,0.3886019421320404,0
retrained,LOCO,Structure6_RF,matched512,P5-R6-TTE,0.348885,0,P5,0.4691293155027993,0
retrained,LOCO,Structure6_RF,matched512,P5-R6-TWD,0.59784,1,P5,0.21231349286212986,0
retrained,LOCO,Structure6_RF,matched512,P5-R6-TYE,0.44306,0,P5,0.9124123865502248,1
retrained,LOCO,Structure6_RF,matched512,P5-R6-VFN,0.5554349999999999,1,P5,0.8771159149781826,1
retrained,LOCO,Structure6_RF,matched512,P6-R7-MHQ,0.2532999999999999,0,P6,0.6637798777160284,1
retrained,LOCO,Structure6_RF,matched512,P6-R7-QFW,0.67784,1,P6,0.4642940559341564,0
retrained,LOCO,Structure6_RF,matched512,P6-R7-QRW,0.60431,1,P6,0.6537905519650224,1
retrained,LOCO,Structure6_RF,matched512,P6-R7-TRQ,0.657745,1,P6,0.6531105596791694,1
retrained,LOCO,Structure6_RF,matched512,P6-R7-WFD,0.70041,1,P6,0.47310349648300265,0
retrained,LOCO,Structure6_RF,matched512,P6-R7-WFQ,0.651535,1,P6,0.5353704906773065,1
retrained,LOCO,Structure6_RF,matched512,P7-R5-SYVIRR,0.79377,1,P7,0.42259243001762875,0
retrained,LOCO,Structure6_RF,matched512,P8-R6-GVE,0.658565,1,P8,0.8897044789245353,1
retrained,LOCO,Structure6_RF,matched512,PUF12-9,0.7256100000000001,1,WT,0.9284845517012602,1
retrained,LOCO,CP_Structure9_LR,matched512,P4-R5-ETD,0.0,0,P4,0.4215436152383795,0
retrained,LOCO,CP_Structure9_LR,matched512,P4-R5-SHE,0.616825,1,P4,0.5819541341775519,1
retrained,LOCO,CP_Structure9_LR,matched512,P4-R5-SHE+P7-R5-SHE,0.7531399999999999,1,P4+P7,0.4058024980584833,0
retrained,LOCO,CP_Structure9_LR,matched512,P4-R5-SNE,0.7430950000000001,1,P4,0.7349060006960899,1
retrained,LOCO,CP_Structure9_LR,matched512,P4-R5-SNE+P7-R5-SNE,0.80335,1,P4+P7,0.39222965341628907,0
retrained,LOCO,CP_Structure9_LR,matched512,P4-R5-SWD+P7-R5-SWD,0.518925,1,P4+P7,0.4265424516742406,0
retrained,LOCO,CP_Structure9_LR,matched512,P4-R5-THE+P7-R5-THE,0.68814,1,P4+P7,0.4775808600786734,0
retrained,LOCO,CP_Structure9_LR,matched512,P4-R5-YTH+P7-R5-YTH,0.0,0,P4+P7,0.13764281347147708,0
retrained,LOCO,CP_Structure9_LR,matched512,P4-R5-YYE+P7-P5-YYE,0.0866649999999999,0,P4+P7,0.4395607250607667,0
retrained,LOCO,CP_Structure9_LR,matched512,P5-R6-AYE,0.55629,1,P5,0.7585719969017441,1
retrained,LOCO,CP_Structure9_LR,matched512,P5-R6-DFE,0.32484,0,P5,0.5396746671005084,1
retrained,LOCO,CP_Structure9_LR,matched512,P5-R6-FWD,0.37332,0,P5,0.3478942315026258,0
retrained,LOCO,CP_Structure9_LR,matched512,P5-R6-LRD,0.23336,0,P5,0.5703455133634461,1
retrained,LOCO,CP_Structure9_LR,matched512,P5-R6-NYE,0.57387,1,P5,0.3434684089287309,0
retrained,LOCO,CP_Structure9_LR,matched512,P5-R6-SFE,0.6291599999999999,1,P5,0.6499916991917121,1
retrained,LOCO,CP_Structure9_LR,matched512,P5-R6-SWD,0.666435,1,P5,0.7145354604622334,1
retrained,LOCO,CP_Structure9_LR,matched512,P5-R6-SYQ,0.591215,1,P5,0.5907609990070449,1
retrained,LOCO,CP_Structure9_LR,matched512,P5-R6-THN,0.529215,1,P5,0.48629129124021403,0
retrained,LOCO,CP_Structure9_LR,matched512,P5-R6-TTE,0.348885,0,P5,0.37284110458944564,0
retrained,LOCO,CP_Structure9_LR,matched512,P5-R6-TWD,0.59784,1,P5,0.4032844119226576,0
retrained,LOCO,CP_Structure9_LR,matched512,P5-R6-TYE,0.44306,0,P5,0.6014063086091875,1
retrained,LOCO,CP_Structure9_LR,matched512,P5-R6-VFN,0.5554349999999999,1,P5,0.7301996826674956,1
retrained,LOCO,CP_Structure9_LR,matched512,P6-R7-MHQ,0.2532999999999999,0,P6,0.2919427320692176,0
retrained,LOCO,CP_Structure9_LR,matched512,P6-R7-QFW,0.67784,1,P6,0.6628334496698428,1
retrained,LOCO,CP_Structure9_LR,matched512,P6-R7-QRW,0.60431,1,P6,0.6968125662819263,1
retrained,LOCO,CP_Structure9_LR,matched512,P6-R7-TRQ,0.657745,1,P6,0.6520829331560479,1
retrained,LOCO,CP_Structure9_LR,matched512,P6-R7-WFD,0.70041,1,P6,0.46114632273811273,0
retrained,LOCO,CP_Structure9_LR,matched512,P6-R7-WFQ,0.651535,1,P6,0.48203832206639535,0
retrained,LOCO,CP_Structure9_LR,matched512,P7-R5-SYVIRR,0.79377,1,P7,0.4591014921434232,0
retrained,LOCO,CP_Structure9_LR,matched512,P8-R6-GVE,0.658565,1,P8,0.9213851047935121,1
retrained,LOCO,CP_Structure9_LR,matched512,PUF12-9,0.7256100000000001,1,WT,0.5947204256231932,1
retrained,LOCO,CP_Structure9_RF,matched512,P4-R5-ETD,0.0,0,P4,0.45166198856165807,0
retrained,LOCO,CP_Structure9_RF,matched512,P4-R5-SHE,0.616825,1,P4,0.617355540936567,1
retrained,LOCO,CP_Structure9_RF,matched512,P4-R5-SHE+P7-R5-SHE,0.7531399999999999,1,P4+P7,0.5733076876308282,1
retrained,LOCO,CP_Structure9_RF,matched512,P4-R5-SNE,0.7430950000000001,1,P4,0.9298472900367664,1
retrained,LOCO,CP_Structure9_RF,matched512,P4-R5-SNE+P7-R5-SNE,0.80335,1,P4+P7,0.6090966743449244,1
retrained,LOCO,CP_Structure9_RF,matched512,P4-R5-SWD+P7-R5-SWD,0.518925,1,P4+P7,0.6218395003613858,1
retrained,LOCO,CP_Structure9_RF,matched512,P4-R5-THE+P7-R5-THE,0.68814,1,P4+P7,0.8776834120700893,1
retrained,LOCO,CP_Structure9_RF,matched512,P4-R5-YTH+P7-R5-YTH,0.0,0,P4+P7,0.4001347721070864,0
retrained,LOCO,CP_Structure9_RF,matched512,P4-R5-YYE+P7-P5-YYE,0.0866649999999999,0,P4+P7,0.7509022429094862,1
retrained,LOCO,CP_Structure9_RF,matched512,P5-R6-AYE,0.55629,1,P5,0.9129475468327074,1
retrained,LOCO,CP_Structure9_RF,matched512,P5-R6-DFE,0.32484,0,P5,0.5636951278491066,1
retrained,LOCO,CP_Structure9_RF,matched512,P5-R6-FWD,0.37332,0,P5,0.42441199231489823,0
retrained,LOCO,CP_Structure9_RF,matched512,P5-R6-LRD,0.23336,0,P5,0.9404569918444422,1
retrained,LOCO,CP_Structure9_RF,matched512,P5-R6-NYE,0.57387,1,P5,0.11835212348194389,0
retrained,LOCO,CP_Structure9_RF,matched512,P5-R6-SFE,0.6291599999999999,1,P5,0.9111646328510682,1
retrained,LOCO,CP_Structure9_RF,matched512,P5-R6-SWD,0.666435,1,P5,0.8748532492777608,1
retrained,LOCO,CP_Structure9_RF,matched512,P5-R6-SYQ,0.591215,1,P5,0.7261822958319998,1
retrained,LOCO,CP_Structure9_RF,matched512,P5-R6-THN,0.529215,1,P5,0.234410426148557,0
retrained,LOCO,CP_Structure9_RF,matched512,P5-R6-TTE,0.348885,0,P5,0.48644921550471,0
retrained,LOCO,CP_Structure9_RF,matched512,P5-R6-TWD,0.59784,1,P5,0.4539829041990749,0
retrained,LOCO,CP_Structure9_RF,matched512,P5-R6-TYE,0.44306,0,P5,0.8115769634284971,1
retrained,LOCO,CP_Structure9_RF,matched512,P5-R6-VFN,0.5554349999999999,1,P5,0.9132254122240662,1
retrained,LOCO,CP_Structure9_RF,matched512,P6-R7-MHQ,0.2532999999999999,0,P6,0.46425003082863353,0
retrained,LOCO,CP_Structure9_RF,matched512,P6-R7-QFW,0.67784,1,P6,0.6236870790876742,1
retrained,LOCO,CP_Structure9_RF,matched512,P6-R7-QRW,0.60431,1,P6,0.8553952841311522,1
retrained,LOCO,CP_Structure9_RF,matched512,P6-R7-TRQ,0.657745,1,P6,0.7623315476117482,1
retrained,LOCO,CP_Structure9_RF,matched512,P6-R7-WFD,0.70041,1,P6,0.44344662741269103,0
retrained,LOCO,CP_Structure9_RF,matched512,P6-R7-WFQ,0.651535,1,P6,0.7243870467346544,1
retrained,LOCO,CP_Structure9_RF,matched512,P7-R5-SYVIRR,0.79377,1,P7,0.619915180074124,1
retrained,LOCO,CP_Structure9_RF,matched512,P8-R6-GVE,0.658565,1,P8,0.9303939863469373,1
retrained,LOCO,CP_Structure9_RF,matched512,PUF12-9,0.7256100000000001,1,WT,0.7410248092902258,1
retrained,LOCO,RNA4_LR,matched512,P4-R5-ETD,0.0,0,P4,0.5934056762846274,1
retrained,LOCO,RNA4_LR,matched512,P4-R5-SHE,0.616825,1,P4,0.4429107462194124,0
retrained,LOCO,RNA4_LR,matched512,P4-R5-SHE+P7-R5-SHE,0.7531399999999999,1,P4+P7,0.43788454298519525,0
retrained,LOCO,RNA4_LR,matched512,P4-R5-SNE,0.7430950000000001,1,P4,0.3849013314507485,0
retrained,LOCO,RNA4_LR,matched512,P4-R5-SNE+P7-R5-SNE,0.80335,1,P4+P7,0.4360677468775067,0
retrained,LOCO,RNA4_LR,matched512,P4-R5-SWD+P7-R5-SWD,0.518925,1,P4+P7,0.5870307288374226,1
retrained,LOCO,RNA4_LR,matched512,P4-R5-THE+P7-R5-THE,0.68814,1,P4+P7,0.4238966289214606,0
retrained,LOCO,RNA4_LR,matched512,P4-R5-YTH+P7-R5-YTH,0.0,0,P4+P7,0.28048831190931306,0
retrained,LOCO,RNA4_LR,matched512,P4-R5-YYE+P7-P5-YYE,0.0866649999999999,0,P4+P7,0.46572707324112916,0
retrained,LOCO,RNA4_LR,matched512,P5-R6-AYE,0.55629,1,P5,0.5674852486631998,1
retrained,LOCO,RNA4_LR,matched512,P5-R6-DFE,0.32484,0,P5,0.597630297840632,1
retrained,LOCO,RNA4_LR,matched512,P5-R6-FWD,0.37332,0,P5,0.5225852172112211,1
retrained,LOCO,RNA4_LR,matched512,P5-R6-LRD,0.23336,0,P5,0.412852828872314,0
retrained,LOCO,RNA4_LR,matched512,P5-R6-NYE,0.57387,1,P5,0.5785652922893818,1
retrained,LOCO,RNA4_LR,matched512,P5-R6-SFE,0.6291599999999999,1,P5,0.5656553823476556,1
retrained,LOCO,RNA4_LR,matched512,P5-R6-SWD,0.666435,1,P5,0.5301939539500696,1
retrained,LOCO,RNA4_LR,matched512,P5-R6-SYQ,0.591215,1,P5,0.5557384765419658,1
retrained,LOCO,RNA4_LR,matched512,P5-R6-THN,0.529215,1,P5,0.5951622545755799,1
retrained,LOCO,RNA4_LR,matched512,P5-R6-TTE,0.348885,0,P5,0.37904356022930585,0
retrained,LOCO,RNA4_LR,matched512,P5-R6-TWD,0.59784,1,P5,0.4918777012281248,0
retrained,LOCO,RNA4_LR,matched512,P5-R6-TYE,0.44306,0,P5,0.593877318107201,1
retrained,LOCO,RNA4_LR,matched512,P5-R6-VFN,0.5554349999999999,1,P5,0.5653384124219354,1
retrained,LOCO,RNA4_LR,matched512,P6-R7-MHQ,0.2532999999999999,0,P6,0.4724889115362407,0
retrained,LOCO,RNA4_LR,matched512,P6-R7-QFW,0.67784,1,P6,0.5029519908029415,1
retrained,LOCO,RNA4_LR,matched512,P6-R7-QRW,0.60431,1,P6,0.5545043581409222,1
retrained,LOCO,RNA4_LR,matched512,P6-R7-TRQ,0.657745,1,P6,0.5049471967890137,1
retrained,LOCO,RNA4_LR,matched512,P6-R7-WFD,0.70041,1,P6,0.5452967794086283,1
retrained,LOCO,RNA4_LR,matched512,P6-R7-WFQ,0.651535,1,P6,0.45927912107545593,0
retrained,LOCO,RNA4_LR,matched512,P7-R5-SYVIRR,0.79377,1,P7,0.5670505871789966,1
retrained,LOCO,RNA4_LR,matched512,P8-R6-GVE,0.658565,1,P8,0.5640096151051817,1
retrained,LOCO,RNA4_LR,matched512,PUF12-9,0.7256100000000001,1,WT,0.5845987148476834,1
retrained,LOCO,RNA4_RF,matched512,P4-R5-ETD,0.0,0,P4,0.6446994198853865,1
retrained,LOCO,RNA4_RF,matched512,P4-R5-SHE,0.616825,1,P4,0.5691549780861166,1
retrained,LOCO,RNA4_RF,matched512,P4-R5-SHE+P7-R5-SHE,0.7531399999999999,1,P4+P7,0.5654707675598007,1
retrained,LOCO,RNA4_RF,matched512,P4-R5-SNE,0.7430950000000001,1,P4,0.48233145664892335,0
retrained,LOCO,RNA4_RF,matched512,P4-R5-SNE+P7-R5-SNE,0.80335,1,P4+P7,0.3765451919253078,0
retrained,LOCO,RNA4_RF,matched512,P4-R5-SWD+P7-R5-SWD,0.518925,1,P4+P7,0.43137968479562844,0
retrained,LOCO,RNA4_RF,matched512,P4-R5-THE+P7-R5-THE,0.68814,1,P4+P7,0.5346538633989742,1
retrained,LOCO,RNA4_RF,matched512,P4-R5-YTH+P7-R5-YTH,0.0,0,P4+P7,0.5023595847273764,1
retrained,LOCO,RNA4_RF,matched512,P4-R5-YYE+P7-P5-YYE,0.0866649999999999,0,P4+P7,0.6786149373547373,1
retrained,LOCO,RNA4_RF,matched512,P5-R6-AYE,0.55629,1,P5,0.8145574832095012,1
retrained,LOCO,RNA4_RF,matched512,P5-R6-DFE,0.32484,0,P5,0.6453774879542244,1
retrained,LOCO,RNA4_RF,matched512,P5-R6-FWD,0.37332,0,P5,0.8776867002686312,1
retrained,LOCO,RNA4_RF,matched512,P5-R6-LRD,0.23336,0,P5,0.460203947999539,0
retrained,LOCO,RNA4_RF,matched512,P5-R6-NYE,0.57387,1,P5,0.43731718024669564,0
retrained,LOCO,RNA4_RF,matched512,P5-R6-SFE,0.6291599999999999,1,P5,0.8121593414370425,1
retrained,LOCO,RNA4_RF,matched512,P5-R6-SWD,0.666435,1,P5,0.49591060901290157,0
retrained,LOCO,RNA4_RF,matched512,P5-R6-SYQ,0.591215,1,P5,0.4765977452539969,0
retrained,LOCO,RNA4_RF,matched512,P5-R6-THN,0.529215,1,P5,0.4613398815879621,0
retrained,LOCO,RNA4_RF,matched512,P5-R6-TTE,0.348885,0,P5,0.5206502793264134,1
retrained,LOCO,RNA4_RF,matched512,P5-R6-TWD,0.59784,1,P5,0.7559461612076279,1
retrained,LOCO,RNA4_RF,matched512,P5-R6-TYE,0.44306,0,P5,0.8319662985607619,1
retrained,LOCO,RNA4_RF,matched512,P5-R6-VFN,0.5554349999999999,1,P5,0.8041941320422091,1
retrained,LOCO,RNA4_RF,matched512,P6-R7-MHQ,0.2532999999999999,0,P6,0.514285662985655,1
retrained,LOCO,RNA4_RF,matched512,P6-R7-QFW,0.67784,1,P6,0.6083188041743024,1
retrained,LOCO,RNA4_RF,matched512,P6-R7-QRW,0.60431,1,P6,0.8121439149874995,1
retrained,LOCO,RNA4_RF,matched512,P6-R7-TRQ,0.657745,1,P6,0.6863509398973833,1
retrained,LOCO,RNA4_RF,matched512,P6-R7-WFD,0.70041,1,P6,0.6661281158101942,1
retrained,LOCO,RNA4_RF,matched512,P6-R7-WFQ,0.651535,1,P6,0.34695952949758463,0
retrained,LOCO,RNA4_RF,matched512,P7-R5-SYVIRR,0.79377,1,P7,0.8350035851420857,1
retrained,LOCO,RNA4_RF,matched512,P8-R6-GVE,0.658565,1,P8,0.7670007669899772,1
retrained,LOCO,RNA4_RF,matched512,PUF12-9,0.7256100000000001,1,WT,0.5894951052491681,1
retrained,LOCO,CP_RNA7_LR,matched512,P4-R5-ETD,0.0,0,P4,0.5204007320952094,1
retrained,LOCO,CP_RNA7_LR,matched512,P4-R5-SHE,0.616825,1,P4,0.31542367550911815,0
retrained,LOCO,CP_RNA7_LR,matched512,P4-R5-SHE+P7-R5-SHE,0.7531399999999999,1,P4+P7,0.30441463202734464,0
retrained,LOCO,CP_RNA7_LR,matched512,P4-R5-SNE,0.7430950000000001,1,P4,0.478857842234316,0
retrained,LOCO,CP_RNA7_LR,matched512,P4-R5-SNE+P7-R5-SNE,0.80335,1,P4+P7,0.2701743368955184,0
retrained,LOCO,CP_RNA7_LR,matched512,P4-R5-SWD+P7-R5-SWD,0.518925,1,P4+P7,0.6032154242945759,1
retrained,LOCO,CP_RNA7_LR,matched512,P4-R5-THE+P7-R5-THE,0.68814,1,P4+P7,0.4728201351487513,0
retrained,LOCO,CP_RNA7_LR,matched512,P4-R5-YTH+P7-R5-YTH,0.0,0,P4+P7,0.20877134271789696,0
retrained,LOCO,CP_RNA7_LR,matched512,P4-R5-YYE+P7-P5-YYE,0.0866649999999999,0,P4+P7,0.4810967419333966,0
retrained,LOCO,CP_RNA7_LR,matched512,P5-R6-AYE,0.55629,1,P5,0.6786053429842321,1
retrained,LOCO,CP_RNA7_LR,matched512,P5-R6-DFE,0.32484,0,P5,0.5265278907960976,1
retrained,LOCO,CP_RNA7_LR,matched512,P5-R6-FWD,0.37332,0,P5,0.4899063062875175,0
retrained,LOCO,CP_RNA7_LR,matched512,P5-R6-LRD,0.23336,0,P5,0.769985346395685,1
retrained,LOCO,CP_RNA7_LR,matched512,P5-R6-NYE,0.57387,1,P5,0.5304908587573869,1
retrained,LOCO,CP_RNA7_LR,matched512,P5-R6-SFE,0.6291599999999999,1,P5,0.6196007595713979,1
retrained,LOCO,CP_RNA7_LR,matched512,P5-R6-SWD,0.666435,1,P5,0.5273020733340913,1
retrained,LOCO,CP_RNA7_LR,matched512,P5-R6-SYQ,0.591215,1,P5,0.5792040536042314,1
retrained,LOCO,CP_RNA7_LR,matched512,P5-R6-THN,0.529215,1,P5,0.5378758469207466,1
retrained,LOCO,CP_RNA7_LR,matched512,P5-R6-TTE,0.348885,0,P5,0.35080968565638293,0
retrained,LOCO,CP_RNA7_LR,matched512,P5-R6-TWD,0.59784,1,P5,0.5778934235862788,1
retrained,LOCO,CP_RNA7_LR,matched512,P5-R6-TYE,0.44306,0,P5,0.5717486097085536,1
retrained,LOCO,CP_RNA7_LR,matched512,P5-R6-VFN,0.5554349999999999,1,P5,0.6179977103296143,1
retrained,LOCO,CP_RNA7_LR,matched512,P6-R7-MHQ,0.2532999999999999,0,P6,0.32515959269278677,0
retrained,LOCO,CP_RNA7_LR,matched512,P6-R7-QFW,0.67784,1,P6,0.6325133264142944,1
retrained,LOCO,CP_RNA7_LR,matched512,P6-R7-QRW,0.60431,1,P6,0.6278638284673494,1
retrained,LOCO,CP_RNA7_LR,matched512,P6-R7-TRQ,0.657745,1,P6,0.5413448623107326,1
retrained,LOCO,CP_RNA7_LR,matched512,P6-R7-WFD,0.70041,1,P6,0.5422300307578444,1
retrained,LOCO,CP_RNA7_LR,matched512,P6-R7-WFQ,0.651535,1,P6,0.4862225414090253,0
retrained,LOCO,CP_RNA7_LR,matched512,P7-R5-SYVIRR,0.79377,1,P7,0.5873292165477234,1
retrained,LOCO,CP_RNA7_LR,matched512,P8-R6-GVE,0.658565,1,P8,0.60863934092948,1
retrained,LOCO,CP_RNA7_LR,matched512,PUF12-9,0.7256100000000001,1,WT,0.5708872892914221,1
retrained,LOCO,CP_RNA7_RF,matched512,P4-R5-ETD,0.0,0,P4,0.4930346647765531,0
retrained,LOCO,CP_RNA7_RF,matched512,P4-R5-SHE,0.616825,1,P4,0.353177463697788,0
retrained,LOCO,CP_RNA7_RF,matched512,P4-R5-SHE+P7-R5-SHE,0.7531399999999999,1,P4+P7,0.35829398912151683,0
retrained,LOCO,CP_RNA7_RF,matched512,P4-R5-SNE,0.7430950000000001,1,P4,0.6200325763116219,1
retrained,LOCO,CP_RNA7_RF,matched512,P4-R5-SNE+P7-R5-SNE,0.80335,1,P4+P7,0.3033833562544658,0
retrained,LOCO,CP_RNA7_RF,matched512,P4-R5-SWD+P7-R5-SWD,0.518925,1,P4+P7,0.8309970359709932,1
retrained,LOCO,CP_RNA7_RF,matched512,P4-R5-THE+P7-R5-THE,0.68814,1,P4+P7,0.683282854966643,1
retrained,LOCO,CP_RNA7_RF,matched512,P4-R5-YTH+P7-R5-YTH,0.0,0,P4+P7,0.43318045595342064,0
retrained,LOCO,CP_RNA7_RF,matched512,P4-R5-YYE+P7-P5-YYE,0.0866649999999999,0,P4+P7,0.9196856775868376,1
retrained,LOCO,CP_RNA7_RF,matched512,P5-R6-AYE,0.55629,1,P5,0.8861884195875602,1
retrained,LOCO,CP_RNA7_RF,matched512,P5-R6-DFE,0.32484,0,P5,0.39216161136882133,0
retrained,LOCO,CP_RNA7_RF,matched512,P5-R6-FWD,0.37332,0,P5,0.48944189528938375,0
retrained,LOCO,CP_RNA7_RF,matched512,P5-R6-LRD,0.23336,0,P5,0.9592963983457607,1
retrained,LOCO,CP_RNA7_RF,matched512,P5-R6-NYE,0.57387,1,P5,0.2182169347340074,0
retrained,LOCO,CP_RNA7_RF,matched512,P5-R6-SFE,0.6291599999999999,1,P5,0.9588968327844246,1
retrained,LOCO,CP_RNA7_RF,matched512,P5-R6-SWD,0.666435,1,P5,0.5921619895801065,1
retrained,LOCO,CP_RNA7_RF,matched512,P5-R6-SYQ,0.591215,1,P5,0.8993835496475192,1
retrained,LOCO,CP_RNA7_RF,matched512,P5-R6-THN,0.529215,1,P5,0.2107615890465076,0
retrained,LOCO,CP_RNA7_RF,matched512,P5-R6-TTE,0.348885,0,P5,0.4602199424048383,0
retrained,LOCO,CP_RNA7_RF,matched512,P5-R6-TWD,0.59784,1,P5,0.846970641091188,1
retrained,LOCO,CP_RNA7_RF,matched512,P5-R6-TYE,0.44306,0,P5,0.5318685643077827,1
retrained,LOCO,CP_RNA7_RF,matched512,P5-R6-VFN,0.5554349999999999,1,P5,0.9333404522634668,1
retrained,LOCO,CP_RNA7_RF,matched512,P6-R7-MHQ,0.2532999999999999,0,P6,0.5218215220475488,1
retrained,LOCO,CP_RNA7_RF,matched512,P6-R7-QFW,0.67784,1,P6,0.824158073557808,1
retrained,LOCO,CP_RNA7_RF,matched512,P6-R7-QRW,0.60431,1,P6,0.9167189675212605,1
retrained,LOCO,CP_RNA7_RF,matched512,P6-R7-TRQ,0.657745,1,P6,0.8206341139715783,1
retrained,LOCO,CP_RNA7_RF,matched512,P6-R7-WFD,0.70041,1,P6,0.6199239660448738,1
retrained,LOCO,CP_RNA7_RF,matched512,P6-R7-WFQ,0.651535,1,P6,0.6822749840689917,1
retrained,LOCO,CP_RNA7_RF,matched512,P7-R5-SYVIRR,0.79377,1,P7,0.8513548664631844,1
retrained,LOCO,CP_RNA7_RF,matched512,P8-R6-GVE,0.658565,1,P8,0.8550374617081384,1
retrained,LOCO,CP_RNA7_RF,matched512,PUF12-9,0.7256100000000001,1,WT,0.6065093194901272,1
retrained,LOCO,CP_Interface6_LR,matched512,P4-R5-ETD,0.0,0,P4,0.4626379478654304,0
retrained,LOCO,CP_Interface6_LR,matched512,P4-R5-SHE,0.616825,1,P4,0.3548616976105651,0
retrained,LOCO,CP_Interface6_LR,matched512,P4-R5-SHE+P7-R5-SHE,0.7531399999999999,1,P4+P7,0.30319343004412114,0
retrained,LOCO,CP_Interface6_LR,matched512,P4-R5-SNE,0.7430950000000001,1,P4,0.590909842540597,1
retrained,LOCO,CP_Interface6_LR,matched512,P4-R5-SNE+P7-R5-SNE,0.80335,1,P4+P7,0.1863717165539081,0
retrained,LOCO,CP_Interface6_LR,matched512,P4-R5-SWD+P7-R5-SWD,0.518925,1,P4+P7,0.5325239420149399,1
retrained,LOCO,CP_Interface6_LR,matched512,P4-R5-THE+P7-R5-THE,0.68814,1,P4+P7,0.5173319541375379,1
retrained,LOCO,CP_Interface6_LR,matched512,P4-R5-YTH+P7-R5-YTH,0.0,0,P4+P7,0.42341223818089757,0
retrained,LOCO,CP_Interface6_LR,matched512,P4-R5-YYE+P7-P5-YYE,0.0866649999999999,0,P4+P7,0.5593362297755139,1
retrained,LOCO,CP_Interface6_LR,matched512,P5-R6-AYE,0.55629,1,P5,0.6104915879338838,1
retrained,LOCO,CP_Interface6_LR,matched512,P5-R6-DFE,0.32484,0,P5,0.45690441308771296,0
retrained,LOCO,CP_Interface6_LR,matched512,P5-R6-FWD,0.37332,0,P5,0.5033697920299272,1
retrained,LOCO,CP_Interface6_LR,matched512,P5-R6-LRD,0.23336,0,P5,0.8205417677954541,1
retrained,LOCO,CP_Interface6_LR,matched512,P5-R6-NYE,0.57387,1,P5,0.46175890690276505,0
retrained,LOCO,CP_Interface6_LR,matched512,P5-R6-SFE,0.6291599999999999,1,P5,0.5658619091541084,1
retrained,LOCO,CP_Interface6_LR,matched512,P5-R6-SWD,0.666435,1,P5,0.5002568762583968,1
retrained,LOCO,CP_Interface6_LR,matched512,P5-R6-SYQ,0.591215,1,P5,0.5388871366368754,1
retrained,LOCO,CP_Interface6_LR,matched512,P5-R6-THN,0.529215,1,P5,0.4423355397638932,0
retrained,LOCO,CP_Interface6_LR,matched512,P5-R6-TTE,0.348885,0,P5,0.4640240029473783,0
retrained,LOCO,CP_Interface6_LR,matched512,P5-R6-TWD,0.59784,1,P5,0.5964298695813488,1
retrained,LOCO,CP_Interface6_LR,matched512,P5-R6-TYE,0.44306,0,P5,0.49400365778669736,0
retrained,LOCO,CP_Interface6_LR,matched512,P5-R6-VFN,0.5554349999999999,1,P5,0.5578797732925748,1
retrained,LOCO,CP_Interface6_LR,matched512,P6-R7-MHQ,0.2532999999999999,0,P6,0.3590861775516645,0
retrained,LOCO,CP_Interface6_LR,matched512,P6-R7-QFW,0.67784,1,P6,0.6228623909300395,1
retrained,LOCO,CP_Interface6_LR,matched512,P6-R7-QRW,0.60431,1,P6,0.5748145414760014,1
retrained,LOCO,CP_Interface6_LR,matched512,P6-R7-TRQ,0.657745,1,P6,0.5568703334554497,1
retrained,LOCO,CP_Interface6_LR,matched512,P6-R7-WFD,0.70041,1,P6,0.5033268592679023,1
retrained,LOCO,CP_Interface6_LR,matched512,P6-R7-WFQ,0.651535,1,P6,0.5207358528564023,1
retrained,LOCO,CP_Interface6_LR,matched512,P7-R5-SYVIRR,0.79377,1,P7,0.5435557548115162,1
retrained,LOCO,CP_Interface6_LR,matched512,P8-R6-GVE,0.658565,1,P8,0.5703909854131246,1
retrained,LOCO,CP_Interface6_LR,matched512,PUF12-9,0.7256100000000001,1,WT,0.48877024246710327,0
retrained,LOCO,CP_Interface6_RF,matched512,P4-R5-ETD,0.0,0,P4,0.2955386314587528,0
retrained,LOCO,CP_Interface6_RF,matched512,P4-R5-SHE,0.616825,1,P4,0.3358686707753351,0
retrained,LOCO,CP_Interface6_RF,matched512,P4-R5-SHE+P7-R5-SHE,0.7531399999999999,1,P4+P7,0.42634189329720046,0
retrained,LOCO,CP_Interface6_RF,matched512,P4-R5-SNE,0.7430950000000001,1,P4,0.6149952029295455,1
retrained,LOCO,CP_Interface6_RF,matched512,P4-R5-SNE+P7-R5-SNE,0.80335,1,P4+P7,0.3806856655181205,0
retrained,LOCO,CP_Interface6_RF,matched512,P4-R5-SWD+P7-R5-SWD,0.518925,1,P4+P7,0.7976082053754951,1
retrained,LOCO,CP_Interface6_RF,matched512,P4-R5-THE+P7-R5-THE,0.68814,1,P4+P7,0.8564217552387215,1
retrained,LOCO,CP_Interface6_RF,matched512,P4-R5-YTH+P7-R5-YTH,0.0,0,P4+P7,0.5162333903177071,1
retrained,LOCO,CP_Interface6_RF,matched512,P4-R5-YYE+P7-P5-YYE,0.0866649999999999,0,P4+P7,0.9986746987951807,1
retrained,LOCO,CP_Interface6_RF,matched512,P5-R6-AYE,0.55629,1,P5,0.6654198903699121,1
retrained,LOCO,CP_Interface6_RF,matched512,P5-R6-DFE,0.32484,0,P5,0.39590156944630933,0
retrained,LOCO,CP_Interface6_RF,matched512,P5-R6-FWD,0.37332,0,P5,0.5136389138485872,1
retrained,LOCO,CP_Interface6_RF,matched512,P5-R6-LRD,0.23336,0,P5,0.9952173913043478,1
retrained,LOCO,CP_Interface6_RF,matched512,P5-R6-NYE,0.57387,1,P5,0.19298172277908962,0
retrained,LOCO,CP_Interface6_RF,matched512,P5-R6-SFE,0.6291599999999999,1,P5,0.9266883484831486,1
retrained,LOCO,CP_Interface6_RF,matched512,P5-R6-SWD,0.666435,1,P5,0.4578221601721981,0
retrained,LOCO,CP_Interface6_RF,matched512,P5-R6-SYQ,0.591215,1,P5,0.8913516618378843,1
retrained,LOCO,CP_Interface6_RF,matched512,P5-R6-THN,0.529215,1,P5,0.1841166753008071,0
retrained,LOCO,CP_Interface6_RF,matched512,P5-R6-TTE,0.348885,0,P5,0.39292957952516,0
retrained,LOCO,CP_Interface6_RF,matched512,P5-R6-TWD,0.59784,1,P5,0.6784023499667304,1
retrained,LOCO,CP_Interface6_RF,matched512,P5-R6-TYE,0.44306,0,P5,0.39596853680419974,0
retrained,LOCO,CP_Interface6_RF,matched512,P5-R6-VFN,0.5554349999999999,1,P5,0.8966127651486729,1
retrained,LOCO,CP_Interface6_RF,matched512,P6-R7-MHQ,0.2532999999999999,0,P6,0.6236811499718985,1
retrained,LOCO,CP_Interface6_RF,matched512,P6-R7-QFW,0.67784,1,P6,0.7593709127007267,1
retrained,LOCO,CP_Interface6_RF,matched512,P6-R7-QRW,0.60431,1,P6,0.7070967780694448,1
retrained,LOCO,CP_Interface6_RF,matched512,P6-R7-TRQ,0.657745,1,P6,0.8481871348491105,1
retrained,LOCO,CP_Interface6_RF,matched512,P6-R7-WFD,0.70041,1,P6,0.5374364844271389,1
retrained,LOCO,CP_Interface6_RF,matched512,P6-R7-WFQ,0.651535,1,P6,0.6974921581147245,1
retrained,LOCO,CP_Interface6_RF,matched512,P7-R5-SYVIRR,0.79377,1,P7,0.7782287160328485,1
retrained,LOCO,CP_Interface6_RF,matched512,P8-R6-GVE,0.658565,1,P8,0.7970776263271919,1
retrained,LOCO,CP_Interface6_RF,matched512,PUF12-9,0.7256100000000001,1,WT,0.5823958410489949,1
position_baseline,LOCO,mutation_position_LR,matched512,P4-R5-ETD,0.0,0,P4,0.6825072220344461,1
position_baseline,LOCO,mutation_position_LR,matched512,P4-R5-SHE,0.616825,1,P4,0.40817573714316524,0
position_baseline,LOCO,mutation_position_LR,matched512,P4-R5-SHE+P7-R5-SHE,0.7531399999999999,1,P4+P7,0.4513732911804231,0
position_baseline,LOCO,mutation_position_LR,matched512,P4-R5-SNE,0.7430950000000001,1,P4,0.40817573714316524,0
position_baseline,LOCO,mutation_position_LR,matched512,P4-R5-SNE+P7-R5-SNE,0.80335,1,P4+P7,0.4513732911804231,0
position_baseline,LOCO,mutation_position_LR,matched512,P4-R5-SWD+P7-R5-SWD,0.518925,1,P4+P7,0.4513732911804231,0
position_baseline,LOCO,mutation_position_LR,matched512,P4-R5-THE+P7-R5-THE,0.68814,1,P4+P7,0.4513732911804231,0
position_baseline,LOCO,mutation_position_LR,matched512,P4-R5-YTH+P7-R5-YTH,0.0,0,P4+P7,0.549540665154155,1
position_baseline,LOCO,mutation_position_LR,matched512,P4-R5-YYE+P7-P5-YYE,0.0866649999999999,0,P4+P7,0.549540665154155,1
position_baseline,LOCO,mutation_position_LR,matched512,P5-R6-AYE,0.55629,1,P5,0.4310996680570883,0
position_baseline,LOCO,mutation_position_LR,matched512,P5-R6-DFE,0.32484,0,P5,0.45708872526808814,0
position_baseline,LOCO,mutation_position_LR,matched512,P5-R6-FWD,0.37332,0,P5,0.45708872526808814,0
position_baseline,LOCO,mutation_position_LR,matched512,P5-R6-LRD,0.23336,0,P5,0.45708872526808814,0
position_baseline,LOCO,mutation_position_LR,matched512,P5-R6-NYE,0.57387,1,P5,0.4310996680570883,0
position_baseline,LOCO,mutation_position_LR,matched512,P5-R6-SFE,0.6291599999999999,1,P5,0.4310996680570883,0
position_baseline,LOCO,mutation_position_LR,matched512,P5-R6-SWD,0.666435,1,P5,0.4310996680570883,0
position_baseline,LOCO,mutation_position_LR,matched512,P5-R6-SYQ,0.591215,1,P5,0.4310996680570883,0
position_baseline,LOCO,mutation_position_LR,matched512,P5-R6-THN,0.529215,1,P5,0.4310996680570883,0
position_baseline,LOCO,mutation_position_LR,matched512,P5-R6-TTE,0.348885,0,P5,0.45708872526808814,0
position_baseline,LOCO,mutation_position_LR,matched512,P5-R6-TWD,0.59784,1,P5,0.4310996680570883,0
position_baseline,LOCO,mutation_position_LR,matched512,P5-R6-TYE,0.44306,0,P5,0.45708872526808814,0
position_baseline,LOCO,mutation_position_LR,matched512,P5-R6-VFN,0.5554349999999999,1,P5,0.4310996680570883,0
position_baseline,LOCO,mutation_position_LR,matched512,P6-R7-MHQ,0.2532999999999999,0,P6,0.6928411431177974,1
position_baseline,LOCO,mutation_position_LR,matched512,P6-R7-QFW,0.67784,1,P6,0.565092330865591,1
position_baseline,LOCO,mutation_position_LR,matched512,P6-R7-QRW,0.60431,1,P6,0.565092330865591,1
position_baseline,LOCO,mutation_position_LR,matched512,P6-R7-TRQ,0.657745,1,P6,0.565092330865591,1
position_baseline,LOCO,mutation_position_LR,matched512,P6-R7-WFD,0.70041,1,P6,0.565092330865591,1
position_baseline,LOCO,mutation_position_LR,matched512,P6-R7-WFQ,0.651535,1,P6,0.565092330865591,1
position_baseline,LOCO,mutation_position_LR,matched512,P7-R5-SYVIRR,0.79377,1,P7,0.5139035242874159,1
position_baseline,LOCO,mutation_position_LR,matched512,P8-R6-GVE,0.658565,1,P8,0.5139035242874159,1
position_baseline,LOCO,mutation_position_LR,matched512,PUF12-9,0.7256100000000001,1,WT,0.5139035242874159,1
retrained,mutation_group_out,CP3_LR,matched512,P4-R5-ETD,0.0,0,P4,0.4299530963495438,0
retrained,mutation_group_out,CP3_LR,matched512,P4-R5-SHE,0.616825,1,P4,0.3705874960022329,0
retrained,mutation_group_out,CP3_LR,matched512,P4-R5-SHE+P7-R5-SHE,0.7531399999999999,1,P4+P7,0.3354521739450749,0
retrained,mutation_group_out,CP3_LR,matched512,P4-R5-SNE,0.7430950000000001,1,P4,0.5764478339861174,1
retrained,mutation_group_out,CP3_LR,matched512,P4-R5-SNE+P7-R5-SNE,0.80335,1,P4+P7,0.30383877841205464,0
retrained,mutation_group_out,CP3_LR,matched512,P4-R5-SWD+P7-R5-SWD,0.518925,1,P4+P7,0.5160861627545525,1
retrained,mutation_group_out,CP3_LR,matched512,P4-R5-THE+P7-R5-THE,0.68814,1,P4+P7,0.5252264345124242,1
retrained,mutation_group_out,CP3_LR,matched512,P4-R5-YTH+P7-R5-YTH,0.0,0,P4+P7,0.3577806169655626,0
retrained,mutation_group_out,CP3_LR,matched512,P4-R5-YYE+P7-P5-YYE,0.0866649999999999,0,P4+P7,0.5047615512743894,1
retrained,mutation_group_out,CP3_LR,matched512,P5-R6-AYE,0.55629,1,P5,0.7080419475656213,1
retrained,mutation_group_out,CP3_LR,matched512,P5-R6-DFE,0.32484,0,P5,0.4491024141502952,0
retrained,mutation_group_out,CP3_LR,matched512,P5-R6-FWD,0.37332,0,P5,0.4959786037043602,0
retrained,mutation_group_out,CP3_LR,matched512,P5-R6-LRD,0.23336,0,P5,0.741525012680563,1
retrained,mutation_group_out,CP3_LR,matched512,P5-R6-NYE,0.57387,1,P5,0.47592497882221707,0
retrained,mutation_group_out,CP3_LR,matched512,P5-R6-SFE,0.6291599999999999,1,P5,0.6104907979924096,1
retrained,mutation_group_out,CP3_LR,matched512,P5-R6-SWD,0.666435,1,P5,0.5441021080764199,1
retrained,mutation_group_out,CP3_LR,matched512,P5-R6-SYQ,0.591215,1,P5,0.57088091779864,1
retrained,mutation_group_out,CP3_LR,matched512,P5-R6-THN,0.529215,1,P5,0.48974564613831084,0
retrained,mutation_group_out,CP3_LR,matched512,P5-R6-TTE,0.348885,0,P5,0.49311736217010654,0
retrained,mutation_group_out,CP3_LR,matched512,P5-R6-TWD,0.59784,1,P5,0.7158049297708197,1
retrained,mutation_group_out,CP3_LR,matched512,P5-R6-TYE,0.44306,0,P5,0.5022128114442139,1
retrained,mutation_group_out,CP3_LR,matched512,P5-R6-VFN,0.5554349999999999,1,P5,0.6253142334109312,1
retrained,mutation_group_out,CP3_LR,matched512,P6-R7-MHQ,0.2532999999999999,0,P6,0.41309524879776177,0
retrained,mutation_group_out,CP3_LR,matched512,P6-R7-QFW,0.67784,1,P6,0.5400284568750382,1
retrained,mutation_group_out,CP3_LR,matched512,P6-R7-QRW,0.60431,1,P6,0.5242524024596288,1
retrained,mutation_group_out,CP3_LR,matched512,P6-R7-TRQ,0.657745,1,P6,0.5471071502196058,1
retrained,mutation_group_out,CP3_LR,matched512,P6-R7-WFD,0.70041,1,P6,0.48628033843762103,0
retrained,mutation_group_out,CP3_LR,matched512,P6-R7-WFQ,0.651535,1,P6,0.5241495039484793,1
retrained,mutation_group_out,CP3_LR,matched512,P7-R5-SYVIRR,0.79377,1,P7,0.5322669955625606,1
retrained,mutation_group_out,CP3_LR,matched512,P8-R6-GVE,0.658565,1,P8,0.5559169527717677,1
retrained,mutation_group_out,CP3_LR,matched512,PUF12-9,0.7256100000000001,1,WT,0.49596409696858135,0
retrained,mutation_group_out,CP3_RF,matched512,P4-R5-ETD,0.0,0,P4,0.2898823473836984,0
retrained,mutation_group_out,CP3_RF,matched512,P4-R5-SHE,0.616825,1,P4,0.34513301218820436,0
retrained,mutation_group_out,CP3_RF,matched512,P4-R5-SHE+P7-R5-SHE,0.7531399999999999,1,P4+P7,0.2103910932598225,0
retrained,mutation_group_out,CP3_RF,matched512,P4-R5-SNE,0.7430950000000001,1,P4,0.8649329043644853,1
retrained,mutation_group_out,CP3_RF,matched512,P4-R5-SNE+P7-R5-SNE,0.80335,1,P4+P7,0.2103910932598225,0
retrained,mutation_group_out,CP3_RF,matched512,P4-R5-SWD+P7-R5-SWD,0.518925,1,P4+P7,0.9626702035071867,1
retrained,mutation_group_out,CP3_RF,matched512,P4-R5-THE+P7-R5-THE,0.68814,1,P4+P7,0.9507294140335024,1
retrained,mutation_group_out,CP3_RF,matched512,P4-R5-YTH+P7-R5-YTH,0.0,0,P4+P7,0.2103910932598225,0
retrained,mutation_group_out,CP3_RF,matched512,P4-R5-YYE+P7-P5-YYE,0.0866649999999999,0,P4+P7,0.9763553018817216,1
retrained,mutation_group_out,CP3_RF,matched512,P5-R6-AYE,0.55629,1,P5,0.9940000000000001,1
retrained,mutation_group_out,CP3_RF,matched512,P5-R6-DFE,0.32484,0,P5,0.3346488363808024,0
retrained,mutation_group_out,CP3_RF,matched512,P5-R6-FWD,0.37332,0,P5,0.4959359176401134,0
retrained,mutation_group_out,CP3_RF,matched512,P5-R6-LRD,0.23336,0,P5,0.9940000000000001,1
retrained,mutation_group_out,CP3_RF,matched512,P5-R6-NYE,0.57387,1,P5,0.3593588708740452,0
retrained,mutation_group_out,CP3_RF,matched512,P5-R6-SFE,0.6291599999999999,1,P5,0.9940000000000001,1
retrained,mutation_group_out,CP3_RF,matched512,P5-R6-SWD,0.666435,1,P5,0.6107535944077902,1
retrained,mutation_group_out,CP3_RF,matched512,P5-R6-SYQ,0.591215,1,P5,0.9940000000000001,1
retrained,mutation_group_out,CP3_RF,matched512,P5-R6-THN,0.529215,1,P5,0.4889359176401134,0
retrained,mutation_group_out,CP3_RF,matched512,P5-R6-TTE,0.348885,0,P5,0.4753085131605349,0
retrained,mutation_group_out,CP3_RF,matched512,P5-R6-TWD,0.59784,1,P5,0.9940000000000001,1
retrained,mutation_group_out,CP3_RF,matched512,P5-R6-TYE,0.44306,0,P5,0.5740035944077903,1
retrained,mutation_group_out,CP3_RF,matched512,P5-R6-VFN,0.5554349999999999,1,P5,0.9940000000000001,1
retrained,mutation_group_out,CP3_RF,matched512,P6-R7-MHQ,0.2532999999999999,0,P6,0.6110170184199567,1
retrained,mutation_group_out,CP3_RF,matched512,P6-R7-QFW,0.67784,1,P6,0.700092296705565,1
retrained,mutation_group_out,CP3_RF,matched512,P6-R7-QRW,0.60431,1,P6,0.7538297210481028,1
retrained,mutation_group_out,CP3_RF,matched512,P6-R7-TRQ,0.657745,1,P6,0.7783636005225298,1
retrained,mutation_group_out,CP3_RF,matched512,P6-R7-WFD,0.70041,1,P6,0.5856616408933134,1
retrained,mutation_group_out,CP3_RF,matched512,P6-R7-WFQ,0.651535,1,P6,0.788753021429024,1
retrained,mutation_group_out,CP3_RF,matched512,P7-R5-SYVIRR,0.79377,1,P7,0.7842218822729069,1
retrained,mutation_group_out,CP3_RF,matched512,P8-R6-GVE,0.658565,1,P8,0.8297388888110221,1
retrained,mutation_group_out,CP3_RF,matched512,PUF12-9,0.7256100000000001,1,WT,0.4981642348291214,0
retrained,mutation_group_out,CP14_LR,matched512,P4-R5-ETD,0.0,0,P4,0.6055402923249236,1
retrained,mutation_group_out,CP14_LR,matched512,P4-R5-SHE,0.616825,1,P4,0.42395844417517864,0
retrained,mutation_group_out,CP14_LR,matched512,P4-R5-SHE+P7-R5-SHE,0.7531399999999999,1,P4+P7,0.5479119439596701,1
retrained,mutation_group_out,CP14_LR,matched512,P4-R5-SNE,0.7430950000000001,1,P4,0.4523947642882355,0
retrained,mutation_group_out,CP14_LR,matched512,P4-R5-SNE+P7-R5-SNE,0.80335,1,P4+P7,0.20773112932517288,0
retrained,mutation_group_out,CP14_LR,matched512,P4-R5-SWD+P7-R5-SWD,0.518925,1,P4+P7,0.6224894377930308,1
retrained,mutation_group_out,CP14_LR,matched512,P4-R5-THE+P7-R5-THE,0.68814,1,P4+P7,0.6042375219481612,1
retrained,mutation_group_out,CP14_LR,matched512,P4-R5-YTH+P7-R5-YTH,0.0,0,P4+P7,0.04530159323239262,0
retrained,mutation_group_out,CP14_LR,matched512,P4-R5-YYE+P7-P5-YYE,0.0866649999999999,0,P4+P7,0.47927838060099004,0
retrained,mutation_group_out,CP14_LR,matched512,P5-R6-AYE,0.55629,1,P5,0.7093519048517924,1
retrained,mutation_group_out,CP14_LR,matched512,P5-R6-DFE,0.32484,0,P5,0.4577954490792317,0
retrained,mutation_group_out,CP14_LR,matched512,P5-R6-FWD,0.37332,0,P5,0.586092645006964,1
retrained,mutation_group_out,CP14_LR,matched512,P5-R6-LRD,0.23336,0,P5,0.7895140350464923,1
retrained,mutation_group_out,CP14_LR,matched512,P5-R6-NYE,0.57387,1,P5,0.4407726457274979,0
retrained,mutation_group_out,CP14_LR,matched512,P5-R6-SFE,0.6291599999999999,1,P5,0.646844065720465,1
retrained,mutation_group_out,CP14_LR,matched512,P5-R6-SWD,0.666435,1,P5,0.6162198531237769,1
retrained,mutation_group_out,CP14_LR,matched512,P5-R6-SYQ,0.591215,1,P5,0.5722514414317161,1
retrained,mutation_group_out,CP14_LR,matched512,P5-R6-THN,0.529215,1,P5,0.5237124483307203,1
retrained,mutation_group_out,CP14_LR,matched512,P5-R6-TTE,0.348885,0,P5,0.39668343312767507,0
retrained,mutation_group_out,CP14_LR,matched512,P5-R6-TWD,0.59784,1,P5,0.7375843544038466,1
retrained,mutation_group_out,CP14_LR,matched512,P5-R6-TYE,0.44306,0,P5,0.5597905935529207,1
retrained,mutation_group_out,CP14_LR,matched512,P5-R6-VFN,0.5554349999999999,1,P5,0.6911747091951428,1
retrained,mutation_group_out,CP14_LR,matched512,P6-R7-MHQ,0.2532999999999999,0,P6,0.3233188312803119,0
retrained,mutation_group_out,CP14_LR,matched512,P6-R7-QFW,0.67784,1,P6,0.5181888101788734,1
retrained,mutation_group_out,CP14_LR,matched512,P6-R7-QRW,0.60431,1,P6,0.525400502014969,1
retrained,mutation_group_out,CP14_LR,matched512,P6-R7-TRQ,0.657745,1,P6,0.5553464151056334,1
retrained,mutation_group_out,CP14_LR,matched512,P6-R7-WFD,0.70041,1,P6,0.5067831107501217,1
retrained,mutation_group_out,CP14_LR,matched512,P6-R7-WFQ,0.651535,1,P6,0.5580332555342771,1
retrained,mutation_group_out,CP14_LR,matched512,P7-R5-SYVIRR,0.79377,1,P7,0.5976009019557839,1
retrained,mutation_group_out,CP14_LR,matched512,P8-R6-GVE,0.658565,1,P8,0.6549575245249142,1
retrained,mutation_group_out,CP14_LR,matched512,PUF12-9,0.7256100000000001,1,WT,0.5423845126294686,1
retrained,mutation_group_out,CP14_RF,matched512,P4-R5-ETD,0.0,0,P4,0.5425909850893695,1
retrained,mutation_group_out,CP14_RF,matched512,P4-R5-SHE,0.616825,1,P4,0.4888681224401977,0
retrained,mutation_group_out,CP14_RF,matched512,P4-R5-SHE+P7-R5-SHE,0.7531399999999999,1,P4+P7,0.24101391774429004,0
retrained,mutation_group_out,CP14_RF,matched512,P4-R5-SNE,0.7430950000000001,1,P4,0.7330378681439557,1
retrained,mutation_group_out,CP14_RF,matched512,P4-R5-SNE+P7-R5-SNE,0.80335,1,P4+P7,0.1924818480385755,0
retrained,mutation_group_out,CP14_RF,matched512,P4-R5-SWD+P7-R5-SWD,0.518925,1,P4+P7,0.9028074663933643,1
retrained,mutation_group_out,CP14_RF,matched512,P4-R5-THE+P7-R5-THE,0.68814,1,P4+P7,0.7223542836318565,1
retrained,mutation_group_out,CP14_RF,matched512,P4-R5-YTH+P7-R5-YTH,0.0,0,P4+P7,0.17354001777350786,0
retrained,mutation_group_out,CP14_RF,matched512,P4-R5-YYE+P7-P5-YYE,0.0866649999999999,0,P4+P7,0.8144592004291203,1
retrained,mutation_group_out,CP14_RF,matched512,P5-R6-AYE,0.55629,1,P5,0.9518756798756799,1
retrained,mutation_group_out,CP14_RF,matched512,P5-R6-DFE,0.32484,0,P5,0.7399953993794303,1
retrained,mutation_group_out,CP14_RF,matched512,P5-R6-FWD,0.37332,0,P5,0.6730865027205336,1
retrained,mutation_group_out,CP14_RF,matched512,P5-R6-LRD,0.23336,0,P5,0.8337313032946024,1
retrained,mutation_group_out,CP14_RF,matched512,P5-R6-NYE,0.57387,1,P5,0.689052265999596,1
retrained,mutation_group_out,CP14_RF,matched512,P5-R6-SFE,0.6291599999999999,1,P5,0.9518756798756799,1
retrained,mutation_group_out,CP14_RF,matched512,P5-R6-SWD,0.666435,1,P5,0.6885754882095191,1
retrained,mutation_group_out,CP14_RF,matched512,P5-R6-SYQ,0.591215,1,P5,0.9532898212898213,1
retrained,mutation_group_out,CP14_RF,matched512,P5-R6-THN,0.529215,1,P5,0.7680484296824607,1
retrained,mutation_group_out,CP14_RF,matched512,P5-R6-TTE,0.348885,0,P5,0.6429485941459244,1
retrained,mutation_group_out,CP14_RF,matched512,P5-R6-TWD,0.59784,1,P5,0.8229211124624167,1
retrained,mutation_group_out,CP14_RF,matched512,P5-R6-TYE,0.44306,0,P5,0.7674566070906379,1
retrained,mutation_group_out,CP14_RF,matched512,P5-R6-VFN,0.5554349999999999,1,P5,0.9674312354312354,1
retrained,mutation_group_out,CP14_RF,matched512,P6-R7-MHQ,0.2532999999999999,0,P6,0.4517094088200883,0
retrained,mutation_group_out,CP14_RF,matched512,P6-R7-QFW,0.67784,1,P6,0.7204922653964212,1
retrained,mutation_group_out,CP14_RF,matched512,P6-R7-QRW,0.60431,1,P6,0.644107310413726,1
retrained,mutation_group_out,CP14_RF,matched512,P6-R7-TRQ,0.657745,1,P6,0.8274064383368642,1
retrained,mutation_group_out,CP14_RF,matched512,P6-R7-WFD,0.70041,1,P6,0.6309960563131254,1
retrained,mutation_group_out,CP14_RF,matched512,P6-R7-WFQ,0.651535,1,P6,0.8059827975665605,1
retrained,mutation_group_out,CP14_RF,matched512,P7-R5-SYVIRR,0.79377,1,P7,0.8228712255592808,1
retrained,mutation_group_out,CP14_RF,matched512,P8-R6-GVE,0.658565,1,P8,0.812356997000334,1
retrained,mutation_group_out,CP14_RF,matched512,PUF12-9,0.7256100000000001,1,WT,0.6071386344815061,1
retrained,mutation_group_out,Structure6_LR,matched512,P4-R5-ETD,0.0,0,P4,0.5071489363522574,1
retrained,mutation_group_out,Structure6_LR,matched512,P4-R5-SHE,0.616825,1,P4,0.710871293121239,1
retrained,mutation_group_out,Structure6_LR,matched512,P4-R5-SHE+P7-R5-SHE,0.7531399999999999,1,P4+P7,0.49454997316690297,0
retrained,mutation_group_out,Structure6_LR,matched512,P4-R5-SNE,0.7430950000000001,1,P4,0.6572228288362105,1
retrained,mutation_group_out,Structure6_LR,matched512,P4-R5-SNE+P7-R5-SNE,0.80335,1,P4+P7,0.5096860672637271,1
retrained,mutation_group_out,Structure6_LR,matched512,P4-R5-SWD+P7-R5-SWD,0.518925,1,P4+P7,0.4262810304394968,0
retrained,mutation_group_out,Structure6_LR,matched512,P4-R5-THE+P7-R5-THE,0.68814,1,P4+P7,0.35056060391620875,0
retrained,mutation_group_out,Structure6_LR,matched512,P4-R5-YTH+P7-R5-YTH,0.0,0,P4+P7,0.33174637471579244,0
retrained,mutation_group_out,Structure6_LR,matched512,P4-R5-YYE+P7-P5-YYE,0.0866649999999999,0,P4+P7,0.4033867003221466,0
retrained,mutation_group_out,Structure6_LR,matched512,P5-R6-AYE,0.55629,1,P5,0.559843627309372,1
retrained,mutation_group_out,Structure6_LR,matched512,P5-R6-DFE,0.32484,0,P5,0.5932458885487466,1
retrained,mutation_group_out,Structure6_LR,matched512,P5-R6-FWD,0.37332,0,P5,0.3998969556717258,0
retrained,mutation_group_out,Structure6_LR,matched512,P5-R6-LRD,0.23336,0,P5,0.2281678672216996,0
retrained,mutation_group_out,Structure6_LR,matched512,P5-R6-NYE,0.57387,1,P5,0.40963469426633764,0
retrained,mutation_group_out,Structure6_LR,matched512,P5-R6-SFE,0.6291599999999999,1,P5,0.5545768840883821,1
retrained,mutation_group_out,Structure6_LR,matched512,P5-R6-SWD,0.666435,1,P5,0.6671726342109927,1
retrained,mutation_group_out,Structure6_LR,matched512,P5-R6-SYQ,0.591215,1,P5,0.5454434738785433,1
retrained,mutation_group_out,Structure6_LR,matched512,P5-R6-THN,0.529215,1,P5,0.5791647747936556,1
retrained,mutation_group_out,Structure6_LR,matched512,P5-R6-TTE,0.348885,0,P5,0.42332500730541567,0
retrained,mutation_group_out,Structure6_LR,matched512,P5-R6-TWD,0.59784,1,P5,0.3281451747593584,0
retrained,mutation_group_out,Structure6_LR,matched512,P5-R6-TYE,0.44306,0,P5,0.5645713143791937,1
retrained,mutation_group_out,Structure6_LR,matched512,P5-R6-VFN,0.5554349999999999,1,P5,0.6034279932559415,1
retrained,mutation_group_out,Structure6_LR,matched512,P6-R7-MHQ,0.2532999999999999,0,P6,0.47095884685859746,0
retrained,mutation_group_out,Structure6_LR,matched512,P6-R7-QFW,0.67784,1,P6,0.4194802822834085,0
retrained,mutation_group_out,Structure6_LR,matched512,P6-R7-QRW,0.60431,1,P6,0.5322080822187204,1
retrained,mutation_group_out,Structure6_LR,matched512,P6-R7-TRQ,0.657745,1,P6,0.5782160355722339,1
retrained,mutation_group_out,Structure6_LR,matched512,P6-R7-WFD,0.70041,1,P6,0.43392378520197544,0
retrained,mutation_group_out,Structure6_LR,matched512,P6-R7-WFQ,0.651535,1,P6,0.4640222035983133,0
retrained,mutation_group_out,Structure6_LR,matched512,P7-R5-SYVIRR,0.79377,1,P7,0.4911369766161922,0
retrained,mutation_group_out,Structure6_LR,matched512,P8-R6-GVE,0.658565,1,P8,0.9363798978211653,1
retrained,mutation_group_out,Structure6_LR,matched512,PUF12-9,0.7256100000000001,1,WT,0.6047322728401888,1
retrained,mutation_group_out,Structure6_RF,matched512,P4-R5-ETD,0.0,0,P4,0.7921662817231274,1
retrained,mutation_group_out,Structure6_RF,matched512,P4-R5-SHE,0.616825,1,P4,0.7518940413082567,1
retrained,mutation_group_out,Structure6_RF,matched512,P4-R5-SHE+P7-R5-SHE,0.7531399999999999,1,P4+P7,0.7020377813340317,1
retrained,mutation_group_out,Structure6_RF,matched512,P4-R5-SNE,0.7430950000000001,1,P4,0.8293849218961543,1
retrained,mutation_group_out,Structure6_RF,matched512,P4-R5-SNE+P7-R5-SNE,0.80335,1,P4+P7,0.747661267409765,1
retrained,mutation_group_out,Structure6_RF,matched512,P4-R5-SWD+P7-R5-SWD,0.518925,1,P4+P7,0.5455997134469862,1
retrained,mutation_group_out,Structure6_RF,matched512,P4-R5-THE+P7-R5-THE,0.68814,1,P4+P7,0.6879643677525256,1
retrained,mutation_group_out,Structure6_RF,matched512,P4-R5-YTH+P7-R5-YTH,0.0,0,P4+P7,0.6238145440919,1
retrained,mutation_group_out,Structure6_RF,matched512,P4-R5-YYE+P7-P5-YYE,0.0866649999999999,0,P4+P7,0.4604934582051044,0
retrained,mutation_group_out,Structure6_RF,matched512,P5-R6-AYE,0.55629,1,P5,0.840620519102376,1
retrained,mutation_group_out,Structure6_RF,matched512,P5-R6-DFE,0.32484,0,P5,0.9204333494519072,1
retrained,mutation_group_out,Structure6_RF,matched512,P5-R6-FWD,0.37332,0,P5,0.2773924398146769,0
retrained,mutation_group_out,Structure6_RF,matched512,P5-R6-LRD,0.23336,0,P5,0.37004504967890817,0
retrained,mutation_group_out,Structure6_RF,matched512,P5-R6-NYE,0.57387,1,P5,0.29840810039930304,0
retrained,mutation_group_out,Structure6_RF,matched512,P5-R6-SFE,0.6291599999999999,1,P5,0.831870519102376,1
retrained,mutation_group_out,Structure6_RF,matched512,P5-R6-SWD,0.666435,1,P5,0.8726600447940757,1
retrained,mutation_group_out,Structure6_RF,matched512,P5-R6-SYQ,0.591215,1,P5,0.8484159736478305,1
retrained,mutation_group_out,Structure6_RF,matched512,P5-R6-THN,0.529215,1,P5,0.8814404795766845,1
retrained,mutation_group_out,Structure6_RF,matched512,P5-R6-TTE,0.348885,0,P5,0.8376684989003559,1
retrained,mutation_group_out,Structure6_RF,matched512,P5-R6-TWD,0.59784,1,P5,0.27548702550708865,0
retrained,mutation_group_out,Structure6_RF,matched512,P5-R6-TYE,0.44306,0,P5,0.863179610011467,1
retrained,mutation_group_out,Structure6_RF,matched512,P5-R6-VFN,0.5554349999999999,1,P5,0.9245648491605014,1
retrained,mutation_group_out,Structure6_RF,matched512,P6-R7-MHQ,0.2532999999999999,0,P6,0.38565531406379927,0
retrained,mutation_group_out,Structure6_RF,matched512,P6-R7-QFW,0.67784,1,P6,0.20492721858269605,0
retrained,mutation_group_out,Structure6_RF,matched512,P6-R7-QRW,0.60431,1,P6,0.41199324190021974,0
retrained,mutation_group_out,Structure6_RF,matched512,P6-R7-TRQ,0.657745,1,P6,0.4704605986101339,0
retrained,mutation_group_out,Structure6_RF,matched512,P6-R7-WFD,0.70041,1,P6,0.17614789704063255,0
retrained,mutation_group_out,Structure6_RF,matched512,P6-R7-WFQ,0.651535,1,P6,0.39911054133592494,0
retrained,mutation_group_out,Structure6_RF,matched512,P7-R5-SYVIRR,0.79377,1,P7,0.42259243001762875,0
retrained,mutation_group_out,Structure6_RF,matched512,P8-R6-GVE,0.658565,1,P8,0.8897044789245353,1
retrained,mutation_group_out,Structure6_RF,matched512,PUF12-9,0.7256100000000001,1,WT,0.9284845517012602,1
retrained,mutation_group_out,CP_Structure9_LR,matched512,P4-R5-ETD,0.0,0,P4,0.4264228171460581,0
retrained,mutation_group_out,CP_Structure9_LR,matched512,P4-R5-SHE,0.616825,1,P4,0.5950183027160866,1
retrained,mutation_group_out,CP_Structure9_LR,matched512,P4-R5-SHE+P7-R5-SHE,0.7531399999999999,1,P4+P7,0.3244040088781018,0
retrained,mutation_group_out,CP_Structure9_LR,matched512,P4-R5-SNE,0.7430950000000001,1,P4,0.720689098936864,1
retrained,mutation_group_out,CP_Structure9_LR,matched512,P4-R5-SNE+P7-R5-SNE,0.80335,1,P4+P7,0.308412919330653,0
retrained,mutation_group_out,CP_Structure9_LR,matched512,P4-R5-SWD+P7-R5-SWD,0.518925,1,P4+P7,0.43392678763202114,0
retrained,mutation_group_out,CP_Structure9_LR,matched512,P4-R5-THE+P7-R5-THE,0.68814,1,P4+P7,0.4464140150378665,0
retrained,mutation_group_out,CP_Structure9_LR,matched512,P4-R5-YTH+P7-R5-YTH,0.0,0,P4+P7,0.1369942345156791,0
retrained,mutation_group_out,CP_Structure9_LR,matched512,P4-R5-YYE+P7-P5-YYE,0.0866649999999999,0,P4+P7,0.39149420073330005,0
retrained,mutation_group_out,CP_Structure9_LR,matched512,P5-R6-AYE,0.55629,1,P5,0.7350522484631447,1
retrained,mutation_group_out,CP_Structure9_LR,matched512,P5-R6-DFE,0.32484,0,P5,0.5392679877487079,1
retrained,mutation_group_out,CP_Structure9_LR,matched512,P5-R6-FWD,0.37332,0,P5,0.3897115518547303,0
retrained,mutation_group_out,CP_Structure9_LR,matched512,P5-R6-LRD,0.23336,0,P5,0.4527465171540163,0
retrained,mutation_group_out,CP_Structure9_LR,matched512,P5-R6-NYE,0.57387,1,P5,0.38635528847226214,0
retrained,mutation_group_out,CP_Structure9_LR,matched512,P5-R6-SFE,0.6291599999999999,1,P5,0.632983001892149,1
retrained,mutation_group_out,CP_Structure9_LR,matched512,P5-R6-SWD,0.666435,1,P5,0.7109815024996999,1
retrained,mutation_group_out,CP_Structure9_LR,matched512,P5-R6-SYQ,0.591215,1,P5,0.5951372414781583,1
retrained,mutation_group_out,CP_Structure9_LR,matched512,P5-R6-THN,0.529215,1,P5,0.5667155703832774,1
retrained,mutation_group_out,CP_Structure9_LR,matched512,P5-R6-TTE,0.348885,0,P5,0.4401219389330768,0
retrained,mutation_group_out,CP_Structure9_LR,matched512,P5-R6-TWD,0.59784,1,P5,0.541486407315274,1
retrained,mutation_group_out,CP_Structure9_LR,matched512,P5-R6-TYE,0.44306,0,P5,0.5656675979521002,1
retrained,mutation_group_out,CP_Structure9_LR,matched512,P5-R6-VFN,0.5554349999999999,1,P5,0.7153348757460033,1
retrained,mutation_group_out,CP_Structure9_LR,matched512,P6-R7-MHQ,0.2532999999999999,0,P6,0.3347543181157448,0
retrained,mutation_group_out,CP_Structure9_LR,matched512,P6-R7-QFW,0.67784,1,P6,0.5507607729227564,1
retrained,mutation_group_out,CP_Structure9_LR,matched512,P6-R7-QRW,0.60431,1,P6,0.5964503902863738,1
retrained,mutation_group_out,CP_Structure9_LR,matched512,P6-R7-TRQ,0.657745,1,P6,0.6114031915416962,1
retrained,mutation_group_out,CP_Structure9_LR,matched512,P6-R7-WFD,0.70041,1,P6,0.4380850096576454,0
retrained,mutation_group_out,CP_Structure9_LR,matched512,P6-R7-WFQ,0.651535,1,P6,0.4811709926543761,0
retrained,mutation_group_out,CP_Structure9_LR,matched512,P7-R5-SYVIRR,0.79377,1,P7,0.4591014921434232,0
retrained,mutation_group_out,CP_Structure9_LR,matched512,P8-R6-GVE,0.658565,1,P8,0.9213851047935121,1
retrained,mutation_group_out,CP_Structure9_LR,matched512,PUF12-9,0.7256100000000001,1,WT,0.5947204256231932,1
retrained,mutation_group_out,CP_Structure9_RF,matched512,P4-R5-ETD,0.0,0,P4,0.4800763696530235,0
retrained,mutation_group_out,CP_Structure9_RF,matched512,P4-R5-SHE,0.616825,1,P4,0.550054742687623,1
retrained,mutation_group_out,CP_Structure9_RF,matched512,P4-R5-SHE+P7-R5-SHE,0.7531399999999999,1,P4+P7,0.3681939402966995,0
retrained,mutation_group_out,CP_Structure9_RF,matched512,P4-R5-SNE,0.7430950000000001,1,P4,0.8615983577825682,1
retrained,mutation_group_out,CP_Structure9_RF,matched512,P4-R5-SNE+P7-R5-SNE,0.80335,1,P4+P7,0.41220399289733245,0
retrained,mutation_group_out,CP_Structure9_RF,matched512,P4-R5-SWD+P7-R5-SWD,0.518925,1,P4+P7,0.8517244211945645,1
retrained,mutation_group_out,CP_Structure9_RF,matched512,P4-R5-THE+P7-R5-THE,0.68814,1,P4+P7,0.9377707740599469,1
retrained,mutation_group_out,CP_Structure9_RF,matched512,P4-R5-YTH+P7-R5-YTH,0.0,0,P4+P7,0.22562192553845117,0
retrained,mutation_group_out,CP_Structure9_RF,matched512,P4-R5-YYE+P7-P5-YYE,0.0866649999999999,0,P4+P7,0.6703587540510124,1
retrained,mutation_group_out,CP_Structure9_RF,matched512,P5-R6-AYE,0.55629,1,P5,0.9321968379446639,1
retrained,mutation_group_out,CP_Structure9_RF,matched512,P5-R6-DFE,0.32484,0,P5,0.7361275719793382,1
retrained,mutation_group_out,CP_Structure9_RF,matched512,P5-R6-FWD,0.37332,0,P5,0.39684728946004455,0
retrained,mutation_group_out,CP_Structure9_RF,matched512,P5-R6-LRD,0.23336,0,P5,0.6575824329477701,1
retrained,mutation_group_out,CP_Structure9_RF,matched512,P5-R6-NYE,0.57387,1,P5,0.2907095860223411,0
retrained,mutation_group_out,CP_Structure9_RF,matched512,P5-R6-SFE,0.6291599999999999,1,P5,0.9321968379446639,1
retrained,mutation_group_out,CP_Structure9_RF,matched512,P5-R6-SWD,0.666435,1,P5,0.8221386519572097,1
retrained,mutation_group_out,CP_Structure9_RF,matched512,P5-R6-SYQ,0.591215,1,P5,0.9487422924901187,1
retrained,mutation_group_out,CP_Structure9_RF,matched512,P5-R6-THN,0.529215,1,P5,0.789957101706694,1
retrained,mutation_group_out,CP_Structure9_RF,matched512,P5-R6-TTE,0.348885,0,P5,0.7523131971438239,1
retrained,mutation_group_out,CP_Structure9_RF,matched512,P5-R6-TWD,0.59784,1,P5,0.6309643913275543,1
retrained,mutation_group_out,CP_Structure9_RF,matched512,P5-R6-TYE,0.44306,0,P5,0.8305386519572098,1
retrained,mutation_group_out,CP_Structure9_RF,matched512,P5-R6-VFN,0.5554349999999999,1,P5,0.9488089203067464,1
retrained,mutation_group_out,CP_Structure9_RF,matched512,P6-R7-MHQ,0.2532999999999999,0,P6,0.2882227966029251,0
retrained,mutation_group_out,CP_Structure9_RF,matched512,P6-R7-QFW,0.67784,1,P6,0.4506914216400661,0
retrained,mutation_group_out,CP_Structure9_RF,matched512,P6-R7-QRW,0.60431,1,P6,0.6553327159599399,1
retrained,mutation_group_out,CP_Structure9_RF,matched512,P6-R7-TRQ,0.657745,1,P6,0.6288167533504789,1
retrained,mutation_group_out,CP_Structure9_RF,matched512,P6-R7-WFD,0.70041,1,P6,0.3077567393487355,0
retrained,mutation_group_out,CP_Structure9_RF,matched512,P6-R7-WFQ,0.651535,1,P6,0.5725239813734531,1
retrained,mutation_group_out,CP_Structure9_RF,matched512,P7-R5-SYVIRR,0.79377,1,P7,0.619915180074124,1
retrained,mutation_group_out,CP_Structure9_RF,matched512,P8-R6-GVE,0.658565,1,P8,0.9303939863469373,1
retrained,mutation_group_out,CP_Structure9_RF,matched512,PUF12-9,0.7256100000000001,1,WT,0.7410248092902258,1
retrained,mutation_group_out,RNA4_LR,matched512,P4-R5-ETD,0.0,0,P4,0.6189820457200653,1
retrained,mutation_group_out,RNA4_LR,matched512,P4-R5-SHE,0.616825,1,P4,0.3849564125609215,0
retrained,mutation_group_out,RNA4_LR,matched512,P4-R5-SHE+P7-R5-SHE,0.7531399999999999,1,P4+P7,0.3751897517418443,0
retrained,mutation_group_out,RNA4_LR,matched512,P4-R5-SNE,0.7430950000000001,1,P4,0.3264353971570465,0
retrained,mutation_group_out,RNA4_LR,matched512,P4-R5-SNE+P7-R5-SNE,0.80335,1,P4+P7,0.28220664663707495,0
retrained,mutation_group_out,RNA4_LR,matched512,P4-R5-SWD+P7-R5-SWD,0.518925,1,P4+P7,0.5690881979053868,1
retrained,mutation_group_out,RNA4_LR,matched512,P4-R5-THE+P7-R5-THE,0.68814,1,P4+P7,0.3681352666984822,0
retrained,mutation_group_out,RNA4_LR,matched512,P4-R5-YTH+P7-R5-YTH,0.0,0,P4+P7,0.19055463266987008,0
retrained,mutation_group_out,RNA4_LR,matched512,P4-R5-YYE+P7-P5-YYE,0.0866649999999999,0,P4+P7,0.4949246310829294,0
retrained,mutation_group_out,RNA4_LR,matched512,P5-R6-AYE,0.55629,1,P5,0.5507301425181836,1
retrained,mutation_group_out,RNA4_LR,matched512,P5-R6-DFE,0.32484,0,P5,0.5560187386712807,1
retrained,mutation_group_out,RNA4_LR,matched512,P5-R6-FWD,0.37332,0,P5,0.5145122219412462,1
retrained,mutation_group_out,RNA4_LR,matched512,P5-R6-LRD,0.23336,0,P5,0.46378274619955834,0
retrained,mutation_group_out,RNA4_LR,matched512,P5-R6-NYE,0.57387,1,P5,0.5576780291267704,1
retrained,mutation_group_out,RNA4_LR,matched512,P5-R6-SFE,0.6291599999999999,1,P5,0.5489750714533062,1
retrained,mutation_group_out,RNA4_LR,matched512,P5-R6-SWD,0.666435,1,P5,0.5231569363483517,1
retrained,mutation_group_out,RNA4_LR,matched512,P5-R6-SYQ,0.591215,1,P5,0.5278057507538735,1
retrained,mutation_group_out,RNA4_LR,matched512,P5-R6-THN,0.529215,1,P5,0.5699782128481123,1
retrained,mutation_group_out,RNA4_LR,matched512,P5-R6-TTE,0.348885,0,P5,0.4372720577027279,0
retrained,mutation_group_out,RNA4_LR,matched512,P5-R6-TWD,0.59784,1,P5,0.47425617483245314,0
retrained,mutation_group_out,RNA4_LR,matched512,P5-R6-TYE,0.44306,0,P5,0.5549229159466598,1
retrained,mutation_group_out,RNA4_LR,matched512,P5-R6-VFN,0.5554349999999999,1,P5,0.5493657939485017,1
retrained,mutation_group_out,RNA4_LR,matched512,P6-R7-MHQ,0.2532999999999999,0,P6,0.4721512806151787,0
retrained,mutation_group_out,RNA4_LR,matched512,P6-R7-QFW,0.67784,1,P6,0.48985375148931765,0
retrained,mutation_group_out,RNA4_LR,matched512,P6-R7-QRW,0.60431,1,P6,0.541301969641119,1
retrained,mutation_group_out,RNA4_LR,matched512,P6-R7-TRQ,0.657745,1,P6,0.4917543269751303,0
retrained,mutation_group_out,RNA4_LR,matched512,P6-R7-WFD,0.70041,1,P6,0.533776251238023,1
retrained,mutation_group_out,RNA4_LR,matched512,P6-R7-WFQ,0.651535,1,P6,0.46526852504846083,0
retrained,mutation_group_out,RNA4_LR,matched512,P7-R5-SYVIRR,0.79377,1,P7,0.5670505871789966,1
retrained,mutation_group_out,RNA4_LR,matched512,P8-R6-GVE,0.658565,1,P8,0.5640096151051817,1
retrained,mutation_group_out,RNA4_LR,matched512,PUF12-9,0.7256100000000001,1,WT,0.5845987148476834,1
retrained,mutation_group_out,RNA4_RF,matched512,P4-R5-ETD,0.0,0,P4,0.617764487683407,1
retrained,mutation_group_out,RNA4_RF,matched512,P4-R5-SHE,0.616825,1,P4,0.39750764998165633,0
retrained,mutation_group_out,RNA4_RF,matched512,P4-R5-SHE+P7-R5-SHE,0.7531399999999999,1,P4+P7,0.3233202781117764,0
retrained,mutation_group_out,RNA4_RF,matched512,P4-R5-SNE,0.7430950000000001,1,P4,0.38918026260536576,0
retrained,mutation_group_out,RNA4_RF,matched512,P4-R5-SNE+P7-R5-SNE,0.80335,1,P4+P7,0.2538155781246136,0
retrained,mutation_group_out,RNA4_RF,matched512,P4-R5-SWD+P7-R5-SWD,0.518925,1,P4+P7,0.39561920450489446,0
retrained,mutation_group_out,RNA4_RF,matched512,P4-R5-THE+P7-R5-THE,0.68814,1,P4+P7,0.3233202781117764,0
retrained,mutation_group_out,RNA4_RF,matched512,P4-R5-YTH+P7-R5-YTH,0.0,0,P4+P7,0.2538155781246136,0
retrained,mutation_group_out,RNA4_RF,matched512,P4-R5-YYE+P7-P5-YYE,0.0866649999999999,0,P4+P7,0.6100739010581495,1
retrained,mutation_group_out,RNA4_RF,matched512,P5-R6-AYE,0.55629,1,P5,0.8544720718836685,1
retrained,mutation_group_out,RNA4_RF,matched512,P5-R6-DFE,0.32484,0,P5,0.7656425963142611,1
retrained,mutation_group_out,RNA4_RF,matched512,P5-R6-FWD,0.37332,0,P5,0.8451204226684037,1
retrained,mutation_group_out,RNA4_RF,matched512,P5-R6-LRD,0.23336,0,P5,0.5506277128137296,1
retrained,mutation_group_out,RNA4_RF,matched512,P5-R6-NYE,0.57387,1,P5,0.7656425963142611,1
retrained,mutation_group_out,RNA4_RF,matched512,P5-R6-SFE,0.6291599999999999,1,P5,0.869098190719856,1
retrained,mutation_group_out,RNA4_RF,matched512,P5-R6-SWD,0.666435,1,P5,0.8319833816383284,1
retrained,mutation_group_out,RNA4_RF,matched512,P5-R6-SYQ,0.591215,1,P5,0.7035509102225751,1
retrained,mutation_group_out,RNA4_RF,matched512,P5-R6-THN,0.529215,1,P5,0.7035509102225751,1
retrained,mutation_group_out,RNA4_RF,matched512,P5-R6-TTE,0.348885,0,P5,0.5360193212053379,1
retrained,mutation_group_out,RNA4_RF,matched512,P5-R6-TWD,0.59784,1,P5,0.5972872283031821,1
retrained,mutation_group_out,RNA4_RF,matched512,P5-R6-TYE,0.44306,0,P5,0.8039027361744014,1
retrained,mutation_group_out,RNA4_RF,matched512,P5-R6-VFN,0.5554349999999999,1,P5,0.8829978283037042,1
retrained,mutation_group_out,RNA4_RF,matched512,P6-R7-MHQ,0.2532999999999999,0,P6,0.47708688875458655,0
retrained,mutation_group_out,RNA4_RF,matched512,P6-R7-QFW,0.67784,1,P6,0.46136370177760916,0
retrained,mutation_group_out,RNA4_RF,matched512,P6-R7-QRW,0.60431,1,P6,0.7495537676193823,1
retrained,mutation_group_out,RNA4_RF,matched512,P6-R7-TRQ,0.657745,1,P6,0.6916472373231848,1
retrained,mutation_group_out,RNA4_RF,matched512,P6-R7-WFD,0.70041,1,P6,0.5268423243882122,1
retrained,mutation_group_out,RNA4_RF,matched512,P6-R7-WFQ,0.651535,1,P6,0.5044498887134278,1
retrained,mutation_group_out,RNA4_RF,matched512,P7-R5-SYVIRR,0.79377,1,P7,0.8350035851420857,1
retrained,mutation_group_out,RNA4_RF,matched512,P8-R6-GVE,0.658565,1,P8,0.7670007669899772,1
retrained,mutation_group_out,RNA4_RF,matched512,PUF12-9,0.7256100000000001,1,WT,0.5894951052491681,1
retrained,mutation_group_out,CP_RNA7_LR,matched512,P4-R5-ETD,0.0,0,P4,0.5395691472675513,1
retrained,mutation_group_out,CP_RNA7_LR,matched512,P4-R5-SHE,0.616825,1,P4,0.2926600509755353,0
retrained,mutation_group_out,CP_RNA7_LR,matched512,P4-R5-SHE+P7-R5-SHE,0.7531399999999999,1,P4+P7,0.213622574331742,0
retrained,mutation_group_out,CP_RNA7_LR,matched512,P4-R5-SNE,0.7430950000000001,1,P4,0.4003039375074665,0
retrained,mutation_group_out,CP_RNA7_LR,matched512,P4-R5-SNE+P7-R5-SNE,0.80335,1,P4+P7,0.1293443820994127,0
retrained,mutation_group_out,CP_RNA7_LR,matched512,P4-R5-SWD+P7-R5-SWD,0.518925,1,P4+P7,0.5867488074994536,1
retrained,mutation_group_out,CP_RNA7_LR,matched512,P4-R5-THE+P7-R5-THE,0.68814,1,P4+P7,0.38649612676537093,0
retrained,mutation_group_out,CP_RNA7_LR,matched512,P4-R5-YTH+P7-R5-YTH,0.0,0,P4+P7,0.10168580703374784,0
retrained,mutation_group_out,CP_RNA7_LR,matched512,P4-R5-YYE+P7-P5-YYE,0.0866649999999999,0,P4+P7,0.49312006692265564,0
retrained,mutation_group_out,CP_RNA7_LR,matched512,P5-R6-AYE,0.55629,1,P5,0.7340947265020522,1
retrained,mutation_group_out,CP_RNA7_LR,matched512,P5-R6-DFE,0.32484,0,P5,0.4837816906139126,0
retrained,mutation_group_out,CP_RNA7_LR,matched512,P5-R6-FWD,0.37332,0,P5,0.4989853098136806,0
retrained,mutation_group_out,CP_RNA7_LR,matched512,P5-R6-LRD,0.23336,0,P5,0.7410753098191587,1
retrained,mutation_group_out,CP_RNA7_LR,matched512,P5-R6-NYE,0.57387,1,P5,0.5113430755328089,1
retrained,mutation_group_out,CP_RNA7_LR,matched512,P5-R6-SFE,0.6291599999999999,1,P5,0.6384838991450404,1
retrained,mutation_group_out,CP_RNA7_LR,matched512,P5-R6-SWD,0.666435,1,P5,0.5528700834084516,1
retrained,mutation_group_out,CP_RNA7_LR,matched512,P5-R6-SYQ,0.591215,1,P5,0.5721992343593431,1
retrained,mutation_group_out,CP_RNA7_LR,matched512,P5-R6-THN,0.529215,1,P5,0.5350440025281936,1
retrained,mutation_group_out,CP_RNA7_LR,matched512,P5-R6-TTE,0.348885,0,P5,0.4730335385063018,0
retrained,mutation_group_out,CP_RNA7_LR,matched512,P5-R6-TWD,0.59784,1,P5,0.6735316642695243,1
retrained,mutation_group_out,CP_RNA7_LR,matched512,P5-R6-TYE,0.44306,0,P5,0.536180463378921,1
retrained,mutation_group_out,CP_RNA7_LR,matched512,P5-R6-VFN,0.5554349999999999,1,P5,0.6538314826438426,1
retrained,mutation_group_out,CP_RNA7_LR,matched512,P6-R7-MHQ,0.2532999999999999,0,P6,0.3890044188284933,0
retrained,mutation_group_out,CP_RNA7_LR,matched512,P6-R7-QFW,0.67784,1,P6,0.5260617648582677,1
retrained,mutation_group_out,CP_RNA7_LR,matched512,P6-R7-QRW,0.60431,1,P6,0.563042241518683,1
retrained,mutation_group_out,CP_RNA7_LR,matched512,P6-R7-TRQ,0.657745,1,P6,0.5281698016482791,1
retrained,mutation_group_out,CP_RNA7_LR,matched512,P6-R7-WFD,0.70041,1,P6,0.5187513701341433,1
retrained,mutation_group_out,CP_RNA7_LR,matched512,P6-R7-WFQ,0.651535,1,P6,0.4875931618258088,0
retrained,mutation_group_out,CP_RNA7_LR,matched512,P7-R5-SYVIRR,0.79377,1,P7,0.5873292165477234,1
retrained,mutation_group_out,CP_RNA7_LR,matched512,P8-R6-GVE,0.658565,1,P8,0.60863934092948,1
retrained,mutation_group_out,CP_RNA7_LR,matched512,PUF12-9,0.7256100000000001,1,WT,0.5708872892914221,1
retrained,mutation_group_out,CP_RNA7_RF,matched512,P4-R5-ETD,0.0,0,P4,0.43509689285823633,0
retrained,mutation_group_out,CP_RNA7_RF,matched512,P4-R5-SHE,0.616825,1,P4,0.32562866566920795,0
retrained,mutation_group_out,CP_RNA7_RF,matched512,P4-R5-SHE+P7-R5-SHE,0.7531399999999999,1,P4+P7,0.17766729827172068,0
retrained,mutation_group_out,CP_RNA7_RF,matched512,P4-R5-SNE,0.7430950000000001,1,P4,0.6424693463530715,1
retrained,mutation_group_out,CP_RNA7_RF,matched512,P4-R5-SNE+P7-R5-SNE,0.80335,1,P4+P7,0.16699237857144617,0
retrained,mutation_group_out,CP_RNA7_RF,matched512,P4-R5-SWD+P7-R5-SWD,0.518925,1,P4+P7,0.9794741469586645,1
retrained,mutation_group_out,CP_RNA7_RF,matched512,P4-R5-THE+P7-R5-THE,0.68814,1,P4+P7,0.665650078898981,1
retrained,mutation_group_out,CP_RNA7_RF,matched512,P4-R5-YTH+P7-R5-YTH,0.0,0,P4+P7,0.16699237857144617,0
retrained,mutation_group_out,CP_RNA7_RF,matched512,P4-R5-YYE+P7-P5-YYE,0.0866649999999999,0,P4+P7,0.8015115349509816,1
retrained,mutation_group_out,CP_RNA7_RF,matched512,P5-R6-AYE,0.55629,1,P5,1.0,1
retrained,mutation_group_out,CP_RNA7_RF,matched512,P5-R6-DFE,0.32484,0,P5,0.44905878169424013,0
retrained,mutation_group_out,CP_RNA7_RF,matched512,P5-R6-FWD,0.37332,0,P5,0.5742525862955687,1
retrained,mutation_group_out,CP_RNA7_RF,matched512,P5-R6-LRD,0.23336,0,P5,0.93523440285205,1
retrained,mutation_group_out,CP_RNA7_RF,matched512,P5-R6-NYE,0.57387,1,P5,0.46455285284048514,0
retrained,mutation_group_out,CP_RNA7_RF,matched512,P5-R6-SFE,0.6291599999999999,1,P5,1.0,1
retrained,mutation_group_out,CP_RNA7_RF,matched512,P5-R6-SWD,0.666435,1,P5,0.7066416089669443,1
retrained,mutation_group_out,CP_RNA7_RF,matched512,P5-R6-SYQ,0.591215,1,P5,0.9936363636363637,1
retrained,mutation_group_out,CP_RNA7_RF,matched512,P5-R6-THN,0.529215,1,P5,0.5753550132803487,1
retrained,mutation_group_out,CP_RNA7_RF,matched512,P5-R6-TTE,0.348885,0,P5,0.5581670769277064,1
retrained,mutation_group_out,CP_RNA7_RF,matched512,P5-R6-TWD,0.59784,1,P5,0.903267654808959,1
retrained,mutation_group_out,CP_RNA7_RF,matched512,P5-R6-TYE,0.44306,0,P5,0.6540838011591364,1
retrained,mutation_group_out,CP_RNA7_RF,matched512,P5-R6-VFN,0.5554349999999999,1,P5,1.0,1
retrained,mutation_group_out,CP_RNA7_RF,matched512,P6-R7-MHQ,0.2532999999999999,0,P6,0.5398811465507434,1
retrained,mutation_group_out,CP_RNA7_RF,matched512,P6-R7-QFW,0.67784,1,P6,0.7951171318913641,1
retrained,mutation_group_out,CP_RNA7_RF,matched512,P6-R7-QRW,0.60431,1,P6,0.8366390240486692,1
retrained,mutation_group_out,CP_RNA7_RF,matched512,P6-R7-TRQ,0.657745,1,P6,0.7833763847743437,1
retrained,mutation_group_out,CP_RNA7_RF,matched512,P6-R7-WFD,0.70041,1,P6,0.596925657352517,1
retrained,mutation_group_out,CP_RNA7_RF,matched512,P6-R7-WFQ,0.651535,1,P6,0.6728380795594896,1
retrained,mutation_group_out,CP_RNA7_RF,matched512,P7-R5-SYVIRR,0.79377,1,P7,0.8513548664631844,1
retrained,mutation_group_out,CP_RNA7_RF,matched512,P8-R6-GVE,0.658565,1,P8,0.8550374617081384,1
retrained,mutation_group_out,CP_RNA7_RF,matched512,PUF12-9,0.7256100000000001,1,WT,0.6065093194901272,1
retrained,mutation_group_out,CP_Interface6_LR,matched512,P4-R5-ETD,0.0,0,P4,0.4466311470391191,0
retrained,mutation_group_out,CP_Interface6_LR,matched512,P4-R5-SHE,0.616825,1,P4,0.377140319329212,0
retrained,mutation_group_out,CP_Interface6_LR,matched512,P4-R5-SHE+P7-R5-SHE,0.7531399999999999,1,P4+P7,0.20051361768731718,0
retrained,mutation_group_out,CP_Interface6_LR,matched512,P4-R5-SNE,0.7430950000000001,1,P4,0.5901692108623195,1
retrained,mutation_group_out,CP_Interface6_LR,matched512,P4-R5-SNE+P7-R5-SNE,0.80335,1,P4+P7,0.11374056526232776,0
retrained,mutation_group_out,CP_Interface6_LR,matched512,P4-R5-SWD+P7-R5-SWD,0.518925,1,P4+P7,0.5640867092886126,1
retrained,mutation_group_out,CP_Interface6_LR,matched512,P4-R5-THE+P7-R5-THE,0.68814,1,P4+P7,0.5104937519644618,1
retrained,mutation_group_out,CP_Interface6_LR,matched512,P4-R5-YTH+P7-R5-YTH,0.0,0,P4+P7,0.22871697573215402,0
retrained,mutation_group_out,CP_Interface6_LR,matched512,P4-R5-YYE+P7-P5-YYE,0.0866649999999999,0,P4+P7,0.5775809465830227,1
retrained,mutation_group_out,CP_Interface6_LR,matched512,P5-R6-AYE,0.55629,1,P5,0.6754332477068549,1
retrained,mutation_group_out,CP_Interface6_LR,matched512,P5-R6-DFE,0.32484,0,P5,0.4756142243573382,0
retrained,mutation_group_out,CP_Interface6_LR,matched512,P5-R6-FWD,0.37332,0,P5,0.5810700532267555,1
retrained,mutation_group_out,CP_Interface6_LR,matched512,P5-R6-LRD,0.23336,0,P5,0.7957905719820083,1
retrained,mutation_group_out,CP_Interface6_LR,matched512,P5-R6-NYE,0.57387,1,P5,0.47201744517712724,0
retrained,mutation_group_out,CP_Interface6_LR,matched512,P5-R6-SFE,0.6291599999999999,1,P5,0.5973093061732468,1
retrained,mutation_group_out,CP_Interface6_LR,matched512,P5-R6-SWD,0.666435,1,P5,0.6172419293500703,1
retrained,mutation_group_out,CP_Interface6_LR,matched512,P5-R6-SYQ,0.591215,1,P5,0.5671862245823082,1
retrained,mutation_group_out,CP_Interface6_LR,matched512,P5-R6-THN,0.529215,1,P5,0.5112865892802633,1
retrained,mutation_group_out,CP_Interface6_LR,matched512,P5-R6-TTE,0.348885,0,P5,0.5002609360348925,1
retrained,mutation_group_out,CP_Interface6_LR,matched512,P5-R6-TWD,0.59784,1,P5,0.7625178335100359,1
retrained,mutation_group_out,CP_Interface6_LR,matched512,P5-R6-TYE,0.44306,0,P5,0.526688406827517,1
retrained,mutation_group_out,CP_Interface6_LR,matched512,P5-R6-VFN,0.5554349999999999,1,P5,0.6597038888975231,1
retrained,mutation_group_out,CP_Interface6_LR,matched512,P6-R7-MHQ,0.2532999999999999,0,P6,0.44199136508145886,0
retrained,mutation_group_out,CP_Interface6_LR,matched512,P6-R7-QFW,0.67784,1,P6,0.5209579191983319,1
retrained,mutation_group_out,CP_Interface6_LR,matched512,P6-R7-QRW,0.60431,1,P6,0.4986764087435702,0
retrained,mutation_group_out,CP_Interface6_LR,matched512,P6-R7-TRQ,0.657745,1,P6,0.5462965716860274,1
retrained,mutation_group_out,CP_Interface6_LR,matched512,P6-R7-WFD,0.70041,1,P6,0.4816046305033748,0
retrained,mutation_group_out,CP_Interface6_LR,matched512,P6-R7-WFQ,0.651535,1,P6,0.5446762465706059,1
retrained,mutation_group_out,CP_Interface6_LR,matched512,P7-R5-SYVIRR,0.79377,1,P7,0.5435557548115162,1
retrained,mutation_group_out,CP_Interface6_LR,matched512,P8-R6-GVE,0.658565,1,P8,0.5703909854131246,1
retrained,mutation_group_out,CP_Interface6_LR,matched512,PUF12-9,0.7256100000000001,1,WT,0.48877024246710327,0
retrained,mutation_group_out,CP_Interface6_RF,matched512,P4-R5-ETD,0.0,0,P4,0.2539552491227296,0
retrained,mutation_group_out,CP_Interface6_RF,matched512,P4-R5-SHE,0.616825,1,P4,0.29804172869255735,0
retrained,mutation_group_out,CP_Interface6_RF,matched512,P4-R5-SHE+P7-R5-SHE,0.7531399999999999,1,P4+P7,0.2656596503745806,0
retrained,mutation_group_out,CP_Interface6_RF,matched512,P4-R5-SNE,0.7430950000000001,1,P4,0.6225856872274644,1
retrained,mutation_group_out,CP_Interface6_RF,matched512,P4-R5-SNE+P7-R5-SNE,0.80335,1,P4+P7,0.2656596503745806,0
retrained,mutation_group_out,CP_Interface6_RF,matched512,P4-R5-SWD+P7-R5-SWD,0.518925,1,P4+P7,0.9851442307692309,1
retrained,mutation_group_out,CP_Interface6_RF,matched512,P4-R5-THE+P7-R5-THE,0.68814,1,P4+P7,0.8933854707987221,1
retrained,mutation_group_out,CP_Interface6_RF,matched512,P4-R5-YTH+P7-R5-YTH,0.0,0,P4+P7,0.2656596503745806,0
retrained,mutation_group_out,CP_Interface6_RF,matched512,P4-R5-YYE+P7-P5-YYE,0.0866649999999999,0,P4+P7,0.9759134615384616,1
retrained,mutation_group_out,CP_Interface6_RF,matched512,P5-R6-AYE,0.55629,1,P5,0.7709198449296518,1
retrained,mutation_group_out,CP_Interface6_RF,matched512,P5-R6-DFE,0.32484,0,P5,0.39128277010730356,0
retrained,mutation_group_out,CP_Interface6_RF,matched512,P5-R6-FWD,0.37332,0,P5,0.6822064923632699,1
retrained,mutation_group_out,CP_Interface6_RF,matched512,P5-R6-LRD,0.23336,0,P5,1.0,1
retrained,mutation_group_out,CP_Interface6_RF,matched512,P5-R6-NYE,0.57387,1,P5,0.4010399377356106,0
retrained,mutation_group_out,CP_Interface6_RF,matched512,P5-R6-SFE,0.6291599999999999,1,P5,0.9437127205114021,1
retrained,mutation_group_out,CP_Interface6_RF,matched512,P5-R6-SWD,0.666435,1,P5,0.7284075967130558,1
retrained,mutation_group_out,CP_Interface6_RF,matched512,P5-R6-SYQ,0.591215,1,P5,0.9500763568750383,1
retrained,mutation_group_out,CP_Interface6_RF,matched512,P5-R6-THN,0.529215,1,P5,0.6711948057183014,1
retrained,mutation_group_out,CP_Interface6_RF,matched512,P5-R6-TTE,0.348885,0,P5,0.5064755727567748,1
retrained,mutation_group_out,CP_Interface6_RF,matched512,P5-R6-TWD,0.59784,1,P5,0.9781596902083717,1
retrained,mutation_group_out,CP_Interface6_RF,matched512,P5-R6-TYE,0.44306,0,P5,0.7117342738388777,1
retrained,mutation_group_out,CP_Interface6_RF,matched512,P5-R6-VFN,0.5554349999999999,1,P5,0.9781596902083717,1
retrained,mutation_group_out,CP_Interface6_RF,matched512,P6-R7-MHQ,0.2532999999999999,0,P6,0.6827642916220255,1
retrained,mutation_group_out,CP_Interface6_RF,matched512,P6-R7-QFW,0.67784,1,P6,0.8122587977802277,1
retrained,mutation_group_out,CP_Interface6_RF,matched512,P6-R7-QRW,0.60431,1,P6,0.6702885796042267,1
retrained,mutation_group_out,CP_Interface6_RF,matched512,P6-R7-TRQ,0.657745,1,P6,0.8427911631275706,1
retrained,mutation_group_out,CP_Interface6_RF,matched512,P6-R7-WFD,0.70041,1,P6,0.5788697843214351,1
retrained,mutation_group_out,CP_Interface6_RF,matched512,P6-R7-WFQ,0.651535,1,P6,0.7164243446742878,1
retrained,mutation_group_out,CP_Interface6_RF,matched512,P7-R5-SYVIRR,0.79377,1,P7,0.7782287160328485,1
retrained,mutation_group_out,CP_Interface6_RF,matched512,P8-R6-GVE,0.658565,1,P8,0.7970776263271919,1
retrained,mutation_group_out,CP_Interface6_RF,matched512,PUF12-9,0.7256100000000001,1,WT,0.5823958410489949,1
position_baseline,mutation_group_out,mutation_position_LR,matched512,P4-R5-ETD,0.0,0,P4,0.5206555160534163,1
position_baseline,mutation_group_out,mutation_position_LR,matched512,P4-R5-SHE,0.616825,1,P4,0.5206555160534163,1
position_baseline,mutation_group_out,mutation_position_LR,matched512,P4-R5-SHE+P7-R5-SHE,0.7531399999999999,1,P4+P7,0.5257727418990413,1
position_baseline,mutation_group_out,mutation_position_LR,matched512,P4-R5-SNE,0.7430950000000001,1,P4,0.5206555160534163,1
position_baseline,mutation_group_out,mutation_position_LR,matched512,P4-R5-SNE+P7-R5-SNE,0.80335,1,P4+P7,0.5257727418990413,1
position_baseline,mutation_group_out,mutation_position_LR,matched512,P4-R5-SWD+P7-R5-SWD,0.518925,1,P4+P7,0.5257727418990413,1
position_baseline,mutation_group_out,mutation_position_LR,matched512,P4-R5-THE+P7-R5-THE,0.68814,1,P4+P7,0.5257727418990413,1
position_baseline,mutation_group_out,mutation_position_LR,matched512,P4-R5-YTH+P7-R5-YTH,0.0,0,P4+P7,0.5257727418990413,1
position_baseline,mutation_group_out,mutation_position_LR,matched512,P4-R5-YYE+P7-P5-YYE,0.0866649999999999,0,P4+P7,0.5257727418990413,1
position_baseline,mutation_group_out,mutation_position_LR,matched512,P5-R6-AYE,0.55629,1,P5,0.5094640619755394,1
position_baseline,mutation_group_out,mutation_position_LR,matched512,P5-R6-DFE,0.32484,0,P5,0.5094640619755394,1
position_baseline,mutation_group_out,mutation_position_LR,matched512,P5-R6-FWD,0.37332,0,P5,0.5094640619755394,1
position_baseline,mutation_group_out,mutation_position_LR,matched512,P5-R6-LRD,0.23336,0,P5,0.5094640619755394,1
position_baseline,mutation_group_out,mutation_position_LR,matched512,P5-R6-NYE,0.57387,1,P5,0.5094640619755394,1
position_baseline,mutation_group_out,mutation_position_LR,matched512,P5-R6-SFE,0.6291599999999999,1,P5,0.5094640619755394,1
position_baseline,mutation_group_out,mutation_position_LR,matched512,P5-R6-SWD,0.666435,1,P5,0.5094640619755394,1
position_baseline,mutation_group_out,mutation_position_LR,matched512,P5-R6-SYQ,0.591215,1,P5,0.5094640619755394,1
position_baseline,mutation_group_out,mutation_position_LR,matched512,P5-R6-THN,0.529215,1,P5,0.5094640619755394,1
position_baseline,mutation_group_out,mutation_position_LR,matched512,P5-R6-TTE,0.348885,0,P5,0.5094640619755394,1
position_baseline,mutation_group_out,mutation_position_LR,matched512,P5-R6-TWD,0.59784,1,P5,0.5094640619755394,1
position_baseline,mutation_group_out,mutation_position_LR,matched512,P5-R6-TYE,0.44306,0,P5,0.5094640619755394,1
position_baseline,mutation_group_out,mutation_position_LR,matched512,P5-R6-VFN,0.5554349999999999,1,P5,0.5094640619755394,1
position_baseline,mutation_group_out,mutation_position_LR,matched512,P6-R7-MHQ,0.2532999999999999,0,P6,0.5175819753562083,1
position_baseline,mutation_group_out,mutation_position_LR,matched512,P6-R7-QFW,0.67784,1,P6,0.5175819753562083,1
position_baseline,mutation_group_out,mutation_position_LR,matched512,P6-R7-QRW,0.60431,1,P6,0.5175819753562083,1
position_baseline,mutation_group_out,mutation_position_LR,matched512,P6-R7-TRQ,0.657745,1,P6,0.5175819753562083,1
position_baseline,mutation_group_out,mutation_position_LR,matched512,P6-R7-WFD,0.70041,1,P6,0.5175819753562083,1
position_baseline,mutation_group_out,mutation_position_LR,matched512,P6-R7-WFQ,0.651535,1,P6,0.5175819753562083,1
position_baseline,mutation_group_out,mutation_position_LR,matched512,P7-R5-SYVIRR,0.79377,1,P7,0.5139035242874159,1
position_baseline,mutation_group_out,mutation_position_LR,matched512,P8-R6-GVE,0.658565,1,P8,0.5139035242874159,1
position_baseline,mutation_group_out,mutation_position_LR,matched512,PUF12-9,0.7256100000000001,1,WT,0.5139035242874159,1
nested_selection,LOCO,inner_select_10_candidates,matched512,P4-R5-ETD,0.0,0,P4,0.49479197650811907,0
nested_selection,LOCO,inner_select_10_candidates,matched512,P4-R5-SHE,0.616825,1,P4,0.5819541341775519,1
nested_selection,LOCO,inner_select_10_candidates,matched512,P4-R5-SHE+P7-R5-SHE,0.7531399999999999,1,P4+P7,0.4058024980584833,0
nested_selection,LOCO,inner_select_10_candidates,matched512,P4-R5-SNE,0.7430950000000001,1,P4,0.7349060006960899,1
nested_selection,LOCO,inner_select_10_candidates,matched512,P4-R5-SNE+P7-R5-SNE,0.80335,1,P4+P7,0.39222965341628907,0
nested_selection,LOCO,inner_select_10_candidates,matched512,P4-R5-SWD+P7-R5-SWD,0.518925,1,P4+P7,0.4265424516742406,0
nested_selection,LOCO,inner_select_10_candidates,matched512,P4-R5-THE+P7-R5-THE,0.68814,1,P4+P7,0.4775808600786734,0
nested_selection,LOCO,inner_select_10_candidates,matched512,P4-R5-YTH+P7-R5-YTH,0.0,0,P4+P7,0.4013900741912642,0
nested_selection,LOCO,inner_select_10_candidates,matched512,P4-R5-YYE+P7-P5-YYE,0.0866649999999999,0,P4+P7,0.4395607250607667,0
nested_selection,LOCO,inner_select_10_candidates,matched512,P5-R6-AYE,0.55629,1,P5,0.7585719969017441,1
nested_selection,LOCO,inner_select_10_candidates,matched512,P5-R6-DFE,0.32484,0,P5,0.5396746671005084,1
nested_selection,LOCO,inner_select_10_candidates,matched512,P5-R6-FWD,0.37332,0,P5,0.42441199231489823,0
nested_selection,LOCO,inner_select_10_candidates,matched512,P5-R6-LRD,0.23336,0,P5,0.769985346395685,1
nested_selection,LOCO,inner_select_10_candidates,matched512,P5-R6-NYE,0.57387,1,P5,0.3434684089287309,0
nested_selection,LOCO,inner_select_10_candidates,matched512,P5-R6-SFE,0.6291599999999999,1,P5,0.6499916991917121,1
nested_selection,LOCO,inner_select_10_candidates,matched512,P5-R6-SWD,0.666435,1,P5,0.7145354604622334,1
nested_selection,LOCO,inner_select_10_candidates,matched512,P5-R6-SYQ,0.591215,1,P5,0.5907609990070449,1
nested_selection,LOCO,inner_select_10_candidates,matched512,P5-R6-THN,0.529215,1,P5,0.48629129124021403,0
nested_selection,LOCO,inner_select_10_candidates,matched512,P5-R6-TTE,0.348885,0,P5,0.48644921550471,0
nested_selection,LOCO,inner_select_10_candidates,matched512,P5-R6-TWD,0.59784,1,P5,0.4032844119226576,0
nested_selection,LOCO,inner_select_10_candidates,matched512,P5-R6-TYE,0.44306,0,P5,0.6014063086091875,1
nested_selection,LOCO,inner_select_10_candidates,matched512,P5-R6-VFN,0.5554349999999999,1,P5,0.7301996826674956,1
nested_selection,LOCO,inner_select_10_candidates,matched512,P6-R7-MHQ,0.2532999999999999,0,P6,0.4888894449735972,0
nested_selection,LOCO,inner_select_10_candidates,matched512,P6-R7-QFW,0.67784,1,P6,0.6628334496698428,1
nested_selection,LOCO,inner_select_10_candidates,matched512,P6-R7-QRW,0.60431,1,P6,0.6968125662819263,1
nested_selection,LOCO,inner_select_10_candidates,matched512,P6-R7-TRQ,0.657745,1,P6,0.6520829331560479,1
nested_selection,LOCO,inner_select_10_candidates,matched512,P6-R7-WFD,0.70041,1,P6,0.46114632273811273,0
nested_selection,LOCO,inner_select_10_candidates,matched512,P6-R7-WFQ,0.651535,1,P6,0.48203832206639535,0
nested_selection,LOCO,inner_select_10_candidates,matched512,P7-R5-SYVIRR,0.79377,1,P7,0.4591014921434232,0
nested_selection,LOCO,inner_select_10_candidates,matched512,P8-R6-GVE,0.658565,1,P8,0.9213851047935121,1
nested_selection,LOCO,inner_select_10_candidates,matched512,PUF12-9,0.7256100000000001,1,WT,0.6047322728401888,1
nested_selection,mutation_group_out,inner_select_10_candidates,matched512,P4-R5-ETD,0.0,0,P4,0.4264228171460581,0
nested_selection,mutation_group_out,inner_select_10_candidates,matched512,P4-R5-SHE,0.616825,1,P4,0.5950183027160866,1
nested_selection,mutation_group_out,inner_select_10_candidates,matched512,P4-R5-SHE+P7-R5-SHE,0.7531399999999999,1,P4+P7,0.3244040088781018,0
nested_selection,mutation_group_out,inner_select_10_candidates,matched512,P4-R5-SNE,0.7430950000000001,1,P4,0.720689098936864,1
nested_selection,mutation_group_out,inner_select_10_candidates,matched512,P4-R5-SNE+P7-R5-SNE,0.80335,1,P4+P7,0.308412919330653,0
nested_selection,mutation_group_out,inner_select_10_candidates,matched512,P4-R5-SWD+P7-R5-SWD,0.518925,1,P4+P7,0.43392678763202114,0
nested_selection,mutation_group_out,inner_select_10_candidates,matched512,P4-R5-THE+P7-R5-THE,0.68814,1,P4+P7,0.4464140150378665,0
nested_selection,mutation_group_out,inner_select_10_candidates,matched512,P4-R5-YTH+P7-R5-YTH,0.0,0,P4+P7,0.1369942345156791,0
nested_selection,mutation_group_out,inner_select_10_candidates,matched512,P4-R5-YYE+P7-P5-YYE,0.0866649999999999,0,P4+P7,0.39149420073330005,0
nested_selection,mutation_group_out,inner_select_10_candidates,matched512,P5-R6-AYE,0.55629,1,P5,0.7080419475656213,1
nested_selection,mutation_group_out,inner_select_10_candidates,matched512,P5-R6-DFE,0.32484,0,P5,0.4491024141502952,0
nested_selection,mutation_group_out,inner_select_10_candidates,matched512,P5-R6-FWD,0.37332,0,P5,0.4959786037043602,0
nested_selection,mutation_group_out,inner_select_10_candidates,matched512,P5-R6-LRD,0.23336,0,P5,0.741525012680563,1
nested_selection,mutation_group_out,inner_select_10_candidates,matched512,P5-R6-NYE,0.57387,1,P5,0.47592497882221707,0
nested_selection,mutation_group_out,inner_select_10_candidates,matched512,P5-R6-SFE,0.6291599999999999,1,P5,0.6104907979924096,1
nested_selection,mutation_group_out,inner_select_10_candidates,matched512,P5-R6-SWD,0.666435,1,P5,0.5441021080764199,1
nested_selection,mutation_group_out,inner_select_10_candidates,matched512,P5-R6-SYQ,0.591215,1,P5,0.57088091779864,1
nested_selection,mutation_group_out,inner_select_10_candidates,matched512,P5-R6-THN,0.529215,1,P5,0.48974564613831084,0
nested_selection,mutation_group_out,inner_select_10_candidates,matched512,P5-R6-TTE,0.348885,0,P5,0.49311736217010654,0
nested_selection,mutation_group_out,inner_select_10_candidates,matched512,P5-R6-TWD,0.59784,1,P5,0.7158049297708197,1
nested_selection,mutation_group_out,inner_select_10_candidates,matched512,P5-R6-TYE,0.44306,0,P5,0.5022128114442139,1
nested_selection,mutation_group_out,inner_select_10_candidates,matched512,P5-R6-VFN,0.5554349999999999,1,P5,0.6253142334109312,1
nested_selection,mutation_group_out,inner_select_10_candidates,matched512,P6-R7-MHQ,0.2532999999999999,0,P6,0.2882227966029251,0
nested_selection,mutation_group_out,inner_select_10_candidates,matched512,P6-R7-QFW,0.67784,1,P6,0.4506914216400661,0
nested_selection,mutation_group_out,inner_select_10_candidates,matched512,P6-R7-QRW,0.60431,1,P6,0.6553327159599399,1
nested_selection,mutation_group_out,inner_select_10_candidates,matched512,P6-R7-TRQ,0.657745,1,P6,0.6288167533504789,1
nested_selection,mutation_group_out,inner_select_10_candidates,matched512,P6-R7-WFD,0.70041,1,P6,0.3077567393487355,0
nested_selection,mutation_group_out,inner_select_10_candidates,matched512,P6-R7-WFQ,0.651535,1,P6,0.5725239813734531,1
nested_selection,mutation_group_out,inner_select_10_candidates,matched512,P7-R5-SYVIRR,0.79377,1,P7,0.4591014921434232,0
nested_selection,mutation_group_out,inner_select_10_candidates,matched512,P8-R6-GVE,0.658565,1,P8,0.9213851047935121,1
nested_selection,mutation_group_out,inner_select_10_candidates,matched512,PUF12-9,0.7256100000000001,1,WT,0.5947204256231932,1
sensitivity,exclude_WT,CP3_LR,matched512,P4-R5-ETD,0.0,0,P4,0.43995554364116435,0
sensitivity,exclude_WT,CP3_LR,matched512,P4-R5-SHE,0.616825,1,P4,0.349816143015408,0
sensitivity,exclude_WT,CP3_LR,matched512,P4-R5-SHE+P7-R5-SHE,0.7531399999999999,1,P4+P7,0.3418942093874041,0
sensitivity,exclude_WT,CP3_LR,matched512,P4-R5-SNE,0.7430950000000001,1,P4,0.580764180336096,1
sensitivity,exclude_WT,CP3_LR,matched512,P4-R5-SNE+P7-R5-SNE,0.80335,1,P4+P7,0.30044303883141976,0
sensitivity,exclude_WT,CP3_LR,matched512,P4-R5-SWD+P7-R5-SWD,0.518925,1,P4+P7,0.5252358573465266,1
sensitivity,exclude_WT,CP3_LR,matched512,P4-R5-THE+P7-R5-THE,0.68814,1,P4+P7,0.5340066222754737,1
sensitivity,exclude_WT,CP3_LR,matched512,P4-R5-YTH+P7-R5-YTH,0.0,0,P4+P7,0.4023348147416408,0
sensitivity,exclude_WT,CP3_LR,matched512,P4-R5-YYE+P7-P5-YYE,0.0866649999999999,0,P4+P7,0.5227766980885477,1
sensitivity,exclude_WT,CP3_LR,matched512,P5-R6-AYE,0.55629,1,P5,0.6238386899888924,1
sensitivity,exclude_WT,CP3_LR,matched512,P5-R6-DFE,0.32484,0,P5,0.42898016027552505,0
sensitivity,exclude_WT,CP3_LR,matched512,P5-R6-FWD,0.37332,0,P5,0.46937103718459805,0
sensitivity,exclude_WT,CP3_LR,matched512,P5-R6-LRD,0.23336,0,P5,0.7839130459415449,1
sensitivity,exclude_WT,CP3_LR,matched512,P5-R6-NYE,0.57387,1,P5,0.45829044269476027,0
sensitivity,exclude_WT,CP3_LR,matched512,P5-R6-SFE,0.6291599999999999,1,P5,0.5635369695574758,1
sensitivity,exclude_WT,CP3_LR,matched512,P5-R6-SWD,0.666435,1,P5,0.5011685787471732,1
sensitivity,exclude_WT,CP3_LR,matched512,P5-R6-SYQ,0.591215,1,P5,0.5369222242858918,1
sensitivity,exclude_WT,CP3_LR,matched512,P5-R6-THN,0.529215,1,P5,0.4512796595620783,0
sensitivity,exclude_WT,CP3_LR,matched512,P5-R6-TTE,0.348885,0,P5,0.45253118844847406,0
sensitivity,exclude_WT,CP3_LR,matched512,P5-R6-TWD,0.59784,1,P5,0.6010312128257473,1
sensitivity,exclude_WT,CP3_LR,matched512,P5-R6-TYE,0.44306,0,P5,0.4834132101620045,0
sensitivity,exclude_WT,CP3_LR,matched512,P5-R6-VFN,0.5554349999999999,1,P5,0.5618474669479105,1
sensitivity,exclude_WT,CP3_LR,matched512,P6-R7-MHQ,0.2532999999999999,0,P6,0.3431940652157391,0
sensitivity,exclude_WT,CP3_LR,matched512,P6-R7-QFW,0.67784,1,P6,0.6441009309507407,1
sensitivity,exclude_WT,CP3_LR,matched512,P6-R7-QRW,0.60431,1,P6,0.5818419843131886,1
sensitivity,exclude_WT,CP3_LR,matched512,P6-R7-TRQ,0.657745,1,P6,0.5522838922387235,1
sensitivity,exclude_WT,CP3_LR,matched512,P6-R7-WFD,0.70041,1,P6,0.5021077674741204,1
sensitivity,exclude_WT,CP3_LR,matched512,P6-R7-WFQ,0.651535,1,P6,0.5290802654724935,1
sensitivity,exclude_WT,CP3_LR,matched512,P7-R5-SYVIRR,0.79377,1,P7,0.5289686271131266,1
sensitivity,exclude_WT,CP3_LR,matched512,P8-R6-GVE,0.658565,1,P8,0.5517226637253666,1
sensitivity,exclude_WT,CP3_RF,matched512,P4-R5-ETD,0.0,0,P4,0.2968626972851793,0
sensitivity,exclude_WT,CP3_RF,matched512,P4-R5-SHE,0.616825,1,P4,0.33855964152816836,0
sensitivity,exclude_WT,CP3_RF,matched512,P4-R5-SHE+P7-R5-SHE,0.7531399999999999,1,P4+P7,0.3627900871562399,0
sensitivity,exclude_WT,CP3_RF,matched512,P4-R5-SNE,0.7430950000000001,1,P4,0.7819369060502851,1
sensitivity,exclude_WT,CP3_RF,matched512,P4-R5-SNE+P7-R5-SNE,0.80335,1,P4+P7,0.3487798596856057,0
sensitivity,exclude_WT,CP3_RF,matched512,P4-R5-SWD+P7-R5-SWD,0.518925,1,P4+P7,0.7678192931526969,1
sensitivity,exclude_WT,CP3_RF,matched512,P4-R5-THE+P7-R5-THE,0.68814,1,P4+P7,0.943358203593938,1
sensitivity,exclude_WT,CP3_RF,matched512,P4-R5-YTH+P7-R5-YTH,0.0,0,P4+P7,0.3336996144358666,0
sensitivity,exclude_WT,CP3_RF,matched512,P4-R5-YYE+P7-P5-YYE,0.0866649999999999,0,P4+P7,0.9708986251750805,1
sensitivity,exclude_WT,CP3_RF,matched512,P5-R6-AYE,0.55629,1,P5,0.6722337749921905,1
sensitivity,exclude_WT,CP3_RF,matched512,P5-R6-DFE,0.32484,0,P5,0.19725579954188202,0
sensitivity,exclude_WT,CP3_RF,matched512,P5-R6-FWD,0.37332,0,P5,0.3926139072273996,0
sensitivity,exclude_WT,CP3_RF,matched512,P5-R6-LRD,0.23336,0,P5,1.0,1
sensitivity,exclude_WT,CP3_RF,matched512,P5-R6-NYE,0.57387,1,P5,0.13988814918735967,0
sensitivity,exclude_WT,CP3_RF,matched512,P5-R6-SFE,0.6291599999999999,1,P5,0.9387480894612701,1
sensitivity,exclude_WT,CP3_RF,matched512,P5-R6-SWD,0.666435,1,P5,0.5278774697165382,1
sensitivity,exclude_WT,CP3_RF,matched512,P5-R6-SYQ,0.591215,1,P5,0.8973512753032087,1
sensitivity,exclude_WT,CP3_RF,matched512,P5-R6-THN,0.529215,1,P5,0.11254628781626952,0
sensitivity,exclude_WT,CP3_RF,matched512,P5-R6-TTE,0.348885,0,P5,0.5578395615259001,1
sensitivity,exclude_WT,CP3_RF,matched512,P5-R6-TWD,0.59784,1,P5,0.6806638132461138,1
sensitivity,exclude_WT,CP3_RF,matched512,P5-R6-TYE,0.44306,0,P5,0.5086832608368415,1
sensitivity,exclude_WT,CP3_RF,matched512,P5-R6-VFN,0.5554349999999999,1,P5,0.89651172412907,1
sensitivity,exclude_WT,CP3_RF,matched512,P6-R7-MHQ,0.2532999999999999,0,P6,0.5680995431530083,1
sensitivity,exclude_WT,CP3_RF,matched512,P6-R7-QFW,0.67784,1,P6,0.6676955156604275,1
sensitivity,exclude_WT,CP3_RF,matched512,P6-R7-QRW,0.60431,1,P6,0.8328055607786377,1
sensitivity,exclude_WT,CP3_RF,matched512,P6-R7-TRQ,0.657745,1,P6,0.8517527324699538,1
sensitivity,exclude_WT,CP3_RF,matched512,P6-R7-WFD,0.70041,1,P6,0.4635613513243982,0
sensitivity,exclude_WT,CP3_RF,matched512,P6-R7-WFQ,0.651535,1,P6,0.8924445608103536,1
sensitivity,exclude_WT,CP3_RF,matched512,P7-R5-SYVIRR,0.79377,1,P7,0.7544343872541474,1
sensitivity,exclude_WT,CP3_RF,matched512,P8-R6-GVE,0.658565,1,P8,0.8415439498745068,1
sensitivity,exclude_WT,Structure6_LR,matched512,P4-R5-ETD,0.0,0,P4,0.4956045917173029,0
sensitivity,exclude_WT,Structure6_LR,matched512,P4-R5-SHE,0.616825,1,P4,0.7108459524359491,1
sensitivity,exclude_WT,Structure6_LR,matched512,P4-R5-SHE+P7-R5-SHE,0.7531399999999999,1,P4+P7,0.575291446261585,1
sensitivity,exclude_WT,Structure6_LR,matched512,P4-R5-SNE,0.7430950000000001,1,P4,0.6580294003250706,1
sensitivity,exclude_WT,Structure6_LR,matched512,P4-R5-SNE+P7-R5-SNE,0.80335,1,P4+P7,0.6171544672510789,1
sensitivity,exclude_WT,Structure6_LR,matched512,P4-R5-SWD+P7-R5-SWD,0.518925,1,P4+P7,0.39941671195890294,0
sensitivity,exclude_WT,Structure6_LR,matched512,P4-R5-THE+P7-R5-THE,0.68814,1,P4+P7,0.4153582315179947,0
sensitivity,exclude_WT,Structure6_LR,matched512,P4-R5-YTH+P7-R5-YTH,0.0,0,P4+P7,0.29457600174636206,0
sensitivity,exclude_WT,Structure6_LR,matched512,P4-R5-YYE+P7-P5-YYE,0.0866649999999999,0,P4+P7,0.46954882113337715,0
sensitivity,exclude_WT,Structure6_LR,matched512,P5-R6-AYE,0.55629,1,P5,0.5876875542603083,1
sensitivity,exclude_WT,Structure6_LR,matched512,P5-R6-DFE,0.32484,0,P5,0.6132019075051757,1
sensitivity,exclude_WT,Structure6_LR,matched512,P5-R6-FWD,0.37332,0,P5,0.4096123467444694,0
sensitivity,exclude_WT,Structure6_LR,matched512,P5-R6-LRD,0.23336,0,P5,0.2545045977055294,0
sensitivity,exclude_WT,Structure6_LR,matched512,P5-R6-NYE,0.57387,1,P5,0.40259352138621907,0
sensitivity,exclude_WT,Structure6_LR,matched512,P5-R6-SFE,0.6291599999999999,1,P5,0.5752517862110089,1
sensitivity,exclude_WT,Structure6_LR,matched512,P5-R6-SWD,0.666435,1,P5,0.6718126335231852,1
sensitivity,exclude_WT,Structure6_LR,matched512,P5-R6-SYQ,0.591215,1,P5,0.5495337732218102,1
sensitivity,exclude_WT,Structure6_LR,matched512,P5-R6-THN,0.529215,1,P5,0.5359311889114569,1
sensitivity,exclude_WT,Structure6_LR,matched512,P5-R6-TTE,0.348885,0,P5,0.40596447595072926,0
sensitivity,exclude_WT,Structure6_LR,matched512,P5-R6-TWD,0.59784,1,P5,0.2803477441654766,0
sensitivity,exclude_WT,Structure6_LR,matched512,P5-R6-TYE,0.44306,0,P5,0.6047888104142736,1
sensitivity,exclude_WT,Structure6_LR,matched512,P5-R6-VFN,0.5554349999999999,1,P5,0.6256104353058815,1
sensitivity,exclude_WT,Structure6_LR,matched512,P6-R7-MHQ,0.2532999999999999,0,P6,0.48772399077103296,0
sensitivity,exclude_WT,Structure6_LR,matched512,P6-R7-QFW,0.67784,1,P6,0.45262809939087956,0
sensitivity,exclude_WT,Structure6_LR,matched512,P6-R7-QRW,0.60431,1,P6,0.5983662851337196,1
sensitivity,exclude_WT,Structure6_LR,matched512,P6-R7-TRQ,0.657745,1,P6,0.6178360348950996,1
sensitivity,exclude_WT,Structure6_LR,matched512,P6-R7-WFD,0.70041,1,P6,0.454874974440568,0
sensitivity,exclude_WT,Structure6_LR,matched512,P6-R7-WFQ,0.651535,1,P6,0.45782755842127537,0
sensitivity,exclude_WT,Structure6_LR,matched512,P7-R5-SYVIRR,0.79377,1,P7,0.4940190847122317,0
sensitivity,exclude_WT,Structure6_LR,matched512,P8-R6-GVE,0.658565,1,P8,0.9317527719078199,1
sensitivity,exclude_WT,Structure6_RF,matched512,P4-R5-ETD,0.0,0,P4,0.7326318275075141,1
sensitivity,exclude_WT,Structure6_RF,matched512,P4-R5-SHE,0.616825,1,P4,0.7697355831384328,1
sensitivity,exclude_WT,Structure6_RF,matched512,P4-R5-SHE+P7-R5-SHE,0.7531399999999999,1,P4+P7,0.7652440950050685,1
sensitivity,exclude_WT,Structure6_RF,matched512,P4-R5-SNE,0.7430950000000001,1,P4,0.8590939452723113,1
sensitivity,exclude_WT,Structure6_RF,matched512,P4-R5-SNE+P7-R5-SNE,0.80335,1,P4+P7,0.7988221228391292,1
sensitivity,exclude_WT,Structure6_RF,matched512,P4-R5-SWD+P7-R5-SWD,0.518925,1,P4+P7,0.4606793093920158,0
sensitivity,exclude_WT,Structure6_RF,matched512,P4-R5-THE+P7-R5-THE,0.68814,1,P4+P7,0.6661658799444861,1
sensitivity,exclude_WT,Structure6_RF,matched512,P4-R5-YTH+P7-R5-YTH,0.0,0,P4+P7,0.6532472291200597,1
sensitivity,exclude_WT,Structure6_RF,matched512,P4-R5-YYE+P7-P5-YYE,0.0866649999999999,0,P4+P7,0.3877968828913509,0
sensitivity,exclude_WT,Structure6_RF,matched512,P5-R6-AYE,0.55629,1,P5,0.8046366691402405,1
sensitivity,exclude_WT,Structure6_RF,matched512,P5-R6-DFE,0.32484,0,P5,0.7523324199424861,1
sensitivity,exclude_WT,Structure6_RF,matched512,P5-R6-FWD,0.37332,0,P5,0.39671966397906483,0
sensitivity,exclude_WT,Structure6_RF,matched512,P5-R6-LRD,0.23336,0,P5,0.5586195754462129,1
sensitivity,exclude_WT,Structure6_RF,matched512,P5-R6-NYE,0.57387,1,P5,0.21360743568744567,0
sensitivity,exclude_WT,Structure6_RF,matched512,P5-R6-SFE,0.6291599999999999,1,P5,0.771215681869875,1
sensitivity,exclude_WT,Structure6_RF,matched512,P5-R6-SWD,0.666435,1,P5,0.8678698826901353,1
sensitivity,exclude_WT,Structure6_RF,matched512,P5-R6-SYQ,0.591215,1,P5,0.36325883480431065,0
sensitivity,exclude_WT,Structure6_RF,matched512,P5-R6-THN,0.529215,1,P5,0.38938457274576904,0
sensitivity,exclude_WT,Structure6_RF,matched512,P5-R6-TTE,0.348885,0,P5,0.4800006049149431,0
sensitivity,exclude_WT,Structure6_RF,matched512,P5-R6-TWD,0.59784,1,P5,0.2228145424460736,0
sensitivity,exclude_WT,Structure6_RF,matched512,P5-R6-TYE,0.44306,0,P5,0.9030178920475948,1
sensitivity,exclude_WT,Structure6_RF,matched512,P5-R6-VFN,0.5554349999999999,1,P5,0.8897888959451667,1
sensitivity,exclude_WT,Structure6_RF,matched512,P6-R7-MHQ,0.2532999999999999,0,P6,0.6472847904735195,1
sensitivity,exclude_WT,Structure6_RF,matched512,P6-R7-QFW,0.67784,1,P6,0.45967827188149224,0
sensitivity,exclude_WT,Structure6_RF,matched512,P6-R7-QRW,0.60431,1,P6,0.6404557731131537,1
sensitivity,exclude_WT,Structure6_RF,matched512,P6-R7-TRQ,0.657745,1,P6,0.6688493047354236,1
sensitivity,exclude_WT,Structure6_RF,matched512,P6-R7-WFD,0.70041,1,P6,0.4654944358998774,0
sensitivity,exclude_WT,Structure6_RF,matched512,P6-R7-WFQ,0.651535,1,P6,0.5096154505500499,1
sensitivity,exclude_WT,Structure6_RF,matched512,P7-R5-SYVIRR,0.79377,1,P7,0.4438942783179332,0
sensitivity,exclude_WT,Structure6_RF,matched512,P8-R6-GVE,0.658565,1,P8,0.8779558257204003,1
sensitivity,exclude_WT,CP_Structure9_LR,matched512,P4-R5-ETD,0.0,0,P4,0.42266457034187166,0
sensitivity,exclude_WT,CP_Structure9_LR,matched512,P4-R5-SHE,0.616825,1,P4,0.5777522263238439,1
sensitivity,exclude_WT,CP_Structure9_LR,matched512,P4-R5-SHE+P7-R5-SHE,0.7531399999999999,1,P4+P7,0.4038311965397408,0
sensitivity,exclude_WT,CP_Structure9_LR,matched512,P4-R5-SNE,0.7430950000000001,1,P4,0.7300996885873042,1
sensitivity,exclude_WT,CP_Structure9_LR,matched512,P4-R5-SNE+P7-R5-SNE,0.80335,1,P4+P7,0.393537337342473,0
sensitivity,exclude_WT,CP_Structure9_LR,matched512,P4-R5-SWD+P7-R5-SWD,0.518925,1,P4+P7,0.4247500077662679,0
sensitivity,exclude_WT,CP_Structure9_LR,matched512,P4-R5-THE+P7-R5-THE,0.68814,1,P4+P7,0.49585428616520744,0
sensitivity,exclude_WT,CP_Structure9_LR,matched512,P4-R5-YTH+P7-R5-YTH,0.0,0,P4+P7,0.1403797408894656,0
sensitivity,exclude_WT,CP_Structure9_LR,matched512,P4-R5-YYE+P7-P5-YYE,0.0866649999999999,0,P4+P7,0.45529877387099804,0
sensitivity,exclude_WT,CP_Structure9_LR,matched512,P5-R6-AYE,0.55629,1,P5,0.7561250866344225,1
sensitivity,exclude_WT,CP_Structure9_LR,matched512,P5-R6-DFE,0.32484,0,P5,0.5401895258341107,1
sensitivity,exclude_WT,CP_Structure9_LR,matched512,P5-R6-FWD,0.37332,0,P5,0.3630121346267359,0
sensitivity,exclude_WT,CP_Structure9_LR,matched512,P5-R6-LRD,0.23336,0,P5,0.5676409552971836,1
sensitivity,exclude_WT,CP_Structure9_LR,matched512,P5-R6-NYE,0.57387,1,P5,0.35232361308399085,0
sensitivity,exclude_WT,CP_Structure9_LR,matched512,P5-R6-SFE,0.6291599999999999,1,P5,0.6504799736967081,1
sensitivity,exclude_WT,CP_Structure9_LR,matched512,P5-R6-SWD,0.666435,1,P5,0.7070718756231974,1
sensitivity,exclude_WT,CP_Structure9_LR,matched512,P5-R6-SYQ,0.591215,1,P5,0.5931211874031621,1
sensitivity,exclude_WT,CP_Structure9_LR,matched512,P5-R6-THN,0.529215,1,P5,0.491321917562986,0
sensitivity,exclude_WT,CP_Structure9_LR,matched512,P5-R6-TTE,0.348885,0,P5,0.3827707786605063,0
sensitivity,exclude_WT,CP_Structure9_LR,matched512,P5-R6-TWD,0.59784,1,P5,0.41210424697024856,0
sensitivity,exclude_WT,CP_Structure9_LR,matched512,P5-R6-TYE,0.44306,0,P5,0.5991466849120606,1
sensitivity,exclude_WT,CP_Structure9_LR,matched512,P5-R6-VFN,0.5554349999999999,1,P5,0.7084708344365317,1
sensitivity,exclude_WT,CP_Structure9_LR,matched512,P6-R7-MHQ,0.2532999999999999,0,P6,0.2929409155692139,0
sensitivity,exclude_WT,CP_Structure9_LR,matched512,P6-R7-QFW,0.67784,1,P6,0.6579849458280786,1
sensitivity,exclude_WT,CP_Structure9_LR,matched512,P6-R7-QRW,0.60431,1,P6,0.6858916457147529,1
sensitivity,exclude_WT,CP_Structure9_LR,matched512,P6-R7-TRQ,0.657745,1,P6,0.6448943079371678,1
sensitivity,exclude_WT,CP_Structure9_LR,matched512,P6-R7-WFD,0.70041,1,P6,0.46003728952531425,0
sensitivity,exclude_WT,CP_Structure9_LR,matched512,P6-R7-WFQ,0.651535,1,P6,0.47478107297397054,0
sensitivity,exclude_WT,CP_Structure9_LR,matched512,P7-R5-SYVIRR,0.79377,1,P7,0.4612255476243861,0
sensitivity,exclude_WT,CP_Structure9_LR,matched512,P8-R6-GVE,0.658565,1,P8,0.9163148885410181,1
sensitivity,exclude_WT,CP_Structure9_RF,matched512,P4-R5-ETD,0.0,0,P4,0.4811994677712164,0
sensitivity,exclude_WT,CP_Structure9_RF,matched512,P4-R5-SHE,0.616825,1,P4,0.5662252806448566,1
sensitivity,exclude_WT,CP_Structure9_RF,matched512,P4-R5-SHE+P7-R5-SHE,0.7531399999999999,1,P4+P7,0.5150609352596508,1
sensitivity,exclude_WT,CP_Structure9_RF,matched512,P4-R5-SNE,0.7430950000000001,1,P4,0.9170600569057609,1
sensitivity,exclude_WT,CP_Structure9_RF,matched512,P4-R5-SNE+P7-R5-SNE,0.80335,1,P4+P7,0.5564379738497904,1
sensitivity,exclude_WT,CP_Structure9_RF,matched512,P4-R5-SWD+P7-R5-SWD,0.518925,1,P4+P7,0.6238783226189176,1
sensitivity,exclude_WT,CP_Structure9_RF,matched512,P4-R5-THE+P7-R5-THE,0.68814,1,P4+P7,0.8707574270047849,1
sensitivity,exclude_WT,CP_Structure9_RF,matched512,P4-R5-YTH+P7-R5-YTH,0.0,0,P4+P7,0.35313141581178725,0
sensitivity,exclude_WT,CP_Structure9_RF,matched512,P4-R5-YYE+P7-P5-YYE,0.0866649999999999,0,P4+P7,0.7006557873415473,1
sensitivity,exclude_WT,CP_Structure9_RF,matched512,P5-R6-AYE,0.55629,1,P5,0.8714444033006176,1
sensitivity,exclude_WT,CP_Structure9_RF,matched512,P5-R6-DFE,0.32484,0,P5,0.5744113306170288,1
sensitivity,exclude_WT,CP_Structure9_RF,matched512,P5-R6-FWD,0.37332,0,P5,0.39696636442689537,0
sensitivity,exclude_WT,CP_Structure9_RF,matched512,P5-R6-LRD,0.23336,0,P5,0.9281717255022635,1
sensitivity,exclude_WT,CP_Structure9_RF,matched512,P5-R6-NYE,0.57387,1,P5,0.11586258650325992,0
sensitivity,exclude_WT,CP_Structure9_RF,matched512,P5-R6-SFE,0.6291599999999999,1,P5,0.8985282048105705,1
sensitivity,exclude_WT,CP_Structure9_RF,matched512,P5-R6-SWD,0.666435,1,P5,0.7851365265739433,1
sensitivity,exclude_WT,CP_Structure9_RF,matched512,P5-R6-SYQ,0.591215,1,P5,0.746658044839445,1
sensitivity,exclude_WT,CP_Structure9_RF,matched512,P5-R6-THN,0.529215,1,P5,0.27597780177561315,0
sensitivity,exclude_WT,CP_Structure9_RF,matched512,P5-R6-TTE,0.348885,0,P5,0.5601142518947961,1
sensitivity,exclude_WT,CP_Structure9_RF,matched512,P5-R6-TWD,0.59784,1,P5,0.49560586890944563,0
sensitivity,exclude_WT,CP_Structure9_RF,matched512,P5-R6-TYE,0.44306,0,P5,0.8850350832744521,1
sensitivity,exclude_WT,CP_Structure9_RF,matched512,P5-R6-VFN,0.5554349999999999,1,P5,0.9120803136905008,1
sensitivity,exclude_WT,CP_Structure9_RF,matched512,P6-R7-MHQ,0.2532999999999999,0,P6,0.4456757486185727,0
sensitivity,exclude_WT,CP_Structure9_RF,matched512,P6-R7-QFW,0.67784,1,P6,0.6583428473075311,1
sensitivity,exclude_WT,CP_Structure9_RF,matched512,P6-R7-QRW,0.60431,1,P6,0.8496158886129868,1
sensitivity,exclude_WT,CP_Structure9_RF,matched512,P6-R7-TRQ,0.657745,1,P6,0.7679482951615466,1
sensitivity,exclude_WT,CP_Structure9_RF,matched512,P6-R7-WFD,0.70041,1,P6,0.42754042181398105,0
sensitivity,exclude_WT,CP_Structure9_RF,matched512,P6-R7-WFQ,0.651535,1,P6,0.7352830179106786,1
sensitivity,exclude_WT,CP_Structure9_RF,matched512,P7-R5-SYVIRR,0.79377,1,P7,0.6182208985380402,1
sensitivity,exclude_WT,CP_Structure9_RF,matched512,P8-R6-GVE,0.658565,1,P8,0.9148362797184495,1
sensitivity,exclude_WT,RNA4_LR,matched512,P4-R5-ETD,0.0,0,P4,0.5913454993463437,1
sensitivity,exclude_WT,RNA4_LR,matched512,P4-R5-SHE,0.616825,1,P4,0.44861095023618974,0
sensitivity,exclude_WT,RNA4_LR,matched512,P4-R5-SHE+P7-R5-SHE,0.7531399999999999,1,P4+P7,0.443808104145554,0
sensitivity,exclude_WT,RNA4_LR,matched512,P4-R5-SNE,0.7430950000000001,1,P4,0.39344396622140054,0
sensitivity,exclude_WT,RNA4_LR,matched512,P4-R5-SNE+P7-R5-SNE,0.80335,1,P4+P7,0.43668876894751,0
sensitivity,exclude_WT,RNA4_LR,matched512,P4-R5-SWD+P7-R5-SWD,0.518925,1,P4+P7,0.5836982381574006,1
sensitivity,exclude_WT,RNA4_LR,matched512,P4-R5-THE+P7-R5-THE,0.68814,1,P4+P7,0.43066315634888946,0
sensitivity,exclude_WT,RNA4_LR,matched512,P4-R5-YTH+P7-R5-YTH,0.0,0,P4+P7,0.30175827751732714,0
sensitivity,exclude_WT,RNA4_LR,matched512,P4-R5-YYE+P7-P5-YYE,0.0866649999999999,0,P4+P7,0.4705965397413871,0
sensitivity,exclude_WT,RNA4_LR,matched512,P5-R6-AYE,0.55629,1,P5,0.5651511690753092,1
sensitivity,exclude_WT,RNA4_LR,matched512,P5-R6-DFE,0.32484,0,P5,0.5952315848399747,1
sensitivity,exclude_WT,RNA4_LR,matched512,P5-R6-FWD,0.37332,0,P5,0.5234875329085098,1
sensitivity,exclude_WT,RNA4_LR,matched512,P5-R6-LRD,0.23336,0,P5,0.4201453905184197,0
sensitivity,exclude_WT,RNA4_LR,matched512,P5-R6-NYE,0.57387,1,P5,0.5756388332608201,1
sensitivity,exclude_WT,RNA4_LR,matched512,P5-R6-SFE,0.6291599999999999,1,P5,0.56339020340053,1
sensitivity,exclude_WT,RNA4_LR,matched512,P5-R6-SWD,0.666435,1,P5,0.5303093453768023,1
sensitivity,exclude_WT,RNA4_LR,matched512,P5-R6-SYQ,0.591215,1,P5,0.5538225108860007,1
sensitivity,exclude_WT,RNA4_LR,matched512,P5-R6-THN,0.529215,1,P5,0.5906417256760575,1
sensitivity,exclude_WT,RNA4_LR,matched512,P5-R6-TTE,0.348885,0,P5,0.3894223773151519,0
sensitivity,exclude_WT,RNA4_LR,matched512,P5-R6-TWD,0.59784,1,P5,0.4931454965249261,0
sensitivity,exclude_WT,RNA4_LR,matched512,P5-R6-TYE,0.44306,0,P5,0.5916333951442635,1
sensitivity,exclude_WT,RNA4_LR,matched512,P5-R6-VFN,0.5554349999999999,1,P5,0.5631164512813015,1
sensitivity,exclude_WT,RNA4_LR,matched512,P6-R7-MHQ,0.2532999999999999,0,P6,0.475857653385048,0
sensitivity,exclude_WT,RNA4_LR,matched512,P6-R7-QFW,0.67784,1,P6,0.5040462292502313,1
sensitivity,exclude_WT,RNA4_LR,matched512,P6-R7-QRW,0.60431,1,P6,0.5531349563038084,1
sensitivity,exclude_WT,RNA4_LR,matched512,P6-R7-TRQ,0.657745,1,P6,0.5059956476477446,1
sensitivity,exclude_WT,RNA4_LR,matched512,P6-R7-WFD,0.70041,1,P6,0.5443265390494386,1
sensitivity,exclude_WT,RNA4_LR,matched512,P6-R7-WFQ,0.651535,1,P6,0.46300111544553835,0
sensitivity,exclude_WT,RNA4_LR,matched512,P7-R5-SYVIRR,0.79377,1,P7,0.564349826328957,1
sensitivity,exclude_WT,RNA4_LR,matched512,P8-R6-GVE,0.658565,1,P8,0.5622259449322253,1
sensitivity,exclude_WT,RNA4_RF,matched512,P4-R5-ETD,0.0,0,P4,0.5943765546541832,1
sensitivity,exclude_WT,RNA4_RF,matched512,P4-R5-SHE,0.616825,1,P4,0.5899994589380697,1
sensitivity,exclude_WT,RNA4_RF,matched512,P4-R5-SHE+P7-R5-SHE,0.7531399999999999,1,P4+P7,0.5864280303666412,1
sensitivity,exclude_WT,RNA4_RF,matched512,P4-R5-SNE,0.7430950000000001,1,P4,0.49170783705264953,0
sensitivity,exclude_WT,RNA4_RF,matched512,P4-R5-SNE+P7-R5-SNE,0.80335,1,P4+P7,0.3796484546650364,0
sensitivity,exclude_WT,RNA4_RF,matched512,P4-R5-SWD+P7-R5-SWD,0.518925,1,P4+P7,0.39889334715401875,0
sensitivity,exclude_WT,RNA4_RF,matched512,P4-R5-THE+P7-R5-THE,0.68814,1,P4+P7,0.5550884757371263,1
sensitivity,exclude_WT,RNA4_RF,matched512,P4-R5-YTH+P7-R5-YTH,0.0,0,P4+P7,0.5043562572916778,1
sensitivity,exclude_WT,RNA4_RF,matched512,P4-R5-YYE+P7-P5-YYE,0.0866649999999999,0,P4+P7,0.6809831599446394,1
sensitivity,exclude_WT,RNA4_RF,matched512,P5-R6-AYE,0.55629,1,P5,0.8297683112333398,1
sensitivity,exclude_WT,RNA4_RF,matched512,P5-R6-DFE,0.32484,0,P5,0.6337715794091091,1
sensitivity,exclude_WT,RNA4_RF,matched512,P5-R6-FWD,0.37332,0,P5,0.873231152694465,1
sensitivity,exclude_WT,RNA4_RF,matched512,P5-R6-LRD,0.23336,0,P5,0.47374566118145045,0
sensitivity,exclude_WT,RNA4_RF,matched512,P5-R6-NYE,0.57387,1,P5,0.39312943266004924,0
sensitivity,exclude_WT,RNA4_RF,matched512,P5-R6-SFE,0.6291599999999999,1,P5,0.8199719113811473,1
sensitivity,exclude_WT,RNA4_RF,matched512,P5-R6-SWD,0.666435,1,P5,0.4819698627703153,0
sensitivity,exclude_WT,RNA4_RF,matched512,P5-R6-SYQ,0.591215,1,P5,0.4044367405229353,0
sensitivity,exclude_WT,RNA4_RF,matched512,P5-R6-THN,0.529215,1,P5,0.3962604744472955,0
sensitivity,exclude_WT,RNA4_RF,matched512,P5-R6-TTE,0.348885,0,P5,0.5291757701851756,1
sensitivity,exclude_WT,RNA4_RF,matched512,P5-R6-TWD,0.59784,1,P5,0.7619901299845308,1
sensitivity,exclude_WT,RNA4_RF,matched512,P5-R6-TYE,0.44306,0,P5,0.8286005231496393,1
sensitivity,exclude_WT,RNA4_RF,matched512,P5-R6-VFN,0.5554349999999999,1,P5,0.8039323215298195,1
sensitivity,exclude_WT,RNA4_RF,matched512,P6-R7-MHQ,0.2532999999999999,0,P6,0.5125096181004811,1
sensitivity,exclude_WT,RNA4_RF,matched512,P6-R7-QFW,0.67784,1,P6,0.7058242621728974,1
sensitivity,exclude_WT,RNA4_RF,matched512,P6-R7-QRW,0.60431,1,P6,0.8174134368602002,1
sensitivity,exclude_WT,RNA4_RF,matched512,P6-R7-TRQ,0.657745,1,P6,0.6969689406220111,1
sensitivity,exclude_WT,RNA4_RF,matched512,P6-R7-WFD,0.70041,1,P6,0.7577421978748703,1
sensitivity,exclude_WT,RNA4_RF,matched512,P6-R7-WFQ,0.651535,1,P6,0.3086236250502446,0
sensitivity,exclude_WT,RNA4_RF,matched512,P7-R5-SYVIRR,0.79377,1,P7,0.8225709599536692,1
sensitivity,exclude_WT,RNA4_RF,matched512,P8-R6-GVE,0.658565,1,P8,0.7907986781797923,1
sensitivity,exclude_WT,CP_RNA7_LR,matched512,P4-R5-ETD,0.0,0,P4,0.5177006403364363,1
sensitivity,exclude_WT,CP_RNA7_LR,matched512,P4-R5-SHE,0.616825,1,P4,0.32021440751820524,0
sensitivity,exclude_WT,CP_RNA7_LR,matched512,P4-R5-SHE+P7-R5-SHE,0.7531399999999999,1,P4+P7,0.3101036876098164,0
sensitivity,exclude_WT,CP_RNA7_LR,matched512,P4-R5-SNE,0.7430950000000001,1,P4,0.48552493875341285,0
sensitivity,exclude_WT,CP_RNA7_LR,matched512,P4-R5-SNE+P7-R5-SNE,0.80335,1,P4+P7,0.2727206486308341,0
sensitivity,exclude_WT,CP_RNA7_LR,matched512,P4-R5-SWD+P7-R5-SWD,0.518925,1,P4+P7,0.5979255529182423,1
sensitivity,exclude_WT,CP_RNA7_LR,matched512,P4-R5-THE+P7-R5-THE,0.68814,1,P4+P7,0.4794615183378835,0
sensitivity,exclude_WT,CP_RNA7_LR,matched512,P4-R5-YTH+P7-R5-YTH,0.0,0,P4+P7,0.22820114479546813,0
sensitivity,exclude_WT,CP_RNA7_LR,matched512,P4-R5-YYE+P7-P5-YYE,0.0866649999999999,0,P4+P7,0.4835835382207259,0
sensitivity,exclude_WT,CP_RNA7_LR,matched512,P5-R6-AYE,0.55629,1,P5,0.6751084821963903,1
sensitivity,exclude_WT,CP_RNA7_LR,matched512,P5-R6-DFE,0.32484,0,P5,0.5241394420626433,1
sensitivity,exclude_WT,CP_RNA7_LR,matched512,P5-R6-FWD,0.37332,0,P5,0.49042900872013173,0
sensitivity,exclude_WT,CP_RNA7_LR,matched512,P5-R6-LRD,0.23336,0,P5,0.7689576144690325,1
sensitivity,exclude_WT,CP_RNA7_LR,matched512,P5-R6-NYE,0.57387,1,P5,0.5259408913665485,1
sensitivity,exclude_WT,CP_RNA7_LR,matched512,P5-R6-SFE,0.6291599999999999,1,P5,0.6159169934738083,1
sensitivity,exclude_WT,CP_RNA7_LR,matched512,P5-R6-SWD,0.666435,1,P5,0.5267556774075742,1
sensitivity,exclude_WT,CP_RNA7_LR,matched512,P5-R6-SYQ,0.591215,1,P5,0.5754783440568765,1
sensitivity,exclude_WT,CP_RNA7_LR,matched512,P5-R6-THN,0.529215,1,P5,0.5327584009577566,1
sensitivity,exclude_WT,CP_RNA7_LR,matched512,P5-R6-TTE,0.348885,0,P5,0.36294631371948055,0
sensitivity,exclude_WT,CP_RNA7_LR,matched512,P5-R6-TWD,0.59784,1,P5,0.5784596386235884,1
sensitivity,exclude_WT,CP_RNA7_LR,matched512,P5-R6-TYE,0.44306,0,P5,0.5684501923513947,1
sensitivity,exclude_WT,CP_RNA7_LR,matched512,P5-R6-VFN,0.5554349999999999,1,P5,0.6145373426053454,1
sensitivity,exclude_WT,CP_RNA7_LR,matched512,P6-R7-MHQ,0.2532999999999999,0,P6,0.32883912070206733,0
sensitivity,exclude_WT,CP_RNA7_LR,matched512,P6-R7-QFW,0.67784,1,P6,0.6330239614552047,1
sensitivity,exclude_WT,CP_RNA7_LR,matched512,P6-R7-QRW,0.60431,1,P6,0.6257209868320092,1
sensitivity,exclude_WT,CP_RNA7_LR,matched512,P6-R7-TRQ,0.657745,1,P6,0.5394963603146272,1
sensitivity,exclude_WT,CP_RNA7_LR,matched512,P6-R7-WFD,0.70041,1,P6,0.5409942703293272,1
sensitivity,exclude_WT,CP_RNA7_LR,matched512,P6-R7-WFQ,0.651535,1,P6,0.4887582058288049,0
sensitivity,exclude_WT,CP_RNA7_LR,matched512,P7-R5-SYVIRR,0.79377,1,P7,0.581563688058944,1
sensitivity,exclude_WT,CP_RNA7_LR,matched512,P8-R6-GVE,0.658565,1,P8,0.6031993659191462,1
sensitivity,exclude_WT,CP_RNA7_RF,matched512,P4-R5-ETD,0.0,0,P4,0.4423288677206774,0
sensitivity,exclude_WT,CP_RNA7_RF,matched512,P4-R5-SHE,0.616825,1,P4,0.3765355246322368,0
sensitivity,exclude_WT,CP_RNA7_RF,matched512,P4-R5-SHE+P7-R5-SHE,0.7531399999999999,1,P4+P7,0.38167617863766296,0
sensitivity,exclude_WT,CP_RNA7_RF,matched512,P4-R5-SNE,0.7430950000000001,1,P4,0.6779225820168349,1
sensitivity,exclude_WT,CP_RNA7_RF,matched512,P4-R5-SNE+P7-R5-SNE,0.80335,1,P4+P7,0.3445760392653293,0
sensitivity,exclude_WT,CP_RNA7_RF,matched512,P4-R5-SWD+P7-R5-SWD,0.518925,1,P4+P7,0.790712481115425,1
sensitivity,exclude_WT,CP_RNA7_RF,matched512,P4-R5-THE+P7-R5-THE,0.68814,1,P4+P7,0.7080046988525132,1
sensitivity,exclude_WT,CP_RNA7_RF,matched512,P4-R5-YTH+P7-R5-YTH,0.0,0,P4+P7,0.4213527767279163,0
sensitivity,exclude_WT,CP_RNA7_RF,matched512,P4-R5-YYE+P7-P5-YYE,0.0866649999999999,0,P4+P7,0.9030134170769969,1
sensitivity,exclude_WT,CP_RNA7_RF,matched512,P5-R6-AYE,0.55629,1,P5,0.8875311907130713,1
sensitivity,exclude_WT,CP_RNA7_RF,matched512,P5-R6-DFE,0.32484,0,P5,0.4162298837275559,0
sensitivity,exclude_WT,CP_RNA7_RF,matched512,P5-R6-FWD,0.37332,0,P5,0.4317142036322928,0
sensitivity,exclude_WT,CP_RNA7_RF,matched512,P5-R6-LRD,0.23336,0,P5,0.9643483927598759,1
sensitivity,exclude_WT,CP_RNA7_RF,matched512,P5-R6-NYE,0.57387,1,P5,0.18500850274093364,0
sensitivity,exclude_WT,CP_RNA7_RF,matched512,P5-R6-SFE,0.6291599999999999,1,P5,0.9588840467034686,1
sensitivity,exclude_WT,CP_RNA7_RF,matched512,P5-R6-SWD,0.666435,1,P5,0.5054823045919821,1
sensitivity,exclude_WT,CP_RNA7_RF,matched512,P5-R6-SYQ,0.591215,1,P5,0.8956816163001161,1
sensitivity,exclude_WT,CP_RNA7_RF,matched512,P5-R6-THN,0.529215,1,P5,0.17808713330579806,0
sensitivity,exclude_WT,CP_RNA7_RF,matched512,P5-R6-TTE,0.348885,0,P5,0.5437002880914897,1
sensitivity,exclude_WT,CP_RNA7_RF,matched512,P5-R6-TWD,0.59784,1,P5,0.8308736641213116,1
sensitivity,exclude_WT,CP_RNA7_RF,matched512,P5-R6-TYE,0.44306,0,P5,0.646371341178284,1
sensitivity,exclude_WT,CP_RNA7_RF,matched512,P5-R6-VFN,0.5554349999999999,1,P5,0.9219622864314695,1
sensitivity,exclude_WT,CP_RNA7_RF,matched512,P6-R7-MHQ,0.2532999999999999,0,P6,0.5220953809149145,1
sensitivity,exclude_WT,CP_RNA7_RF,matched512,P6-R7-QFW,0.67784,1,P6,0.8299050889567015,1
sensitivity,exclude_WT,CP_RNA7_RF,matched512,P6-R7-QRW,0.60431,1,P6,0.908723080004681,1
sensitivity,exclude_WT,CP_RNA7_RF,matched512,P6-R7-TRQ,0.657745,1,P6,0.812731914124226,1
sensitivity,exclude_WT,CP_RNA7_RF,matched512,P6-R7-WFD,0.70041,1,P6,0.5442437104299158,1
sensitivity,exclude_WT,CP_RNA7_RF,matched512,P6-R7-WFQ,0.651535,1,P6,0.6943517854791328,1
sensitivity,exclude_WT,CP_RNA7_RF,matched512,P7-R5-SYVIRR,0.79377,1,P7,0.7843675100483882,1
sensitivity,exclude_WT,CP_RNA7_RF,matched512,P8-R6-GVE,0.658565,1,P8,0.8549988897123673,1
sensitivity,exclude_undetected_zero,CP3_LR,matched512,P4-R5-SHE,0.616825,1,P4,0.3877416866155612,0
sensitivity,exclude_undetected_zero,CP3_LR,matched512,P4-R5-SHE+P7-R5-SHE,0.7531399999999999,1,P4+P7,0.3763763035627647,0
sensitivity,exclude_undetected_zero,CP3_LR,matched512,P4-R5-SNE,0.7430950000000001,1,P4,0.5653958213580946,1
sensitivity,exclude_undetected_zero,CP3_LR,matched512,P4-R5-SNE+P7-R5-SNE,0.80335,1,P4+P7,0.3403759972942084,0
sensitivity,exclude_undetected_zero,CP3_LR,matched512,P4-R5-SWD+P7-R5-SWD,0.518925,1,P4+P7,0.518212284994586,1
sensitivity,exclude_undetected_zero,CP3_LR,matched512,P4-R5-THE+P7-R5-THE,0.68814,1,P4+P7,0.5173982322421682,1
sensitivity,exclude_undetected_zero,CP3_LR,matched512,P4-R5-YYE+P7-P5-YYE,0.0866649999999999,0,P4+P7,0.5250371586769854,1
sensitivity,exclude_undetected_zero,CP3_LR,matched512,P5-R6-AYE,0.55629,1,P5,0.5778968638249149,1
sensitivity,exclude_undetected_zero,CP3_LR,matched512,P5-R6-DFE,0.32484,0,P5,0.44465408963123054,0
sensitivity,exclude_undetected_zero,CP3_LR,matched512,P5-R6-FWD,0.37332,0,P5,0.47347680089159383,0
sensitivity,exclude_undetected_zero,CP3_LR,matched512,P5-R6-LRD,0.23336,0,P5,0.7539344536915358,1
sensitivity,exclude_undetected_zero,CP3_LR,matched512,P5-R6-NYE,0.57387,1,P5,0.4676763334122593,0
sensitivity,exclude_undetected_zero,CP3_LR,matched512,P5-R6-SFE,0.6291599999999999,1,P5,0.5422263883799554,1
sensitivity,exclude_undetected_zero,CP3_LR,matched512,P5-R6-SWD,0.666435,1,P5,0.49384611649570775,0
sensitivity,exclude_undetected_zero,CP3_LR,matched512,P5-R6-SYQ,0.591215,1,P5,0.5253128247172718,1
sensitivity,exclude_undetected_zero,CP3_LR,matched512,P5-R6-THN,0.529215,1,P5,0.45488583533685334,0
sensitivity,exclude_undetected_zero,CP3_LR,matched512,P5-R6-TTE,0.348885,0,P5,0.4549179995771206,0
sensitivity,exclude_undetected_zero,CP3_LR,matched512,P5-R6-TWD,0.59784,1,P5,0.5513888456067436,1
sensitivity,exclude_undetected_zero,CP3_LR,matched512,P5-R6-TYE,0.44306,0,P5,0.48704989899476203,0
sensitivity,exclude_undetected_zero,CP3_LR,matched512,P5-R6-VFN,0.5554349999999999,1,P5,0.5374308046251873,1
sensitivity,exclude_undetected_zero,CP3_LR,matched512,P6-R7-MHQ,0.2532999999999999,0,P6,0.4171417837944509,0
sensitivity,exclude_undetected_zero,CP3_LR,matched512,P6-R7-QFW,0.67784,1,P6,0.5740871407440427,1
sensitivity,exclude_undetected_zero,CP3_LR,matched512,P6-R7-QRW,0.60431,1,P6,0.5481023845302987,1
sensitivity,exclude_undetected_zero,CP3_LR,matched512,P6-R7-TRQ,0.657745,1,P6,0.5427657684857559,1
sensitivity,exclude_undetected_zero,CP3_LR,matched512,P6-R7-WFD,0.70041,1,P6,0.4902693373247112,0
sensitivity,exclude_undetected_zero,CP3_LR,matched512,P6-R7-WFQ,0.651535,1,P6,0.5203834270263974,1
sensitivity,exclude_undetected_zero,CP3_LR,matched512,P7-R5-SYVIRR,0.79377,1,P7,0.5286674013043404,1
sensitivity,exclude_undetected_zero,CP3_LR,matched512,P8-R6-GVE,0.658565,1,P8,0.5482656380054212,1
sensitivity,exclude_undetected_zero,CP3_LR,matched512,PUF12-9,0.7256100000000001,1,WT,0.49449852885265977,0
sensitivity,exclude_undetected_zero,CP3_RF,matched512,P4-R5-SHE,0.616825,1,P4,0.4012013103073361,0
sensitivity,exclude_undetected_zero,CP3_RF,matched512,P4-R5-SHE+P7-R5-SHE,0.7531399999999999,1,P4+P7,0.4012013103073361,0
sensitivity,exclude_undetected_zero,CP3_RF,matched512,P4-R5-SNE,0.7430950000000001,1,P4,0.8566453080504098,1
sensitivity,exclude_undetected_zero,CP3_RF,matched512,P4-R5-SNE+P7-R5-SNE,0.80335,1,P4+P7,0.42516102309966364,0
sensitivity,exclude_undetected_zero,CP3_RF,matched512,P4-R5-SWD+P7-R5-SWD,0.518925,1,P4+P7,0.791991417019513,1
sensitivity,exclude_undetected_zero,CP3_RF,matched512,P4-R5-THE+P7-R5-THE,0.68814,1,P4+P7,0.9155811645784556,1
sensitivity,exclude_undetected_zero,CP3_RF,matched512,P4-R5-YYE+P7-P5-YYE,0.0866649999999999,0,P4+P7,0.994902317128578,1
sensitivity,exclude_undetected_zero,CP3_RF,matched512,P5-R6-AYE,0.55629,1,P5,0.67159372735108,1
sensitivity,exclude_undetected_zero,CP3_RF,matched512,P5-R6-DFE,0.32484,0,P5,0.2503670959009115,0
sensitivity,exclude_undetected_zero,CP3_RF,matched512,P5-R6-FWD,0.37332,0,P5,0.39321260887038356,0
sensitivity,exclude_undetected_zero,CP3_RF,matched512,P5-R6-LRD,0.23336,0,P5,1.0,1
sensitivity,exclude_undetected_zero,CP3_RF,matched512,P5-R6-NYE,0.57387,1,P5,0.18714896384264748,0
sensitivity,exclude_undetected_zero,CP3_RF,matched512,P5-R6-SFE,0.6291599999999999,1,P5,0.9057465353274177,1
sensitivity,exclude_undetected_zero,CP3_RF,matched512,P5-R6-SWD,0.666435,1,P5,0.4776388707312791,0
sensitivity,exclude_undetected_zero,CP3_RF,matched512,P5-R6-SYQ,0.591215,1,P5,0.9043833592877709,1
sensitivity,exclude_undetected_zero,CP3_RF,matched512,P5-R6-THN,0.529215,1,P5,0.1655350037021126,0
sensitivity,exclude_undetected_zero,CP3_RF,matched512,P5-R6-TTE,0.348885,0,P5,0.47910939323773255,0
sensitivity,exclude_undetected_zero,CP3_RF,matched512,P5-R6-TWD,0.59784,1,P5,0.6472356785371488,1
sensitivity,exclude_undetected_zero,CP3_RF,matched512,P5-R6-TYE,0.44306,0,P5,0.503526436762507,1
sensitivity,exclude_undetected_zero,CP3_RF,matched512,P5-R6-VFN,0.5554349999999999,1,P5,0.8635960584822813,1
sensitivity,exclude_undetected_zero,CP3_RF,matched512,P6-R7-MHQ,0.2532999999999999,0,P6,0.7470784407312152,1
sensitivity,exclude_undetected_zero,CP3_RF,matched512,P6-R7-QFW,0.67784,1,P6,0.6285935010551882,1
sensitivity,exclude_undetected_zero,CP3_RF,matched512,P6-R7-QRW,0.60431,1,P6,0.8210939589306463,1
sensitivity,exclude_undetected_zero,CP3_RF,matched512,P6-R7-TRQ,0.657745,1,P6,0.8144917895444919,1
sensitivity,exclude_undetected_zero,CP3_RF,matched512,P6-R7-WFD,0.70041,1,P6,0.44616968392879014,0
sensitivity,exclude_undetected_zero,CP3_RF,matched512,P6-R7-WFQ,0.651535,1,P6,0.8659868844176118,1
sensitivity,exclude_undetected_zero,CP3_RF,matched512,P7-R5-SYVIRR,0.79377,1,P7,0.7707721410127689,1
sensitivity,exclude_undetected_zero,CP3_RF,matched512,P8-R6-GVE,0.658565,1,P8,0.7816214233094197,1
sensitivity,exclude_undetected_zero,CP3_RF,matched512,PUF12-9,0.7256100000000001,1,WT,0.3795747412589971,0
sensitivity,exclude_undetected_zero,Structure6_LR,matched512,P4-R5-SHE,0.616825,1,P4,0.671865946060418,1
sensitivity,exclude_undetected_zero,Structure6_LR,matched512,P4-R5-SHE+P7-R5-SHE,0.7531399999999999,1,P4+P7,0.5663526816758347,1
sensitivity,exclude_undetected_zero,Structure6_LR,matched512,P4-R5-SNE,0.7430950000000001,1,P4,0.6352936989016532,1
sensitivity,exclude_undetected_zero,Structure6_LR,matched512,P4-R5-SNE+P7-R5-SNE,0.80335,1,P4+P7,0.5873194854426813,1
sensitivity,exclude_undetected_zero,Structure6_LR,matched512,P4-R5-SWD+P7-R5-SWD,0.518925,1,P4+P7,0.4130050905749182,0
sensitivity,exclude_undetected_zero,Structure6_LR,matched512,P4-R5-THE+P7-R5-THE,0.68814,1,P4+P7,0.3070360486215498,0
sensitivity,exclude_undetected_zero,Structure6_LR,matched512,P4-R5-YYE+P7-P5-YYE,0.0866649999999999,0,P4+P7,0.4057932953323443,0
sensitivity,exclude_undetected_zero,Structure6_LR,matched512,P5-R6-AYE,0.55629,1,P5,0.5498023738222004,1
sensitivity,exclude_undetected_zero,Structure6_LR,matched512,P5-R6-DFE,0.32484,0,P5,0.5961942066642755,1
sensitivity,exclude_undetected_zero,Structure6_LR,matched512,P5-R6-FWD,0.37332,0,P5,0.36273308151848294,0
sensitivity,exclude_undetected_zero,Structure6_LR,matched512,P5-R6-LRD,0.23336,0,P5,0.4824721263270625,0
sensitivity,exclude_undetected_zero,Structure6_LR,matched512,P5-R6-NYE,0.57387,1,P5,0.36744629718144883,0
sensitivity,exclude_undetected_zero,Structure6_LR,matched512,P5-R6-SFE,0.6291599999999999,1,P5,0.537406666739541,1
sensitivity,exclude_undetected_zero,Structure6_LR,matched512,P5-R6-SWD,0.666435,1,P5,0.6671134454727324,1
sensitivity,exclude_undetected_zero,Structure6_LR,matched512,P5-R6-SYQ,0.591215,1,P5,0.5117053944253879,1
sensitivity,exclude_undetected_zero,Structure6_LR,matched512,P5-R6-THN,0.529215,1,P5,0.505208497774935,1
sensitivity,exclude_undetected_zero,Structure6_LR,matched512,P5-R6-TTE,0.348885,0,P5,0.36946076170029596,0
sensitivity,exclude_undetected_zero,Structure6_LR,matched512,P5-R6-TWD,0.59784,1,P5,0.2773947501579374,0
sensitivity,exclude_undetected_zero,Structure6_LR,matched512,P5-R6-TYE,0.44306,0,P5,0.584491958197447,1
sensitivity,exclude_undetected_zero,Structure6_LR,matched512,P5-R6-VFN,0.5554349999999999,1,P5,0.7112512187111043,1
sensitivity,exclude_undetected_zero,Structure6_LR,matched512,P6-R7-MHQ,0.2532999999999999,0,P6,0.5430653278164475,1
sensitivity,exclude_undetected_zero,Structure6_LR,matched512,P6-R7-QFW,0.67784,1,P6,0.4854078220663819,0
sensitivity,exclude_undetected_zero,Structure6_LR,matched512,P6-R7-QRW,0.60431,1,P6,0.6400021342500661,1
sensitivity,exclude_undetected_zero,Structure6_LR,matched512,P6-R7-TRQ,0.657745,1,P6,0.6232499145947056,1
sensitivity,exclude_undetected_zero,Structure6_LR,matched512,P6-R7-WFD,0.70041,1,P6,0.47182845615031793,0
sensitivity,exclude_undetected_zero,Structure6_LR,matched512,P6-R7-WFQ,0.651535,1,P6,0.49400239661487977,0
sensitivity,exclude_undetected_zero,Structure6_LR,matched512,P7-R5-SYVIRR,0.79377,1,P7,0.49111351670537506,0
sensitivity,exclude_undetected_zero,Structure6_LR,matched512,P8-R6-GVE,0.658565,1,P8,0.925162316297637,1
sensitivity,exclude_undetected_zero,Structure6_LR,matched512,PUF12-9,0.7256100000000001,1,WT,0.6348967904606461,1
sensitivity,exclude_undetected_zero,Structure6_RF,matched512,P4-R5-SHE,0.616825,1,P4,0.7174549322497396,1
sensitivity,exclude_undetected_zero,Structure6_RF,matched512,P4-R5-SHE+P7-R5-SHE,0.7531399999999999,1,P4+P7,0.8323272172873566,1
sensitivity,exclude_undetected_zero,Structure6_RF,matched512,P4-R5-SNE,0.7430950000000001,1,P4,0.8885391740612327,1
sensitivity,exclude_undetected_zero,Structure6_RF,matched512,P4-R5-SNE+P7-R5-SNE,0.80335,1,P4+P7,0.7936857994946227,1
sensitivity,exclude_undetected_zero,Structure6_RF,matched512,P4-R5-SWD+P7-R5-SWD,0.518925,1,P4+P7,0.7352916872556071,1
sensitivity,exclude_undetected_zero,Structure6_RF,matched512,P4-R5-THE+P7-R5-THE,0.68814,1,P4+P7,0.6511883872622195,1
sensitivity,exclude_undetected_zero,Structure6_RF,matched512,P4-R5-YYE+P7-P5-YYE,0.0866649999999999,0,P4+P7,0.33780471058581457,0
sensitivity,exclude_undetected_zero,Structure6_RF,matched512,P5-R6-AYE,0.55629,1,P5,0.7221720828191414,1
sensitivity,exclude_undetected_zero,Structure6_RF,matched512,P5-R6-DFE,0.32484,0,P5,0.8522242053244189,1
sensitivity,exclude_undetected_zero,Structure6_RF,matched512,P5-R6-FWD,0.37332,0,P5,0.308972284789813,0
sensitivity,exclude_undetected_zero,Structure6_RF,matched512,P5-R6-LRD,0.23336,0,P5,0.9085211919639187,1
sensitivity,exclude_undetected_zero,Structure6_RF,matched512,P5-R6-NYE,0.57387,1,P5,0.22294531580068694,0
sensitivity,exclude_undetected_zero,Structure6_RF,matched512,P5-R6-SFE,0.6291599999999999,1,P5,0.7219953505492543,1
sensitivity,exclude_undetected_zero,Structure6_RF,matched512,P5-R6-SWD,0.666435,1,P5,0.844191410039236,1
sensitivity,exclude_undetected_zero,Structure6_RF,matched512,P5-R6-SYQ,0.591215,1,P5,0.36882563897991666,0
sensitivity,exclude_undetected_zero,Structure6_RF,matched512,P5-R6-THN,0.529215,1,P5,0.3990009192727005,0
sensitivity,exclude_undetected_zero,Structure6_RF,matched512,P5-R6-TTE,0.348885,0,P5,0.44554792662902964,0
sensitivity,exclude_undetected_zero,Structure6_RF,matched512,P5-R6-TWD,0.59784,1,P5,0.3975910720937025,0
sensitivity,exclude_undetected_zero,Structure6_RF,matched512,P5-R6-TYE,0.44306,0,P5,0.9320494748383726,1
sensitivity,exclude_undetected_zero,Structure6_RF,matched512,P5-R6-VFN,0.5554349999999999,1,P5,0.8330388611388613,1
sensitivity,exclude_undetected_zero,Structure6_RF,matched512,P6-R7-MHQ,0.2532999999999999,0,P6,0.8612491795585978,1
sensitivity,exclude_undetected_zero,Structure6_RF,matched512,P6-R7-QFW,0.67784,1,P6,0.6123407945129494,1
sensitivity,exclude_undetected_zero,Structure6_RF,matched512,P6-R7-QRW,0.60431,1,P6,0.8120521475561912,1
sensitivity,exclude_undetected_zero,Structure6_RF,matched512,P6-R7-TRQ,0.657745,1,P6,0.7804726682120059,1
sensitivity,exclude_undetected_zero,Structure6_RF,matched512,P6-R7-WFD,0.70041,1,P6,0.6483790250130994,1
sensitivity,exclude_undetected_zero,Structure6_RF,matched512,P6-R7-WFQ,0.651535,1,P6,0.7148901424044801,1
sensitivity,exclude_undetected_zero,Structure6_RF,matched512,P7-R5-SYVIRR,0.79377,1,P7,0.6438926919883108,1
sensitivity,exclude_undetected_zero,Structure6_RF,matched512,P8-R6-GVE,0.658565,1,P8,0.8515375100176891,1
sensitivity,exclude_undetected_zero,Structure6_RF,matched512,PUF12-9,0.7256100000000001,1,WT,0.941890002154708,1
sensitivity,exclude_undetected_zero,CP_Structure9_LR,matched512,P4-R5-SHE,0.616825,1,P4,0.5830653270025248,1
sensitivity,exclude_undetected_zero,CP_Structure9_LR,matched512,P4-R5-SHE+P7-R5-SHE,0.7531399999999999,1,P4+P7,0.4240037741547871,0
sensitivity,exclude_undetected_zero,CP_Structure9_LR,matched512,P4-R5-SNE,0.7430950000000001,1,P4,0.7047635905994982,1
sensitivity,exclude_undetected_zero,CP_Structure9_LR,matched512,P4-R5-SNE+P7-R5-SNE,0.80335,1,P4+P7,0.4055583197895237,0
sensitivity,exclude_undetected_zero,CP_Structure9_LR,matched512,P4-R5-SWD+P7-R5-SWD,0.518925,1,P4+P7,0.42240128846546676,0
sensitivity,exclude_undetected_zero,CP_Structure9_LR,matched512,P4-R5-THE+P7-R5-THE,0.68814,1,P4+P7,0.3739458246099514,0
sensitivity,exclude_undetected_zero,CP_Structure9_LR,matched512,P4-R5-YYE+P7-P5-YYE,0.0866649999999999,0,P4+P7,0.39705471857601354,0
sensitivity,exclude_undetected_zero,CP_Structure9_LR,matched512,P5-R6-AYE,0.55629,1,P5,0.6946709393357245,1
sensitivity,exclude_undetected_zero,CP_Structure9_LR,matched512,P5-R6-DFE,0.32484,0,P5,0.5372793149837035,1
sensitivity,exclude_undetected_zero,CP_Structure9_LR,matched512,P5-R6-FWD,0.37332,0,P5,0.31856597738806286,0
sensitivity,exclude_undetected_zero,CP_Structure9_LR,matched512,P5-R6-LRD,0.23336,0,P5,0.6847083952136779,1
sensitivity,exclude_undetected_zero,CP_Structure9_LR,matched512,P5-R6-NYE,0.57387,1,P5,0.3238792492152501,0
sensitivity,exclude_undetected_zero,CP_Structure9_LR,matched512,P5-R6-SFE,0.6291599999999999,1,P5,0.6025832771952674,1
sensitivity,exclude_undetected_zero,CP_Structure9_LR,matched512,P5-R6-SWD,0.666435,1,P5,0.7002878472669943,1
sensitivity,exclude_undetected_zero,CP_Structure9_LR,matched512,P5-R6-SYQ,0.591215,1,P5,0.5503994835090239,1
sensitivity,exclude_undetected_zero,CP_Structure9_LR,matched512,P5-R6-THN,0.529215,1,P5,0.4635069581412194,0
sensitivity,exclude_undetected_zero,CP_Structure9_LR,matched512,P5-R6-TTE,0.348885,0,P5,0.3428699240921283,0
sensitivity,exclude_undetected_zero,CP_Structure9_LR,matched512,P5-R6-TWD,0.59784,1,P5,0.3563647659383708,0
sensitivity,exclude_undetected_zero,CP_Structure9_LR,matched512,P5-R6-TYE,0.44306,0,P5,0.5843408040657516,1
sensitivity,exclude_undetected_zero,CP_Structure9_LR,matched512,P5-R6-VFN,0.5554349999999999,1,P5,0.7526605098848752,1
sensitivity,exclude_undetected_zero,CP_Structure9_LR,matched512,P6-R7-MHQ,0.2532999999999999,0,P6,0.38673721006519846,0
sensitivity,exclude_undetected_zero,CP_Structure9_LR,matched512,P6-R7-QFW,0.67784,1,P6,0.6191294745650298,1
sensitivity,exclude_undetected_zero,CP_Structure9_LR,matched512,P6-R7-QRW,0.60431,1,P6,0.6894611032650376,1
sensitivity,exclude_undetected_zero,CP_Structure9_LR,matched512,P6-R7-TRQ,0.657745,1,P6,0.6428315198037513,1
sensitivity,exclude_undetected_zero,CP_Structure9_LR,matched512,P6-R7-WFD,0.70041,1,P6,0.45429568329268,0
sensitivity,exclude_undetected_zero,CP_Structure9_LR,matched512,P6-R7-WFQ,0.651535,1,P6,0.4914807210648472,0
sensitivity,exclude_undetected_zero,CP_Structure9_LR,matched512,P7-R5-SYVIRR,0.79377,1,P7,0.4522993615046695,0
sensitivity,exclude_undetected_zero,CP_Structure9_LR,matched512,P8-R6-GVE,0.658565,1,P8,0.9127026969248663,1
sensitivity,exclude_undetected_zero,CP_Structure9_LR,matched512,PUF12-9,0.7256100000000001,1,WT,0.6142051454277884,1
sensitivity,exclude_undetected_zero,CP_Structure9_RF,matched512,P4-R5-SHE,0.616825,1,P4,0.5372821575214394,1
sensitivity,exclude_undetected_zero,CP_Structure9_RF,matched512,P4-R5-SHE+P7-R5-SHE,0.7531399999999999,1,P4+P7,0.6114438898977363,1
sensitivity,exclude_undetected_zero,CP_Structure9_RF,matched512,P4-R5-SNE,0.7430950000000001,1,P4,0.8875186112906701,1
sensitivity,exclude_undetected_zero,CP_Structure9_RF,matched512,P4-R5-SNE+P7-R5-SNE,0.80335,1,P4+P7,0.6079647726636691,1
sensitivity,exclude_undetected_zero,CP_Structure9_RF,matched512,P4-R5-SWD+P7-R5-SWD,0.518925,1,P4+P7,0.7463456971302379,1
sensitivity,exclude_undetected_zero,CP_Structure9_RF,matched512,P4-R5-THE+P7-R5-THE,0.68814,1,P4+P7,0.7571013268767846,1
sensitivity,exclude_undetected_zero,CP_Structure9_RF,matched512,P4-R5-YYE+P7-P5-YYE,0.0866649999999999,0,P4+P7,0.6090472590303464,1
sensitivity,exclude_undetected_zero,CP_Structure9_RF,matched512,P5-R6-AYE,0.55629,1,P5,0.8152189477189475,1
sensitivity,exclude_undetected_zero,CP_Structure9_RF,matched512,P5-R6-DFE,0.32484,0,P5,0.7594989618223874,1
sensitivity,exclude_undetected_zero,CP_Structure9_RF,matched512,P5-R6-FWD,0.37332,0,P5,0.2867698173882036,0
sensitivity,exclude_undetected_zero,CP_Structure9_RF,matched512,P5-R6-LRD,0.23336,0,P5,0.968983606557377,1
sensitivity,exclude_undetected_zero,CP_Structure9_RF,matched512,P5-R6-NYE,0.57387,1,P5,0.1736897622053621,0
sensitivity,exclude_undetected_zero,CP_Structure9_RF,matched512,P5-R6-SFE,0.6291599999999999,1,P5,0.788653422399339,1
sensitivity,exclude_undetected_zero,CP_Structure9_RF,matched512,P5-R6-SWD,0.666435,1,P5,0.8764126350507837,1
sensitivity,exclude_undetected_zero,CP_Structure9_RF,matched512,P5-R6-SYQ,0.591215,1,P5,0.5257620510479701,1
sensitivity,exclude_undetected_zero,CP_Structure9_RF,matched512,P5-R6-THN,0.529215,1,P5,0.36929503129508257,0
sensitivity,exclude_undetected_zero,CP_Structure9_RF,matched512,P5-R6-TTE,0.348885,0,P5,0.4738967686850776,0
sensitivity,exclude_undetected_zero,CP_Structure9_RF,matched512,P5-R6-TWD,0.59784,1,P5,0.48126320558456653,0
sensitivity,exclude_undetected_zero,CP_Structure9_RF,matched512,P5-R6-TYE,0.44306,0,P5,0.9263794408946089,1
sensitivity,exclude_undetected_zero,CP_Structure9_RF,matched512,P5-R6-VFN,0.5554349999999999,1,P5,0.8512106241584503,1
sensitivity,exclude_undetected_zero,CP_Structure9_RF,matched512,P6-R7-MHQ,0.2532999999999999,0,P6,0.8156059051578591,1
sensitivity,exclude_undetected_zero,CP_Structure9_RF,matched512,P6-R7-QFW,0.67784,1,P6,0.5989763871622162,1
sensitivity,exclude_undetected_zero,CP_Structure9_RF,matched512,P6-R7-QRW,0.60431,1,P6,0.837313226947818,1
sensitivity,exclude_undetected_zero,CP_Structure9_RF,matched512,P6-R7-TRQ,0.657745,1,P6,0.796289185286263,1
sensitivity,exclude_undetected_zero,CP_Structure9_RF,matched512,P6-R7-WFD,0.70041,1,P6,0.49902852506559275,0
sensitivity,exclude_undetected_zero,CP_Structure9_RF,matched512,P6-R7-WFQ,0.651535,1,P6,0.7368007808754714,1
sensitivity,exclude_undetected_zero,CP_Structure9_RF,matched512,P7-R5-SYVIRR,0.79377,1,P7,0.6411780335247828,1
sensitivity,exclude_undetected_zero,CP_Structure9_RF,matched512,P8-R6-GVE,0.658565,1,P8,0.905370902115787,1
sensitivity,exclude_undetected_zero,CP_Structure9_RF,matched512,PUF12-9,0.7256100000000001,1,WT,0.8482372811399128,1
sensitivity,exclude_undetected_zero,RNA4_LR,matched512,P4-R5-SHE,0.616825,1,P4,0.4169959876484869,0
sensitivity,exclude_undetected_zero,RNA4_LR,matched512,P4-R5-SHE+P7-R5-SHE,0.7531399999999999,1,P4+P7,0.4117120823056672,0
sensitivity,exclude_undetected_zero,RNA4_LR,matched512,P4-R5-SNE,0.7430950000000001,1,P4,0.3544861964966415,0
sensitivity,exclude_undetected_zero,RNA4_LR,matched512,P4-R5-SNE+P7-R5-SNE,0.80335,1,P4+P7,0.35957469410867504,0
sensitivity,exclude_undetected_zero,RNA4_LR,matched512,P4-R5-SWD+P7-R5-SWD,0.518925,1,P4+P7,0.5820796539600905,1
sensitivity,exclude_undetected_zero,RNA4_LR,matched512,P4-R5-THE+P7-R5-THE,0.68814,1,P4+P7,0.3943871981446371,0
sensitivity,exclude_undetected_zero,RNA4_LR,matched512,P4-R5-YYE+P7-P5-YYE,0.0866649999999999,0,P4+P7,0.4841880064470987,0
sensitivity,exclude_undetected_zero,RNA4_LR,matched512,P5-R6-AYE,0.55629,1,P5,0.5618701607412072,1
sensitivity,exclude_undetected_zero,RNA4_LR,matched512,P5-R6-DFE,0.32484,0,P5,0.6009272423276938,1
sensitivity,exclude_undetected_zero,RNA4_LR,matched512,P5-R6-FWD,0.37332,0,P5,0.5118224089322613,1
sensitivity,exclude_undetected_zero,RNA4_LR,matched512,P5-R6-LRD,0.23336,0,P5,0.4125050170205821,0
sensitivity,exclude_undetected_zero,RNA4_LR,matched512,P5-R6-NYE,0.57387,1,P5,0.5722483841789419,1
sensitivity,exclude_undetected_zero,RNA4_LR,matched512,P5-R6-SFE,0.6291599999999999,1,P5,0.5588915568061172,1
sensitivity,exclude_undetected_zero,RNA4_LR,matched512,P5-R6-SWD,0.666435,1,P5,0.5181779508988902,1
sensitivity,exclude_undetected_zero,RNA4_LR,matched512,P5-R6-SYQ,0.591215,1,P5,0.5576740382998776,1
sensitivity,exclude_undetected_zero,RNA4_LR,matched512,P5-R6-THN,0.529215,1,P5,0.5886674863423381,1
sensitivity,exclude_undetected_zero,RNA4_LR,matched512,P5-R6-TTE,0.348885,0,P5,0.39134637086623425,0
sensitivity,exclude_undetected_zero,RNA4_LR,matched512,P5-R6-TWD,0.59784,1,P5,0.4990560995606928,0
sensitivity,exclude_undetected_zero,RNA4_LR,matched512,P5-R6-TYE,0.44306,0,P5,0.5976065765953126,1
sensitivity,exclude_undetected_zero,RNA4_LR,matched512,P5-R6-VFN,0.5554349999999999,1,P5,0.559783176368556,1
sensitivity,exclude_undetected_zero,RNA4_LR,matched512,P6-R7-MHQ,0.2532999999999999,0,P6,0.4656236200963132,0
sensitivity,exclude_undetected_zero,RNA4_LR,matched512,P6-R7-QFW,0.67784,1,P6,0.5113683806766703,1
sensitivity,exclude_undetected_zero,RNA4_LR,matched512,P6-R7-QRW,0.60431,1,P6,0.5466706663041537,1
sensitivity,exclude_undetected_zero,RNA4_LR,matched512,P6-R7-TRQ,0.657745,1,P6,0.5162039171002487,1
sensitivity,exclude_undetected_zero,RNA4_LR,matched512,P6-R7-WFD,0.70041,1,P6,0.5343932046585634,1
sensitivity,exclude_undetected_zero,RNA4_LR,matched512,P6-R7-WFQ,0.651535,1,P6,0.4499380715403094,0
sensitivity,exclude_undetected_zero,RNA4_LR,matched512,P7-R5-SYVIRR,0.79377,1,P7,0.5608250960547643,1
sensitivity,exclude_undetected_zero,RNA4_LR,matched512,P8-R6-GVE,0.658565,1,P8,0.5599040585531636,1
sensitivity,exclude_undetected_zero,RNA4_LR,matched512,PUF12-9,0.7256100000000001,1,WT,0.5797657227155725,1
sensitivity,exclude_undetected_zero,RNA4_RF,matched512,P4-R5-SHE,0.616825,1,P4,0.4888982643659419,0
sensitivity,exclude_undetected_zero,RNA4_RF,matched512,P4-R5-SHE+P7-R5-SHE,0.7531399999999999,1,P4+P7,0.4888982643659419,0
sensitivity,exclude_undetected_zero,RNA4_RF,matched512,P4-R5-SNE,0.7430950000000001,1,P4,0.4758074844028709,0
sensitivity,exclude_undetected_zero,RNA4_RF,matched512,P4-R5-SNE+P7-R5-SNE,0.80335,1,P4+P7,0.4758074844028709,0
sensitivity,exclude_undetected_zero,RNA4_RF,matched512,P4-R5-SWD+P7-R5-SWD,0.518925,1,P4+P7,0.4927098273262508,0
sensitivity,exclude_undetected_zero,RNA4_RF,matched512,P4-R5-THE+P7-R5-THE,0.68814,1,P4+P7,0.4960856107014236,0
sensitivity,exclude_undetected_zero,RNA4_RF,matched512,P4-R5-YYE+P7-P5-YYE,0.0866649999999999,0,P4+P7,0.5464614826019848,1
sensitivity,exclude_undetected_zero,RNA4_RF,matched512,P5-R6-AYE,0.55629,1,P5,0.755626232618368,1
sensitivity,exclude_undetected_zero,RNA4_RF,matched512,P5-R6-DFE,0.32484,0,P5,0.7122217246582838,1
sensitivity,exclude_undetected_zero,RNA4_RF,matched512,P5-R6-FWD,0.37332,0,P5,0.817139208951272,1
sensitivity,exclude_undetected_zero,RNA4_RF,matched512,P5-R6-LRD,0.23336,0,P5,0.5637680551750776,1
sensitivity,exclude_undetected_zero,RNA4_RF,matched512,P5-R6-NYE,0.57387,1,P5,0.45806731899910536,0
sensitivity,exclude_undetected_zero,RNA4_RF,matched512,P5-R6-SFE,0.6291599999999999,1,P5,0.7484045213374309,1
sensitivity,exclude_undetected_zero,RNA4_RF,matched512,P5-R6-SWD,0.666435,1,P5,0.40531196570083233,0
sensitivity,exclude_undetected_zero,RNA4_RF,matched512,P5-R6-SYQ,0.591215,1,P5,0.6491856591121293,1
sensitivity,exclude_undetected_zero,RNA4_RF,matched512,P5-R6-THN,0.529215,1,P5,0.5690169111933816,1
sensitivity,exclude_undetected_zero,RNA4_RF,matched512,P5-R6-TTE,0.348885,0,P5,0.7814530087887767,1
sensitivity,exclude_undetected_zero,RNA4_RF,matched512,P5-R6-TWD,0.59784,1,P5,0.7864389352699778,1
sensitivity,exclude_undetected_zero,RNA4_RF,matched512,P5-R6-TYE,0.44306,0,P5,0.8537845559795367,1
sensitivity,exclude_undetected_zero,RNA4_RF,matched512,P5-R6-VFN,0.5554349999999999,1,P5,0.7586501222797394,1
sensitivity,exclude_undetected_zero,RNA4_RF,matched512,P6-R7-MHQ,0.2532999999999999,0,P6,0.43024079606871096,0
sensitivity,exclude_undetected_zero,RNA4_RF,matched512,P6-R7-QFW,0.67784,1,P6,0.6931205345297979,1
sensitivity,exclude_undetected_zero,RNA4_RF,matched512,P6-R7-QRW,0.60431,1,P6,0.7569686438705251,1
sensitivity,exclude_undetected_zero,RNA4_RF,matched512,P6-R7-TRQ,0.657745,1,P6,0.7329038128918896,1
sensitivity,exclude_undetected_zero,RNA4_RF,matched512,P6-R7-WFD,0.70041,1,P6,0.6606273759336102,1
sensitivity,exclude_undetected_zero,RNA4_RF,matched512,P6-R7-WFQ,0.651535,1,P6,0.2735408143538003,0
sensitivity,exclude_undetected_zero,RNA4_RF,matched512,P7-R5-SYVIRR,0.79377,1,P7,0.7760945716131995,1
sensitivity,exclude_undetected_zero,RNA4_RF,matched512,P8-R6-GVE,0.658565,1,P8,0.713670901540927,1
sensitivity,exclude_undetected_zero,RNA4_RF,matched512,PUF12-9,0.7256100000000001,1,WT,0.659124283530442,1
sensitivity,exclude_undetected_zero,CP_RNA7_LR,matched512,P4-R5-SHE,0.616825,1,P4,0.30929899644636105,0
sensitivity,exclude_undetected_zero,CP_RNA7_LR,matched512,P4-R5-SHE+P7-R5-SHE,0.7531399999999999,1,P4+P7,0.29673578760151714,0
sensitivity,exclude_undetected_zero,CP_RNA7_LR,matched512,P4-R5-SNE,0.7430950000000001,1,P4,0.4247679788257722,0
sensitivity,exclude_undetected_zero,CP_RNA7_LR,matched512,P4-R5-SNE+P7-R5-SNE,0.80335,1,P4+P7,0.22645120079531456,0
sensitivity,exclude_undetected_zero,CP_RNA7_LR,matched512,P4-R5-SWD+P7-R5-SWD,0.518925,1,P4+P7,0.5959674395042436,1
sensitivity,exclude_undetected_zero,CP_RNA7_LR,matched512,P4-R5-THE+P7-R5-THE,0.68814,1,P4+P7,0.4244389131777174,0
sensitivity,exclude_undetected_zero,CP_RNA7_LR,matched512,P4-R5-YYE+P7-P5-YYE,0.0866649999999999,0,P4+P7,0.4990261133380395,0
sensitivity,exclude_undetected_zero,CP_RNA7_LR,matched512,P5-R6-AYE,0.55629,1,P5,0.6437193159818144,1
sensitivity,exclude_undetected_zero,CP_RNA7_LR,matched512,P5-R6-DFE,0.32484,0,P5,0.5455395296175922,1
sensitivity,exclude_undetected_zero,CP_RNA7_LR,matched512,P5-R6-FWD,0.37332,0,P5,0.48256654393968973,0
sensitivity,exclude_undetected_zero,CP_RNA7_LR,matched512,P5-R6-LRD,0.23336,0,P5,0.7398145620022808,1
sensitivity,exclude_undetected_zero,CP_RNA7_LR,matched512,P5-R6-NYE,0.57387,1,P5,0.5342268197730738,1
sensitivity,exclude_undetected_zero,CP_RNA7_LR,matched512,P5-R6-SFE,0.6291599999999999,1,P5,0.5997433801068633,1
sensitivity,exclude_undetected_zero,CP_RNA7_LR,matched512,P5-R6-SWD,0.666435,1,P5,0.5112322061225903,1
sensitivity,exclude_undetected_zero,CP_RNA7_LR,matched512,P5-R6-SYQ,0.591215,1,P5,0.575528138352846,1
sensitivity,exclude_undetected_zero,CP_RNA7_LR,matched512,P5-R6-THN,0.529215,1,P5,0.5392910193033564,1
sensitivity,exclude_undetected_zero,CP_RNA7_LR,matched512,P5-R6-TTE,0.348885,0,P5,0.3430735661096257,0
sensitivity,exclude_undetected_zero,CP_RNA7_LR,matched512,P5-R6-TWD,0.59784,1,P5,0.5517878911782137,1
sensitivity,exclude_undetected_zero,CP_RNA7_LR,matched512,P5-R6-TYE,0.44306,0,P5,0.5801264655490792,1
sensitivity,exclude_undetected_zero,CP_RNA7_LR,matched512,P5-R6-VFN,0.5554349999999999,1,P5,0.5972986088881522,1
sensitivity,exclude_undetected_zero,CP_RNA7_LR,matched512,P6-R7-MHQ,0.2532999999999999,0,P6,0.37005798941505375,0
sensitivity,exclude_undetected_zero,CP_RNA7_LR,matched512,P6-R7-QFW,0.67784,1,P6,0.5936210594487742,1
sensitivity,exclude_undetected_zero,CP_RNA7_LR,matched512,P6-R7-QRW,0.60431,1,P6,0.5982083379200106,1
sensitivity,exclude_undetected_zero,CP_RNA7_LR,matched512,P6-R7-TRQ,0.657745,1,P6,0.5466100094788789,1
sensitivity,exclude_undetected_zero,CP_RNA7_LR,matched512,P6-R7-WFD,0.70041,1,P6,0.525167055127652,1
sensitivity,exclude_undetected_zero,CP_RNA7_LR,matched512,P6-R7-WFQ,0.651535,1,P6,0.46706135553547384,0
sensitivity,exclude_undetected_zero,CP_RNA7_LR,matched512,P7-R5-SYVIRR,0.79377,1,P7,0.5816003742734485,1
sensitivity,exclude_undetected_zero,CP_RNA7_LR,matched512,P8-R6-GVE,0.658565,1,P8,0.6016478575194061,1
sensitivity,exclude_undetected_zero,CP_RNA7_LR,matched512,PUF12-9,0.7256100000000001,1,WT,0.5690349839251817,1
sensitivity,exclude_undetected_zero,CP_RNA7_RF,matched512,P4-R5-SHE,0.616825,1,P4,0.38661658979285185,0
sensitivity,exclude_undetected_zero,CP_RNA7_RF,matched512,P4-R5-SHE+P7-R5-SHE,0.7531399999999999,1,P4+P7,0.38661658979285185,0
sensitivity,exclude_undetected_zero,CP_RNA7_RF,matched512,P4-R5-SNE,0.7430950000000001,1,P4,0.6300180166522628,1
sensitivity,exclude_undetected_zero,CP_RNA7_RF,matched512,P4-R5-SNE+P7-R5-SNE,0.80335,1,P4+P7,0.4038830570589711,0
sensitivity,exclude_undetected_zero,CP_RNA7_RF,matched512,P4-R5-SWD+P7-R5-SWD,0.518925,1,P4+P7,0.8264299081003148,1
sensitivity,exclude_undetected_zero,CP_RNA7_RF,matched512,P4-R5-THE+P7-R5-THE,0.68814,1,P4+P7,0.6277813461048755,1
sensitivity,exclude_undetected_zero,CP_RNA7_RF,matched512,P4-R5-YYE+P7-P5-YYE,0.0866649999999999,0,P4+P7,0.8290564089792314,1
sensitivity,exclude_undetected_zero,CP_RNA7_RF,matched512,P5-R6-AYE,0.55629,1,P5,0.861022527180422,1
sensitivity,exclude_undetected_zero,CP_RNA7_RF,matched512,P5-R6-DFE,0.32484,0,P5,0.5686090984396497,1
sensitivity,exclude_undetected_zero,CP_RNA7_RF,matched512,P5-R6-FWD,0.37332,0,P5,0.42116119797823387,0
sensitivity,exclude_undetected_zero,CP_RNA7_RF,matched512,P5-R6-LRD,0.23336,0,P5,0.9108633173624553,1
sensitivity,exclude_undetected_zero,CP_RNA7_RF,matched512,P5-R6-NYE,0.57387,1,P5,0.2850855069074045,0
sensitivity,exclude_undetected_zero,CP_RNA7_RF,matched512,P5-R6-SFE,0.6291599999999999,1,P5,0.912915598869821,1
sensitivity,exclude_undetected_zero,CP_RNA7_RF,matched512,P5-R6-SWD,0.666435,1,P5,0.41731692313098706,0
sensitivity,exclude_undetected_zero,CP_RNA7_RF,matched512,P5-R6-SYQ,0.591215,1,P5,0.9159188483085541,1
sensitivity,exclude_undetected_zero,CP_RNA7_RF,matched512,P5-R6-THN,0.529215,1,P5,0.30047501336938715,0
sensitivity,exclude_undetected_zero,CP_RNA7_RF,matched512,P5-R6-TTE,0.348885,0,P5,0.5961054926399867,1
sensitivity,exclude_undetected_zero,CP_RNA7_RF,matched512,P5-R6-TWD,0.59784,1,P5,0.8814722611313637,1
sensitivity,exclude_undetected_zero,CP_RNA7_RF,matched512,P5-R6-TYE,0.44306,0,P5,0.7077371679786749,1
sensitivity,exclude_undetected_zero,CP_RNA7_RF,matched512,P5-R6-VFN,0.5554349999999999,1,P5,0.9039936181591566,1
sensitivity,exclude_undetected_zero,CP_RNA7_RF,matched512,P6-R7-MHQ,0.2532999999999999,0,P6,0.5591041193412424,1
sensitivity,exclude_undetected_zero,CP_RNA7_RF,matched512,P6-R7-QFW,0.67784,1,P6,0.8739001628864713,1
sensitivity,exclude_undetected_zero,CP_RNA7_RF,matched512,P6-R7-QRW,0.60431,1,P6,0.9005527004597249,1
sensitivity,exclude_undetected_zero,CP_RNA7_RF,matched512,P6-R7-TRQ,0.657745,1,P6,0.8298555506367906,1
sensitivity,exclude_undetected_zero,CP_RNA7_RF,matched512,P6-R7-WFD,0.70041,1,P6,0.6085022867049772,1
sensitivity,exclude_undetected_zero,CP_RNA7_RF,matched512,P6-R7-WFQ,0.651535,1,P6,0.588188153337218,1
sensitivity,exclude_undetected_zero,CP_RNA7_RF,matched512,P7-R5-SYVIRR,0.79377,1,P7,0.7377330333625934,1
sensitivity,exclude_undetected_zero,CP_RNA7_RF,matched512,P8-R6-GVE,0.658565,1,P8,0.794146037025597,1
sensitivity,exclude_undetected_zero,CP_RNA7_RF,matched512,PUF12-9,0.7256100000000001,1,WT,0.5621187832680028,1
