validation,feature_set,heldout,feature,importance
LOCO,CP3,P4-R5-ETD,pp_nonlocal4_high_per_res,0.5690447705287036
LOCO,CP3,P4-R5-ETD,pp_nonlocal12_high_per_res,0.19221518554765493
LOCO,CP3,P4-R5-ETD,pp_nonlocal24_high_per_res,0.23874004392364154
LOCO,CP3,P4-R5-SHE,pp_nonlocal4_high_per_res,0.6661337713795987
LOCO,CP3,P4-R5-SHE,pp_nonlocal12_high_per_res,0.14339874466959013
LOCO,CP3,P4-R5-SHE,pp_nonlocal24_high_per_res,0.19046748395081112
LOCO,CP3,P4-R5-SHE+P7-R5-SHE,pp_nonlocal4_high_per_res,0.6575315464783955
LOCO,CP3,P4-R5-SHE+P7-R5-SHE,pp_nonlocal12_high_per_res,0.14782929809655282
LOCO,CP3,P4-R5-SHE+P7-R5-SHE,pp_nonlocal24_high_per_res,0.19463915542505172
LOCO,CP3,P4-R5-SNE,pp_nonlocal4_high_per_res,0.570140870502681
LOCO,CP3,P4-R5-SNE,pp_nonlocal12_high_per_res,0.16106927505257285
LOCO,CP3,P4-R5-SNE,pp_nonlocal24_high_per_res,0.2687898544447462
LOCO,CP3,P4-R5-SNE+P7-R5-SNE,pp_nonlocal4_high_per_res,0.6714627629927803
LOCO,CP3,P4-R5-SNE+P7-R5-SNE,pp_nonlocal12_high_per_res,0.1386896354863839
LOCO,CP3,P4-R5-SNE+P7-R5-SNE,pp_nonlocal24_high_per_res,0.1898476015208358
LOCO,CP3,P4-R5-SWD+P7-R5-SWD,pp_nonlocal4_high_per_res,0.5702504743208061
LOCO,CP3,P4-R5-SWD+P7-R5-SWD,pp_nonlocal12_high_per_res,0.185562750667787
LOCO,CP3,P4-R5-SWD+P7-R5-SWD,pp_nonlocal24_high_per_res,0.2441867750114069
LOCO,CP3,P4-R5-THE+P7-R5-THE,pp_nonlocal4_high_per_res,0.5905181632177792
LOCO,CP3,P4-R5-THE+P7-R5-THE,pp_nonlocal12_high_per_res,0.1641455540034705
LOCO,CP3,P4-R5-THE+P7-R5-THE,pp_nonlocal24_high_per_res,0.24533628277875033
LOCO,CP3,P4-R5-YTH+P7-R5-YTH,pp_nonlocal4_high_per_res,0.6082498112059974
LOCO,CP3,P4-R5-YTH+P7-R5-YTH,pp_nonlocal12_high_per_res,0.18725395039881665
LOCO,CP3,P4-R5-YTH+P7-R5-YTH,pp_nonlocal24_high_per_res,0.20449623839518588
LOCO,CP3,P4-R5-YYE+P7-P5-YYE,pp_nonlocal4_high_per_res,0.7144448831351857
LOCO,CP3,P4-R5-YYE+P7-P5-YYE,pp_nonlocal12_high_per_res,0.12142367715130332
LOCO,CP3,P4-R5-YYE+P7-P5-YYE,pp_nonlocal24_high_per_res,0.1641314397135109
LOCO,CP3,P5-R6-AYE,pp_nonlocal4_high_per_res,0.583362144487093
LOCO,CP3,P5-R6-AYE,pp_nonlocal12_high_per_res,0.19191191260970344
LOCO,CP3,P5-R6-AYE,pp_nonlocal24_high_per_res,0.2247259429032037
LOCO,CP3,P5-R6-DFE,pp_nonlocal4_high_per_res,0.5949203184553561
LOCO,CP3,P5-R6-DFE,pp_nonlocal12_high_per_res,0.18317813994967722
LOCO,CP3,P5-R6-DFE,pp_nonlocal24_high_per_res,0.22190154159496658
LOCO,CP3,P5-R6-FWD,pp_nonlocal4_high_per_res,0.6048444450277156
LOCO,CP3,P5-R6-FWD,pp_nonlocal12_high_per_res,0.1618326934414984
LOCO,CP3,P5-R6-FWD,pp_nonlocal24_high_per_res,0.23332286153078596
LOCO,CP3,P5-R6-LRD,pp_nonlocal4_high_per_res,0.6829668836629925
LOCO,CP3,P5-R6-LRD,pp_nonlocal12_high_per_res,0.17127090141118223
LOCO,CP3,P5-R6-LRD,pp_nonlocal24_high_per_res,0.1457622149258254
LOCO,CP3,P5-R6-NYE,pp_nonlocal4_high_per_res,0.6208666307714991
LOCO,CP3,P5-R6-NYE,pp_nonlocal12_high_per_res,0.151435482362949
LOCO,CP3,P5-R6-NYE,pp_nonlocal24_high_per_res,0.2276978868655521
LOCO,CP3,P5-R6-SFE,pp_nonlocal4_high_per_res,0.6110020210345924
LOCO,CP3,P5-R6-SFE,pp_nonlocal12_high_per_res,0.16850237611505853
LOCO,CP3,P5-R6-SFE,pp_nonlocal24_high_per_res,0.22049560285034903
LOCO,CP3,P5-R6-SWD,pp_nonlocal4_high_per_res,0.640014306526833
LOCO,CP3,P5-R6-SWD,pp_nonlocal12_high_per_res,0.14399375193859673
LOCO,CP3,P5-R6-SWD,pp_nonlocal24_high_per_res,0.21599194153457035
LOCO,CP3,P5-R6-SYQ,pp_nonlocal4_high_per_res,0.6299286019721368
LOCO,CP3,P5-R6-SYQ,pp_nonlocal12_high_per_res,0.13713590935344414
LOCO,CP3,P5-R6-SYQ,pp_nonlocal24_high_per_res,0.23293548867441904
LOCO,CP3,P5-R6-THN,pp_nonlocal4_high_per_res,0.6298606952762086
LOCO,CP3,P5-R6-THN,pp_nonlocal12_high_per_res,0.18089290115160886
LOCO,CP3,P5-R6-THN,pp_nonlocal24_high_per_res,0.18924640357218261
LOCO,CP3,P5-R6-TTE,pp_nonlocal4_high_per_res,0.5392310792898981
LOCO,CP3,P5-R6-TTE,pp_nonlocal12_high_per_res,0.18052159389929387
LOCO,CP3,P5-R6-TTE,pp_nonlocal24_high_per_res,0.28024732681080805
LOCO,CP3,P5-R6-TWD,pp_nonlocal4_high_per_res,0.6338708737723732
LOCO,CP3,P5-R6-TWD,pp_nonlocal12_high_per_res,0.14920091085067244
LOCO,CP3,P5-R6-TWD,pp_nonlocal24_high_per_res,0.21692821537695445
LOCO,CP3,P5-R6-TYE,pp_nonlocal4_high_per_res,0.6590240909756595
LOCO,CP3,P5-R6-TYE,pp_nonlocal12_high_per_res,0.13148140466501543
LOCO,CP3,P5-R6-TYE,pp_nonlocal24_high_per_res,0.20949450435932515
LOCO,CP3,P5-R6-VFN,pp_nonlocal4_high_per_res,0.6406537764104879
LOCO,CP3,P5-R6-VFN,pp_nonlocal12_high_per_res,0.13287337668817287
LOCO,CP3,P5-R6-VFN,pp_nonlocal24_high_per_res,0.22647284690133918
LOCO,CP3,P6-R7-MHQ,pp_nonlocal4_high_per_res,0.636440531212222
LOCO,CP3,P6-R7-MHQ,pp_nonlocal12_high_per_res,0.13828116880997232
LOCO,CP3,P6-R7-MHQ,pp_nonlocal24_high_per_res,0.22527829997780574
LOCO,CP3,P6-R7-QFW,pp_nonlocal4_high_per_res,0.6831630375595981
LOCO,CP3,P6-R7-QFW,pp_nonlocal12_high_per_res,0.124098254481635
LOCO,CP3,P6-R7-QFW,pp_nonlocal24_high_per_res,0.1927387079587669
LOCO,CP3,P6-R7-QRW,pp_nonlocal4_high_per_res,0.6784345024440536
LOCO,CP3,P6-R7-QRW,pp_nonlocal12_high_per_res,0.11329920169632686
LOCO,CP3,P6-R7-QRW,pp_nonlocal24_high_per_res,0.20826629585961956
LOCO,CP3,P6-R7-TRQ,pp_nonlocal4_high_per_res,0.647523104457572
LOCO,CP3,P6-R7-TRQ,pp_nonlocal12_high_per_res,0.13682594791680439
LOCO,CP3,P6-R7-TRQ,pp_nonlocal24_high_per_res,0.2156509476256237
LOCO,CP3,P6-R7-WFD,pp_nonlocal4_high_per_res,0.7333361704338054
LOCO,CP3,P6-R7-WFD,pp_nonlocal12_high_per_res,0.09059898061785147
LOCO,CP3,P6-R7-WFD,pp_nonlocal24_high_per_res,0.1760648489483431
LOCO,CP3,P6-R7-WFQ,pp_nonlocal4_high_per_res,0.6771218261833287
LOCO,CP3,P6-R7-WFQ,pp_nonlocal12_high_per_res,0.12025924940866227
LOCO,CP3,P6-R7-WFQ,pp_nonlocal24_high_per_res,0.20261892440800902
LOCO,CP3,P7-R5-SYVIRR,pp_nonlocal4_high_per_res,0.6322426600613149
LOCO,CP3,P7-R5-SYVIRR,pp_nonlocal12_high_per_res,0.16468232733311663
LOCO,CP3,P7-R5-SYVIRR,pp_nonlocal24_high_per_res,0.20307501260556854
LOCO,CP3,P8-R6-GVE,pp_nonlocal4_high_per_res,0.6304137480104649
LOCO,CP3,P8-R6-GVE,pp_nonlocal12_high_per_res,0.16269684835077416
LOCO,CP3,P8-R6-GVE,pp_nonlocal24_high_per_res,0.206889403638761
LOCO,CP3,PUF12-9,pp_nonlocal4_high_per_res,0.6919222134536819
LOCO,CP3,PUF12-9,pp_nonlocal12_high_per_res,0.12615972298546357
LOCO,CP3,PUF12-9,pp_nonlocal24_high_per_res,0.18191806356085452
LOCO,CP14,P4-R5-ETD,pr_cp_sum,0.09149472563677058
LOCO,CP14,P4-R5-ETD,pr_cp_per_nt,0.08448166858251119
LOCO,CP14,P4-R5-ETD,pr_top20_mean,0.1159978419173427
LOCO,CP14,P4-R5-ETD,pr_rna_max_mean,0.02076994741288709
LOCO,CP14,P4-R5-ETD,pr_rna_max_min,0.13584469126841076
LOCO,CP14,P4-R5-ETD,pr_rna_coverage_05,0.005753089964393383
LOCO,CP14,P4-R5-ETD,pr_protein_coverage_05,0.04052667931573486
LOCO,CP14,P4-R5-ETD,pr_high_contacts_per_nt,0.011405875190864658
LOCO,CP14,P4-R5-ETD,pp_nonlocal4_per_res,0.019606664582490798
LOCO,CP14,P4-R5-ETD,pp_nonlocal4_high_per_res,0.2765776545415836
LOCO,CP14,P4-R5-ETD,pp_nonlocal12_per_res,0.08203900355500623
LOCO,CP14,P4-R5-ETD,pp_nonlocal12_high_per_res,0.038306593208442194
LOCO,CP14,P4-R5-ETD,pp_nonlocal24_per_res,0.04165963764522565
LOCO,CP14,P4-R5-ETD,pp_nonlocal24_high_per_res,0.03553592717833626
LOCO,CP14,P4-R5-SHE,pr_cp_sum,0.0726171504089378
LOCO,CP14,P4-R5-SHE,pr_cp_per_nt,0.06266639049675067
LOCO,CP14,P4-R5-SHE,pr_top20_mean,0.07801403737809358
LOCO,CP14,P4-R5-SHE,pr_rna_max_mean,0.03960547342239894
LOCO,CP14,P4-R5-SHE,pr_rna_max_min,0.0627057295859182
LOCO,CP14,P4-R5-SHE,pr_rna_coverage_05,0.008680081910777454
LOCO,CP14,P4-R5-SHE,pr_protein_coverage_05,0.0459069802176854
LOCO,CP14,P4-R5-SHE,pr_high_contacts_per_nt,0.015534528575885652
LOCO,CP14,P4-R5-SHE,pp_nonlocal4_per_res,0.01682838676416174
LOCO,CP14,P4-R5-SHE,pp_nonlocal4_high_per_res,0.4109250964145901
LOCO,CP14,P4-R5-SHE,pp_nonlocal12_per_res,0.061433517543575164
LOCO,CP14,P4-R5-SHE,pp_nonlocal12_high_per_res,0.06027583709507723
LOCO,CP14,P4-R5-SHE,pp_nonlocal24_per_res,0.02145356341385848
LOCO,CP14,P4-R5-SHE,pp_nonlocal24_high_per_res,0.04335322677228959
LOCO,CP14,P4-R5-SHE+P7-R5-SHE,pr_cp_sum,0.07261715040893779
LOCO,CP14,P4-R5-SHE+P7-R5-SHE,pr_cp_per_nt,0.06266639049675067
LOCO,CP14,P4-R5-SHE+P7-R5-SHE,pr_top20_mean,0.07801403737809358
LOCO,CP14,P4-R5-SHE+P7-R5-SHE,pr_rna_max_mean,0.03960547342239893
LOCO,CP14,P4-R5-SHE+P7-R5-SHE,pr_rna_max_min,0.0627057295859182
LOCO,CP14,P4-R5-SHE+P7-R5-SHE,pr_rna_coverage_05,0.008680081910777454
LOCO,CP14,P4-R5-SHE+P7-R5-SHE,pr_protein_coverage_05,0.0459069802176854
LOCO,CP14,P4-R5-SHE+P7-R5-SHE,pr_high_contacts_per_nt,0.015534528575885652
LOCO,CP14,P4-R5-SHE+P7-R5-SHE,pp_nonlocal4_per_res,0.01682838676416174
LOCO,CP14,P4-R5-SHE+P7-R5-SHE,pp_nonlocal4_high_per_res,0.4073908592015573
LOCO,CP14,P4-R5-SHE+P7-R5-SHE,pp_nonlocal12_per_res,0.061433517543575164
LOCO,CP14,P4-R5-SHE+P7-R5-SHE,pp_nonlocal12_high_per_res,0.06027583709507723
LOCO,CP14,P4-R5-SHE+P7-R5-SHE,pp_nonlocal24_per_res,0.02145356341385848
LOCO,CP14,P4-R5-SHE+P7-R5-SHE,pp_nonlocal24_high_per_res,0.046887463985322314
LOCO,CP14,P4-R5-SNE,pr_cp_sum,0.06737764783808681
LOCO,CP14,P4-R5-SNE,pr_cp_per_nt,0.0725039334364964
LOCO,CP14,P4-R5-SNE,pr_top20_mean,0.10167120904967562
LOCO,CP14,P4-R5-SNE,pr_rna_max_mean,0.04129643235804117
LOCO,CP14,P4-R5-SNE,pr_rna_max_min,0.12440057310779296
LOCO,CP14,P4-R5-SNE,pr_rna_coverage_05,0.012505540125003118
LOCO,CP14,P4-R5-SNE,pr_protein_coverage_05,0.03564407660893589
LOCO,CP14,P4-R5-SNE,pr_high_contacts_per_nt,0.017226388372838852
LOCO,CP14,P4-R5-SNE,pp_nonlocal4_per_res,0.011155196380895405
LOCO,CP14,P4-R5-SNE,pp_nonlocal4_high_per_res,0.3340030392779871
LOCO,CP14,P4-R5-SNE,pp_nonlocal12_per_res,0.0508945539362796
LOCO,CP14,P4-R5-SNE,pp_nonlocal12_high_per_res,0.04280354921216548
LOCO,CP14,P4-R5-SNE,pp_nonlocal24_per_res,0.020372604156224376
LOCO,CP14,P4-R5-SNE,pp_nonlocal24_high_per_res,0.06814525613957728
LOCO,CP14,P4-R5-SNE+P7-R5-SNE,pr_cp_sum,0.03276242501885415
LOCO,CP14,P4-R5-SNE+P7-R5-SNE,pr_cp_per_nt,0.06203914048791179
LOCO,CP14,P4-R5-SNE+P7-R5-SNE,pr_top20_mean,0.14097724863854325
LOCO,CP14,P4-R5-SNE+P7-R5-SNE,pr_rna_max_mean,0.03749319389241455
LOCO,CP14,P4-R5-SNE+P7-R5-SNE,pr_rna_max_min,0.047641330237712956
LOCO,CP14,P4-R5-SNE+P7-R5-SNE,pr_rna_coverage_05,0.024348934348282142
LOCO,CP14,P4-R5-SNE+P7-R5-SNE,pr_protein_coverage_05,0.03819550359408319
LOCO,CP14,P4-R5-SNE+P7-R5-SNE,pr_high_contacts_per_nt,0.009686851609807553
LOCO,CP14,P4-R5-SNE+P7-R5-SNE,pp_nonlocal4_per_res,0.032765541823573906
LOCO,CP14,P4-R5-SNE+P7-R5-SNE,pp_nonlocal4_high_per_res,0.4298781277127717
LOCO,CP14,P4-R5-SNE+P7-R5-SNE,pp_nonlocal12_per_res,0.04332148600586036
LOCO,CP14,P4-R5-SNE+P7-R5-SNE,pp_nonlocal12_high_per_res,0.05056040885100411
LOCO,CP14,P4-R5-SNE+P7-R5-SNE,pp_nonlocal24_per_res,0.010609293199197138
LOCO,CP14,P4-R5-SNE+P7-R5-SNE,pp_nonlocal24_high_per_res,0.039720514579983206
LOCO,CP14,P4-R5-SWD+P7-R5-SWD,pr_cp_sum,0.04369301835095826
LOCO,CP14,P4-R5-SWD+P7-R5-SWD,pr_cp_per_nt,0.08812251355780414
LOCO,CP14,P4-R5-SWD+P7-R5-SWD,pr_top20_mean,0.12291707551504723
LOCO,CP14,P4-R5-SWD+P7-R5-SWD,pr_rna_max_mean,0.03430575644633886
LOCO,CP14,P4-R5-SWD+P7-R5-SWD,pr_rna_max_min,0.09668984242106264
LOCO,CP14,P4-R5-SWD+P7-R5-SWD,pr_rna_coverage_05,0.02151597242258804
LOCO,CP14,P4-R5-SWD+P7-R5-SWD,pr_protein_coverage_05,0.032751592474563135
LOCO,CP14,P4-R5-SWD+P7-R5-SWD,pr_high_contacts_per_nt,0.009564687975646885
LOCO,CP14,P4-R5-SWD+P7-R5-SWD,pp_nonlocal4_per_res,0.02073913054307295
LOCO,CP14,P4-R5-SWD+P7-R5-SWD,pp_nonlocal4_high_per_res,0.3255917468899115
LOCO,CP14,P4-R5-SWD+P7-R5-SWD,pp_nonlocal12_per_res,0.047843115686712914
LOCO,CP14,P4-R5-SWD+P7-R5-SWD,pp_nonlocal12_high_per_res,0.08237191358704779
LOCO,CP14,P4-R5-SWD+P7-R5-SWD,pp_nonlocal24_per_res,0.026944458119617643
LOCO,CP14,P4-R5-SWD+P7-R5-SWD,pp_nonlocal24_high_per_res,0.046949176009627946
LOCO,CP14,P4-R5-THE+P7-R5-THE,pr_cp_sum,0.04319349547754788
LOCO,CP14,P4-R5-THE+P7-R5-THE,pr_cp_per_nt,0.08907400910274334
LOCO,CP14,P4-R5-THE+P7-R5-THE,pr_top20_mean,0.10594251370251341
LOCO,CP14,P4-R5-THE+P7-R5-THE,pr_rna_max_mean,0.039822611580866335
LOCO,CP14,P4-R5-THE+P7-R5-THE,pr_rna_max_min,0.11222691004320508
LOCO,CP14,P4-R5-THE+P7-R5-THE,pr_rna_coverage_05,0.017270037025173598
LOCO,CP14,P4-R5-THE+P7-R5-THE,pr_protein_coverage_05,0.055947573992795714
LOCO,CP14,P4-R5-THE+P7-R5-THE,pr_high_contacts_per_nt,0.020505284543109327
LOCO,CP14,P4-R5-THE+P7-R5-THE,pp_nonlocal4_per_res,0.013552890719072825
LOCO,CP14,P4-R5-THE+P7-R5-THE,pp_nonlocal4_high_per_res,0.3236124263785263
LOCO,CP14,P4-R5-THE+P7-R5-THE,pp_nonlocal12_per_res,0.03696724730382528
LOCO,CP14,P4-R5-THE+P7-R5-THE,pp_nonlocal12_high_per_res,0.06448095116143268
LOCO,CP14,P4-R5-THE+P7-R5-THE,pp_nonlocal24_per_res,0.03028713653441531
LOCO,CP14,P4-R5-THE+P7-R5-THE,pp_nonlocal24_high_per_res,0.047116912434773
LOCO,CP14,P4-R5-YTH+P7-R5-YTH,pr_cp_sum,0.021470483665452976
LOCO,CP14,P4-R5-YTH+P7-R5-YTH,pr_cp_per_nt,0.05136774063606473
LOCO,CP14,P4-R5-YTH+P7-R5-YTH,pr_top20_mean,0.09693007597694937
LOCO,CP14,P4-R5-YTH+P7-R5-YTH,pr_rna_max_mean,0.04718512865278821
LOCO,CP14,P4-R5-YTH+P7-R5-YTH,pr_rna_max_min,0.13528932380198594
LOCO,CP14,P4-R5-YTH+P7-R5-YTH,pr_rna_coverage_05,0.011052570773434038
LOCO,CP14,P4-R5-YTH+P7-R5-YTH,pr_protein_coverage_05,0.03576855237741155
LOCO,CP14,P4-R5-YTH+P7-R5-YTH,pr_high_contacts_per_nt,0.030770321939200505
LOCO,CP14,P4-R5-YTH+P7-R5-YTH,pp_nonlocal4_per_res,0.01875308341945672
LOCO,CP14,P4-R5-YTH+P7-R5-YTH,pp_nonlocal4_high_per_res,0.3505341603234473
LOCO,CP14,P4-R5-YTH+P7-R5-YTH,pp_nonlocal12_per_res,0.05694268024794722
LOCO,CP14,P4-R5-YTH+P7-R5-YTH,pp_nonlocal12_high_per_res,0.051977327874507255
LOCO,CP14,P4-R5-YTH+P7-R5-YTH,pp_nonlocal24_per_res,0.04327372919368661
LOCO,CP14,P4-R5-YTH+P7-R5-YTH,pp_nonlocal24_high_per_res,0.04868482111766744
LOCO,CP14,P4-R5-YYE+P7-P5-YYE,pr_cp_sum,0.031080544347939675
LOCO,CP14,P4-R5-YYE+P7-P5-YYE,pr_cp_per_nt,0.057475781117858116
LOCO,CP14,P4-R5-YYE+P7-P5-YYE,pr_top20_mean,0.1582127874581331
LOCO,CP14,P4-R5-YYE+P7-P5-YYE,pr_rna_max_mean,0.029916920588348255
LOCO,CP14,P4-R5-YYE+P7-P5-YYE,pr_rna_max_min,0.09940568672364986
LOCO,CP14,P4-R5-YYE+P7-P5-YYE,pr_rna_coverage_05,0.0
LOCO,CP14,P4-R5-YYE+P7-P5-YYE,pr_protein_coverage_05,0.004494949494949505
LOCO,CP14,P4-R5-YYE+P7-P5-YYE,pr_high_contacts_per_nt,0.01451546318029965
LOCO,CP14,P4-R5-YYE+P7-P5-YYE,pp_nonlocal4_per_res,0.017594245598332545
LOCO,CP14,P4-R5-YYE+P7-P5-YYE,pp_nonlocal4_high_per_res,0.48277758933367204
LOCO,CP14,P4-R5-YYE+P7-P5-YYE,pp_nonlocal12_per_res,0.04370016117447023
LOCO,CP14,P4-R5-YYE+P7-P5-YYE,pp_nonlocal12_high_per_res,0.008767376514523416
LOCO,CP14,P4-R5-YYE+P7-P5-YYE,pp_nonlocal24_per_res,0.03636778280493061
LOCO,CP14,P4-R5-YYE+P7-P5-YYE,pp_nonlocal24_high_per_res,0.01569071166289306
LOCO,CP14,P5-R6-AYE,pr_cp_sum,0.04345545289206853
LOCO,CP14,P5-R6-AYE,pr_cp_per_nt,0.0874180256417771
LOCO,CP14,P5-R6-AYE,pr_top20_mean,0.14609261915692198
LOCO,CP14,P5-R6-AYE,pr_rna_max_mean,0.009641066294555222
LOCO,CP14,P5-R6-AYE,pr_rna_max_min,0.12300780315753178
LOCO,CP14,P5-R6-AYE,pr_rna_coverage_05,0.013122059493638056
LOCO,CP14,P5-R6-AYE,pr_protein_coverage_05,0.018035178100868198
LOCO,CP14,P5-R6-AYE,pr_high_contacts_per_nt,0.020862203895060324
LOCO,CP14,P5-R6-AYE,pp_nonlocal4_per_res,0.027257227921384693
LOCO,CP14,P5-R6-AYE,pp_nonlocal4_high_per_res,0.3255679032768105
LOCO,CP14,P5-R6-AYE,pp_nonlocal12_per_res,0.05672013383661967
LOCO,CP14,P5-R6-AYE,pp_nonlocal12_high_per_res,0.04733616064438772
LOCO,CP14,P5-R6-AYE,pp_nonlocal24_per_res,0.03818020817284456
LOCO,CP14,P5-R6-AYE,pp_nonlocal24_high_per_res,0.043303957515531684
LOCO,CP14,P5-R6-DFE,pr_cp_sum,0.05078447454830155
LOCO,CP14,P5-R6-DFE,pr_cp_per_nt,0.08387496287424077
LOCO,CP14,P5-R6-DFE,pr_top20_mean,0.18018512266689882
LOCO,CP14,P5-R6-DFE,pr_rna_max_mean,0.011113744705089943
LOCO,CP14,P5-R6-DFE,pr_rna_max_min,0.11487632119498428
LOCO,CP14,P5-R6-DFE,pr_rna_coverage_05,0.02294683132606634
LOCO,CP14,P5-R6-DFE,pr_protein_coverage_05,0.0501896966612741
LOCO,CP14,P5-R6-DFE,pr_high_contacts_per_nt,0.005052996310756139
LOCO,CP14,P5-R6-DFE,pp_nonlocal4_per_res,0.02000575800873408
LOCO,CP14,P5-R6-DFE,pp_nonlocal4_high_per_res,0.2817527362716314
LOCO,CP14,P5-R6-DFE,pp_nonlocal12_per_res,0.05371357387291532
LOCO,CP14,P5-R6-DFE,pp_nonlocal12_high_per_res,0.052800393311395626
LOCO,CP14,P5-R6-DFE,pp_nonlocal24_per_res,0.03173650471128373
LOCO,CP14,P5-R6-DFE,pp_nonlocal24_high_per_res,0.04096688353642798
LOCO,CP14,P5-R6-FWD,pr_cp_sum,0.0506019893450965
LOCO,CP14,P5-R6-FWD,pr_cp_per_nt,0.05943813464151213
LOCO,CP14,P5-R6-FWD,pr_top20_mean,0.14723784101057186
LOCO,CP14,P5-R6-FWD,pr_rna_max_mean,0.012499399452870751
LOCO,CP14,P5-R6-FWD,pr_rna_max_min,0.08493223330130463
LOCO,CP14,P5-R6-FWD,pr_rna_coverage_05,0.030818856302070256
LOCO,CP14,P5-R6-FWD,pr_protein_coverage_05,0.05849806443166322
LOCO,CP14,P5-R6-FWD,pr_high_contacts_per_nt,0.008263162490081388
LOCO,CP14,P5-R6-FWD,pp_nonlocal4_per_res,0.009883999768105963
LOCO,CP14,P5-R6-FWD,pp_nonlocal4_high_per_res,0.3367840894621986
LOCO,CP14,P5-R6-FWD,pp_nonlocal12_per_res,0.07197636519336455
LOCO,CP14,P5-R6-FWD,pp_nonlocal12_high_per_res,0.04527781973968467
LOCO,CP14,P5-R6-FWD,pp_nonlocal24_per_res,0.023450034719788466
LOCO,CP14,P5-R6-FWD,pp_nonlocal24_high_per_res,0.06033801014168693
LOCO,CP14,P5-R6-LRD,pr_cp_sum,0.0191870918634027
LOCO,CP14,P5-R6-LRD,pr_cp_per_nt,0.021081933631967243
LOCO,CP14,P5-R6-LRD,pr_top20_mean,0.03741519564040394
LOCO,CP14,P5-R6-LRD,pr_rna_max_mean,2.7452094151421397e-17
LOCO,CP14,P5-R6-LRD,pr_rna_max_min,0.07796945181634594
LOCO,CP14,P5-R6-LRD,pr_rna_coverage_05,0.015493971402366295
LOCO,CP14,P5-R6-LRD,pr_protein_coverage_05,0.009808078375372798
LOCO,CP14,P5-R6-LRD,pr_high_contacts_per_nt,0.011397056837430398
LOCO,CP14,P5-R6-LRD,pp_nonlocal4_per_res,0.005257264373208795
LOCO,CP14,P5-R6-LRD,pp_nonlocal4_high_per_res,0.5569235537897445
LOCO,CP14,P5-R6-LRD,pp_nonlocal12_per_res,0.0651471334280443
LOCO,CP14,P5-R6-LRD,pp_nonlocal12_high_per_res,0.10477583540082377
LOCO,CP14,P5-R6-LRD,pp_nonlocal24_per_res,0.010423997419019664
LOCO,CP14,P5-R6-LRD,pp_nonlocal24_high_per_res,0.06511943602186972
LOCO,CP14,P5-R6-NYE,pr_cp_sum,0.03829723207414276
LOCO,CP14,P5-R6-NYE,pr_cp_per_nt,0.07356804225704724
LOCO,CP14,P5-R6-NYE,pr_top20_mean,0.0628581117723064
LOCO,CP14,P5-R6-NYE,pr_rna_max_mean,0.01017675956261151
LOCO,CP14,P5-R6-NYE,pr_rna_max_min,0.11393958342666068
LOCO,CP14,P5-R6-NYE,pr_rna_coverage_05,0.011942317349871723
LOCO,CP14,P5-R6-NYE,pr_protein_coverage_05,0.018545733813792296
LOCO,CP14,P5-R6-NYE,pr_high_contacts_per_nt,0.007271478522284727
LOCO,CP14,P5-R6-NYE,pp_nonlocal4_per_res,0.01948863762002236
LOCO,CP14,P5-R6-NYE,pp_nonlocal4_high_per_res,0.43877240413708923
LOCO,CP14,P5-R6-NYE,pp_nonlocal12_per_res,0.035969197794236116
LOCO,CP14,P5-R6-NYE,pp_nonlocal12_high_per_res,0.09099154579078327
LOCO,CP14,P5-R6-NYE,pp_nonlocal24_per_res,0.02181839928320768
LOCO,CP14,P5-R6-NYE,pp_nonlocal24_high_per_res,0.056360556595943974
LOCO,CP14,P5-R6-SFE,pr_cp_sum,0.045268447626606326
LOCO,CP14,P5-R6-SFE,pr_cp_per_nt,0.07992010575311613
LOCO,CP14,P5-R6-SFE,pr_top20_mean,0.07245252076383643
LOCO,CP14,P5-R6-SFE,pr_rna_max_mean,0.01343710385106164
LOCO,CP14,P5-R6-SFE,pr_rna_max_min,0.11133551408245021
LOCO,CP14,P5-R6-SFE,pr_rna_coverage_05,0.01663364808293231
LOCO,CP14,P5-R6-SFE,pr_protein_coverage_05,0.015543460041406151
LOCO,CP14,P5-R6-SFE,pr_high_contacts_per_nt,0.005654712055218869
LOCO,CP14,P5-R6-SFE,pp_nonlocal4_per_res,0.03879710055265225
LOCO,CP14,P5-R6-SFE,pp_nonlocal4_high_per_res,0.3861101213124166
LOCO,CP14,P5-R6-SFE,pp_nonlocal12_per_res,0.04316265587797531
LOCO,CP14,P5-R6-SFE,pp_nonlocal12_high_per_res,0.08269885235212812
LOCO,CP14,P5-R6-SFE,pp_nonlocal24_per_res,0.035731952944439475
LOCO,CP14,P5-R6-SFE,pp_nonlocal24_high_per_res,0.05325380470376022
LOCO,CP14,P5-R6-SWD,pr_cp_sum,0.025288241724158406
LOCO,CP14,P5-R6-SWD,pr_cp_per_nt,0.0664077662843024
LOCO,CP14,P5-R6-SWD,pr_top20_mean,0.099783077576696
LOCO,CP14,P5-R6-SWD,pr_rna_max_mean,0.012416003064880258
LOCO,CP14,P5-R6-SWD,pr_rna_max_min,0.1185329285354524
LOCO,CP14,P5-R6-SWD,pr_rna_coverage_05,0.013220545238963505
LOCO,CP14,P5-R6-SWD,pr_protein_coverage_05,0.016969962808745385
LOCO,CP14,P5-R6-SWD,pr_high_contacts_per_nt,0.01495772495691662
LOCO,CP14,P5-R6-SWD,pp_nonlocal4_per_res,0.03773701289809262
LOCO,CP14,P5-R6-SWD,pp_nonlocal4_high_per_res,0.41514831868950586
LOCO,CP14,P5-R6-SWD,pp_nonlocal12_per_res,0.0326189873334259
LOCO,CP14,P5-R6-SWD,pp_nonlocal12_high_per_res,0.0691685410606559
LOCO,CP14,P5-R6-SWD,pp_nonlocal24_per_res,0.032008040377239776
LOCO,CP14,P5-R6-SWD,pp_nonlocal24_high_per_res,0.04574284945096479
LOCO,CP14,P5-R6-SYQ,pr_cp_sum,0.027822217222909455
LOCO,CP14,P5-R6-SYQ,pr_cp_per_nt,0.07557690899667356
LOCO,CP14,P5-R6-SYQ,pr_top20_mean,0.08258479681303406
LOCO,CP14,P5-R6-SYQ,pr_rna_max_mean,0.017560972631559774
LOCO,CP14,P5-R6-SYQ,pr_rna_max_min,0.11511673348384117
LOCO,CP14,P5-R6-SYQ,pr_rna_coverage_05,0.022905187736134477
LOCO,CP14,P5-R6-SYQ,pr_protein_coverage_05,0.017690153697395784
LOCO,CP14,P5-R6-SYQ,pr_high_contacts_per_nt,0.020096085802214718
LOCO,CP14,P5-R6-SYQ,pp_nonlocal4_per_res,0.0384899141340425
LOCO,CP14,P5-R6-SYQ,pp_nonlocal4_high_per_res,0.38886414644295625
LOCO,CP14,P5-R6-SYQ,pp_nonlocal12_per_res,0.0435433771759366
LOCO,CP14,P5-R6-SYQ,pp_nonlocal12_high_per_res,0.04807860367481115
LOCO,CP14,P5-R6-SYQ,pp_nonlocal24_per_res,0.03631469291883456
LOCO,CP14,P5-R6-SYQ,pp_nonlocal24_high_per_res,0.06535620926965591
LOCO,CP14,P5-R6-THN,pr_cp_sum,0.018395204076836848
LOCO,CP14,P5-R6-THN,pr_cp_per_nt,0.06599965099075321
LOCO,CP14,P5-R6-THN,pr_top20_mean,0.06892906843073639
LOCO,CP14,P5-R6-THN,pr_rna_max_mean,0.01878251465912821
LOCO,CP14,P5-R6-THN,pr_rna_max_min,0.1098666830535659
LOCO,CP14,P5-R6-THN,pr_rna_coverage_05,0.0161723386259488
LOCO,CP14,P5-R6-THN,pr_protein_coverage_05,0.016872313112489858
LOCO,CP14,P5-R6-THN,pr_high_contacts_per_nt,0.019109513675667954
LOCO,CP14,P5-R6-THN,pp_nonlocal4_per_res,0.03794853893052979
LOCO,CP14,P5-R6-THN,pp_nonlocal4_high_per_res,0.4415394457273019
LOCO,CP14,P5-R6-THN,pp_nonlocal12_per_res,0.04919474683390896
LOCO,CP14,P5-R6-THN,pp_nonlocal12_high_per_res,0.06477608669252191
LOCO,CP14,P5-R6-THN,pp_nonlocal24_per_res,0.02960321506459784
LOCO,CP14,P5-R6-THN,pp_nonlocal24_high_per_res,0.04281068012601238
LOCO,CP14,P5-R6-TTE,pr_cp_sum,0.03241048778086399
LOCO,CP14,P5-R6-TTE,pr_cp_per_nt,0.04248713873726361
LOCO,CP14,P5-R6-TTE,pr_top20_mean,0.09474025336346913
LOCO,CP14,P5-R6-TTE,pr_rna_max_mean,0.0058420628531316195
LOCO,CP14,P5-R6-TTE,pr_rna_max_min,0.12232011984514267
LOCO,CP14,P5-R6-TTE,pr_rna_coverage_05,0.020622558502670182
LOCO,CP14,P5-R6-TTE,pr_protein_coverage_05,0.02801651044257981
LOCO,CP14,P5-R6-TTE,pr_high_contacts_per_nt,0.02728382632154334
LOCO,CP14,P5-R6-TTE,pp_nonlocal4_per_res,0.02601191016149883
LOCO,CP14,P5-R6-TTE,pp_nonlocal4_high_per_res,0.32934400270786673
LOCO,CP14,P5-R6-TTE,pp_nonlocal12_per_res,0.04782953286282545
LOCO,CP14,P5-R6-TTE,pp_nonlocal12_high_per_res,0.0975055019838583
LOCO,CP14,P5-R6-TTE,pp_nonlocal24_per_res,0.037610236959883615
LOCO,CP14,P5-R6-TTE,pp_nonlocal24_high_per_res,0.08797585747740272
LOCO,CP14,P5-R6-TWD,pr_cp_sum,0.02455435806408218
LOCO,CP14,P5-R6-TWD,pr_cp_per_nt,0.06208335581058716
LOCO,CP14,P5-R6-TWD,pr_top20_mean,0.11348493297180681
LOCO,CP14,P5-R6-TWD,pr_rna_max_mean,0.012536269320806936
LOCO,CP14,P5-R6-TWD,pr_rna_max_min,0.10189907743782
LOCO,CP14,P5-R6-TWD,pr_rna_coverage_05,0.020485410656426374
LOCO,CP14,P5-R6-TWD,pr_protein_coverage_05,0.025202671014445514
LOCO,CP14,P5-R6-TWD,pr_high_contacts_per_nt,0.010203570822398584
LOCO,CP14,P5-R6-TWD,pp_nonlocal4_per_res,0.04020608186796449
LOCO,CP14,P5-R6-TWD,pp_nonlocal4_high_per_res,0.4316669384472608
LOCO,CP14,P5-R6-TWD,pp_nonlocal12_per_res,0.0485978540357391
LOCO,CP14,P5-R6-TWD,pp_nonlocal12_high_per_res,0.0469114410981026
LOCO,CP14,P5-R6-TWD,pp_nonlocal24_per_res,0.015572731699917672
LOCO,CP14,P5-R6-TWD,pp_nonlocal24_high_per_res,0.04659530675264174
LOCO,CP14,P5-R6-TYE,pr_cp_sum,0.017527049432877237
LOCO,CP14,P5-R6-TYE,pr_cp_per_nt,0.06858990418811196
LOCO,CP14,P5-R6-TYE,pr_top20_mean,0.15702604885923171
LOCO,CP14,P5-R6-TYE,pr_rna_max_mean,0.02308148934942581
LOCO,CP14,P5-R6-TYE,pr_rna_max_min,0.10319232907370679
LOCO,CP14,P5-R6-TYE,pr_rna_coverage_05,0.0236853778388682
LOCO,CP14,P5-R6-TYE,pr_protein_coverage_05,0.04245969070644966
LOCO,CP14,P5-R6-TYE,pr_high_contacts_per_nt,0.03091381104290679
LOCO,CP14,P5-R6-TYE,pp_nonlocal4_per_res,0.03575989795582922
LOCO,CP14,P5-R6-TYE,pp_nonlocal4_high_per_res,0.34946226060865315
LOCO,CP14,P5-R6-TYE,pp_nonlocal12_per_res,0.042019947668276
LOCO,CP14,P5-R6-TYE,pp_nonlocal12_high_per_res,0.03332903538402339
LOCO,CP14,P5-R6-TYE,pp_nonlocal24_per_res,0.029172365816554004
LOCO,CP14,P5-R6-TYE,pp_nonlocal24_high_per_res,0.043780792075086
LOCO,CP14,P5-R6-VFN,pr_cp_sum,0.02182523794820134
LOCO,CP14,P5-R6-VFN,pr_cp_per_nt,0.05730162742984399
LOCO,CP14,P5-R6-VFN,pr_top20_mean,0.09948469139017134
LOCO,CP14,P5-R6-VFN,pr_rna_max_mean,0.007903194629938774
LOCO,CP14,P5-R6-VFN,pr_rna_max_min,0.11343688646732215
LOCO,CP14,P5-R6-VFN,pr_rna_coverage_05,0.0248448910212316
LOCO,CP14,P5-R6-VFN,pr_protein_coverage_05,0.041636956368041565
LOCO,CP14,P5-R6-VFN,pr_high_contacts_per_nt,0.024498957347284373
LOCO,CP14,P5-R6-VFN,pp_nonlocal4_per_res,0.0187489762529017
LOCO,CP14,P5-R6-VFN,pp_nonlocal4_high_per_res,0.4275962906859478
LOCO,CP14,P5-R6-VFN,pp_nonlocal12_per_res,0.044943375053102565
LOCO,CP14,P5-R6-VFN,pp_nonlocal12_high_per_res,0.04087902717070456
LOCO,CP14,P5-R6-VFN,pp_nonlocal24_per_res,0.03246827593144822
LOCO,CP14,P5-R6-VFN,pp_nonlocal24_high_per_res,0.04443161230386014
LOCO,CP14,P6-R7-MHQ,pr_cp_sum,0.037254447301613015
LOCO,CP14,P6-R7-MHQ,pr_cp_per_nt,0.07494436889643405
LOCO,CP14,P6-R7-MHQ,pr_top20_mean,0.045819829271227804
LOCO,CP14,P6-R7-MHQ,pr_rna_max_mean,0.017021095532117475
LOCO,CP14,P6-R7-MHQ,pr_rna_max_min,0.0785809165086281
LOCO,CP14,P6-R7-MHQ,pr_rna_coverage_05,0.031208732276982273
LOCO,CP14,P6-R7-MHQ,pr_protein_coverage_05,0.034015395355629224
LOCO,CP14,P6-R7-MHQ,pr_high_contacts_per_nt,0.029976397565471758
LOCO,CP14,P6-R7-MHQ,pp_nonlocal4_per_res,0.011728379977319387
LOCO,CP14,P6-R7-MHQ,pp_nonlocal4_high_per_res,0.42408993619810476
LOCO,CP14,P6-R7-MHQ,pp_nonlocal12_per_res,0.05221223157541686
LOCO,CP14,P6-R7-MHQ,pp_nonlocal12_high_per_res,0.0454885083173016
LOCO,CP14,P6-R7-MHQ,pp_nonlocal24_per_res,0.037498549894384656
LOCO,CP14,P6-R7-MHQ,pp_nonlocal24_high_per_res,0.080161211329369
LOCO,CP14,P6-R7-QFW,pr_cp_sum,0.03452264143381023
LOCO,CP14,P6-R7-QFW,pr_cp_per_nt,0.05862778707954151
LOCO,CP14,P6-R7-QFW,pr_top20_mean,0.07573509704597527
LOCO,CP14,P6-R7-QFW,pr_rna_max_mean,0.01369922069835622
LOCO,CP14,P6-R7-QFW,pr_rna_max_min,0.11622098461160932
LOCO,CP14,P6-R7-QFW,pr_rna_coverage_05,0.02427306006359566
LOCO,CP14,P6-R7-QFW,pr_protein_coverage_05,0.044082745114791294
LOCO,CP14,P6-R7-QFW,pr_high_contacts_per_nt,0.016898847470855245
LOCO,CP14,P6-R7-QFW,pp_nonlocal4_per_res,0.021054275524000625
LOCO,CP14,P6-R7-QFW,pp_nonlocal4_high_per_res,0.4406912894451681
LOCO,CP14,P6-R7-QFW,pp_nonlocal12_per_res,0.05010560276299376
LOCO,CP14,P6-R7-QFW,pp_nonlocal12_high_per_res,0.03746113131844242
LOCO,CP14,P6-R7-QFW,pp_nonlocal24_per_res,0.02318052510627794
LOCO,CP14,P6-R7-QFW,pp_nonlocal24_high_per_res,0.04344679232458247
LOCO,CP14,P6-R7-QRW,pr_cp_sum,0.03109985474130277
LOCO,CP14,P6-R7-QRW,pr_cp_per_nt,0.05940255955756287
LOCO,CP14,P6-R7-QRW,pr_top20_mean,0.09770327989758686
LOCO,CP14,P6-R7-QRW,pr_rna_max_mean,0.008073111321939132
LOCO,CP14,P6-R7-QRW,pr_rna_max_min,0.1233497480579447
LOCO,CP14,P6-R7-QRW,pr_rna_coverage_05,0.021700419260938245
LOCO,CP14,P6-R7-QRW,pr_protein_coverage_05,0.039319700965362456
LOCO,CP14,P6-R7-QRW,pr_high_contacts_per_nt,0.016898847470855245
LOCO,CP14,P6-R7-QRW,pp_nonlocal4_per_res,0.01586116978448476
LOCO,CP14,P6-R7-QRW,pp_nonlocal4_high_per_res,0.43153341058060163
LOCO,CP14,P6-R7-QRW,pp_nonlocal12_per_res,0.04891455692249314
LOCO,CP14,P6-R7-QRW,pp_nonlocal12_high_per_res,0.03836439408579291
LOCO,CP14,P6-R7-QRW,pp_nonlocal24_per_res,0.020559252893685327
LOCO,CP14,P6-R7-QRW,pp_nonlocal24_high_per_res,0.04721969445944992
LOCO,CP14,P6-R7-TRQ,pr_cp_sum,0.03749397349889961
LOCO,CP14,P6-R7-TRQ,pr_cp_per_nt,0.06063215784065237
LOCO,CP14,P6-R7-TRQ,pr_top20_mean,0.07741376359458244
LOCO,CP14,P6-R7-TRQ,pr_rna_max_mean,0.0085606299200545
LOCO,CP14,P6-R7-TRQ,pr_rna_max_min,0.12466924729035954
LOCO,CP14,P6-R7-TRQ,pr_rna_coverage_05,0.029575419260938252
LOCO,CP14,P6-R7-TRQ,pr_protein_coverage_05,0.046988913031071
LOCO,CP14,P6-R7-TRQ,pr_high_contacts_per_nt,0.01935231049282405
LOCO,CP14,P6-R7-TRQ,pp_nonlocal4_per_res,0.02050953888428482
LOCO,CP14,P6-R7-TRQ,pp_nonlocal4_high_per_res,0.4231510372493961
LOCO,CP14,P6-R7-TRQ,pp_nonlocal12_per_res,0.03888717704175561
LOCO,CP14,P6-R7-TRQ,pp_nonlocal12_high_per_res,0.05190543338258583
LOCO,CP14,P6-R7-TRQ,pp_nonlocal24_per_res,0.017343429731522586
LOCO,CP14,P6-R7-TRQ,pp_nonlocal24_high_per_res,0.04351696878107332
LOCO,CP14,P6-R7-WFD,pr_cp_sum,0.03784002770079612
LOCO,CP14,P6-R7-WFD,pr_cp_per_nt,0.05946178832238378
LOCO,CP14,P6-R7-WFD,pr_top20_mean,0.06397961551798573
LOCO,CP14,P6-R7-WFD,pr_rna_max_mean,0.0090194502727802
LOCO,CP14,P6-R7-WFD,pr_rna_max_min,0.13070953288779097
LOCO,CP14,P6-R7-WFD,pr_rna_coverage_05,0.02321564340929044
LOCO,CP14,P6-R7-WFD,pr_protein_coverage_05,0.039211655749504325
LOCO,CP14,P6-R7-WFD,pr_high_contacts_per_nt,0.023736078493046917
LOCO,CP14,P6-R7-WFD,pp_nonlocal4_per_res,0.02931147431286488
LOCO,CP14,P6-R7-WFD,pp_nonlocal4_high_per_res,0.4660349465290662
LOCO,CP14,P6-R7-WFD,pp_nonlocal12_per_res,0.04385109977700281
LOCO,CP14,P6-R7-WFD,pp_nonlocal12_high_per_res,0.02357729567726216
LOCO,CP14,P6-R7-WFD,pp_nonlocal24_per_res,0.026691523810486856
LOCO,CP14,P6-R7-WFD,pp_nonlocal24_high_per_res,0.023359867539738673
LOCO,CP14,P6-R7-WFQ,pr_cp_sum,0.039244771752107895
LOCO,CP14,P6-R7-WFQ,pr_cp_per_nt,0.06559537985693308
LOCO,CP14,P6-R7-WFQ,pr_top20_mean,0.09475456660770715
LOCO,CP14,P6-R7-WFQ,pr_rna_max_mean,0.009111205248226052
LOCO,CP14,P6-R7-WFQ,pr_rna_max_min,0.12692047423998556
LOCO,CP14,P6-R7-WFQ,pr_rna_coverage_05,0.022225885168442452
LOCO,CP14,P6-R7-WFQ,pr_protein_coverage_05,0.024583359131674653
LOCO,CP14,P6-R7-WFQ,pr_high_contacts_per_nt,0.0482931693630022
LOCO,CP14,P6-R7-WFQ,pp_nonlocal4_per_res,0.016844699156887317
LOCO,CP14,P6-R7-WFQ,pp_nonlocal4_high_per_res,0.4215162299705323
LOCO,CP14,P6-R7-WFQ,pp_nonlocal12_per_res,0.03256481865081636
LOCO,CP14,P6-R7-WFQ,pp_nonlocal12_high_per_res,0.041881863322204914
LOCO,CP14,P6-R7-WFQ,pp_nonlocal24_per_res,0.019775087122435333
LOCO,CP14,P6-R7-WFQ,pp_nonlocal24_high_per_res,0.0366884904090446
LOCO,CP14,P7-R5-SYVIRR,pr_cp_sum,0.03324147197566125
LOCO,CP14,P7-R5-SYVIRR,pr_cp_per_nt,0.06195495981925386
LOCO,CP14,P7-R5-SYVIRR,pr_top20_mean,0.08099978577240602
LOCO,CP14,P7-R5-SYVIRR,pr_rna_max_mean,0.012272299473150068
LOCO,CP14,P7-R5-SYVIRR,pr_rna_max_min,0.13178401263892492
LOCO,CP14,P7-R5-SYVIRR,pr_rna_coverage_05,0.02535490795158349
LOCO,CP14,P7-R5-SYVIRR,pr_protein_coverage_05,0.04073634891017744
LOCO,CP14,P7-R5-SYVIRR,pr_high_contacts_per_nt,0.025287881770017947
LOCO,CP14,P7-R5-SYVIRR,pp_nonlocal4_per_res,0.01994999090573991
LOCO,CP14,P7-R5-SYVIRR,pp_nonlocal4_high_per_res,0.3945883184723034
LOCO,CP14,P7-R5-SYVIRR,pp_nonlocal12_per_res,0.03749082614628156
LOCO,CP14,P7-R5-SYVIRR,pp_nonlocal12_high_per_res,0.07520197749843266
LOCO,CP14,P7-R5-SYVIRR,pp_nonlocal24_per_res,0.011932097683734813
LOCO,CP14,P7-R5-SYVIRR,pp_nonlocal24_high_per_res,0.04920512098233261
LOCO,CP14,P8-R6-GVE,pr_cp_sum,0.033241471975661255
LOCO,CP14,P8-R6-GVE,pr_cp_per_nt,0.06195495981925387
LOCO,CP14,P8-R6-GVE,pr_top20_mean,0.08099978577240602
LOCO,CP14,P8-R6-GVE,pr_rna_max_mean,0.012272299473150072
LOCO,CP14,P8-R6-GVE,pr_rna_max_min,0.13099234597225826
LOCO,CP14,P8-R6-GVE,pr_rna_coverage_05,0.025354907951583492
LOCO,CP14,P8-R6-GVE,pr_protein_coverage_05,0.04950792470259
LOCO,CP14,P8-R6-GVE,pr_high_contacts_per_nt,0.020954548436684633
LOCO,CP14,P8-R6-GVE,pp_nonlocal4_per_res,0.019949990905739907
LOCO,CP14,P8-R6-GVE,pp_nonlocal4_high_per_res,0.39628084739189556
LOCO,CP14,P8-R6-GVE,pp_nonlocal12_per_res,0.03749082614628157
LOCO,CP14,P8-R6-GVE,pp_nonlocal12_high_per_res,0.06986287278642805
LOCO,CP14,P8-R6-GVE,pp_nonlocal24_per_res,0.011932097683734814
LOCO,CP14,P8-R6-GVE,pp_nonlocal24_high_per_res,0.049205120982332616
LOCO,CP14,PUF12-9,pr_cp_sum,0.03335188184015459
LOCO,CP14,PUF12-9,pr_cp_per_nt,0.05883678893459052
LOCO,CP14,PUF12-9,pr_top20_mean,0.07804616456432013
LOCO,CP14,PUF12-9,pr_rna_max_mean,0.005560087217319137
LOCO,CP14,PUF12-9,pr_rna_max_min,0.12963598541513224
LOCO,CP14,PUF12-9,pr_rna_coverage_05,0.023876954578523304
LOCO,CP14,PUF12-9,pr_protein_coverage_05,0.0363680142096032
LOCO,CP14,PUF12-9,pr_high_contacts_per_nt,0.02644977208693342
LOCO,CP14,PUF12-9,pp_nonlocal4_per_res,0.020308993963705824
LOCO,CP14,PUF12-9,pp_nonlocal4_high_per_res,0.44213786370219155
LOCO,CP14,PUF12-9,pp_nonlocal12_per_res,0.03741049393552338
LOCO,CP14,PUF12-9,pp_nonlocal12_high_per_res,0.04395338016417532
LOCO,CP14,PUF12-9,pp_nonlocal24_per_res,0.018176147416932253
LOCO,CP14,PUF12-9,pp_nonlocal24_high_per_res,0.04588747197089513
LOCO,Structure6,P4-R5-ETD,plddt_core_mean,0.12475339302179432
LOCO,Structure6,P4-R5-ETD,plddt_core_min,0.02135789682019698
LOCO,Structure6,P4-R5-ETD,global_core_PAE,0.1574988812077939
LOCO,Structure6,P4-R5-ETD,pae_contact_weighted,0.09225105528195698
LOCO,Structure6,P4-R5-ETD,Rg_full_length_normalized,0.5179579592623144
LOCO,Structure6,P4-R5-ETD,anisotropy,0.08618081440594343
LOCO,Structure6,P4-R5-SHE,plddt_core_mean,0.10282868375285499
LOCO,Structure6,P4-R5-SHE,plddt_core_min,0.08482679790621786
LOCO,Structure6,P4-R5-SHE,global_core_PAE,0.10921332193864212
LOCO,Structure6,P4-R5-SHE,pae_contact_weighted,0.11277627173521716
LOCO,Structure6,P4-R5-SHE,Rg_full_length_normalized,0.4275711278097229
LOCO,Structure6,P4-R5-SHE,anisotropy,0.16278379685734506
LOCO,Structure6,P4-R5-SHE+P7-R5-SHE,plddt_core_mean,0.08920789298335789
LOCO,Structure6,P4-R5-SHE+P7-R5-SHE,plddt_core_min,0.08064325611578352
LOCO,Structure6,P4-R5-SHE+P7-R5-SHE,global_core_PAE,0.1367035109556155
LOCO,Structure6,P4-R5-SHE+P7-R5-SHE,pae_contact_weighted,0.10198647102595862
LOCO,Structure6,P4-R5-SHE+P7-R5-SHE,Rg_full_length_normalized,0.43107355099505573
LOCO,Structure6,P4-R5-SHE+P7-R5-SHE,anisotropy,0.1603853179242289
LOCO,Structure6,P4-R5-SNE,plddt_core_mean,0.09591704153104211
LOCO,Structure6,P4-R5-SNE,plddt_core_min,0.05558725440231648
LOCO,Structure6,P4-R5-SNE,global_core_PAE,0.12190359935567807
LOCO,Structure6,P4-R5-SNE,pae_contact_weighted,0.11175994599057265
LOCO,Structure6,P4-R5-SNE,Rg_full_length_normalized,0.45297738028345563
LOCO,Structure6,P4-R5-SNE,anisotropy,0.1618547784369352
LOCO,Structure6,P4-R5-SNE+P7-R5-SNE,plddt_core_mean,0.11942969116995579
LOCO,Structure6,P4-R5-SNE+P7-R5-SNE,plddt_core_min,0.04623725530933417
LOCO,Structure6,P4-R5-SNE+P7-R5-SNE,global_core_PAE,0.12190359935567807
LOCO,Structure6,P4-R5-SNE+P7-R5-SNE,pae_contact_weighted,0.11234601850634844
LOCO,Structure6,P4-R5-SNE+P7-R5-SNE,Rg_full_length_normalized,0.4365684397903867
LOCO,Structure6,P4-R5-SNE+P7-R5-SNE,anisotropy,0.1635149958682969
LOCO,Structure6,P4-R5-SWD+P7-R5-SWD,plddt_core_mean,0.08774051526958138
LOCO,Structure6,P4-R5-SWD+P7-R5-SWD,plddt_core_min,0.0701488653962963
LOCO,Structure6,P4-R5-SWD+P7-R5-SWD,global_core_PAE,0.11104861484842818
LOCO,Structure6,P4-R5-SWD+P7-R5-SWD,pae_contact_weighted,0.08379335379180253
LOCO,Structure6,P4-R5-SWD+P7-R5-SWD,Rg_full_length_normalized,0.4736343343205189
LOCO,Structure6,P4-R5-SWD+P7-R5-SWD,anisotropy,0.17363431637337282
LOCO,Structure6,P4-R5-THE+P7-R5-THE,plddt_core_mean,0.11269808288168826
LOCO,Structure6,P4-R5-THE+P7-R5-THE,plddt_core_min,0.08886003415396138
LOCO,Structure6,P4-R5-THE+P7-R5-THE,global_core_PAE,0.1422060639529384
LOCO,Structure6,P4-R5-THE+P7-R5-THE,pae_contact_weighted,0.10088238537169074
LOCO,Structure6,P4-R5-THE+P7-R5-THE,Rg_full_length_normalized,0.421723299896404
LOCO,Structure6,P4-R5-THE+P7-R5-THE,anisotropy,0.1336301337433172
LOCO,Structure6,P4-R5-YTH+P7-R5-YTH,plddt_core_mean,0.14644681725938785
LOCO,Structure6,P4-R5-YTH+P7-R5-YTH,plddt_core_min,0.08742089493453886
LOCO,Structure6,P4-R5-YTH+P7-R5-YTH,global_core_PAE,0.052393365731069126
LOCO,Structure6,P4-R5-YTH+P7-R5-YTH,pae_contact_weighted,0.1607962773681476
LOCO,Structure6,P4-R5-YTH+P7-R5-YTH,Rg_full_length_normalized,0.4006307071852565
LOCO,Structure6,P4-R5-YTH+P7-R5-YTH,anisotropy,0.15231193752160002
LOCO,Structure6,P4-R5-YYE+P7-P5-YYE,plddt_core_mean,0.08564796980648673
LOCO,Structure6,P4-R5-YYE+P7-P5-YYE,plddt_core_min,0.059981011437889725
LOCO,Structure6,P4-R5-YYE+P7-P5-YYE,global_core_PAE,0.19354788413013937
LOCO,Structure6,P4-R5-YYE+P7-P5-YYE,pae_contact_weighted,0.09044964225967041
LOCO,Structure6,P4-R5-YYE+P7-P5-YYE,Rg_full_length_normalized,0.4240015307525317
LOCO,Structure6,P4-R5-YYE+P7-P5-YYE,anisotropy,0.1463719616132821
LOCO,Structure6,P5-R6-AYE,plddt_core_mean,0.1261877625981654
LOCO,Structure6,P5-R6-AYE,plddt_core_min,0.05236007708981667
LOCO,Structure6,P5-R6-AYE,global_core_PAE,0.15556374350264776
LOCO,Structure6,P5-R6-AYE,pae_contact_weighted,0.09946251396582168
LOCO,Structure6,P5-R6-AYE,Rg_full_length_normalized,0.4102827358766589
LOCO,Structure6,P5-R6-AYE,anisotropy,0.1561431669668896
LOCO,Structure6,P5-R6-DFE,plddt_core_mean,0.10477921716979595
LOCO,Structure6,P5-R6-DFE,plddt_core_min,0.03634682101435386
LOCO,Structure6,P5-R6-DFE,global_core_PAE,0.1435341982170472
LOCO,Structure6,P5-R6-DFE,pae_contact_weighted,0.07831372115539383
LOCO,Structure6,P5-R6-DFE,Rg_full_length_normalized,0.40495396402356665
LOCO,Structure6,P5-R6-DFE,anisotropy,0.23207207841984256
LOCO,Structure6,P5-R6-FWD,plddt_core_mean,0.0720317935463671
LOCO,Structure6,P5-R6-FWD,plddt_core_min,0.07358538895293693
LOCO,Structure6,P5-R6-FWD,global_core_PAE,0.16439445923599358
LOCO,Structure6,P5-R6-FWD,pae_contact_weighted,0.12046993482133006
LOCO,Structure6,P5-R6-FWD,Rg_full_length_normalized,0.4729034271955733
LOCO,Structure6,P5-R6-FWD,anisotropy,0.09661499624779908
LOCO,Structure6,P5-R6-LRD,plddt_core_mean,0.18702380077475045
LOCO,Structure6,P5-R6-LRD,plddt_core_min,0.0906491621291081
LOCO,Structure6,P5-R6-LRD,global_core_PAE,0.08188432412025344
LOCO,Structure6,P5-R6-LRD,pae_contact_weighted,0.051939035849845556
LOCO,Structure6,P5-R6-LRD,Rg_full_length_normalized,0.4609740540812927
LOCO,Structure6,P5-R6-LRD,anisotropy,0.12752962304474974
LOCO,Structure6,P5-R6-NYE,plddt_core_mean,0.1615711953143686
LOCO,Structure6,P5-R6-NYE,plddt_core_min,0.04872653203383476
LOCO,Structure6,P5-R6-NYE,global_core_PAE,0.07685638866294148
LOCO,Structure6,P5-R6-NYE,pae_contact_weighted,0.07541805287910743
LOCO,Structure6,P5-R6-NYE,Rg_full_length_normalized,0.467081831113361
LOCO,Structure6,P5-R6-NYE,anisotropy,0.17034599999638658
LOCO,Structure6,P5-R6-SFE,plddt_core_mean,0.14951033495323937
LOCO,Structure6,P5-R6-SFE,plddt_core_min,0.05769988064332408
LOCO,Structure6,P5-R6-SFE,global_core_PAE,0.07991232057238744
LOCO,Structure6,P5-R6-SFE,pae_contact_weighted,0.09424203834228458
LOCO,Structure6,P5-R6-SFE,Rg_full_length_normalized,0.46777239995710446
LOCO,Structure6,P5-R6-SFE,anisotropy,0.15086302553166006
LOCO,Structure6,P5-R6-SWD,plddt_core_mean,0.1464020379286189
LOCO,Structure6,P5-R6-SWD,plddt_core_min,0.05548341547349103
LOCO,Structure6,P5-R6-SWD,global_core_PAE,0.07015897641246613
LOCO,Structure6,P5-R6-SWD,pae_contact_weighted,0.09316304423353713
LOCO,Structure6,P5-R6-SWD,Rg_full_length_normalized,0.45301796801632027
LOCO,Structure6,P5-R6-SWD,anisotropy,0.18177455793556646
LOCO,Structure6,P5-R6-SYQ,plddt_core_mean,0.1503502100460133
LOCO,Structure6,P5-R6-SYQ,plddt_core_min,0.05512739875240036
LOCO,Structure6,P5-R6-SYQ,global_core_PAE,0.061454611423621124
LOCO,Structure6,P5-R6-SYQ,pae_contact_weighted,0.09619206852271088
LOCO,Structure6,P5-R6-SYQ,Rg_full_length_normalized,0.5172062774117472
LOCO,Structure6,P5-R6-SYQ,anisotropy,0.11966943384350717
LOCO,Structure6,P5-R6-THN,plddt_core_mean,0.13982478793361955
LOCO,Structure6,P5-R6-THN,plddt_core_min,0.0641108580651898
LOCO,Structure6,P5-R6-THN,global_core_PAE,0.04885924222502932
LOCO,Structure6,P5-R6-THN,pae_contact_weighted,0.10465256583740265
LOCO,Structure6,P5-R6-THN,Rg_full_length_normalized,0.5195625105478725
LOCO,Structure6,P5-R6-THN,anisotropy,0.12299003539088632
LOCO,Structure6,P5-R6-TTE,plddt_core_mean,0.10882704454711305
LOCO,Structure6,P5-R6-TTE,plddt_core_min,0.05546881189063668
LOCO,Structure6,P5-R6-TTE,global_core_PAE,0.09808485721589176
LOCO,Structure6,P5-R6-TTE,pae_contact_weighted,0.10305914201092127
LOCO,Structure6,P5-R6-TTE,Rg_full_length_normalized,0.43675553636197395
LOCO,Structure6,P5-R6-TTE,anisotropy,0.19780460797346308
LOCO,Structure6,P5-R6-TWD,plddt_core_mean,0.07973910131404673
LOCO,Structure6,P5-R6-TWD,plddt_core_min,0.06248134576350768
LOCO,Structure6,P5-R6-TWD,global_core_PAE,0.07489496832053304
LOCO,Structure6,P5-R6-TWD,pae_contact_weighted,0.11690499143817462
LOCO,Structure6,P5-R6-TWD,Rg_full_length_normalized,0.5066200596754957
LOCO,Structure6,P5-R6-TWD,anisotropy,0.15935953348824217
LOCO,Structure6,P5-R6-TYE,plddt_core_mean,0.09297879969685766
LOCO,Structure6,P5-R6-TYE,plddt_core_min,0.04435595406987902
LOCO,Structure6,P5-R6-TYE,global_core_PAE,0.1084094884261182
LOCO,Structure6,P5-R6-TYE,pae_contact_weighted,0.10727937139091274
LOCO,Structure6,P5-R6-TYE,Rg_full_length_normalized,0.39782639981117035
LOCO,Structure6,P5-R6-TYE,anisotropy,0.24914998660506207
LOCO,Structure6,P5-R6-VFN,plddt_core_mean,0.1152990874094064
LOCO,Structure6,P5-R6-VFN,plddt_core_min,0.06394727854885202
LOCO,Structure6,P5-R6-VFN,global_core_PAE,0.11340045291118211
LOCO,Structure6,P5-R6-VFN,pae_contact_weighted,0.11975036615093601
LOCO,Structure6,P5-R6-VFN,Rg_full_length_normalized,0.4161043195621502
LOCO,Structure6,P5-R6-VFN,anisotropy,0.17149849541747336
LOCO,Structure6,P6-R7-MHQ,plddt_core_mean,0.05182969511675825
LOCO,Structure6,P6-R7-MHQ,plddt_core_min,0.04428942435518788
LOCO,Structure6,P6-R7-MHQ,global_core_PAE,0.04622960995864501
LOCO,Structure6,P6-R7-MHQ,pae_contact_weighted,0.18673054167399264
LOCO,Structure6,P6-R7-MHQ,Rg_full_length_normalized,0.5189236995735561
LOCO,Structure6,P6-R7-MHQ,anisotropy,0.1519970293218601
LOCO,Structure6,P6-R7-QFW,plddt_core_mean,0.10052681863250403
LOCO,Structure6,P6-R7-QFW,plddt_core_min,0.05677024026923696
LOCO,Structure6,P6-R7-QFW,global_core_PAE,0.07629937210369117
LOCO,Structure6,P6-R7-QFW,pae_contact_weighted,0.07904943570555108
LOCO,Structure6,P6-R7-QFW,Rg_full_length_normalized,0.48523163710870176
LOCO,Structure6,P6-R7-QFW,anisotropy,0.20212249618031497
LOCO,Structure6,P6-R7-QRW,plddt_core_mean,0.1135369536244092
LOCO,Structure6,P6-R7-QRW,plddt_core_min,0.0675762603871197
LOCO,Structure6,P6-R7-QRW,global_core_PAE,0.09238354783582718
LOCO,Structure6,P6-R7-QRW,pae_contact_weighted,0.08827541568954358
LOCO,Structure6,P6-R7-QRW,Rg_full_length_normalized,0.5458593565528362
LOCO,Structure6,P6-R7-QRW,anisotropy,0.09236846591026415
LOCO,Structure6,P6-R7-TRQ,plddt_core_mean,0.11345954582388444
LOCO,Structure6,P6-R7-TRQ,plddt_core_min,0.0675762603871197
LOCO,Structure6,P6-R7-TRQ,global_core_PAE,0.09031506278257924
LOCO,Structure6,P6-R7-TRQ,pae_contact_weighted,0.08377255568159697
LOCO,Structure6,P6-R7-TRQ,Rg_full_length_normalized,0.521336480452497
LOCO,Structure6,P6-R7-TRQ,anisotropy,0.1235400948723227
LOCO,Structure6,P6-R7-WFD,plddt_core_mean,0.09818156853675729
LOCO,Structure6,P6-R7-WFD,plddt_core_min,0.0635840569378619
LOCO,Structure6,P6-R7-WFD,global_core_PAE,0.069431874223268
LOCO,Structure6,P6-R7-WFD,pae_contact_weighted,0.07964891658677384
LOCO,Structure6,P6-R7-WFD,Rg_full_length_normalized,0.5330558422863138
LOCO,Structure6,P6-R7-WFD,anisotropy,0.15609774142902522
LOCO,Structure6,P6-R7-WFQ,plddt_core_mean,0.1117910334492717
LOCO,Structure6,P6-R7-WFQ,plddt_core_min,0.05295058810317355
LOCO,Structure6,P6-R7-WFQ,global_core_PAE,0.08989257688181618
LOCO,Structure6,P6-R7-WFQ,pae_contact_weighted,0.08867155737230226
LOCO,Structure6,P6-R7-WFQ,Rg_full_length_normalized,0.49507078725293613
LOCO,Structure6,P6-R7-WFQ,anisotropy,0.16162345694050018
LOCO,Structure6,P7-R5-SYVIRR,plddt_core_mean,0.14479504501872575
LOCO,Structure6,P7-R5-SYVIRR,plddt_core_min,0.033853210376346816
LOCO,Structure6,P7-R5-SYVIRR,global_core_PAE,0.07623049005630694
LOCO,Structure6,P7-R5-SYVIRR,pae_contact_weighted,0.07848060412570476
LOCO,Structure6,P7-R5-SYVIRR,Rg_full_length_normalized,0.4640491055124535
LOCO,Structure6,P7-R5-SYVIRR,anisotropy,0.20259154491046227
LOCO,Structure6,P8-R6-GVE,plddt_core_mean,0.12798180157727046
LOCO,Structure6,P8-R6-GVE,plddt_core_min,0.052837747860829745
LOCO,Structure6,P8-R6-GVE,global_core_PAE,0.09925245893113346
LOCO,Structure6,P8-R6-GVE,pae_contact_weighted,0.1059674457429459
LOCO,Structure6,P8-R6-GVE,Rg_full_length_normalized,0.45682294923761485
LOCO,Structure6,P8-R6-GVE,anisotropy,0.15713759665020555
LOCO,Structure6,PUF12-9,plddt_core_mean,0.13063757501042964
LOCO,Structure6,PUF12-9,plddt_core_min,0.06721747712191696
LOCO,Structure6,PUF12-9,global_core_PAE,0.09883337167357262
LOCO,Structure6,PUF12-9,pae_contact_weighted,0.110707078761153
LOCO,Structure6,PUF12-9,Rg_full_length_normalized,0.4390433453287331
LOCO,Structure6,PUF12-9,anisotropy,0.15356115210419458
LOCO,CP_Structure9,P4-R5-ETD,pp_nonlocal4_high_per_res,0.24323863612998511
LOCO,CP_Structure9,P4-R5-ETD,pp_nonlocal12_high_per_res,0.057361874595265344
LOCO,CP_Structure9,P4-R5-ETD,pp_nonlocal24_high_per_res,0.025589107271155008
LOCO,CP_Structure9,P4-R5-ETD,plddt_core_mean,0.03167508418028232
LOCO,CP_Structure9,P4-R5-ETD,plddt_core_min,0.010590783155869476
LOCO,CP_Structure9,P4-R5-ETD,global_core_PAE,0.1067623336628475
LOCO,CP_Structure9,P4-R5-ETD,pae_contact_weighted,0.03684479546474943
LOCO,CP_Structure9,P4-R5-ETD,Rg_full_length_normalized,0.4008379269855773
LOCO,CP_Structure9,P4-R5-ETD,anisotropy,0.08709945855426843
LOCO,CP_Structure9,P4-R5-SHE,pp_nonlocal4_high_per_res,0.37861490451482555
LOCO,CP_Structure9,P4-R5-SHE,pp_nonlocal12_high_per_res,0.05406102085341265
LOCO,CP_Structure9,P4-R5-SHE,pp_nonlocal24_high_per_res,0.02640935873530204
LOCO,CP_Structure9,P4-R5-SHE,plddt_core_mean,0.023300533069114504
LOCO,CP_Structure9,P4-R5-SHE,plddt_core_min,0.013598866950602796
LOCO,CP_Structure9,P4-R5-SHE,global_core_PAE,0.04893305635301695
LOCO,CP_Structure9,P4-R5-SHE,pae_contact_weighted,0.046355719437366896
LOCO,CP_Structure9,P4-R5-SHE,Rg_full_length_normalized,0.27660833700928783
LOCO,CP_Structure9,P4-R5-SHE,anisotropy,0.13211820307707087
LOCO,CP_Structure9,P4-R5-SHE+P7-R5-SHE,pp_nonlocal4_high_per_res,0.3733994595737573
LOCO,CP_Structure9,P4-R5-SHE+P7-R5-SHE,pp_nonlocal12_high_per_res,0.051257627004501115
LOCO,CP_Structure9,P4-R5-SHE+P7-R5-SHE,pp_nonlocal24_high_per_res,0.02640935873530205
LOCO,CP_Structure9,P4-R5-SHE+P7-R5-SHE,plddt_core_mean,0.02102722211451537
LOCO,CP_Structure9,P4-R5-SHE+P7-R5-SHE,plddt_core_min,0.010604830207746812
LOCO,CP_Structure9,P4-R5-SHE+P7-R5-SHE,global_core_PAE,0.0662823171189052
LOCO,CP_Structure9,P4-R5-SHE+P7-R5-SHE,pae_contact_weighted,0.054288153961643326
LOCO,CP_Structure9,P4-R5-SHE+P7-R5-SHE,Rg_full_length_normalized,0.2588071150156702
LOCO,CP_Structure9,P4-R5-SHE+P7-R5-SHE,anisotropy,0.13792391626795866
LOCO,CP_Structure9,P4-R5-SNE,pp_nonlocal4_high_per_res,0.3049040904606443
LOCO,CP_Structure9,P4-R5-SNE,pp_nonlocal12_high_per_res,0.04684597766971819
LOCO,CP_Structure9,P4-R5-SNE,pp_nonlocal24_high_per_res,0.024985433270079165
LOCO,CP_Structure9,P4-R5-SNE,plddt_core_mean,0.025993700214346563
LOCO,CP_Structure9,P4-R5-SNE,plddt_core_min,0.01596720956907268
LOCO,CP_Structure9,P4-R5-SNE,global_core_PAE,0.05951493570425718
LOCO,CP_Structure9,P4-R5-SNE,pae_contact_weighted,0.06435634128537461
LOCO,CP_Structure9,P4-R5-SNE,Rg_full_length_normalized,0.33292002150083444
LOCO,CP_Structure9,P4-R5-SNE,anisotropy,0.1245122903256728
LOCO,CP_Structure9,P4-R5-SNE+P7-R5-SNE,pp_nonlocal4_high_per_res,0.3942150551759635
LOCO,CP_Structure9,P4-R5-SNE+P7-R5-SNE,pp_nonlocal12_high_per_res,0.04614648753996356
LOCO,CP_Structure9,P4-R5-SNE+P7-R5-SNE,pp_nonlocal24_high_per_res,0.02750698305133601
LOCO,CP_Structure9,P4-R5-SNE+P7-R5-SNE,plddt_core_mean,0.01748609780893143
LOCO,CP_Structure9,P4-R5-SNE+P7-R5-SNE,plddt_core_min,0.012809644503530941
LOCO,CP_Structure9,P4-R5-SNE+P7-R5-SNE,global_core_PAE,0.04960006101284933
LOCO,CP_Structure9,P4-R5-SNE+P7-R5-SNE,pae_contact_weighted,0.05782201350229829
LOCO,CP_Structure9,P4-R5-SNE+P7-R5-SNE,Rg_full_length_normalized,0.27587906678188945
LOCO,CP_Structure9,P4-R5-SNE+P7-R5-SNE,anisotropy,0.11853459062323755
LOCO,CP_Structure9,P4-R5-SWD+P7-R5-SWD,pp_nonlocal4_high_per_res,0.2719946946570541
LOCO,CP_Structure9,P4-R5-SWD+P7-R5-SWD,pp_nonlocal12_high_per_res,0.06710587634192795
LOCO,CP_Structure9,P4-R5-SWD+P7-R5-SWD,pp_nonlocal24_high_per_res,0.0290388066597071
LOCO,CP_Structure9,P4-R5-SWD+P7-R5-SWD,plddt_core_mean,0.014219566410380925
LOCO,CP_Structure9,P4-R5-SWD+P7-R5-SWD,plddt_core_min,0.01522227239781016
LOCO,CP_Structure9,P4-R5-SWD+P7-R5-SWD,global_core_PAE,0.05223724622779749
LOCO,CP_Structure9,P4-R5-SWD+P7-R5-SWD,pae_contact_weighted,0.04815851916658459
LOCO,CP_Structure9,P4-R5-SWD+P7-R5-SWD,Rg_full_length_normalized,0.3620535414050933
LOCO,CP_Structure9,P4-R5-SWD+P7-R5-SWD,anisotropy,0.13996947673364424
LOCO,CP_Structure9,P4-R5-THE+P7-R5-THE,pp_nonlocal4_high_per_res,0.3053578843147163
LOCO,CP_Structure9,P4-R5-THE+P7-R5-THE,pp_nonlocal12_high_per_res,0.0477720241481707
LOCO,CP_Structure9,P4-R5-THE+P7-R5-THE,pp_nonlocal24_high_per_res,0.035594620125480904
LOCO,CP_Structure9,P4-R5-THE+P7-R5-THE,plddt_core_mean,0.021609662176287413
LOCO,CP_Structure9,P4-R5-THE+P7-R5-THE,plddt_core_min,0.028850455187025354
LOCO,CP_Structure9,P4-R5-THE+P7-R5-THE,global_core_PAE,0.07049467858462788
LOCO,CP_Structure9,P4-R5-THE+P7-R5-THE,pae_contact_weighted,0.05107976303160445
LOCO,CP_Structure9,P4-R5-THE+P7-R5-THE,Rg_full_length_normalized,0.3261811029080687
LOCO,CP_Structure9,P4-R5-THE+P7-R5-THE,anisotropy,0.11305980952401834
LOCO,CP_Structure9,P4-R5-YTH+P7-R5-YTH,pp_nonlocal4_high_per_res,0.2325335914070009
LOCO,CP_Structure9,P4-R5-YTH+P7-R5-YTH,pp_nonlocal12_high_per_res,0.05173372153306475
LOCO,CP_Structure9,P4-R5-YTH+P7-R5-YTH,pp_nonlocal24_high_per_res,0.024921021388244605
LOCO,CP_Structure9,P4-R5-YTH+P7-R5-YTH,plddt_core_mean,0.07759366611164499
LOCO,CP_Structure9,P4-R5-YTH+P7-R5-YTH,plddt_core_min,0.027380904270764974
LOCO,CP_Structure9,P4-R5-YTH+P7-R5-YTH,global_core_PAE,0.026879278719193885
LOCO,CP_Structure9,P4-R5-YTH+P7-R5-YTH,pae_contact_weighted,0.12567071278473096
LOCO,CP_Structure9,P4-R5-YTH+P7-R5-YTH,Rg_full_length_normalized,0.3138609724398238
LOCO,CP_Structure9,P4-R5-YTH+P7-R5-YTH,anisotropy,0.1194261313455311
LOCO,CP_Structure9,P4-R5-YYE+P7-P5-YYE,pp_nonlocal4_high_per_res,0.4504720386512336
LOCO,CP_Structure9,P4-R5-YYE+P7-P5-YYE,pp_nonlocal12_high_per_res,0.02026800048774369
LOCO,CP_Structure9,P4-R5-YYE+P7-P5-YYE,pp_nonlocal24_high_per_res,0.011348029701494651
LOCO,CP_Structure9,P4-R5-YYE+P7-P5-YYE,plddt_core_mean,0.028823019997440393
LOCO,CP_Structure9,P4-R5-YYE+P7-P5-YYE,plddt_core_min,0.006780436518083264
LOCO,CP_Structure9,P4-R5-YYE+P7-P5-YYE,global_core_PAE,0.10626319186895669
LOCO,CP_Structure9,P4-R5-YYE+P7-P5-YYE,pae_contact_weighted,0.06331112764090369
LOCO,CP_Structure9,P4-R5-YYE+P7-P5-YYE,Rg_full_length_normalized,0.21353190346530254
LOCO,CP_Structure9,P4-R5-YYE+P7-P5-YYE,anisotropy,0.09920225166884154
LOCO,CP_Structure9,P5-R6-AYE,pp_nonlocal4_high_per_res,0.25936458059254797
LOCO,CP_Structure9,P5-R6-AYE,pp_nonlocal12_high_per_res,0.06052339051445758
LOCO,CP_Structure9,P5-R6-AYE,pp_nonlocal24_high_per_res,0.03392196199810417
LOCO,CP_Structure9,P5-R6-AYE,plddt_core_mean,0.04614158017308724
LOCO,CP_Structure9,P5-R6-AYE,plddt_core_min,0.02284909047250343
LOCO,CP_Structure9,P5-R6-AYE,global_core_PAE,0.08897766391772051
LOCO,CP_Structure9,P5-R6-AYE,pae_contact_weighted,0.05748262041478904
LOCO,CP_Structure9,P5-R6-AYE,Rg_full_length_normalized,0.3103442981935207
LOCO,CP_Structure9,P5-R6-AYE,anisotropy,0.12039481372326948
LOCO,CP_Structure9,P5-R6-DFE,pp_nonlocal4_high_per_res,0.2107941782211704
LOCO,CP_Structure9,P5-R6-DFE,pp_nonlocal12_high_per_res,0.050271591862852384
LOCO,CP_Structure9,P5-R6-DFE,pp_nonlocal24_high_per_res,0.024296033837078346
LOCO,CP_Structure9,P5-R6-DFE,plddt_core_mean,0.05340251572720308
LOCO,CP_Structure9,P5-R6-DFE,plddt_core_min,0.012832957535379774
LOCO,CP_Structure9,P5-R6-DFE,global_core_PAE,0.08974314556613
LOCO,CP_Structure9,P5-R6-DFE,pae_contact_weighted,0.043270482905214125
LOCO,CP_Structure9,P5-R6-DFE,Rg_full_length_normalized,0.3207492237200351
LOCO,CP_Structure9,P5-R6-DFE,anisotropy,0.19463987062493673
LOCO,CP_Structure9,P5-R6-FWD,pp_nonlocal4_high_per_res,0.282335334317267
LOCO,CP_Structure9,P5-R6-FWD,pp_nonlocal12_high_per_res,0.06718749498929473
LOCO,CP_Structure9,P5-R6-FWD,pp_nonlocal24_high_per_res,0.048879974181496234
LOCO,CP_Structure9,P5-R6-FWD,plddt_core_mean,0.033853548099470256
LOCO,CP_Structure9,P5-R6-FWD,plddt_core_min,0.018034222929278722
LOCO,CP_Structure9,P5-R6-FWD,global_core_PAE,0.0986307949280026
LOCO,CP_Structure9,P5-R6-FWD,pae_contact_weighted,0.05375640251126136
LOCO,CP_Structure9,P5-R6-FWD,Rg_full_length_normalized,0.3162917970717872
LOCO,CP_Structure9,P5-R6-FWD,anisotropy,0.08103043097214196
LOCO,CP_Structure9,P5-R6-LRD,pp_nonlocal4_high_per_res,0.4812099302785274
LOCO,CP_Structure9,P5-R6-LRD,pp_nonlocal12_high_per_res,0.09772633451999789
LOCO,CP_Structure9,P5-R6-LRD,pp_nonlocal24_high_per_res,0.07399130071548601
LOCO,CP_Structure9,P5-R6-LRD,plddt_core_mean,0.04870849045130889
LOCO,CP_Structure9,P5-R6-LRD,plddt_core_min,0.02119698422662379
LOCO,CP_Structure9,P5-R6-LRD,global_core_PAE,0.010672315770565734
LOCO,CP_Structure9,P5-R6-LRD,pae_contact_weighted,0.01816445268095659
LOCO,CP_Structure9,P5-R6-LRD,Rg_full_length_normalized,0.18590089101680132
LOCO,CP_Structure9,P5-R6-LRD,anisotropy,0.06242930033973222
LOCO,CP_Structure9,P5-R6-NYE,pp_nonlocal4_high_per_res,0.34245598839422553
LOCO,CP_Structure9,P5-R6-NYE,pp_nonlocal12_high_per_res,0.07729054457794904
LOCO,CP_Structure9,P5-R6-NYE,pp_nonlocal24_high_per_res,0.034620825146995333
LOCO,CP_Structure9,P5-R6-NYE,plddt_core_mean,0.03079329769637742
LOCO,CP_Structure9,P5-R6-NYE,plddt_core_min,0.01659362597624418
LOCO,CP_Structure9,P5-R6-NYE,global_core_PAE,0.03407113623576929
LOCO,CP_Structure9,P5-R6-NYE,pae_contact_weighted,0.05208017838452718
LOCO,CP_Structure9,P5-R6-NYE,Rg_full_length_normalized,0.3129497027666409
LOCO,CP_Structure9,P5-R6-NYE,anisotropy,0.09914470082127126
LOCO,CP_Structure9,P5-R6-SFE,pp_nonlocal4_high_per_res,0.33162712126998156
LOCO,CP_Structure9,P5-R6-SFE,pp_nonlocal12_high_per_res,0.07457667066847114
LOCO,CP_Structure9,P5-R6-SFE,pp_nonlocal24_high_per_res,0.032736116994839394
LOCO,CP_Structure9,P5-R6-SFE,plddt_core_mean,0.050840034549161
LOCO,CP_Structure9,P5-R6-SFE,plddt_core_min,0.01515990587724287
LOCO,CP_Structure9,P5-R6-SFE,global_core_PAE,0.04642330235190206
LOCO,CP_Structure9,P5-R6-SFE,pae_contact_weighted,0.048640453517527334
LOCO,CP_Structure9,P5-R6-SFE,Rg_full_length_normalized,0.30076363946957624
LOCO,CP_Structure9,P5-R6-SFE,anisotropy,0.09923275530129853
LOCO,CP_Structure9,P5-R6-SWD,pp_nonlocal4_high_per_res,0.35343664764041827
LOCO,CP_Structure9,P5-R6-SWD,pp_nonlocal12_high_per_res,0.06926591184287854
LOCO,CP_Structure9,P5-R6-SWD,pp_nonlocal24_high_per_res,0.03114727465091615
LOCO,CP_Structure9,P5-R6-SWD,plddt_core_mean,0.047678022717935774
LOCO,CP_Structure9,P5-R6-SWD,plddt_core_min,0.014207265621553009
LOCO,CP_Structure9,P5-R6-SWD,global_core_PAE,0.03771258695963916
LOCO,CP_Structure9,P5-R6-SWD,pae_contact_weighted,0.05509534309031029
LOCO,CP_Structure9,P5-R6-SWD,Rg_full_length_normalized,0.2805340509835247
LOCO,CP_Structure9,P5-R6-SWD,anisotropy,0.11092289649282422
LOCO,CP_Structure9,P5-R6-SYQ,pp_nonlocal4_high_per_res,0.3021937141399492
LOCO,CP_Structure9,P5-R6-SYQ,pp_nonlocal12_high_per_res,0.0584008665891184
LOCO,CP_Structure9,P5-R6-SYQ,pp_nonlocal24_high_per_res,0.043862969489360505
LOCO,CP_Structure9,P5-R6-SYQ,plddt_core_mean,0.051856447193757045
LOCO,CP_Structure9,P5-R6-SYQ,plddt_core_min,0.01906492794437814
LOCO,CP_Structure9,P5-R6-SYQ,global_core_PAE,0.03559736236855517
LOCO,CP_Structure9,P5-R6-SYQ,pae_contact_weighted,0.06501614960957895
LOCO,CP_Structure9,P5-R6-SYQ,Rg_full_length_normalized,0.3390423040668086
LOCO,CP_Structure9,P5-R6-SYQ,anisotropy,0.08496525859849394
LOCO,CP_Structure9,P5-R6-THN,pp_nonlocal4_high_per_res,0.3671640220526898
LOCO,CP_Structure9,P5-R6-THN,pp_nonlocal12_high_per_res,0.08738215756543441
LOCO,CP_Structure9,P5-R6-THN,pp_nonlocal24_high_per_res,0.02270540635061659
LOCO,CP_Structure9,P5-R6-THN,plddt_core_mean,0.026362950998803945
LOCO,CP_Structure9,P5-R6-THN,plddt_core_min,0.02150782548603909
LOCO,CP_Structure9,P5-R6-THN,global_core_PAE,0.029715682789777254
LOCO,CP_Structure9,P5-R6-THN,pae_contact_weighted,0.06232409858032427
LOCO,CP_Structure9,P5-R6-THN,Rg_full_length_normalized,0.3222348179050993
LOCO,CP_Structure9,P5-R6-THN,anisotropy,0.06060303827121541
LOCO,CP_Structure9,P5-R6-TTE,pp_nonlocal4_high_per_res,0.26739460221666755
LOCO,CP_Structure9,P5-R6-TTE,pp_nonlocal12_high_per_res,0.07785173404024702
LOCO,CP_Structure9,P5-R6-TTE,pp_nonlocal24_high_per_res,0.07069309927456163
LOCO,CP_Structure9,P5-R6-TTE,plddt_core_mean,0.02929753686479161
LOCO,CP_Structure9,P5-R6-TTE,plddt_core_min,0.011071914952108247
LOCO,CP_Structure9,P5-R6-TTE,global_core_PAE,0.0601512355770717
LOCO,CP_Structure9,P5-R6-TTE,pae_contact_weighted,0.06157375427830571
LOCO,CP_Structure9,P5-R6-TTE,Rg_full_length_normalized,0.28627282137677185
LOCO,CP_Structure9,P5-R6-TTE,anisotropy,0.1356933014194748
LOCO,CP_Structure9,P5-R6-TWD,pp_nonlocal4_high_per_res,0.28052134522329064
LOCO,CP_Structure9,P5-R6-TWD,pp_nonlocal12_high_per_res,0.043107010872308935
LOCO,CP_Structure9,P5-R6-TWD,pp_nonlocal24_high_per_res,0.021621037876939714
LOCO,CP_Structure9,P5-R6-TWD,plddt_core_mean,0.02955859893079044
LOCO,CP_Structure9,P5-R6-TWD,plddt_core_min,0.015143051306052655
LOCO,CP_Structure9,P5-R6-TWD,global_core_PAE,0.0369957461273367
LOCO,CP_Structure9,P5-R6-TWD,pae_contact_weighted,0.07665958134721305
LOCO,CP_Structure9,P5-R6-TWD,Rg_full_length_normalized,0.36430561764215347
LOCO,CP_Structure9,P5-R6-TWD,anisotropy,0.13208801067391446
LOCO,CP_Structure9,P5-R6-TYE,pp_nonlocal4_high_per_res,0.316421253705844
LOCO,CP_Structure9,P5-R6-TYE,pp_nonlocal12_high_per_res,0.035652541374995635
LOCO,CP_Structure9,P5-R6-TYE,pp_nonlocal24_high_per_res,0.031586717662834
LOCO,CP_Structure9,P5-R6-TYE,plddt_core_mean,0.02864224603145469
LOCO,CP_Structure9,P5-R6-TYE,plddt_core_min,0.009845613539433005
LOCO,CP_Structure9,P5-R6-TYE,global_core_PAE,0.04941557340921599
LOCO,CP_Structure9,P5-R6-TYE,pae_contact_weighted,0.05054106520322459
LOCO,CP_Structure9,P5-R6-TYE,Rg_full_length_normalized,0.29411921722730844
LOCO,CP_Structure9,P5-R6-TYE,anisotropy,0.1837757718456897
LOCO,CP_Structure9,P5-R6-VFN,pp_nonlocal4_high_per_res,0.3434413843846189
LOCO,CP_Structure9,P5-R6-VFN,pp_nonlocal12_high_per_res,0.03706962284686523
LOCO,CP_Structure9,P5-R6-VFN,pp_nonlocal24_high_per_res,0.03423984941555862
LOCO,CP_Structure9,P5-R6-VFN,plddt_core_mean,0.025970770608961496
LOCO,CP_Structure9,P5-R6-VFN,plddt_core_min,0.016501314617775126
LOCO,CP_Structure9,P5-R6-VFN,global_core_PAE,0.05390945055676662
LOCO,CP_Structure9,P5-R6-VFN,pae_contact_weighted,0.06856565747980621
LOCO,CP_Structure9,P5-R6-VFN,Rg_full_length_normalized,0.2988419815718938
LOCO,CP_Structure9,P5-R6-VFN,anisotropy,0.121459968517754
LOCO,CP_Structure9,P6-R7-MHQ,pp_nonlocal4_high_per_res,0.3063983349752379
LOCO,CP_Structure9,P6-R7-MHQ,pp_nonlocal12_high_per_res,0.03634172551284645
LOCO,CP_Structure9,P6-R7-MHQ,pp_nonlocal24_high_per_res,0.03902794441003339
LOCO,CP_Structure9,P6-R7-MHQ,plddt_core_mean,0.020299299612573308
LOCO,CP_Structure9,P6-R7-MHQ,plddt_core_min,0.013351900734705659
LOCO,CP_Structure9,P6-R7-MHQ,global_core_PAE,0.022346463873237514
LOCO,CP_Structure9,P6-R7-MHQ,pae_contact_weighted,0.09643783500089319
LOCO,CP_Structure9,P6-R7-MHQ,Rg_full_length_normalized,0.35024703399948004
LOCO,CP_Structure9,P6-R7-MHQ,anisotropy,0.11554946188099242
LOCO,CP_Structure9,P6-R7-QFW,pp_nonlocal4_high_per_res,0.3341373606279014
LOCO,CP_Structure9,P6-R7-QFW,pp_nonlocal12_high_per_res,0.024547469829852172
LOCO,CP_Structure9,P6-R7-QFW,pp_nonlocal24_high_per_res,0.03288903580384479
LOCO,CP_Structure9,P6-R7-QFW,plddt_core_mean,0.031047520706317167
LOCO,CP_Structure9,P6-R7-QFW,plddt_core_min,0.01077043272899401
LOCO,CP_Structure9,P6-R7-QFW,global_core_PAE,0.04532672531430717
LOCO,CP_Structure9,P6-R7-QFW,pae_contact_weighted,0.04081269222784826
LOCO,CP_Structure9,P6-R7-QFW,Rg_full_length_normalized,0.3395412646256408
LOCO,CP_Structure9,P6-R7-QFW,anisotropy,0.14092749813529423
LOCO,CP_Structure9,P6-R7-QRW,pp_nonlocal4_high_per_res,0.3599620884073595
LOCO,CP_Structure9,P6-R7-QRW,pp_nonlocal12_high_per_res,0.03296291147859827
LOCO,CP_Structure9,P6-R7-QRW,pp_nonlocal24_high_per_res,0.034526875379577944
LOCO,CP_Structure9,P6-R7-QRW,plddt_core_mean,0.028678955550534686
LOCO,CP_Structure9,P6-R7-QRW,plddt_core_min,0.010992722319016648
LOCO,CP_Structure9,P6-R7-QRW,global_core_PAE,0.041537705304980264
LOCO,CP_Structure9,P6-R7-QRW,pae_contact_weighted,0.04407649903945644
LOCO,CP_Structure9,P6-R7-QRW,Rg_full_length_normalized,0.3741397483190243
LOCO,CP_Structure9,P6-R7-QRW,anisotropy,0.07312249420145192
LOCO,CP_Structure9,P6-R7-TRQ,pp_nonlocal4_high_per_res,0.33125126384474357
LOCO,CP_Structure9,P6-R7-TRQ,pp_nonlocal12_high_per_res,0.05822603847735662
LOCO,CP_Structure9,P6-R7-TRQ,pp_nonlocal24_high_per_res,0.0481831057945117
LOCO,CP_Structure9,P6-R7-TRQ,plddt_core_mean,0.027369304112798074
LOCO,CP_Structure9,P6-R7-TRQ,plddt_core_min,0.010992722319016646
LOCO,CP_Structure9,P6-R7-TRQ,global_core_PAE,0.03427332708474518
LOCO,CP_Structure9,P6-R7-TRQ,pae_contact_weighted,0.0427845277534712
LOCO,CP_Structure9,P6-R7-TRQ,Rg_full_length_normalized,0.3593572100903145
LOCO,CP_Structure9,P6-R7-TRQ,anisotropy,0.0875625005230425
LOCO,CP_Structure9,P6-R7-WFD,pp_nonlocal4_high_per_res,0.377523142592924
LOCO,CP_Structure9,P6-R7-WFD,pp_nonlocal12_high_per_res,0.014986190666516847
LOCO,CP_Structure9,P6-R7-WFD,pp_nonlocal24_high_per_res,0.020274596493642032
LOCO,CP_Structure9,P6-R7-WFD,plddt_core_mean,0.031201260416800092
LOCO,CP_Structure9,P6-R7-WFD,plddt_core_min,0.006743603208980277
LOCO,CP_Structure9,P6-R7-WFD,global_core_PAE,0.026057006609174566
LOCO,CP_Structure9,P6-R7-WFD,pae_contact_weighted,0.039864083782816355
LOCO,CP_Structure9,P6-R7-WFD,Rg_full_length_normalized,0.374689250049313
LOCO,CP_Structure9,P6-R7-WFD,anisotropy,0.10866086617983281
LOCO,CP_Structure9,P6-R7-WFQ,pp_nonlocal4_high_per_res,0.3577114024988237
LOCO,CP_Structure9,P6-R7-WFQ,pp_nonlocal12_high_per_res,0.01889470838915054
LOCO,CP_Structure9,P6-R7-WFQ,pp_nonlocal24_high_per_res,0.03980897287077797
LOCO,CP_Structure9,P6-R7-WFQ,plddt_core_mean,0.03710210401872095
LOCO,CP_Structure9,P6-R7-WFQ,plddt_core_min,0.011302170838000218
LOCO,CP_Structure9,P6-R7-WFQ,global_core_PAE,0.02806886311924756
LOCO,CP_Structure9,P6-R7-WFQ,pae_contact_weighted,0.046399685635833327
LOCO,CP_Structure9,P6-R7-WFQ,Rg_full_length_normalized,0.33419451623766744
LOCO,CP_Structure9,P6-R7-WFQ,anisotropy,0.12651757639177835
LOCO,CP_Structure9,P7-R5-SYVIRR,pp_nonlocal4_high_per_res,0.3406274273568069
LOCO,CP_Structure9,P7-R5-SYVIRR,pp_nonlocal12_high_per_res,0.04134574936493074
LOCO,CP_Structure9,P7-R5-SYVIRR,pp_nonlocal24_high_per_res,0.05204544632885113
LOCO,CP_Structure9,P7-R5-SYVIRR,plddt_core_mean,0.036209572660819034
LOCO,CP_Structure9,P7-R5-SYVIRR,plddt_core_min,0.005415689929847492
LOCO,CP_Structure9,P7-R5-SYVIRR,global_core_PAE,0.03144886730898392
LOCO,CP_Structure9,P7-R5-SYVIRR,pae_contact_weighted,0.0362568740644477
LOCO,CP_Structure9,P7-R5-SYVIRR,Rg_full_length_normalized,0.30686683556668104
LOCO,CP_Structure9,P7-R5-SYVIRR,anisotropy,0.1497835374186319
LOCO,CP_Structure9,P8-R6-GVE,pp_nonlocal4_high_per_res,0.37501441509078887
LOCO,CP_Structure9,P8-R6-GVE,pp_nonlocal12_high_per_res,0.03862988492210625
LOCO,CP_Structure9,P8-R6-GVE,pp_nonlocal24_high_per_res,0.03776755597934879
LOCO,CP_Structure9,P8-R6-GVE,plddt_core_mean,0.036042669919309024
LOCO,CP_Structure9,P8-R6-GVE,plddt_core_min,0.00879122970650264
LOCO,CP_Structure9,P8-R6-GVE,global_core_PAE,0.038747960594143954
LOCO,CP_Structure9,P8-R6-GVE,pae_contact_weighted,0.047474991178003315
LOCO,CP_Structure9,P8-R6-GVE,Rg_full_length_normalized,0.30689035013584215
LOCO,CP_Structure9,P8-R6-GVE,anisotropy,0.11064094247395509
LOCO,CP_Structure9,PUF12-9,pp_nonlocal4_high_per_res,0.4057216666286183
LOCO,CP_Structure9,PUF12-9,pp_nonlocal12_high_per_res,0.03752281367454808
LOCO,CP_Structure9,PUF12-9,pp_nonlocal24_high_per_res,0.029419632336191562
LOCO,CP_Structure9,PUF12-9,plddt_core_mean,0.03864904738004292
LOCO,CP_Structure9,PUF12-9,plddt_core_min,0.00879122970650264
LOCO,CP_Structure9,PUF12-9,global_core_PAE,0.03680358861624508
LOCO,CP_Structure9,PUF12-9,pae_contact_weighted,0.05668879640172535
LOCO,CP_Structure9,PUF12-9,Rg_full_length_normalized,0.28210936851338514
LOCO,CP_Structure9,PUF12-9,anisotropy,0.1042938567427411
LOCO,RNA4,P4-R5-ETD,pr_cp_per_nt,0.5545435610658536
LOCO,RNA4,P4-R5-ETD,pr_rna_max_mean,0.2114955731415658
LOCO,RNA4,P4-R5-ETD,pr_rna_coverage_05,0.008900024955210592
LOCO,RNA4,P4-R5-ETD,pr_protein_coverage_05,0.22506084083737002
LOCO,RNA4,P4-R5-SHE,pr_cp_per_nt,0.513310128328643
LOCO,RNA4,P4-R5-SHE,pr_rna_max_mean,0.24212362314954952
LOCO,RNA4,P4-R5-SHE,pr_rna_coverage_05,0.043841207423293255
LOCO,RNA4,P4-R5-SHE,pr_protein_coverage_05,0.20072504109851436
LOCO,RNA4,P4-R5-SHE+P7-R5-SHE,pr_cp_per_nt,0.5133101283286429
LOCO,RNA4,P4-R5-SHE+P7-R5-SHE,pr_rna_max_mean,0.24003930010916946
LOCO,RNA4,P4-R5-SHE+P7-R5-SHE,pr_rna_coverage_05,0.04592553046367329
LOCO,RNA4,P4-R5-SHE+P7-R5-SHE,pr_protein_coverage_05,0.20072504109851433
LOCO,RNA4,P4-R5-SNE,pr_cp_per_nt,0.5128373535332689
LOCO,RNA4,P4-R5-SNE,pr_rna_max_mean,0.24020083408712148
LOCO,RNA4,P4-R5-SNE,pr_rna_coverage_05,0.043841207423293255
LOCO,RNA4,P4-R5-SNE,pr_protein_coverage_05,0.2031206049563165
LOCO,RNA4,P4-R5-SNE+P7-R5-SNE,pr_cp_per_nt,0.4496616996143309
LOCO,RNA4,P4-R5-SNE+P7-R5-SNE,pr_rna_max_mean,0.30337648800605943
LOCO,RNA4,P4-R5-SNE+P7-R5-SNE,pr_rna_coverage_05,0.04384120742329325
LOCO,RNA4,P4-R5-SNE+P7-R5-SNE,pr_protein_coverage_05,0.20312060495631648
LOCO,RNA4,P4-R5-SWD+P7-R5-SWD,pr_cp_per_nt,0.47287186538918224
LOCO,RNA4,P4-R5-SWD+P7-R5-SWD,pr_rna_max_mean,0.27211859809838695
LOCO,RNA4,P4-R5-SWD+P7-R5-SWD,pr_rna_coverage_05,0.05510307402619087
LOCO,RNA4,P4-R5-SWD+P7-R5-SWD,pr_protein_coverage_05,0.19990646248624
LOCO,RNA4,P4-R5-THE+P7-R5-THE,pr_cp_per_nt,0.48659227656565013
LOCO,RNA4,P4-R5-THE+P7-R5-THE,pr_rna_max_mean,0.24776232443508497
LOCO,RNA4,P4-R5-THE+P7-R5-THE,pr_rna_coverage_05,0.042201487896082024
LOCO,RNA4,P4-R5-THE+P7-R5-THE,pr_protein_coverage_05,0.2234439111031829
LOCO,RNA4,P4-R5-YTH+P7-R5-YTH,pr_cp_per_nt,0.41327595240809134
LOCO,RNA4,P4-R5-YTH+P7-R5-YTH,pr_rna_max_mean,0.28445489209028263
LOCO,RNA4,P4-R5-YTH+P7-R5-YTH,pr_rna_coverage_05,0.03167937379774833
LOCO,RNA4,P4-R5-YTH+P7-R5-YTH,pr_protein_coverage_05,0.27058978170387765
LOCO,RNA4,P4-R5-YYE+P7-P5-YYE,pr_cp_per_nt,0.464167557630916
LOCO,RNA4,P4-R5-YYE+P7-P5-YYE,pr_rna_max_mean,0.4142325049140322
LOCO,RNA4,P4-R5-YYE+P7-P5-YYE,pr_rna_coverage_05,0.019849793647550094
LOCO,RNA4,P4-R5-YYE+P7-P5-YYE,pr_protein_coverage_05,0.10175014380750179
LOCO,RNA4,P5-R6-AYE,pr_cp_per_nt,0.49135327543293067
LOCO,RNA4,P5-R6-AYE,pr_rna_max_mean,0.2807451632073365
LOCO,RNA4,P5-R6-AYE,pr_rna_coverage_05,0.05960099048753989
LOCO,RNA4,P5-R6-AYE,pr_protein_coverage_05,0.16830057087219308
LOCO,RNA4,P5-R6-DFE,pr_cp_per_nt,0.5212402695917748
LOCO,RNA4,P5-R6-DFE,pr_rna_max_mean,0.19735785107078233
LOCO,RNA4,P5-R6-DFE,pr_rna_coverage_05,0.10051428280299937
LOCO,RNA4,P5-R6-DFE,pr_protein_coverage_05,0.18088759653444364
LOCO,RNA4,P5-R6-FWD,pr_cp_per_nt,0.4012137988799842
LOCO,RNA4,P5-R6-FWD,pr_rna_max_mean,0.27006637616528784
LOCO,RNA4,P5-R6-FWD,pr_rna_coverage_05,0.08172036033939722
LOCO,RNA4,P5-R6-FWD,pr_protein_coverage_05,0.24699946461533082
LOCO,RNA4,P5-R6-LRD,pr_cp_per_nt,0.46761104455585273
LOCO,RNA4,P5-R6-LRD,pr_rna_max_mean,0.28068490350315983
LOCO,RNA4,P5-R6-LRD,pr_rna_coverage_05,0.09977255782648946
LOCO,RNA4,P5-R6-LRD,pr_protein_coverage_05,0.15193149411449808
LOCO,RNA4,P5-R6-NYE,pr_cp_per_nt,0.50633593435728
LOCO,RNA4,P5-R6-NYE,pr_rna_max_mean,0.2481098940882538
LOCO,RNA4,P5-R6-NYE,pr_rna_coverage_05,0.06432112392143245
LOCO,RNA4,P5-R6-NYE,pr_protein_coverage_05,0.18123304763303383
LOCO,RNA4,P5-R6-SFE,pr_cp_per_nt,0.5323579635463828
LOCO,RNA4,P5-R6-SFE,pr_rna_max_mean,0.23162310522723012
LOCO,RNA4,P5-R6-SFE,pr_rna_coverage_05,0.06401641079008699
LOCO,RNA4,P5-R6-SFE,pr_protein_coverage_05,0.17200252043630015
LOCO,RNA4,P5-R6-SWD,pr_cp_per_nt,0.4512511919636681
LOCO,RNA4,P5-R6-SWD,pr_rna_max_mean,0.23024404666141346
LOCO,RNA4,P5-R6-SWD,pr_rna_coverage_05,0.06401641079008699
LOCO,RNA4,P5-R6-SWD,pr_protein_coverage_05,0.2544883505848314
LOCO,RNA4,P5-R6-SYQ,pr_cp_per_nt,0.5312985056513136
LOCO,RNA4,P5-R6-SYQ,pr_rna_max_mean,0.22954771308246155
LOCO,RNA4,P5-R6-SYQ,pr_rna_coverage_05,0.056840629831274206
LOCO,RNA4,P5-R6-SYQ,pr_protein_coverage_05,0.18231315143495053
LOCO,RNA4,P5-R6-THN,pr_cp_per_nt,0.5132294463919779
LOCO,RNA4,P5-R6-THN,pr_rna_max_mean,0.2487024993935373
LOCO,RNA4,P5-R6-THN,pr_rna_coverage_05,0.06164454171350345
LOCO,RNA4,P5-R6-THN,pr_protein_coverage_05,0.17642351250098154
LOCO,RNA4,P5-R6-TTE,pr_cp_per_nt,0.45206674277085895
LOCO,RNA4,P5-R6-TTE,pr_rna_max_mean,0.21515128099188188
LOCO,RNA4,P5-R6-TTE,pr_rna_coverage_05,0.05596152924137298
LOCO,RNA4,P5-R6-TTE,pr_protein_coverage_05,0.27682044699588626
LOCO,RNA4,P5-R6-TWD,pr_cp_per_nt,0.5278886074034268
LOCO,RNA4,P5-R6-TWD,pr_rna_max_mean,0.23959357904755366
LOCO,RNA4,P5-R6-TWD,pr_rna_coverage_05,0.06255556970999862
LOCO,RNA4,P5-R6-TWD,pr_protein_coverage_05,0.169962243839021
LOCO,RNA4,P5-R6-TYE,pr_cp_per_nt,0.364589878040878
LOCO,RNA4,P5-R6-TYE,pr_rna_max_mean,0.3340208639402205
LOCO,RNA4,P5-R6-TYE,pr_rna_coverage_05,0.08112865214173491
LOCO,RNA4,P5-R6-TYE,pr_protein_coverage_05,0.22026060587716662
LOCO,RNA4,P5-R6-VFN,pr_cp_per_nt,0.47005073357507043
LOCO,RNA4,P5-R6-VFN,pr_rna_max_mean,0.248578237760513
LOCO,RNA4,P5-R6-VFN,pr_rna_coverage_05,0.06729962132111872
LOCO,RNA4,P5-R6-VFN,pr_protein_coverage_05,0.21407140734329794
LOCO,RNA4,P6-R7-MHQ,pr_cp_per_nt,0.47233960459175417
LOCO,RNA4,P6-R7-MHQ,pr_rna_max_mean,0.2753138005040423
LOCO,RNA4,P6-R7-MHQ,pr_rna_coverage_05,0.0663971217917688
LOCO,RNA4,P6-R7-MHQ,pr_protein_coverage_05,0.18594947311243476
LOCO,RNA4,P6-R7-QFW,pr_cp_per_nt,0.39939292897106715
LOCO,RNA4,P6-R7-QFW,pr_rna_max_mean,0.3070028450040305
LOCO,RNA4,P6-R7-QFW,pr_rna_coverage_05,0.06469225174060296
LOCO,RNA4,P6-R7-QFW,pr_protein_coverage_05,0.22891197428429927
LOCO,RNA4,P6-R7-QRW,pr_cp_per_nt,0.43644847981542656
LOCO,RNA4,P6-R7-QRW,pr_rna_max_mean,0.2689877640999409
LOCO,RNA4,P6-R7-QRW,pr_rna_coverage_05,0.06192646968798646
LOCO,RNA4,P6-R7-QRW,pr_protein_coverage_05,0.23263728639664621
LOCO,RNA4,P6-R7-TRQ,pr_cp_per_nt,0.4415363219156564
LOCO,RNA4,P6-R7-TRQ,pr_rna_max_mean,0.2643978685203273
LOCO,RNA4,P6-R7-TRQ,pr_rna_coverage_05,0.06936074751576007
LOCO,RNA4,P6-R7-TRQ,pr_protein_coverage_05,0.22470506204825624
LOCO,RNA4,P6-R7-WFD,pr_cp_per_nt,0.4275166081022883
LOCO,RNA4,P6-R7-WFD,pr_rna_max_mean,0.27791586980275074
LOCO,RNA4,P6-R7-WFD,pr_rna_coverage_05,0.05585415399142605
LOCO,RNA4,P6-R7-WFD,pr_protein_coverage_05,0.238713368103535
LOCO,RNA4,P6-R7-WFQ,pr_cp_per_nt,0.4683878256192082
LOCO,RNA4,P6-R7-WFQ,pr_rna_max_mean,0.2378236177280435
LOCO,RNA4,P6-R7-WFQ,pr_rna_coverage_05,0.051542236272051546
LOCO,RNA4,P6-R7-WFQ,pr_protein_coverage_05,0.2422463203806967
LOCO,RNA4,P7-R5-SYVIRR,pr_cp_per_nt,0.4430949662755016
LOCO,RNA4,P7-R5-SYVIRR,pr_rna_max_mean,0.2687018524536889
LOCO,RNA4,P7-R5-SYVIRR,pr_rna_coverage_05,0.051920567924242045
LOCO,RNA4,P7-R5-SYVIRR,pr_protein_coverage_05,0.23628261334656744
LOCO,RNA4,P8-R6-GVE,pr_cp_per_nt,0.42872082665505684
LOCO,RNA4,P8-R6-GVE,pr_rna_max_mean,0.2613275013466547
LOCO,RNA4,P8-R6-GVE,pr_rna_coverage_05,0.05395136356273371
LOCO,RNA4,P8-R6-GVE,pr_protein_coverage_05,0.2560003084355549
LOCO,RNA4,PUF12-9,pr_cp_per_nt,0.4787721375300598
LOCO,RNA4,PUF12-9,pr_rna_max_mean,0.21646821348485756
LOCO,RNA4,PUF12-9,pr_rna_coverage_05,0.05177847556905808
LOCO,RNA4,PUF12-9,pr_protein_coverage_05,0.2529811734160245
LOCO,CP_RNA7,P4-R5-ETD,pp_nonlocal4_high_per_res,0.3282867929971094
LOCO,CP_RNA7,P4-R5-ETD,pp_nonlocal12_high_per_res,0.10911627477915435
LOCO,CP_RNA7,P4-R5-ETD,pp_nonlocal24_high_per_res,0.08614490333840895
LOCO,CP_RNA7,P4-R5-ETD,pr_cp_per_nt,0.24087256918132524
LOCO,CP_RNA7,P4-R5-ETD,pr_rna_max_mean,0.09024449785761603
LOCO,CP_RNA7,P4-R5-ETD,pr_rna_coverage_05,0.002791370737356419
LOCO,CP_RNA7,P4-R5-ETD,pr_protein_coverage_05,0.14254359110902953
LOCO,CP_RNA7,P4-R5-SHE,pp_nonlocal4_high_per_res,0.4573466573937376
LOCO,CP_RNA7,P4-R5-SHE,pp_nonlocal12_high_per_res,0.09115317060223173
LOCO,CP_RNA7,P4-R5-SHE,pp_nonlocal24_high_per_res,0.06676071155615718
LOCO,CP_RNA7,P4-R5-SHE,pr_cp_per_nt,0.17813943904344257
LOCO,CP_RNA7,P4-R5-SHE,pr_rna_max_mean,0.07705076960280426
LOCO,CP_RNA7,P4-R5-SHE,pr_rna_coverage_05,0.020339154949368624
LOCO,CP_RNA7,P4-R5-SHE,pr_protein_coverage_05,0.10921009685225808
LOCO,CP_RNA7,P4-R5-SHE+P7-R5-SHE,pp_nonlocal4_high_per_res,0.4558685273561234
LOCO,CP_RNA7,P4-R5-SHE+P7-R5-SHE,pp_nonlocal12_high_per_res,0.09263130063984598
LOCO,CP_RNA7,P4-R5-SHE+P7-R5-SHE,pp_nonlocal24_high_per_res,0.06676071155615718
LOCO,CP_RNA7,P4-R5-SHE+P7-R5-SHE,pr_cp_per_nt,0.17813943904344257
LOCO,CP_RNA7,P4-R5-SHE+P7-R5-SHE,pr_rna_max_mean,0.07705076960280426
LOCO,CP_RNA7,P4-R5-SHE+P7-R5-SHE,pr_rna_coverage_05,0.020339154949368624
LOCO,CP_RNA7,P4-R5-SHE+P7-R5-SHE,pr_protein_coverage_05,0.10921009685225808
LOCO,CP_RNA7,P4-R5-SNE,pp_nonlocal4_high_per_res,0.38803376481010415
LOCO,CP_RNA7,P4-R5-SNE,pp_nonlocal12_high_per_res,0.08886548862923448
LOCO,CP_RNA7,P4-R5-SNE,pp_nonlocal24_high_per_res,0.13499693639659996
LOCO,CP_RNA7,P4-R5-SNE,pr_cp_per_nt,0.17787255264516139
LOCO,CP_RNA7,P4-R5-SNE,pr_rna_max_mean,0.08553064474982325
LOCO,CP_RNA7,P4-R5-SNE,pr_rna_coverage_05,0.02054698520156659
LOCO,CP_RNA7,P4-R5-SNE,pr_protein_coverage_05,0.10415362756751001
LOCO,CP_RNA7,P4-R5-SNE+P7-R5-SNE,pp_nonlocal4_high_per_res,0.4890394532794881
LOCO,CP_RNA7,P4-R5-SNE+P7-R5-SNE,pp_nonlocal12_high_per_res,0.09614719487501407
LOCO,CP_RNA7,P4-R5-SNE+P7-R5-SNE,pp_nonlocal24_high_per_res,0.06735332819480622
LOCO,CP_RNA7,P4-R5-SNE+P7-R5-SNE,pr_cp_per_nt,0.1475078897037662
LOCO,CP_RNA7,P4-R5-SNE+P7-R5-SNE,pr_rna_max_mean,0.08893908663090042
LOCO,CP_RNA7,P4-R5-SNE+P7-R5-SNE,pr_rna_coverage_05,0.015071241032329234
LOCO,CP_RNA7,P4-R5-SNE+P7-R5-SNE,pr_protein_coverage_05,0.09594180628369575
LOCO,CP_RNA7,P4-R5-SWD+P7-R5-SWD,pp_nonlocal4_high_per_res,0.43116549306044893
LOCO,CP_RNA7,P4-R5-SWD+P7-R5-SWD,pp_nonlocal12_high_per_res,0.11698937471811771
LOCO,CP_RNA7,P4-R5-SWD+P7-R5-SWD,pp_nonlocal24_high_per_res,0.08686866154731729
LOCO,CP_RNA7,P4-R5-SWD+P7-R5-SWD,pr_cp_per_nt,0.1646266474871001
LOCO,CP_RNA7,P4-R5-SWD+P7-R5-SWD,pr_rna_max_mean,0.07381119510182026
LOCO,CP_RNA7,P4-R5-SWD+P7-R5-SWD,pr_rna_coverage_05,0.013780513681266262
LOCO,CP_RNA7,P4-R5-SWD+P7-R5-SWD,pr_protein_coverage_05,0.11275811440392926
LOCO,CP_RNA7,P4-R5-THE+P7-R5-THE,pp_nonlocal4_high_per_res,0.41475905151767734
LOCO,CP_RNA7,P4-R5-THE+P7-R5-THE,pp_nonlocal12_high_per_res,0.09269013727098996
LOCO,CP_RNA7,P4-R5-THE+P7-R5-THE,pp_nonlocal24_high_per_res,0.09755729148239785
LOCO,CP_RNA7,P4-R5-THE+P7-R5-THE,pr_cp_per_nt,0.16924158914238563
LOCO,CP_RNA7,P4-R5-THE+P7-R5-THE,pr_rna_max_mean,0.07459357843175277
LOCO,CP_RNA7,P4-R5-THE+P7-R5-THE,pr_rna_coverage_05,0.013779531390726383
LOCO,CP_RNA7,P4-R5-THE+P7-R5-THE,pr_protein_coverage_05,0.13737882076407007
LOCO,CP_RNA7,P4-R5-YTH+P7-R5-YTH,pp_nonlocal4_high_per_res,0.44461316978985926
LOCO,CP_RNA7,P4-R5-YTH+P7-R5-YTH,pp_nonlocal12_high_per_res,0.07820658515945164
LOCO,CP_RNA7,P4-R5-YTH+P7-R5-YTH,pp_nonlocal24_high_per_res,0.09354329691037348
LOCO,CP_RNA7,P4-R5-YTH+P7-R5-YTH,pr_cp_per_nt,0.13430684615553382
LOCO,CP_RNA7,P4-R5-YTH+P7-R5-YTH,pr_rna_max_mean,0.06949934798128306
LOCO,CP_RNA7,P4-R5-YTH+P7-R5-YTH,pr_rna_coverage_05,0.01118733142424321
LOCO,CP_RNA7,P4-R5-YTH+P7-R5-YTH,pr_protein_coverage_05,0.16864342257925555
LOCO,CP_RNA7,P4-R5-YYE+P7-P5-YYE,pp_nonlocal4_high_per_res,0.5991180944683051
LOCO,CP_RNA7,P4-R5-YYE+P7-P5-YYE,pp_nonlocal12_high_per_res,0.060613865130987286
LOCO,CP_RNA7,P4-R5-YYE+P7-P5-YYE,pp_nonlocal24_high_per_res,0.06430880460559425
LOCO,CP_RNA7,P4-R5-YYE+P7-P5-YYE,pr_cp_per_nt,0.13469864917790503
LOCO,CP_RNA7,P4-R5-YYE+P7-P5-YYE,pr_rna_max_mean,0.09747544881986306
LOCO,CP_RNA7,P4-R5-YYE+P7-P5-YYE,pr_rna_coverage_05,0.009625441933740889
LOCO,CP_RNA7,P4-R5-YYE+P7-P5-YYE,pr_protein_coverage_05,0.03415969586360445
LOCO,CP_RNA7,P5-R6-AYE,pp_nonlocal4_high_per_res,0.44708221374003754
LOCO,CP_RNA7,P5-R6-AYE,pp_nonlocal12_high_per_res,0.11509053951478704
LOCO,CP_RNA7,P5-R6-AYE,pp_nonlocal24_high_per_res,0.10495497130299833
LOCO,CP_RNA7,P5-R6-AYE,pr_cp_per_nt,0.16059841300257474
LOCO,CP_RNA7,P5-R6-AYE,pr_rna_max_mean,0.09058812038008711
LOCO,CP_RNA7,P5-R6-AYE,pr_rna_coverage_05,0.010499001623173028
LOCO,CP_RNA7,P5-R6-AYE,pr_protein_coverage_05,0.07118674043634213
LOCO,CP_RNA7,P5-R6-DFE,pp_nonlocal4_high_per_res,0.40137003081749867
LOCO,CP_RNA7,P5-R6-DFE,pp_nonlocal12_high_per_res,0.07199920917397848
LOCO,CP_RNA7,P5-R6-DFE,pp_nonlocal24_high_per_res,0.08880542323255824
LOCO,CP_RNA7,P5-R6-DFE,pr_cp_per_nt,0.19572802411463144
LOCO,CP_RNA7,P5-R6-DFE,pr_rna_max_mean,0.08456196136409087
LOCO,CP_RNA7,P5-R6-DFE,pr_rna_coverage_05,0.043507784256559996
LOCO,CP_RNA7,P5-R6-DFE,pr_protein_coverage_05,0.11402756704068231
LOCO,CP_RNA7,P5-R6-FWD,pp_nonlocal4_high_per_res,0.44912761624185576
LOCO,CP_RNA7,P5-R6-FWD,pp_nonlocal12_high_per_res,0.0750706682334629
LOCO,CP_RNA7,P5-R6-FWD,pp_nonlocal24_high_per_res,0.1060521540491372
LOCO,CP_RNA7,P5-R6-FWD,pr_cp_per_nt,0.14196879316674965
LOCO,CP_RNA7,P5-R6-FWD,pr_rna_max_mean,0.0682508318848961
LOCO,CP_RNA7,P5-R6-FWD,pr_rna_coverage_05,0.04045030501569544
LOCO,CP_RNA7,P5-R6-FWD,pr_protein_coverage_05,0.1190796314082029
LOCO,CP_RNA7,P5-R6-LRD,pp_nonlocal4_high_per_res,0.6478496951172845
LOCO,CP_RNA7,P5-R6-LRD,pp_nonlocal12_high_per_res,0.120954424215536
LOCO,CP_RNA7,P5-R6-LRD,pp_nonlocal24_high_per_res,0.11312485168176467
LOCO,CP_RNA7,P5-R6-LRD,pr_cp_per_nt,0.056534719814128644
LOCO,CP_RNA7,P5-R6-LRD,pr_rna_max_mean,0.025194183767417715
LOCO,CP_RNA7,P5-R6-LRD,pr_rna_coverage_05,0.0188345707140885
LOCO,CP_RNA7,P5-R6-LRD,pr_protein_coverage_05,0.017507554689780092
LOCO,CP_RNA7,P5-R6-NYE,pp_nonlocal4_high_per_res,0.5334446266505195
LOCO,CP_RNA7,P5-R6-NYE,pp_nonlocal12_high_per_res,0.08515539558482094
LOCO,CP_RNA7,P5-R6-NYE,pp_nonlocal24_high_per_res,0.12106366537055002
LOCO,CP_RNA7,P5-R6-NYE,pr_cp_per_nt,0.130427612249428
LOCO,CP_RNA7,P5-R6-NYE,pr_rna_max_mean,0.04996973091672277
LOCO,CP_RNA7,P5-R6-NYE,pr_rna_coverage_05,0.015317265210303535
LOCO,CP_RNA7,P5-R6-NYE,pr_protein_coverage_05,0.06462170401765527
LOCO,CP_RNA7,P5-R6-SFE,pp_nonlocal4_high_per_res,0.501617204173573
LOCO,CP_RNA7,P5-R6-SFE,pp_nonlocal12_high_per_res,0.10644505045027315
LOCO,CP_RNA7,P5-R6-SFE,pp_nonlocal24_high_per_res,0.11234382033231308
LOCO,CP_RNA7,P5-R6-SFE,pr_cp_per_nt,0.1561226026511464
LOCO,CP_RNA7,P5-R6-SFE,pr_rna_max_mean,0.054642171419185245
LOCO,CP_RNA7,P5-R6-SFE,pr_rna_coverage_05,0.014558789853846699
LOCO,CP_RNA7,P5-R6-SFE,pr_protein_coverage_05,0.0542703611196624
LOCO,CP_RNA7,P5-R6-SWD,pp_nonlocal4_high_per_res,0.5387915786181489
LOCO,CP_RNA7,P5-R6-SWD,pp_nonlocal12_high_per_res,0.08373917226106227
LOCO,CP_RNA7,P5-R6-SWD,pp_nonlocal24_high_per_res,0.10790917495088453
LOCO,CP_RNA7,P5-R6-SWD,pr_cp_per_nt,0.1260062288808376
LOCO,CP_RNA7,P5-R6-SWD,pr_rna_max_mean,0.04625360148006874
LOCO,CP_RNA7,P5-R6-SWD,pr_rna_coverage_05,0.017216830402458996
LOCO,CP_RNA7,P5-R6-SWD,pr_protein_coverage_05,0.08008341340653892
LOCO,CP_RNA7,P5-R6-SYQ,pp_nonlocal4_high_per_res,0.4857540362906625
LOCO,CP_RNA7,P5-R6-SYQ,pp_nonlocal12_high_per_res,0.08037527643274531
LOCO,CP_RNA7,P5-R6-SYQ,pp_nonlocal24_high_per_res,0.14989042118828988
LOCO,CP_RNA7,P5-R6-SYQ,pr_cp_per_nt,0.14910701522270672
LOCO,CP_RNA7,P5-R6-SYQ,pr_rna_max_mean,0.04811069292573899
LOCO,CP_RNA7,P5-R6-SYQ,pr_rna_coverage_05,0.02204978625240612
LOCO,CP_RNA7,P5-R6-SYQ,pr_protein_coverage_05,0.06471277168745045
LOCO,CP_RNA7,P5-R6-THN,pp_nonlocal4_high_per_res,0.5264891258326307
LOCO,CP_RNA7,P5-R6-THN,pp_nonlocal12_high_per_res,0.12541852477662258
LOCO,CP_RNA7,P5-R6-THN,pp_nonlocal24_high_per_res,0.10302408015863844
LOCO,CP_RNA7,P5-R6-THN,pr_cp_per_nt,0.11388330724354857
LOCO,CP_RNA7,P5-R6-THN,pr_rna_max_mean,0.0494056864743512
LOCO,CP_RNA7,P5-R6-THN,pr_rna_coverage_05,0.018270215474608067
LOCO,CP_RNA7,P5-R6-THN,pr_protein_coverage_05,0.06350906003960047
LOCO,CP_RNA7,P5-R6-TTE,pp_nonlocal4_high_per_res,0.43683862978841875
LOCO,CP_RNA7,P5-R6-TTE,pp_nonlocal12_high_per_res,0.1415100248047623
LOCO,CP_RNA7,P5-R6-TTE,pp_nonlocal24_high_per_res,0.139577150987422
LOCO,CP_RNA7,P5-R6-TTE,pr_cp_per_nt,0.10278398629390359
LOCO,CP_RNA7,P5-R6-TTE,pr_rna_max_mean,0.05208561861088057
LOCO,CP_RNA7,P5-R6-TTE,pr_rna_coverage_05,0.02714639464212369
LOCO,CP_RNA7,P5-R6-TTE,pr_protein_coverage_05,0.10005819487248922
LOCO,CP_RNA7,P5-R6-TWD,pp_nonlocal4_high_per_res,0.517481044670072
LOCO,CP_RNA7,P5-R6-TWD,pp_nonlocal12_high_per_res,0.08640938969441506
LOCO,CP_RNA7,P5-R6-TWD,pp_nonlocal24_high_per_res,0.0912563704211203
LOCO,CP_RNA7,P5-R6-TWD,pr_cp_per_nt,0.13575923939647144
LOCO,CP_RNA7,P5-R6-TWD,pr_rna_max_mean,0.047956600732113455
LOCO,CP_RNA7,P5-R6-TWD,pr_rna_coverage_05,0.02574548030544278
LOCO,CP_RNA7,P5-R6-TWD,pr_protein_coverage_05,0.09539187478036505
LOCO,CP_RNA7,P5-R6-TYE,pp_nonlocal4_high_per_res,0.4698144213360422
LOCO,CP_RNA7,P5-R6-TYE,pp_nonlocal12_high_per_res,0.07244462016643176
LOCO,CP_RNA7,P5-R6-TYE,pp_nonlocal24_high_per_res,0.09114816059046596
LOCO,CP_RNA7,P5-R6-TYE,pr_cp_per_nt,0.1606680166255035
LOCO,CP_RNA7,P5-R6-TYE,pr_rna_max_mean,0.055443323585347336
LOCO,CP_RNA7,P5-R6-TYE,pr_rna_coverage_05,0.03029373988952379
LOCO,CP_RNA7,P5-R6-TYE,pr_protein_coverage_05,0.12018771780668555
LOCO,CP_RNA7,P5-R6-VFN,pp_nonlocal4_high_per_res,0.5124597688804241
LOCO,CP_RNA7,P5-R6-VFN,pp_nonlocal12_high_per_res,0.08532328840382707
LOCO,CP_RNA7,P5-R6-VFN,pp_nonlocal24_high_per_res,0.09731212600324532
LOCO,CP_RNA7,P5-R6-VFN,pr_cp_per_nt,0.13250429332304145
LOCO,CP_RNA7,P5-R6-VFN,pr_rna_max_mean,0.03118012590329891
LOCO,CP_RNA7,P5-R6-VFN,pr_rna_coverage_05,0.03330860960918469
LOCO,CP_RNA7,P5-R6-VFN,pr_protein_coverage_05,0.10791178787697842
LOCO,CP_RNA7,P6-R7-MHQ,pp_nonlocal4_high_per_res,0.47965572572698306
LOCO,CP_RNA7,P6-R7-MHQ,pp_nonlocal12_high_per_res,0.10537022767539263
LOCO,CP_RNA7,P6-R7-MHQ,pp_nonlocal24_high_per_res,0.13104736930520453
LOCO,CP_RNA7,P6-R7-MHQ,pr_cp_per_nt,0.13483407545397386
LOCO,CP_RNA7,P6-R7-MHQ,pr_rna_max_mean,0.03260725671441443
LOCO,CP_RNA7,P6-R7-MHQ,pr_rna_coverage_05,0.035017953204453875
LOCO,CP_RNA7,P6-R7-MHQ,pr_protein_coverage_05,0.08146739191957754
LOCO,CP_RNA7,P6-R7-QFW,pp_nonlocal4_high_per_res,0.5171597607286853
LOCO,CP_RNA7,P6-R7-QFW,pp_nonlocal12_high_per_res,0.06767860141615281
LOCO,CP_RNA7,P6-R7-QFW,pp_nonlocal24_high_per_res,0.09989850064891717
LOCO,CP_RNA7,P6-R7-QFW,pr_cp_per_nt,0.1297664911837249
LOCO,CP_RNA7,P6-R7-QFW,pr_rna_max_mean,0.03264570810145728
LOCO,CP_RNA7,P6-R7-QFW,pr_rna_coverage_05,0.02931839900888595
LOCO,CP_RNA7,P6-R7-QFW,pr_protein_coverage_05,0.12353253891217658
LOCO,CP_RNA7,P6-R7-QRW,pp_nonlocal4_high_per_res,0.5065009438072229
LOCO,CP_RNA7,P6-R7-QRW,pp_nonlocal12_high_per_res,0.06695436074755351
LOCO,CP_RNA7,P6-R7-QRW,pp_nonlocal24_high_per_res,0.1167939407996446
LOCO,CP_RNA7,P6-R7-QRW,pr_cp_per_nt,0.12302011908350158
LOCO,CP_RNA7,P6-R7-QRW,pr_rna_max_mean,0.029934383941005338
LOCO,CP_RNA7,P6-R7-QRW,pr_rna_coverage_05,0.028451944788729172
LOCO,CP_RNA7,P6-R7-QRW,pr_protein_coverage_05,0.12834430683234305
LOCO,CP_RNA7,P6-R7-TRQ,pp_nonlocal4_high_per_res,0.48707841231184384
LOCO,CP_RNA7,P6-R7-TRQ,pp_nonlocal12_high_per_res,0.07449970388897066
LOCO,CP_RNA7,P6-R7-TRQ,pp_nonlocal24_high_per_res,0.11958446540000395
LOCO,CP_RNA7,P6-R7-TRQ,pr_cp_per_nt,0.12217186146184718
LOCO,CP_RNA7,P6-R7-TRQ,pr_rna_max_mean,0.029958138342845927
LOCO,CP_RNA7,P6-R7-TRQ,pr_rna_coverage_05,0.04071746483283402
LOCO,CP_RNA7,P6-R7-TRQ,pr_protein_coverage_05,0.1259899537616545
LOCO,CP_RNA7,P6-R7-WFD,pp_nonlocal4_high_per_res,0.568090947820626
LOCO,CP_RNA7,P6-R7-WFD,pp_nonlocal12_high_per_res,0.042322096117648374
LOCO,CP_RNA7,P6-R7-WFD,pp_nonlocal24_high_per_res,0.09773823212652841
LOCO,CP_RNA7,P6-R7-WFD,pr_cp_per_nt,0.12218721314726136
LOCO,CP_RNA7,P6-R7-WFD,pr_rna_max_mean,0.03109662431116166
LOCO,CP_RNA7,P6-R7-WFD,pr_rna_coverage_05,0.02774087010707122
LOCO,CP_RNA7,P6-R7-WFD,pr_protein_coverage_05,0.11082401636970292
LOCO,CP_RNA7,P6-R7-WFQ,pp_nonlocal4_high_per_res,0.5112157879614576
LOCO,CP_RNA7,P6-R7-WFQ,pp_nonlocal12_high_per_res,0.05968786698017403
LOCO,CP_RNA7,P6-R7-WFQ,pp_nonlocal24_high_per_res,0.09628418104226312
LOCO,CP_RNA7,P6-R7-WFQ,pr_cp_per_nt,0.16883396288172373
LOCO,CP_RNA7,P6-R7-WFQ,pr_rna_max_mean,0.03281461315861357
LOCO,CP_RNA7,P6-R7-WFQ,pr_rna_coverage_05,0.028021047071756743
LOCO,CP_RNA7,P6-R7-WFQ,pr_protein_coverage_05,0.10314254090401123
LOCO,CP_RNA7,P7-R5-SYVIRR,pp_nonlocal4_high_per_res,0.48954620202542637
LOCO,CP_RNA7,P7-R5-SYVIRR,pp_nonlocal12_high_per_res,0.10778918525890574
LOCO,CP_RNA7,P7-R5-SYVIRR,pp_nonlocal24_high_per_res,0.09472288027863097
LOCO,CP_RNA7,P7-R5-SYVIRR,pr_cp_per_nt,0.1334697787051315
LOCO,CP_RNA7,P7-R5-SYVIRR,pr_rna_max_mean,0.03544639391044838
LOCO,CP_RNA7,P7-R5-SYVIRR,pr_rna_coverage_05,0.026182682207728885
LOCO,CP_RNA7,P7-R5-SYVIRR,pr_protein_coverage_05,0.11284287761372828
LOCO,CP_RNA7,P8-R6-GVE,pp_nonlocal4_high_per_res,0.4982279987881242
LOCO,CP_RNA7,P8-R6-GVE,pp_nonlocal12_high_per_res,0.09639646816488959
LOCO,CP_RNA7,P8-R6-GVE,pp_nonlocal24_high_per_res,0.09472288027863099
LOCO,CP_RNA7,P8-R6-GVE,pr_cp_per_nt,0.13358685796689898
LOCO,CP_RNA7,P8-R6-GVE,pr_rna_max_mean,0.038040234979999255
LOCO,CP_RNA7,P8-R6-GVE,pr_rna_coverage_05,0.026182682207728885
LOCO,CP_RNA7,P8-R6-GVE,pr_protein_coverage_05,0.11284287761372828
LOCO,CP_RNA7,PUF12-9,pp_nonlocal4_high_per_res,0.5234480336358539
LOCO,CP_RNA7,PUF12-9,pp_nonlocal12_high_per_res,0.08968940047775904
LOCO,CP_RNA7,PUF12-9,pp_nonlocal24_high_per_res,0.09682359822525606
LOCO,CP_RNA7,PUF12-9,pr_cp_per_nt,0.13543568407995568
LOCO,CP_RNA7,PUF12-9,pr_rna_max_mean,0.032631033625668486
LOCO,CP_RNA7,PUF12-9,pr_rna_coverage_05,0.02438359847031409
LOCO,CP_RNA7,PUF12-9,pr_protein_coverage_05,0.09758865148519258
LOCO,CP_Interface6,P4-R5-ETD,pp_nonlocal4_high_per_res,0.3691605198279526
LOCO,CP_Interface6,P4-R5-ETD,pp_nonlocal12_high_per_res,0.11014874131993611
LOCO,CP_Interface6,P4-R5-ETD,pp_nonlocal24_high_per_res,0.08561733200649446
LOCO,CP_Interface6,P4-R5-ETD,adj_CP_mean,0.08827209690165967
LOCO,CP_Interface6,P4-R5-ETD,adj_CP_min,0.2167221483912669
LOCO,CP_Interface6,P4-R5-ETD,nonadj_CP_mean,0.13007916155269025
LOCO,CP_Interface6,P4-R5-SHE,pp_nonlocal4_high_per_res,0.45160433010650364
LOCO,CP_Interface6,P4-R5-SHE,pp_nonlocal12_high_per_res,0.09012942985510104
LOCO,CP_Interface6,P4-R5-SHE,pp_nonlocal24_high_per_res,0.06898350070873628
LOCO,CP_Interface6,P4-R5-SHE,adj_CP_mean,0.05161123827732879
LOCO,CP_Interface6,P4-R5-SHE,adj_CP_min,0.2451136627782845
LOCO,CP_Interface6,P4-R5-SHE,nonadj_CP_mean,0.0925578382740457
LOCO,CP_Interface6,P4-R5-SHE+P7-R5-SHE,pp_nonlocal4_high_per_res,0.4479428260420019
LOCO,CP_Interface6,P4-R5-SHE+P7-R5-SHE,pp_nonlocal12_high_per_res,0.09455998328206373
LOCO,CP_Interface6,P4-R5-SHE+P7-R5-SHE,pp_nonlocal24_high_per_res,0.07595949055725065
LOCO,CP_Interface6,P4-R5-SHE+P7-R5-SHE,adj_CP_mean,0.06219072190045461
LOCO,CP_Interface6,P4-R5-SHE+P7-R5-SHE,adj_CP_min,0.22339830060488325
LOCO,CP_Interface6,P4-R5-SHE+P7-R5-SHE,nonadj_CP_mean,0.09594867761334584
LOCO,CP_Interface6,P4-R5-SNE,pp_nonlocal4_high_per_res,0.35554764640156383
LOCO,CP_Interface6,P4-R5-SNE,pp_nonlocal12_high_per_res,0.10112805702781551
LOCO,CP_Interface6,P4-R5-SNE,pp_nonlocal24_high_per_res,0.08973067802848891
LOCO,CP_Interface6,P4-R5-SNE,adj_CP_mean,0.08256852486657333
LOCO,CP_Interface6,P4-R5-SNE,adj_CP_min,0.2721597457598065
LOCO,CP_Interface6,P4-R5-SNE,nonadj_CP_mean,0.09886534791575198
LOCO,CP_Interface6,P4-R5-SNE+P7-R5-SNE,pp_nonlocal4_high_per_res,0.4633609871798938
LOCO,CP_Interface6,P4-R5-SNE+P7-R5-SNE,pp_nonlocal12_high_per_res,0.08952595325549968
LOCO,CP_Interface6,P4-R5-SNE+P7-R5-SNE,pp_nonlocal24_high_per_res,0.07628444550499153
LOCO,CP_Interface6,P4-R5-SNE+P7-R5-SNE,adj_CP_mean,0.05720023017754259
LOCO,CP_Interface6,P4-R5-SNE+P7-R5-SNE,adj_CP_min,0.18546242515374323
LOCO,CP_Interface6,P4-R5-SNE+P7-R5-SNE,nonadj_CP_mean,0.12816595872832914
LOCO,CP_Interface6,P4-R5-SWD+P7-R5-SWD,pp_nonlocal4_high_per_res,0.35742505707157635
LOCO,CP_Interface6,P4-R5-SWD+P7-R5-SWD,pp_nonlocal12_high_per_res,0.15418922504379534
LOCO,CP_Interface6,P4-R5-SWD+P7-R5-SWD,pp_nonlocal24_high_per_res,0.0919790962134339
LOCO,CP_Interface6,P4-R5-SWD+P7-R5-SWD,adj_CP_mean,0.06035141018139429
LOCO,CP_Interface6,P4-R5-SWD+P7-R5-SWD,adj_CP_min,0.18631706804740333
LOCO,CP_Interface6,P4-R5-SWD+P7-R5-SWD,nonadj_CP_mean,0.14973814344239678
LOCO,CP_Interface6,P4-R5-THE+P7-R5-THE,pp_nonlocal4_high_per_res,0.3686785559307927
LOCO,CP_Interface6,P4-R5-THE+P7-R5-THE,pp_nonlocal12_high_per_res,0.1382074112270638
LOCO,CP_Interface6,P4-R5-THE+P7-R5-THE,pp_nonlocal24_high_per_res,0.0935457635362084
LOCO,CP_Interface6,P4-R5-THE+P7-R5-THE,adj_CP_mean,0.06104352495406923
LOCO,CP_Interface6,P4-R5-THE+P7-R5-THE,adj_CP_min,0.18508820361969863
LOCO,CP_Interface6,P4-R5-THE+P7-R5-THE,nonadj_CP_mean,0.15343654073216734
LOCO,CP_Interface6,P4-R5-YTH+P7-R5-YTH,pp_nonlocal4_high_per_res,0.34748326867376234
LOCO,CP_Interface6,P4-R5-YTH+P7-R5-YTH,pp_nonlocal12_high_per_res,0.10623922271270038
LOCO,CP_Interface6,P4-R5-YTH+P7-R5-YTH,pp_nonlocal24_high_per_res,0.0692848263955058
LOCO,CP_Interface6,P4-R5-YTH+P7-R5-YTH,adj_CP_mean,0.10115317797050463
LOCO,CP_Interface6,P4-R5-YTH+P7-R5-YTH,adj_CP_min,0.20622674984888525
LOCO,CP_Interface6,P4-R5-YTH+P7-R5-YTH,nonadj_CP_mean,0.1696127543986417
LOCO,CP_Interface6,P4-R5-YYE+P7-P5-YYE,pp_nonlocal4_high_per_res,0.4412803027836229
LOCO,CP_Interface6,P4-R5-YYE+P7-P5-YYE,pp_nonlocal12_high_per_res,0.04531146215546885
LOCO,CP_Interface6,P4-R5-YYE+P7-P5-YYE,pp_nonlocal24_high_per_res,0.05583509636233945
LOCO,CP_Interface6,P4-R5-YYE+P7-P5-YYE,adj_CP_mean,0.03453879692804218
LOCO,CP_Interface6,P4-R5-YYE+P7-P5-YYE,adj_CP_min,0.305091819447199
LOCO,CP_Interface6,P4-R5-YYE+P7-P5-YYE,nonadj_CP_mean,0.11794252232332775
LOCO,CP_Interface6,P5-R6-AYE,pp_nonlocal4_high_per_res,0.33261365446678726
LOCO,CP_Interface6,P5-R6-AYE,pp_nonlocal12_high_per_res,0.10960219842933575
LOCO,CP_Interface6,P5-R6-AYE,pp_nonlocal24_high_per_res,0.09648913244150276
LOCO,CP_Interface6,P5-R6-AYE,adj_CP_mean,0.07995962798049129
LOCO,CP_Interface6,P5-R6-AYE,adj_CP_min,0.2514135593050053
LOCO,CP_Interface6,P5-R6-AYE,nonadj_CP_mean,0.12992182737687774
LOCO,CP_Interface6,P5-R6-DFE,pp_nonlocal4_high_per_res,0.3394881256523079
LOCO,CP_Interface6,P5-R6-DFE,pp_nonlocal12_high_per_res,0.09381885800529235
LOCO,CP_Interface6,P5-R6-DFE,pp_nonlocal24_high_per_res,0.1032251868419915
LOCO,CP_Interface6,P5-R6-DFE,adj_CP_mean,0.05816914220917926
LOCO,CP_Interface6,P5-R6-DFE,adj_CP_min,0.23362906750251314
LOCO,CP_Interface6,P5-R6-DFE,nonadj_CP_mean,0.17166961978871587
LOCO,CP_Interface6,P5-R6-FWD,pp_nonlocal4_high_per_res,0.36907210375448757
LOCO,CP_Interface6,P5-R6-FWD,pp_nonlocal12_high_per_res,0.09560201894234403
LOCO,CP_Interface6,P5-R6-FWD,pp_nonlocal24_high_per_res,0.09682152237300913
LOCO,CP_Interface6,P5-R6-FWD,adj_CP_mean,0.114710612236317
LOCO,CP_Interface6,P5-R6-FWD,adj_CP_min,0.23044903711657083
LOCO,CP_Interface6,P5-R6-FWD,nonadj_CP_mean,0.09334470557727129
LOCO,CP_Interface6,P5-R6-LRD,pp_nonlocal4_high_per_res,0.5955852073867526
LOCO,CP_Interface6,P5-R6-LRD,pp_nonlocal12_high_per_res,0.12478047796697542
LOCO,CP_Interface6,P5-R6-LRD,pp_nonlocal24_high_per_res,0.10841434294237412
LOCO,CP_Interface6,P5-R6-LRD,adj_CP_mean,0.06319945754672657
LOCO,CP_Interface6,P5-R6-LRD,adj_CP_min,0.044094036814724735
LOCO,CP_Interface6,P5-R6-LRD,nonadj_CP_mean,0.06392647734244665
LOCO,CP_Interface6,P5-R6-NYE,pp_nonlocal4_high_per_res,0.4812154553540853
LOCO,CP_Interface6,P5-R6-NYE,pp_nonlocal12_high_per_res,0.10726971521169372
LOCO,CP_Interface6,P5-R6-NYE,pp_nonlocal24_high_per_res,0.10444906702885651
LOCO,CP_Interface6,P5-R6-NYE,adj_CP_mean,0.06250411640313744
LOCO,CP_Interface6,P5-R6-NYE,adj_CP_min,0.1270679601252
LOCO,CP_Interface6,P5-R6-NYE,nonadj_CP_mean,0.11749368587702694
LOCO,CP_Interface6,P5-R6-SFE,pp_nonlocal4_high_per_res,0.4372532483086091
LOCO,CP_Interface6,P5-R6-SFE,pp_nonlocal12_high_per_res,0.10712487304094222
LOCO,CP_Interface6,P5-R6-SFE,pp_nonlocal24_high_per_res,0.10061944316441734
LOCO,CP_Interface6,P5-R6-SFE,adj_CP_mean,0.06306303668720227
LOCO,CP_Interface6,P5-R6-SFE,adj_CP_min,0.18167318131390364
LOCO,CP_Interface6,P5-R6-SFE,nonadj_CP_mean,0.11026621748492534
LOCO,CP_Interface6,P5-R6-SWD,pp_nonlocal4_high_per_res,0.44951261212529453
LOCO,CP_Interface6,P5-R6-SWD,pp_nonlocal12_high_per_res,0.08768874850305756
LOCO,CP_Interface6,P5-R6-SWD,pp_nonlocal24_high_per_res,0.09397227390537341
LOCO,CP_Interface6,P5-R6-SWD,adj_CP_mean,0.047266486361028766
LOCO,CP_Interface6,P5-R6-SWD,adj_CP_min,0.20272907885874478
LOCO,CP_Interface6,P5-R6-SWD,nonadj_CP_mean,0.118830800246501
LOCO,CP_Interface6,P5-R6-SYQ,pp_nonlocal4_high_per_res,0.4497711115581173
LOCO,CP_Interface6,P5-R6-SYQ,pp_nonlocal12_high_per_res,0.08773842875985999
LOCO,CP_Interface6,P5-R6-SYQ,pp_nonlocal24_high_per_res,0.11999265061112611
LOCO,CP_Interface6,P5-R6-SYQ,adj_CP_mean,0.04864942050788454
LOCO,CP_Interface6,P5-R6-SYQ,adj_CP_min,0.16787765062292853
LOCO,CP_Interface6,P5-R6-SYQ,nonadj_CP_mean,0.12597073794008362
LOCO,CP_Interface6,P5-R6-THN,pp_nonlocal4_high_per_res,0.4843712873390005
LOCO,CP_Interface6,P5-R6-THN,pp_nonlocal12_high_per_res,0.1233928221160003
LOCO,CP_Interface6,P5-R6-THN,pp_nonlocal24_high_per_res,0.08050734819366162
LOCO,CP_Interface6,P5-R6-THN,adj_CP_mean,0.044296996623722905
LOCO,CP_Interface6,P5-R6-THN,adj_CP_min,0.188433645808668
LOCO,CP_Interface6,P5-R6-THN,nonadj_CP_mean,0.07899789991894683
LOCO,CP_Interface6,P5-R6-TTE,pp_nonlocal4_high_per_res,0.3747026488615046
LOCO,CP_Interface6,P5-R6-TTE,pp_nonlocal12_high_per_res,0.1381195623091528
LOCO,CP_Interface6,P5-R6-TTE,pp_nonlocal24_high_per_res,0.1333221289126067
LOCO,CP_Interface6,P5-R6-TTE,adj_CP_mean,0.04942744277838116
LOCO,CP_Interface6,P5-R6-TTE,adj_CP_min,0.21511896838630543
LOCO,CP_Interface6,P5-R6-TTE,nonadj_CP_mean,0.08930924875204921
LOCO,CP_Interface6,P5-R6-TWD,pp_nonlocal4_high_per_res,0.4456296586925916
LOCO,CP_Interface6,P5-R6-TWD,pp_nonlocal12_high_per_res,0.0789322197289619
LOCO,CP_Interface6,P5-R6-TWD,pp_nonlocal24_high_per_res,0.07357071747477704
LOCO,CP_Interface6,P5-R6-TWD,adj_CP_mean,0.05717585651469953
LOCO,CP_Interface6,P5-R6-TWD,adj_CP_min,0.22770271436606987
LOCO,CP_Interface6,P5-R6-TWD,nonadj_CP_mean,0.11698883322290014
LOCO,CP_Interface6,P5-R6-TYE,pp_nonlocal4_high_per_res,0.43513576390343384
LOCO,CP_Interface6,P5-R6-TYE,pp_nonlocal12_high_per_res,0.08252891927397984
LOCO,CP_Interface6,P5-R6-TYE,pp_nonlocal24_high_per_res,0.08475621656047613
LOCO,CP_Interface6,P5-R6-TYE,adj_CP_mean,0.08482417005021141
LOCO,CP_Interface6,P5-R6-TYE,adj_CP_min,0.21538737718802498
LOCO,CP_Interface6,P5-R6-TYE,nonadj_CP_mean,0.09736755302387383
LOCO,CP_Interface6,P5-R6-VFN,pp_nonlocal4_high_per_res,0.4647235373101026
LOCO,CP_Interface6,P5-R6-VFN,pp_nonlocal12_high_per_res,0.09443201273467579
LOCO,CP_Interface6,P5-R6-VFN,pp_nonlocal24_high_per_res,0.09276184548346296
LOCO,CP_Interface6,P5-R6-VFN,adj_CP_mean,0.05754828757123868
LOCO,CP_Interface6,P5-R6-VFN,adj_CP_min,0.18208415436175368
LOCO,CP_Interface6,P5-R6-VFN,nonadj_CP_mean,0.1084501625387664
LOCO,CP_Interface6,P6-R7-MHQ,pp_nonlocal4_high_per_res,0.43735297856079364
LOCO,CP_Interface6,P6-R7-MHQ,pp_nonlocal12_high_per_res,0.09533351170609408
LOCO,CP_Interface6,P6-R7-MHQ,pp_nonlocal24_high_per_res,0.07826466657329556
LOCO,CP_Interface6,P6-R7-MHQ,adj_CP_mean,0.06883919651269099
LOCO,CP_Interface6,P6-R7-MHQ,adj_CP_min,0.21030571529745787
LOCO,CP_Interface6,P6-R7-MHQ,nonadj_CP_mean,0.10990393134966782
LOCO,CP_Interface6,P6-R7-QFW,pp_nonlocal4_high_per_res,0.4634890062431501
LOCO,CP_Interface6,P6-R7-QFW,pp_nonlocal12_high_per_res,0.07065829019695728
LOCO,CP_Interface6,P6-R7-QFW,pp_nonlocal24_high_per_res,0.06929577030952999
LOCO,CP_Interface6,P6-R7-QFW,adj_CP_mean,0.07452695364856537
LOCO,CP_Interface6,P6-R7-QFW,adj_CP_min,0.1961113925039702
LOCO,CP_Interface6,P6-R7-QFW,nonadj_CP_mean,0.1259185870978272
LOCO,CP_Interface6,P6-R7-QRW,pp_nonlocal4_high_per_res,0.46229531533803736
LOCO,CP_Interface6,P6-R7-QRW,pp_nonlocal12_high_per_res,0.06292560439428257
LOCO,CP_Interface6,P6-R7-QRW,pp_nonlocal24_high_per_res,0.07747272699497841
LOCO,CP_Interface6,P6-R7-QRW,adj_CP_mean,0.0626539469236072
LOCO,CP_Interface6,P6-R7-QRW,adj_CP_min,0.2079871826877288
LOCO,CP_Interface6,P6-R7-QRW,nonadj_CP_mean,0.12666522366136573
LOCO,CP_Interface6,P6-R7-TRQ,pp_nonlocal4_high_per_res,0.459635442514519
LOCO,CP_Interface6,P6-R7-TRQ,pp_nonlocal12_high_per_res,0.07142787327890135
LOCO,CP_Interface6,P6-R7-TRQ,pp_nonlocal24_high_per_res,0.09478851618284474
LOCO,CP_Interface6,P6-R7-TRQ,adj_CP_mean,0.06095087502703658
LOCO,CP_Interface6,P6-R7-TRQ,adj_CP_min,0.19215099381387343
LOCO,CP_Interface6,P6-R7-TRQ,nonadj_CP_mean,0.1210462991828249
LOCO,CP_Interface6,P6-R7-WFD,pp_nonlocal4_high_per_res,0.5226889379051298
LOCO,CP_Interface6,P6-R7-WFD,pp_nonlocal12_high_per_res,0.02907179570210815
LOCO,CP_Interface6,P6-R7-WFD,pp_nonlocal24_high_per_res,0.06201045891480855
LOCO,CP_Interface6,P6-R7-WFD,adj_CP_mean,0.056334863030184285
LOCO,CP_Interface6,P6-R7-WFD,adj_CP_min,0.1881409079998283
LOCO,CP_Interface6,P6-R7-WFD,nonadj_CP_mean,0.14175303644794074
LOCO,CP_Interface6,P6-R7-WFQ,pp_nonlocal4_high_per_res,0.42224699913957947
LOCO,CP_Interface6,P6-R7-WFQ,pp_nonlocal12_high_per_res,0.063605214490236
LOCO,CP_Interface6,P6-R7-WFQ,pp_nonlocal24_high_per_res,0.08793996518181899
LOCO,CP_Interface6,P6-R7-WFQ,adj_CP_mean,0.06493854337759868
LOCO,CP_Interface6,P6-R7-WFQ,adj_CP_min,0.235765115584212
LOCO,CP_Interface6,P6-R7-WFQ,nonadj_CP_mean,0.12550416222655494
LOCO,CP_Interface6,P7-R5-SYVIRR,pp_nonlocal4_high_per_res,0.4279824975730488
LOCO,CP_Interface6,P7-R5-SYVIRR,pp_nonlocal12_high_per_res,0.10928056052074517
LOCO,CP_Interface6,P7-R5-SYVIRR,pp_nonlocal24_high_per_res,0.06155829344598706
LOCO,CP_Interface6,P7-R5-SYVIRR,adj_CP_mean,0.059161287852838376
LOCO,CP_Interface6,P7-R5-SYVIRR,adj_CP_min,0.18484081713220313
LOCO,CP_Interface6,P7-R5-SYVIRR,nonadj_CP_mean,0.15717654347517754
LOCO,CP_Interface6,P8-R6-GVE,pp_nonlocal4_high_per_res,0.4247157489777458
LOCO,CP_Interface6,P8-R6-GVE,pp_nonlocal12_high_per_res,0.10259694857144896
LOCO,CP_Interface6,P8-R6-GVE,pp_nonlocal24_high_per_res,0.06155829344598706
LOCO,CP_Interface6,P8-R6-GVE,adj_CP_mean,0.07050345864872455
LOCO,CP_Interface6,P8-R6-GVE,adj_CP_min,0.18618532436949473
LOCO,CP_Interface6,P8-R6-GVE,nonadj_CP_mean,0.154440225986599
LOCO,CP_Interface6,PUF12-9,pp_nonlocal4_high_per_res,0.48282321071438256
LOCO,CP_Interface6,PUF12-9,pp_nonlocal12_high_per_res,0.07610504096580488
LOCO,CP_Interface6,PUF12-9,pp_nonlocal24_high_per_res,0.07502072751795082
LOCO,CP_Interface6,PUF12-9,adj_CP_mean,0.05130787083576778
LOCO,CP_Interface6,PUF12-9,adj_CP_min,0.18197308670490203
LOCO,CP_Interface6,PUF12-9,nonadj_CP_mean,0.13277006326119192
mutation_group_out,CP3,P4-R5-ETD,pp_nonlocal4_high_per_res,0.6856835788265141
mutation_group_out,CP3,P4-R5-ETD,pp_nonlocal12_high_per_res,0.15432474289038434
mutation_group_out,CP3,P4-R5-ETD,pp_nonlocal24_high_per_res,0.1599916782831016
mutation_group_out,CP3,P4-R5-SHE+P7-R5-SHE,pp_nonlocal4_high_per_res,0.7952142782584486
mutation_group_out,CP3,P4-R5-SHE+P7-R5-SHE,pp_nonlocal12_high_per_res,0.09014445223536764
mutation_group_out,CP3,P4-R5-SHE+P7-R5-SHE,pp_nonlocal24_high_per_res,0.11464126950618374
mutation_group_out,CP3,P5-R6-AYE,pp_nonlocal4_high_per_res,0.5879163686798171
mutation_group_out,CP3,P5-R6-AYE,pp_nonlocal12_high_per_res,0.2080535344424056
mutation_group_out,CP3,P5-R6-AYE,pp_nonlocal24_high_per_res,0.20403009687777726
mutation_group_out,CP3,P6-R7-MHQ,pp_nonlocal4_high_per_res,0.6162614100988281
mutation_group_out,CP3,P6-R7-MHQ,pp_nonlocal12_high_per_res,0.10188270583677018
mutation_group_out,CP3,P6-R7-MHQ,pp_nonlocal24_high_per_res,0.28185588406440176
mutation_group_out,CP3,P7-R5-SYVIRR,pp_nonlocal4_high_per_res,0.6322426600613149
mutation_group_out,CP3,P7-R5-SYVIRR,pp_nonlocal12_high_per_res,0.16468232733311663
mutation_group_out,CP3,P7-R5-SYVIRR,pp_nonlocal24_high_per_res,0.20307501260556854
mutation_group_out,CP3,P8-R6-GVE,pp_nonlocal4_high_per_res,0.6304137480104649
mutation_group_out,CP3,P8-R6-GVE,pp_nonlocal12_high_per_res,0.16269684835077416
mutation_group_out,CP3,P8-R6-GVE,pp_nonlocal24_high_per_res,0.206889403638761
mutation_group_out,CP3,PUF12-9,pp_nonlocal4_high_per_res,0.6919222134536819
mutation_group_out,CP3,PUF12-9,pp_nonlocal12_high_per_res,0.12615972298546357
mutation_group_out,CP3,PUF12-9,pp_nonlocal24_high_per_res,0.18191806356085452
mutation_group_out,CP14,P4-R5-ETD,pr_cp_sum,0.08367859743950423
mutation_group_out,CP14,P4-R5-ETD,pr_cp_per_nt,0.09872395664566931
mutation_group_out,CP14,P4-R5-ETD,pr_top20_mean,0.06108953461613799
mutation_group_out,CP14,P4-R5-ETD,pr_rna_max_mean,0.026946477802466215
mutation_group_out,CP14,P4-R5-ETD,pr_rna_max_min,0.05841214802740173
mutation_group_out,CP14,P4-R5-ETD,pr_rna_coverage_05,0.002298108971830179
mutation_group_out,CP14,P4-R5-ETD,pr_protein_coverage_05,0.052108532831357
mutation_group_out,CP14,P4-R5-ETD,pr_high_contacts_per_nt,0.012595759061659356
mutation_group_out,CP14,P4-R5-ETD,pp_nonlocal4_per_res,0.034842410369351304
mutation_group_out,CP14,P4-R5-ETD,pp_nonlocal4_high_per_res,0.36385134602167024
mutation_group_out,CP14,P4-R5-ETD,pp_nonlocal12_per_res,0.04947103512882585
mutation_group_out,CP14,P4-R5-ETD,pp_nonlocal12_high_per_res,0.03843436687225129
mutation_group_out,CP14,P4-R5-ETD,pp_nonlocal24_per_res,0.049650534312538776
mutation_group_out,CP14,P4-R5-ETD,pp_nonlocal24_high_per_res,0.06789719189933642
mutation_group_out,CP14,P4-R5-SHE+P7-R5-SHE,pr_cp_sum,0.036287175577456414
mutation_group_out,CP14,P4-R5-SHE+P7-R5-SHE,pr_cp_per_nt,0.05114142299400034
mutation_group_out,CP14,P4-R5-SHE+P7-R5-SHE,pr_top20_mean,0.10389929625225598
mutation_group_out,CP14,P4-R5-SHE+P7-R5-SHE,pr_rna_max_mean,0.05526999653211712
mutation_group_out,CP14,P4-R5-SHE+P7-R5-SHE,pr_rna_max_min,0.011367066432919001
mutation_group_out,CP14,P4-R5-SHE+P7-R5-SHE,pr_rna_coverage_05,0.0
mutation_group_out,CP14,P4-R5-SHE+P7-R5-SHE,pr_protein_coverage_05,0.003638214776240834
mutation_group_out,CP14,P4-R5-SHE+P7-R5-SHE,pr_high_contacts_per_nt,0.01564880520888408
mutation_group_out,CP14,P4-R5-SHE+P7-R5-SHE,pp_nonlocal4_per_res,0.008261745518249878
mutation_group_out,CP14,P4-R5-SHE+P7-R5-SHE,pp_nonlocal4_high_per_res,0.5329171339814599
mutation_group_out,CP14,P4-R5-SHE+P7-R5-SHE,pp_nonlocal12_per_res,0.04691810752654286
mutation_group_out,CP14,P4-R5-SHE+P7-R5-SHE,pp_nonlocal12_high_per_res,0.03935057216649052
mutation_group_out,CP14,P4-R5-SHE+P7-R5-SHE,pp_nonlocal24_per_res,0.05930531884559679
mutation_group_out,CP14,P4-R5-SHE+P7-R5-SHE,pp_nonlocal24_high_per_res,0.03599514418778627
mutation_group_out,CP14,P5-R6-AYE,pr_cp_sum,0.0056996658312448
mutation_group_out,CP14,P5-R6-AYE,pr_cp_per_nt,0.003200000000000018
mutation_group_out,CP14,P5-R6-AYE,pr_top20_mean,0.06693565066089051
mutation_group_out,CP14,P5-R6-AYE,pr_rna_max_mean,0.0016768292682926718
mutation_group_out,CP14,P5-R6-AYE,pr_rna_max_min,0.08277972503001717
mutation_group_out,CP14,P5-R6-AYE,pr_rna_coverage_05,0.09074712643678161
mutation_group_out,CP14,P5-R6-AYE,pr_protein_coverage_05,0.05176926626672817
mutation_group_out,CP14,P5-R6-AYE,pr_high_contacts_per_nt,0.008281837900048702
mutation_group_out,CP14,P5-R6-AYE,pp_nonlocal4_per_res,0.22216889968476267
mutation_group_out,CP14,P5-R6-AYE,pp_nonlocal4_high_per_res,0.2242892443495023
mutation_group_out,CP14,P5-R6-AYE,pp_nonlocal12_per_res,0.08697072697602767
mutation_group_out,CP14,P5-R6-AYE,pp_nonlocal12_high_per_res,0.05075000000000001
mutation_group_out,CP14,P5-R6-AYE,pp_nonlocal24_per_res,0.025053752147204636
mutation_group_out,CP14,P5-R6-AYE,pp_nonlocal24_high_per_res,0.07967727544849908
mutation_group_out,CP14,P6-R7-MHQ,pr_cp_sum,0.03151697010636769
mutation_group_out,CP14,P6-R7-MHQ,pr_cp_per_nt,0.0409425677871159
mutation_group_out,CP14,P6-R7-MHQ,pr_top20_mean,0.06366168540186852
mutation_group_out,CP14,P6-R7-MHQ,pr_rna_max_mean,0.035573654414398644
mutation_group_out,CP14,P6-R7-MHQ,pr_rna_max_min,0.09912700987063115
mutation_group_out,CP14,P6-R7-MHQ,pr_rna_coverage_05,0.01619870184640561
mutation_group_out,CP14,P6-R7-MHQ,pr_protein_coverage_05,0.030623407248016377
mutation_group_out,CP14,P6-R7-MHQ,pr_high_contacts_per_nt,0.02278966966829401
mutation_group_out,CP14,P6-R7-MHQ,pp_nonlocal4_per_res,0.004020717096834822
mutation_group_out,CP14,P6-R7-MHQ,pp_nonlocal4_high_per_res,0.3887540850802871
mutation_group_out,CP14,P6-R7-MHQ,pp_nonlocal12_per_res,0.08661350317181045
mutation_group_out,CP14,P6-R7-MHQ,pp_nonlocal12_high_per_res,0.018463953476875298
mutation_group_out,CP14,P6-R7-MHQ,pp_nonlocal24_per_res,0.03571251094199552
mutation_group_out,CP14,P6-R7-MHQ,pp_nonlocal24_high_per_res,0.12600156388909878
mutation_group_out,CP14,P7-R5-SYVIRR,pr_cp_sum,0.03324147197566125
mutation_group_out,CP14,P7-R5-SYVIRR,pr_cp_per_nt,0.06195495981925386
mutation_group_out,CP14,P7-R5-SYVIRR,pr_top20_mean,0.08099978577240602
mutation_group_out,CP14,P7-R5-SYVIRR,pr_rna_max_mean,0.012272299473150068
mutation_group_out,CP14,P7-R5-SYVIRR,pr_rna_max_min,0.13178401263892492
mutation_group_out,CP14,P7-R5-SYVIRR,pr_rna_coverage_05,0.02535490795158349
mutation_group_out,CP14,P7-R5-SYVIRR,pr_protein_coverage_05,0.04073634891017744
mutation_group_out,CP14,P7-R5-SYVIRR,pr_high_contacts_per_nt,0.025287881770017947
mutation_group_out,CP14,P7-R5-SYVIRR,pp_nonlocal4_per_res,0.01994999090573991
mutation_group_out,CP14,P7-R5-SYVIRR,pp_nonlocal4_high_per_res,0.3945883184723034
mutation_group_out,CP14,P7-R5-SYVIRR,pp_nonlocal12_per_res,0.03749082614628156
mutation_group_out,CP14,P7-R5-SYVIRR,pp_nonlocal12_high_per_res,0.07520197749843266
mutation_group_out,CP14,P7-R5-SYVIRR,pp_nonlocal24_per_res,0.011932097683734813
mutation_group_out,CP14,P7-R5-SYVIRR,pp_nonlocal24_high_per_res,0.04920512098233261
mutation_group_out,CP14,P8-R6-GVE,pr_cp_sum,0.033241471975661255
mutation_group_out,CP14,P8-R6-GVE,pr_cp_per_nt,0.06195495981925387
mutation_group_out,CP14,P8-R6-GVE,pr_top20_mean,0.08099978577240602
mutation_group_out,CP14,P8-R6-GVE,pr_rna_max_mean,0.012272299473150072
mutation_group_out,CP14,P8-R6-GVE,pr_rna_max_min,0.13099234597225826
mutation_group_out,CP14,P8-R6-GVE,pr_rna_coverage_05,0.025354907951583492
mutation_group_out,CP14,P8-R6-GVE,pr_protein_coverage_05,0.04950792470259
mutation_group_out,CP14,P8-R6-GVE,pr_high_contacts_per_nt,0.020954548436684633
mutation_group_out,CP14,P8-R6-GVE,pp_nonlocal4_per_res,0.019949990905739907
mutation_group_out,CP14,P8-R6-GVE,pp_nonlocal4_high_per_res,0.39628084739189556
mutation_group_out,CP14,P8-R6-GVE,pp_nonlocal12_per_res,0.03749082614628157
mutation_group_out,CP14,P8-R6-GVE,pp_nonlocal12_high_per_res,0.06986287278642805
mutation_group_out,CP14,P8-R6-GVE,pp_nonlocal24_per_res,0.011932097683734814
mutation_group_out,CP14,P8-R6-GVE,pp_nonlocal24_high_per_res,0.049205120982332616
mutation_group_out,CP14,PUF12-9,pr_cp_sum,0.03335188184015459
mutation_group_out,CP14,PUF12-9,pr_cp_per_nt,0.05883678893459052
mutation_group_out,CP14,PUF12-9,pr_top20_mean,0.07804616456432013
mutation_group_out,CP14,PUF12-9,pr_rna_max_mean,0.005560087217319137
mutation_group_out,CP14,PUF12-9,pr_rna_max_min,0.12963598541513224
mutation_group_out,CP14,PUF12-9,pr_rna_coverage_05,0.023876954578523304
mutation_group_out,CP14,PUF12-9,pr_protein_coverage_05,0.0363680142096032
mutation_group_out,CP14,PUF12-9,pr_high_contacts_per_nt,0.02644977208693342
mutation_group_out,CP14,PUF12-9,pp_nonlocal4_per_res,0.020308993963705824
mutation_group_out,CP14,PUF12-9,pp_nonlocal4_high_per_res,0.44213786370219155
mutation_group_out,CP14,PUF12-9,pp_nonlocal12_per_res,0.03741049393552338
mutation_group_out,CP14,PUF12-9,pp_nonlocal12_high_per_res,0.04395338016417532
mutation_group_out,CP14,PUF12-9,pp_nonlocal24_per_res,0.018176147416932253
mutation_group_out,CP14,PUF12-9,pp_nonlocal24_high_per_res,0.04588747197089513
mutation_group_out,Structure6,P4-R5-ETD,plddt_core_mean,0.1830138651732236
mutation_group_out,Structure6,P4-R5-ETD,plddt_core_min,0.012207533271194318
mutation_group_out,Structure6,P4-R5-ETD,global_core_PAE,0.18800526070515003
mutation_group_out,Structure6,P4-R5-ETD,pae_contact_weighted,0.08345492313723613
mutation_group_out,Structure6,P4-R5-ETD,Rg_full_length_normalized,0.3781015135305466
mutation_group_out,Structure6,P4-R5-ETD,anisotropy,0.15521690418264938
mutation_group_out,Structure6,P4-R5-SHE+P7-R5-SHE,plddt_core_mean,0.1416939991006214
mutation_group_out,Structure6,P4-R5-SHE+P7-R5-SHE,plddt_core_min,0.11355044696740448
mutation_group_out,Structure6,P4-R5-SHE+P7-R5-SHE,global_core_PAE,0.20313948652555086
mutation_group_out,Structure6,P4-R5-SHE+P7-R5-SHE,pae_contact_weighted,0.14400762160081576
mutation_group_out,Structure6,P4-R5-SHE+P7-R5-SHE,Rg_full_length_normalized,0.27897669027563554
mutation_group_out,Structure6,P4-R5-SHE+P7-R5-SHE,anisotropy,0.11863175552997199
mutation_group_out,Structure6,P5-R6-AYE,plddt_core_mean,0.07906262190411503
mutation_group_out,Structure6,P5-R6-AYE,plddt_core_min,0.15468453123322723
mutation_group_out,Structure6,P5-R6-AYE,global_core_PAE,0.03663154189983462
mutation_group_out,Structure6,P5-R6-AYE,pae_contact_weighted,0.04708271796711462
mutation_group_out,Structure6,P5-R6-AYE,Rg_full_length_normalized,0.05321875726172819
mutation_group_out,Structure6,P5-R6-AYE,anisotropy,0.6293198297339804
mutation_group_out,Structure6,P6-R7-MHQ,plddt_core_mean,0.03024898978149638
mutation_group_out,Structure6,P6-R7-MHQ,plddt_core_min,0.05046814116843409
mutation_group_out,Structure6,P6-R7-MHQ,global_core_PAE,0.0443698942561376
mutation_group_out,Structure6,P6-R7-MHQ,pae_contact_weighted,0.04342782060653565
mutation_group_out,Structure6,P6-R7-MHQ,Rg_full_length_normalized,0.7831708441547186
mutation_group_out,Structure6,P6-R7-MHQ,anisotropy,0.048314310032677645
mutation_group_out,Structure6,P7-R5-SYVIRR,plddt_core_mean,0.14479504501872575
mutation_group_out,Structure6,P7-R5-SYVIRR,plddt_core_min,0.033853210376346816
mutation_group_out,Structure6,P7-R5-SYVIRR,global_core_PAE,0.07623049005630694
mutation_group_out,Structure6,P7-R5-SYVIRR,pae_contact_weighted,0.07848060412570476
mutation_group_out,Structure6,P7-R5-SYVIRR,Rg_full_length_normalized,0.4640491055124535
mutation_group_out,Structure6,P7-R5-SYVIRR,anisotropy,0.20259154491046227
mutation_group_out,Structure6,P8-R6-GVE,plddt_core_mean,0.12798180157727046
mutation_group_out,Structure6,P8-R6-GVE,plddt_core_min,0.052837747860829745
mutation_group_out,Structure6,P8-R6-GVE,global_core_PAE,0.09925245893113346
mutation_group_out,Structure6,P8-R6-GVE,pae_contact_weighted,0.1059674457429459
mutation_group_out,Structure6,P8-R6-GVE,Rg_full_length_normalized,0.45682294923761485
mutation_group_out,Structure6,P8-R6-GVE,anisotropy,0.15713759665020555
mutation_group_out,Structure6,PUF12-9,plddt_core_mean,0.13063757501042964
mutation_group_out,Structure6,PUF12-9,plddt_core_min,0.06721747712191696
mutation_group_out,Structure6,PUF12-9,global_core_PAE,0.09883337167357262
mutation_group_out,Structure6,PUF12-9,pae_contact_weighted,0.110707078761153
mutation_group_out,Structure6,PUF12-9,Rg_full_length_normalized,0.4390433453287331
mutation_group_out,Structure6,PUF12-9,anisotropy,0.15356115210419458
mutation_group_out,CP_Structure9,P4-R5-ETD,pp_nonlocal4_high_per_res,0.3397840682997069
mutation_group_out,CP_Structure9,P4-R5-ETD,pp_nonlocal12_high_per_res,0.029189783669318677
mutation_group_out,CP_Structure9,P4-R5-ETD,pp_nonlocal24_high_per_res,0.026636855138696087
mutation_group_out,CP_Structure9,P4-R5-ETD,plddt_core_mean,0.05255565731798578
mutation_group_out,CP_Structure9,P4-R5-ETD,plddt_core_min,0.01807104920395696
mutation_group_out,CP_Structure9,P4-R5-ETD,global_core_PAE,0.11514421996487685
mutation_group_out,CP_Structure9,P4-R5-ETD,pae_contact_weighted,0.061568544236128675
mutation_group_out,CP_Structure9,P4-R5-ETD,Rg_full_length_normalized,0.2537004808491311
mutation_group_out,CP_Structure9,P4-R5-ETD,anisotropy,0.10334934132019892
mutation_group_out,CP_Structure9,P4-R5-SHE+P7-R5-SHE,pp_nonlocal4_high_per_res,0.49736460208261574
mutation_group_out,CP_Structure9,P4-R5-SHE+P7-R5-SHE,pp_nonlocal12_high_per_res,0.024486281557604152
mutation_group_out,CP_Structure9,P4-R5-SHE+P7-R5-SHE,pp_nonlocal24_high_per_res,0.015237166309642081
mutation_group_out,CP_Structure9,P4-R5-SHE+P7-R5-SHE,plddt_core_mean,0.03509457295044342
mutation_group_out,CP_Structure9,P4-R5-SHE+P7-R5-SHE,plddt_core_min,0.05253763369881857
mutation_group_out,CP_Structure9,P4-R5-SHE+P7-R5-SHE,global_core_PAE,0.049430262056269186
mutation_group_out,CP_Structure9,P4-R5-SHE+P7-R5-SHE,pae_contact_weighted,0.09013689793641978
mutation_group_out,CP_Structure9,P4-R5-SHE+P7-R5-SHE,Rg_full_length_normalized,0.16635175836890773
mutation_group_out,CP_Structure9,P4-R5-SHE+P7-R5-SHE,anisotropy,0.06936082503927933
mutation_group_out,CP_Structure9,P5-R6-AYE,pp_nonlocal4_high_per_res,0.23641587546906107
mutation_group_out,CP_Structure9,P5-R6-AYE,pp_nonlocal12_high_per_res,0.11485216997909567
mutation_group_out,CP_Structure9,P5-R6-AYE,pp_nonlocal24_high_per_res,0.05440100556963393
mutation_group_out,CP_Structure9,P5-R6-AYE,plddt_core_mean,0.06750732476898806
mutation_group_out,CP_Structure9,P5-R6-AYE,plddt_core_min,0.05799244738100646
mutation_group_out,CP_Structure9,P5-R6-AYE,global_core_PAE,0.011272727272727302
mutation_group_out,CP_Structure9,P5-R6-AYE,pae_contact_weighted,0.03562722643363145
mutation_group_out,CP_Structure9,P5-R6-AYE,Rg_full_length_normalized,0.06915866941280588
mutation_group_out,CP_Structure9,P5-R6-AYE,anisotropy,0.3527725537130503
mutation_group_out,CP_Structure9,P6-R7-MHQ,pp_nonlocal4_high_per_res,0.2223172077328407
mutation_group_out,CP_Structure9,P6-R7-MHQ,pp_nonlocal12_high_per_res,0.01705412034317015
mutation_group_out,CP_Structure9,P6-R7-MHQ,pp_nonlocal24_high_per_res,0.02622045816897683
mutation_group_out,CP_Structure9,P6-R7-MHQ,plddt_core_mean,0.01642041405302917
mutation_group_out,CP_Structure9,P6-R7-MHQ,plddt_core_min,0.028648295808957554
mutation_group_out,CP_Structure9,P6-R7-MHQ,global_core_PAE,0.015599262454277615
mutation_group_out,CP_Structure9,P6-R7-MHQ,pae_contact_weighted,0.031075239361497375
mutation_group_out,CP_Structure9,P6-R7-MHQ,Rg_full_length_normalized,0.6049466294699253
mutation_group_out,CP_Structure9,P6-R7-MHQ,anisotropy,0.037718372607325266
mutation_group_out,CP_Structure9,P7-R5-SYVIRR,pp_nonlocal4_high_per_res,0.3406274273568069
mutation_group_out,CP_Structure9,P7-R5-SYVIRR,pp_nonlocal12_high_per_res,0.04134574936493074
mutation_group_out,CP_Structure9,P7-R5-SYVIRR,pp_nonlocal24_high_per_res,0.05204544632885113
mutation_group_out,CP_Structure9,P7-R5-SYVIRR,plddt_core_mean,0.036209572660819034
mutation_group_out,CP_Structure9,P7-R5-SYVIRR,plddt_core_min,0.005415689929847492
mutation_group_out,CP_Structure9,P7-R5-SYVIRR,global_core_PAE,0.03144886730898392
mutation_group_out,CP_Structure9,P7-R5-SYVIRR,pae_contact_weighted,0.0362568740644477
mutation_group_out,CP_Structure9,P7-R5-SYVIRR,Rg_full_length_normalized,0.30686683556668104
mutation_group_out,CP_Structure9,P7-R5-SYVIRR,anisotropy,0.1497835374186319
mutation_group_out,CP_Structure9,P8-R6-GVE,pp_nonlocal4_high_per_res,0.37501441509078887
mutation_group_out,CP_Structure9,P8-R6-GVE,pp_nonlocal12_high_per_res,0.03862988492210625
mutation_group_out,CP_Structure9,P8-R6-GVE,pp_nonlocal24_high_per_res,0.03776755597934879
mutation_group_out,CP_Structure9,P8-R6-GVE,plddt_core_mean,0.036042669919309024
mutation_group_out,CP_Structure9,P8-R6-GVE,plddt_core_min,0.00879122970650264
mutation_group_out,CP_Structure9,P8-R6-GVE,global_core_PAE,0.038747960594143954
mutation_group_out,CP_Structure9,P8-R6-GVE,pae_contact_weighted,0.047474991178003315
mutation_group_out,CP_Structure9,P8-R6-GVE,Rg_full_length_normalized,0.30689035013584215
mutation_group_out,CP_Structure9,P8-R6-GVE,anisotropy,0.11064094247395509
mutation_group_out,CP_Structure9,PUF12-9,pp_nonlocal4_high_per_res,0.4057216666286183
mutation_group_out,CP_Structure9,PUF12-9,pp_nonlocal12_high_per_res,0.03752281367454808
mutation_group_out,CP_Structure9,PUF12-9,pp_nonlocal24_high_per_res,0.029419632336191562
mutation_group_out,CP_Structure9,PUF12-9,plddt_core_mean,0.03864904738004292
mutation_group_out,CP_Structure9,PUF12-9,plddt_core_min,0.00879122970650264
mutation_group_out,CP_Structure9,PUF12-9,global_core_PAE,0.03680358861624508
mutation_group_out,CP_Structure9,PUF12-9,pae_contact_weighted,0.05668879640172535
mutation_group_out,CP_Structure9,PUF12-9,Rg_full_length_normalized,0.28210936851338514
mutation_group_out,CP_Structure9,PUF12-9,anisotropy,0.1042938567427411
mutation_group_out,RNA4,P4-R5-ETD,pr_cp_per_nt,0.5139921141117854
mutation_group_out,RNA4,P4-R5-ETD,pr_rna_max_mean,0.17067371909302775
mutation_group_out,RNA4,P4-R5-ETD,pr_rna_coverage_05,0.006130259436130636
mutation_group_out,RNA4,P4-R5-ETD,pr_protein_coverage_05,0.3092039073590563
mutation_group_out,RNA4,P4-R5-SHE+P7-R5-SHE,pr_cp_per_nt,0.3508914275633151
mutation_group_out,RNA4,P4-R5-SHE+P7-R5-SHE,pr_rna_max_mean,0.4354663454377484
mutation_group_out,RNA4,P4-R5-SHE+P7-R5-SHE,pr_rna_coverage_05,0.04448977153125843
mutation_group_out,RNA4,P4-R5-SHE+P7-R5-SHE,pr_protein_coverage_05,0.169152455467678
mutation_group_out,RNA4,P5-R6-AYE,pr_cp_per_nt,0.18859994914133604
mutation_group_out,RNA4,P5-R6-AYE,pr_rna_max_mean,0.2005955248416487
mutation_group_out,RNA4,P5-R6-AYE,pr_rna_coverage_05,0.2182753947292481
mutation_group_out,RNA4,P5-R6-AYE,pr_protein_coverage_05,0.39252913128776723
mutation_group_out,RNA4,P6-R7-MHQ,pr_cp_per_nt,0.3555627795710174
mutation_group_out,RNA4,P6-R7-MHQ,pr_rna_max_mean,0.3964388264674911
mutation_group_out,RNA4,P6-R7-MHQ,pr_rna_coverage_05,0.050088566042374945
mutation_group_out,RNA4,P6-R7-MHQ,pr_protein_coverage_05,0.1979098279191165
mutation_group_out,RNA4,P7-R5-SYVIRR,pr_cp_per_nt,0.4430949662755016
mutation_group_out,RNA4,P7-R5-SYVIRR,pr_rna_max_mean,0.2687018524536889
mutation_group_out,RNA4,P7-R5-SYVIRR,pr_rna_coverage_05,0.051920567924242045
mutation_group_out,RNA4,P7-R5-SYVIRR,pr_protein_coverage_05,0.23628261334656744
mutation_group_out,RNA4,P8-R6-GVE,pr_cp_per_nt,0.42872082665505684
mutation_group_out,RNA4,P8-R6-GVE,pr_rna_max_mean,0.2613275013466547
mutation_group_out,RNA4,P8-R6-GVE,pr_rna_coverage_05,0.05395136356273371
mutation_group_out,RNA4,P8-R6-GVE,pr_protein_coverage_05,0.2560003084355549
mutation_group_out,RNA4,PUF12-9,pr_cp_per_nt,0.4787721375300598
mutation_group_out,RNA4,PUF12-9,pr_rna_max_mean,0.21646821348485756
mutation_group_out,RNA4,PUF12-9,pr_rna_coverage_05,0.05177847556905808
mutation_group_out,RNA4,PUF12-9,pr_protein_coverage_05,0.2529811734160245
mutation_group_out,CP_RNA7,P4-R5-ETD,pp_nonlocal4_high_per_res,0.4233539713512809
mutation_group_out,CP_RNA7,P4-R5-ETD,pp_nonlocal12_high_per_res,0.07131792215489748
mutation_group_out,CP_RNA7,P4-R5-ETD,pp_nonlocal24_high_per_res,0.10672780366476198
mutation_group_out,CP_RNA7,P4-R5-ETD,pr_cp_per_nt,0.2100753830959939
mutation_group_out,CP_RNA7,P4-R5-ETD,pr_rna_max_mean,0.05487973905379917
mutation_group_out,CP_RNA7,P4-R5-ETD,pr_rna_coverage_05,0.0031497300817143635
mutation_group_out,CP_RNA7,P4-R5-ETD,pr_protein_coverage_05,0.1304954505975523
mutation_group_out,CP_RNA7,P4-R5-SHE+P7-R5-SHE,pp_nonlocal4_high_per_res,0.638446240201959
mutation_group_out,CP_RNA7,P4-R5-SHE+P7-R5-SHE,pp_nonlocal12_high_per_res,0.05836678881659647
mutation_group_out,CP_RNA7,P4-R5-SHE+P7-R5-SHE,pp_nonlocal24_high_per_res,0.028217128822679165
mutation_group_out,CP_RNA7,P4-R5-SHE+P7-R5-SHE,pr_cp_per_nt,0.11327749606234572
mutation_group_out,CP_RNA7,P4-R5-SHE+P7-R5-SHE,pr_rna_max_mean,0.12740930414488838
mutation_group_out,CP_RNA7,P4-R5-SHE+P7-R5-SHE,pr_rna_coverage_05,0.003109647196603708
mutation_group_out,CP_RNA7,P4-R5-SHE+P7-R5-SHE,pr_protein_coverage_05,0.031173394754927773
mutation_group_out,CP_RNA7,P5-R6-AYE,pp_nonlocal4_high_per_res,0.44493311057869345
mutation_group_out,CP_RNA7,P5-R6-AYE,pp_nonlocal12_high_per_res,0.1836316588233944
mutation_group_out,CP_RNA7,P5-R6-AYE,pp_nonlocal24_high_per_res,0.15283049061232043
mutation_group_out,CP_RNA7,P5-R6-AYE,pr_cp_per_nt,0.018754535513634093
mutation_group_out,CP_RNA7,P5-R6-AYE,pr_rna_max_mean,0.035147897970781515
mutation_group_out,CP_RNA7,P5-R6-AYE,pr_rna_coverage_05,0.10580050926176328
mutation_group_out,CP_RNA7,P5-R6-AYE,pr_protein_coverage_05,0.058901797239412905
mutation_group_out,CP_RNA7,P6-R7-MHQ,pp_nonlocal4_high_per_res,0.4642596071490253
mutation_group_out,CP_RNA7,P6-R7-MHQ,pp_nonlocal12_high_per_res,0.06899808790541312
mutation_group_out,CP_RNA7,P6-R7-MHQ,pp_nonlocal24_high_per_res,0.1913174541244607
mutation_group_out,CP_RNA7,P6-R7-MHQ,pr_cp_per_nt,0.14291181891073185
mutation_group_out,CP_RNA7,P6-R7-MHQ,pr_rna_max_mean,0.03349556823394545
mutation_group_out,CP_RNA7,P6-R7-MHQ,pr_rna_coverage_05,0.018466083020062134
mutation_group_out,CP_RNA7,P6-R7-MHQ,pr_protein_coverage_05,0.08055138065636161
mutation_group_out,CP_RNA7,P7-R5-SYVIRR,pp_nonlocal4_high_per_res,0.48954620202542637
mutation_group_out,CP_RNA7,P7-R5-SYVIRR,pp_nonlocal12_high_per_res,0.10778918525890574
mutation_group_out,CP_RNA7,P7-R5-SYVIRR,pp_nonlocal24_high_per_res,0.09472288027863097
mutation_group_out,CP_RNA7,P7-R5-SYVIRR,pr_cp_per_nt,0.1334697787051315
mutation_group_out,CP_RNA7,P7-R5-SYVIRR,pr_rna_max_mean,0.03544639391044838
mutation_group_out,CP_RNA7,P7-R5-SYVIRR,pr_rna_coverage_05,0.026182682207728885
mutation_group_out,CP_RNA7,P7-R5-SYVIRR,pr_protein_coverage_05,0.11284287761372828
mutation_group_out,CP_RNA7,P8-R6-GVE,pp_nonlocal4_high_per_res,0.4982279987881242
mutation_group_out,CP_RNA7,P8-R6-GVE,pp_nonlocal12_high_per_res,0.09639646816488959
mutation_group_out,CP_RNA7,P8-R6-GVE,pp_nonlocal24_high_per_res,0.09472288027863099
mutation_group_out,CP_RNA7,P8-R6-GVE,pr_cp_per_nt,0.13358685796689898
mutation_group_out,CP_RNA7,P8-R6-GVE,pr_rna_max_mean,0.038040234979999255
mutation_group_out,CP_RNA7,P8-R6-GVE,pr_rna_coverage_05,0.026182682207728885
mutation_group_out,CP_RNA7,P8-R6-GVE,pr_protein_coverage_05,0.11284287761372828
mutation_group_out,CP_RNA7,PUF12-9,pp_nonlocal4_high_per_res,0.5234480336358539
mutation_group_out,CP_RNA7,PUF12-9,pp_nonlocal12_high_per_res,0.08968940047775904
mutation_group_out,CP_RNA7,PUF12-9,pp_nonlocal24_high_per_res,0.09682359822525606
mutation_group_out,CP_RNA7,PUF12-9,pr_cp_per_nt,0.13543568407995568
mutation_group_out,CP_RNA7,PUF12-9,pr_rna_max_mean,0.032631033625668486
mutation_group_out,CP_RNA7,PUF12-9,pr_rna_coverage_05,0.02438359847031409
mutation_group_out,CP_RNA7,PUF12-9,pr_protein_coverage_05,0.09758865148519258
mutation_group_out,CP_Interface6,P4-R5-ETD,pp_nonlocal4_high_per_res,0.385106382806799
mutation_group_out,CP_Interface6,P4-R5-ETD,pp_nonlocal12_high_per_res,0.04834518487309022
mutation_group_out,CP_Interface6,P4-R5-ETD,pp_nonlocal24_high_per_res,0.07671747986914229
mutation_group_out,CP_Interface6,P4-R5-ETD,adj_CP_mean,0.09339820837520872
mutation_group_out,CP_Interface6,P4-R5-ETD,adj_CP_min,0.3199476156102227
mutation_group_out,CP_Interface6,P4-R5-ETD,nonadj_CP_mean,0.07648512846553712
mutation_group_out,CP_Interface6,P4-R5-SHE+P7-R5-SHE,pp_nonlocal4_high_per_res,0.513040844607713
mutation_group_out,CP_Interface6,P4-R5-SHE+P7-R5-SHE,pp_nonlocal12_high_per_res,0.008202127478030586
mutation_group_out,CP_Interface6,P4-R5-SHE+P7-R5-SHE,pp_nonlocal24_high_per_res,0.026858113020805385
mutation_group_out,CP_Interface6,P4-R5-SHE+P7-R5-SHE,adj_CP_mean,0.03859146592493762
mutation_group_out,CP_Interface6,P4-R5-SHE+P7-R5-SHE,adj_CP_min,0.27407915398244237
mutation_group_out,CP_Interface6,P4-R5-SHE+P7-R5-SHE,nonadj_CP_mean,0.1392282949860711
mutation_group_out,CP_Interface6,P5-R6-AYE,pp_nonlocal4_high_per_res,0.3451504461489894
mutation_group_out,CP_Interface6,P5-R6-AYE,pp_nonlocal12_high_per_res,0.13051156338638636
mutation_group_out,CP_Interface6,P5-R6-AYE,pp_nonlocal24_high_per_res,0.1411625052717172
mutation_group_out,CP_Interface6,P5-R6-AYE,adj_CP_mean,0.2820535985879715
mutation_group_out,CP_Interface6,P5-R6-AYE,adj_CP_min,0.022251535116045273
mutation_group_out,CP_Interface6,P5-R6-AYE,nonadj_CP_mean,0.07887035148889036
mutation_group_out,CP_Interface6,P6-R7-MHQ,pp_nonlocal4_high_per_res,0.3823410467211593
mutation_group_out,CP_Interface6,P6-R7-MHQ,pp_nonlocal12_high_per_res,0.045946818375921815
mutation_group_out,CP_Interface6,P6-R7-MHQ,pp_nonlocal24_high_per_res,0.13183577477453207
mutation_group_out,CP_Interface6,P6-R7-MHQ,adj_CP_mean,0.057133090901879846
mutation_group_out,CP_Interface6,P6-R7-MHQ,adj_CP_min,0.22904405523168536
mutation_group_out,CP_Interface6,P6-R7-MHQ,nonadj_CP_mean,0.15369921399482137
mutation_group_out,CP_Interface6,P7-R5-SYVIRR,pp_nonlocal4_high_per_res,0.4279824975730488
mutation_group_out,CP_Interface6,P7-R5-SYVIRR,pp_nonlocal12_high_per_res,0.10928056052074517
mutation_group_out,CP_Interface6,P7-R5-SYVIRR,pp_nonlocal24_high_per_res,0.06155829344598706
mutation_group_out,CP_Interface6,P7-R5-SYVIRR,adj_CP_mean,0.059161287852838376
mutation_group_out,CP_Interface6,P7-R5-SYVIRR,adj_CP_min,0.18484081713220313
mutation_group_out,CP_Interface6,P7-R5-SYVIRR,nonadj_CP_mean,0.15717654347517754
mutation_group_out,CP_Interface6,P8-R6-GVE,pp_nonlocal4_high_per_res,0.4247157489777458
mutation_group_out,CP_Interface6,P8-R6-GVE,pp_nonlocal12_high_per_res,0.10259694857144896
mutation_group_out,CP_Interface6,P8-R6-GVE,pp_nonlocal24_high_per_res,0.06155829344598706
mutation_group_out,CP_Interface6,P8-R6-GVE,adj_CP_mean,0.07050345864872455
mutation_group_out,CP_Interface6,P8-R6-GVE,adj_CP_min,0.18618532436949473
mutation_group_out,CP_Interface6,P8-R6-GVE,nonadj_CP_mean,0.154440225986599
mutation_group_out,CP_Interface6,PUF12-9,pp_nonlocal4_high_per_res,0.48282321071438256
mutation_group_out,CP_Interface6,PUF12-9,pp_nonlocal12_high_per_res,0.07610504096580488
mutation_group_out,CP_Interface6,PUF12-9,pp_nonlocal24_high_per_res,0.07502072751795082
mutation_group_out,CP_Interface6,PUF12-9,adj_CP_mean,0.05130787083576778
mutation_group_out,CP_Interface6,PUF12-9,adj_CP_min,0.18197308670490203
mutation_group_out,CP_Interface6,PUF12-9,nonadj_CP_mean,0.13277006326119192
