construct,design_id,seed,model,length,repeat_count,loop_count,iptm,ptm,plddt_p10,pp_nonlocal12_high_per_res,plddt_protein_mean,pae_contact_weighted,Rg_full_length_normalized,pp_nonlocal4_per_res,pp_nonlocal4_high_per_res,pp_nonlocal12_per_res,pp_nonlocal24_per_res,pp_nonlocal24_high_per_res,pr_cp_sum,pr_cp_per_nt,pr_top20_mean,pr_rna_max_mean,pr_rna_max_min,pr_rna_coverage_05,pr_protein_coverage_05,pr_high_contacts_per_nt
12_130_r123456654loop328,12,1,0,513,12,1,0.92,0.86,76.75558333333335,1.3060428849902534,90.38238895569451,1.6577088832855225,4.254767417907715,2.4112865924835205,2.3528265107212474,1.3519493341445923,1.169083833694458,1.1306042884990253,54.529998779296875,4.194615364074707,0.9934999346733093,0.8376922607421875,0.09000000357627869,0.7692307692307693,0.07602339181286549,4.0
12_130_r123456654loop328,12,1,1,513,12,1,0.92,0.86,76.25133333333335,1.3060428849902534,90.42906732951909,1.65885591506958,4.197936058044434,2.4112865924835205,2.3528265107212474,1.3519493341445923,1.169083833694458,1.1306042884990253,54.529998779296875,4.194615364074707,0.9934999346733093,0.8376922607421875,0.09000000357627869,0.7692307692307693,0.07602339181286549,4.0
12_130_r123456654loop328,12,1,2,513,12,1,0.92,0.86,78.10746666666667,1.3060428849902534,90.51013312321206,1.6482070684432983,4.249906539916992,2.4112865924835205,2.3528265107212474,1.3519493341445923,1.169083833694458,1.1306042884990253,54.529998779296875,4.194615364074707,0.9934999346733093,0.8376922607421875,0.09000000357627869,0.7692307692307693,0.07602339181286549,4.0
12_130_r123456654loop328,12,1,3,513,12,1,0.92,0.86,77.62177777777778,1.3060428849902534,90.37480879246377,1.6474031209945679,4.27900505065918,2.4112865924835205,2.3528265107212474,1.3519493341445923,1.169083833694458,1.1306042884990253,54.529998779296875,4.194615364074707,0.9934999346733093,0.8376922607421875,0.09000000357627869,0.7692307692307693,0.07602339181286549,4.0
12_130_r123456654loop328,12,1,4,513,12,1,0.92,0.86,75.61242424242424,1.3060428849902534,89.90472524886852,1.7469323873519897,4.277557849884033,2.4112865924835205,2.3528265107212474,1.3519493341445923,1.169083833694458,1.1306042884990253,54.529998779296875,4.194615364074707,0.9934999346733093,0.8376922607421875,0.09000000357627869,0.7692307692307693,0.07602339181286549,4.0
15_130_r12345673456loop8,15,1,0,513,12,1,0.93,0.86,75.56511111111111,1.2729044834307992,90.11719327921375,1.6680340766906738,4.336652755737305,2.366666793823242,2.309941520467836,1.3139960765838623,1.124424934387207,1.0857699805068226,53.44000244140625,4.110769271850586,0.9954999685287476,0.8392308354377747,0.09000000357627869,0.7692307692307693,0.07407407407407407,3.8461538461538463
15_130_r12345673456loop8,15,1,1,513,12,1,0.93,0.87,76.21177777777777,1.2729044834307992,90.28661844566523,1.6089884042739868,4.314062118530273,2.366666793823242,2.309941520467836,1.3139960765838623,1.124424934387207,1.0857699805068226,53.44000244140625,4.110769271850586,0.9954999685287476,0.8392308354377747,0.09000000357627869,0.7692307692307693,0.07407407407407407,3.8461538461538463
15_130_r12345673456loop8,15,1,2,513,12,1,0.93,0.87,76.61397402597402,1.2729044834307992,90.26725567918112,1.6193225383758545,4.350393295288086,2.366666793823242,2.309941520467836,1.3139960765838623,1.124424934387207,1.0857699805068226,53.44000244140625,4.110769271850586,0.9954999685287476,0.8392308354377747,0.09000000357627869,0.7692307692307693,0.07407407407407407,3.8461538461538463
15_130_r12345673456loop8,15,1,3,513,12,1,0.92,0.87,76.93898989898989,1.2729044834307992,90.37114309553345,1.603337287902832,4.29541540145874,2.366666793823242,2.309941520467836,1.3139960765838623,1.124424934387207,1.0857699805068226,53.44000244140625,4.110769271850586,0.9954999685287476,0.8392308354377747,0.09000000357627869,0.7692307692307693,0.07407407407407407,3.8461538461538463
15_130_r12345673456loop8,15,1,4,513,12,1,0.92,0.86,73.27450793650794,1.2729044834307992,89.56337410867236,1.8015872240066528,4.363927364349365,2.366666793823242,2.309941520467836,1.3139960765838623,1.124424934387207,1.0857699805068226,53.44000244140625,4.110769271850586,0.9954999685287476,0.8392308354377747,0.09000000357627869,0.7692307692307693,0.07407407407407407,3.8461538461538463
14_130_r123456734loop568,14,3,0,513,12,1,0.93,0.86,73.29324444444444,1.280701754385965,89.80457320489776,1.7670598030090332,4.287700176239014,2.383080005645752,2.323586744639376,1.327056646347046,1.1325926780700684,1.0896686159844056,53.42000198364258,4.109230995178223,0.9954999685287476,0.8400000333786011,0.07999999821186066,0.7692307692307693,0.07407407407407407,3.8461538461538463
14_130_r123456734loop568,14,3,1,513,12,1,0.93,0.86,72.13400000000001,1.280701754385965,89.70773544551615,1.776901364326477,4.3115434646606445,2.383080005645752,2.323586744639376,1.327056646347046,1.1325926780700684,1.0896686159844056,53.42000198364258,4.109230995178223,0.9954999685287476,0.8400000333786011,0.07999999821186066,0.7692307692307693,0.07407407407407407,3.8461538461538463
14_130_r123456734loop568,14,3,2,513,12,1,0.93,0.86,71.68526984126984,1.280701754385965,89.60838676868939,1.772947072982788,4.257905960083008,2.383080005645752,2.323586744639376,1.327056646347046,1.1325926780700684,1.0896686159844056,53.42000198364258,4.109230995178223,0.9954999685287476,0.8400000333786011,0.07999999821186066,0.7692307692307693,0.07407407407407407,3.8461538461538463
14_130_r123456734loop568,14,3,3,513,12,1,0.92,0.86,71.75711111111112,1.280701754385965,89.48644573625421,1.8084602355957031,4.330387592315674,2.383080005645752,2.323586744639376,1.327056646347046,1.1325926780700684,1.0896686159844056,53.42000198364258,4.109230995178223,0.9954999685287476,0.8400000333786011,0.07999999821186066,0.7692307692307693,0.07407407407407407,3.8461538461538463
14_130_r123456734loop568,14,3,4,513,12,1,0.92,0.86,70.9688051948052,1.280701754385965,89.51565216984662,1.7506916522979736,4.245865345001221,2.383080005645752,2.323586744639376,1.327056646347046,1.1325926780700684,1.0896686159844056,53.42000198364258,4.109230995178223,0.9954999685287476,0.8400000333786011,0.07999999821186066,0.7692307692307693,0.07407407407407407,3.8461538461538463
10_130_r123_r567_r567_r56loop7_r67_no8,10,2,0,620,15,1,0.92,0.83,80.0271818181818,1.3483870967741935,90.59045239142577,1.5826021432876587,4.140178680419922,2.449967622756958,2.3967741935483873,1.3769677877426147,1.1814031600952148,1.153225806451613,50.61000442504883,3.8930773735046387,0.9854999780654907,0.8199999332427979,0.09000000357627869,0.7692307692307693,0.05806451612903226,3.5384615384615383
10_130_r123_r567_r567_r56loop7_r67_no8,10,2,1,620,15,1,0.92,0.83,79.41264646464644,1.3483870967741935,90.38621341584043,1.6282024383544922,4.18964147567749,2.449967622756958,2.3967741935483873,1.3769677877426147,1.1814031600952148,1.153225806451613,50.61000442504883,3.8930773735046387,0.9854999780654907,0.8199999332427979,0.09000000357627869,0.7692307692307693,0.05806451612903226,3.5384615384615383
10_130_r123_r567_r567_r56loop7_r67_no8,10,2,2,620,15,1,0.92,0.83,80.40944444444445,1.3483870967741935,90.59407881638971,1.6073150634765625,4.150624752044678,2.449967622756958,2.3967741935483873,1.3769677877426147,1.1814031600952148,1.153225806451613,50.61000442504883,3.8930773735046387,0.9854999780654907,0.8199999332427979,0.09000000357627869,0.7692307692307693,0.05806451612903226,3.5384615384615383
10_130_r123_r567_r567_r56loop7_r67_no8,10,2,3,620,15,1,0.92,0.82,80.27595454545455,1.3483870967741935,90.54599883919845,1.5953168869018555,4.111046314239502,2.449967622756958,2.3967741935483873,1.3769677877426147,1.1814031600952148,1.153225806451613,50.61000442504883,3.8930773735046387,0.9854999780654907,0.8199999332427979,0.09000000357627869,0.7692307692307693,0.05806451612903226,3.5384615384615383
10_130_r123_r567_r567_r56loop7_r67_no8,10,2,4,620,15,1,0.92,0.82,79.90888888888888,1.3483870967741935,90.37557293906809,1.644785761833191,4.146353721618652,2.449967622756958,2.3967741935483873,1.3769677877426147,1.1814031600952148,1.153225806451613,50.61000442504883,3.8930773735046387,0.9854999780654907,0.8199999332427979,0.09000000357627869,0.7692307692307693,0.05806451612903226,3.5384615384615383
13_130_r12345665432loop8,13,1,0,513,12,1,0.93,0.84,62.044000000000004,1.2319688109161793,87.09425374603737,2.203399181365967,4.326351642608643,2.3444247245788574,2.249512670565302,1.304152011871338,1.125165581703186,1.0682261208576997,54.09000015258789,4.160769462585449,0.9934999346733093,0.8384615778923035,0.09000000357627869,0.7692307692307693,0.07602339181286549,4.0
13_130_r12345665432loop8,13,1,1,513,12,1,0.93,0.83,62.660999999999994,1.2319688109161793,87.1034944115339,2.3065829277038574,4.315237045288086,2.3444247245788574,2.249512670565302,1.304152011871338,1.125165581703186,1.0682261208576997,54.09000015258789,4.160769462585449,0.9934999346733093,0.8384615778923035,0.09000000357627869,0.7692307692307693,0.07602339181286549,4.0
13_130_r12345665432loop8,13,1,2,513,12,1,0.93,0.83,61.761714285714284,1.2319688109161793,87.07536713557181,2.276944398880005,4.305414199829102,2.3444247245788574,2.249512670565302,1.304152011871338,1.125165581703186,1.0682261208576997,54.09000015258789,4.160769462585449,0.9934999346733093,0.8384615778923035,0.09000000357627869,0.7692307692307693,0.07602339181286549,4.0
13_130_r12345665432loop8,13,1,3,513,12,1,0.92,0.83,63.10875,1.2319688109161793,87.25922070608621,2.216585874557495,4.226621150970459,2.3444247245788574,2.249512670565302,1.304152011871338,1.125165581703186,1.0682261208576997,54.09000015258789,4.160769462585449,0.9934999346733093,0.8384615778923035,0.09000000357627869,0.7692307692307693,0.07602339181286549,4.0
13_130_r12345665432loop8,13,1,4,513,12,1,0.92,0.83,61.706250000000004,1.2319688109161793,86.99050597593872,2.2971737384796143,4.272564888000488,2.3444247245788574,2.249512670565302,1.304152011871338,1.125165581703186,1.0682261208576997,54.09000015258789,4.160769462585449,0.9934999346733093,0.8384615778923035,0.09000000357627869,0.7692307692307693,0.07602339181286549,4.0
13_130_r12345665432loop8,13,4,0,513,12,1,0.93,0.83,62.87975000000001,1.239766081871345,87.36815715073317,2.236783504486084,4.318631172180176,2.3434500694274902,2.2553606237816766,1.3047175407409668,1.126510739326477,1.0760233918128654,54.18000030517578,4.167692184448242,0.9934999346733093,0.8400000333786011,0.09000000357627869,0.7692307692307693,0.07602339181286549,4.076923076923077
13_130_r12345665432loop8,13,4,1,513,12,1,0.93,0.83,62.60257142857143,1.239766081871345,87.28476109817191,2.2589945793151855,4.3652119636535645,2.3434500694274902,2.2553606237816766,1.3047175407409668,1.126510739326477,1.0760233918128654,54.18000030517578,4.167692184448242,0.9934999346733093,0.8400000333786011,0.09000000357627869,0.7692307692307693,0.07602339181286549,4.076923076923077
13_130_r12345665432loop8,13,4,2,513,12,1,0.93,0.83,62.754000000000005,1.239766081871345,87.37775843860494,2.213904857635498,4.327576160430908,2.3434500694274902,2.2553606237816766,1.3047175407409668,1.126510739326477,1.0760233918128654,54.18000030517578,4.167692184448242,0.9934999346733093,0.8400000333786011,0.09000000357627869,0.7692307692307693,0.07602339181286549,4.076923076923077
13_130_r12345665432loop8,13,4,3,513,12,1,0.92,0.83,61.731,1.239766081871345,87.171465434771,2.2583253383636475,4.255728721618652,2.3434500694274902,2.2553606237816766,1.3047175407409668,1.126510739326477,1.0760233918128654,54.18000030517578,4.167692184448242,0.9934999346733093,0.8400000333786011,0.09000000357627869,0.7692307692307693,0.07602339181286549,4.076923076923077
13_130_r12345665432loop8,13,4,4,513,12,1,0.92,0.83,61.53,1.239766081871345,86.83075910806758,2.346414089202881,4.3366594314575195,2.3434500694274902,2.2553606237816766,1.3047175407409668,1.126510739326477,1.0760233918128654,54.18000030517578,4.167692184448242,0.9934999346733093,0.8400000333786011,0.09000000357627869,0.7692307692307693,0.07602339181286549,4.076923076923077
12_130_r123456654loop328,12,2,0,513,12,1,0.92,0.86,74.43860000000001,1.2923976608187135,89.96256338025198,1.7611619234085083,4.274299621582031,2.399902582168579,2.3391812865497075,1.3416763544082642,1.1597659587860107,1.115009746588694,54.44000244140625,4.187692642211914,0.9934999346733093,0.8353846669197083,0.09000000357627869,0.7692307692307693,0.07797270955165692,4.076923076923077
12_130_r123456654loop328,12,2,1,513,12,1,0.92,0.86,75.39720000000001,1.2923976608187135,90.09349597619187,1.7014116048812866,4.284758567810059,2.399902582168579,2.3391812865497075,1.3416763544082642,1.1597659587860107,1.115009746588694,54.44000244140625,4.187692642211914,0.9934999346733093,0.8353846669197083,0.09000000357627869,0.7692307692307693,0.07797270955165692,4.076923076923077
12_130_r123456654loop328,12,2,2,513,12,1,0.92,0.86,77.11713888888889,1.2923976608187135,90.08372193812252,1.743008017539978,4.340504169464111,2.399902582168579,2.3391812865497075,1.3416763544082642,1.1597659587860107,1.115009746588694,54.44000244140625,4.187692642211914,0.9934999346733093,0.8353846669197083,0.09000000357627869,0.7692307692307693,0.07797270955165692,4.076923076923077
12_130_r123456654loop328,12,2,3,513,12,1,0.92,0.85,75.09786666666666,1.2923976608187135,89.92852830308092,1.771645426750183,4.317714214324951,2.399902582168579,2.3391812865497075,1.3416763544082642,1.1597659587860107,1.115009746588694,54.44000244140625,4.187692642211914,0.9934999346733093,0.8353846669197083,0.09000000357627869,0.7692307692307693,0.07797270955165692,4.076923076923077
12_130_r123456654loop328,12,2,4,513,12,1,0.92,0.85,75.25154285714287,1.2923976608187135,90.12380100433462,1.7141504287719727,4.255977153778076,2.399902582168579,2.3391812865497075,1.3416763544082642,1.1597659587860107,1.115009746588694,54.44000244140625,4.187692642211914,0.9934999346733093,0.8353846669197083,0.09000000357627869,0.7692307692307693,0.07797270955165692,4.076923076923077
9_130_r123_r567_r567_r567_r67loop8,9,4,0,620,15,1,0.92,0.83,84.72826136363636,1.3693548387096774,91.9569435978448,1.5406391620635986,4.302314281463623,2.466338634490967,2.443548387096774,1.3900645971298218,1.189322590827942,1.1661290322580644,50.73999786376953,3.903076648712158,0.98499995470047,0.8223077058792114,0.10000000149011612,0.7692307692307693,0.05806451612903226,3.5384615384615383
9_130_r123_r567_r567_r567_r67loop8,9,4,1,620,15,1,0.92,0.83,84.80250000000001,1.3693548387096774,92.0472806294512,1.5642913579940796,4.215587615966797,2.466338634490967,2.443548387096774,1.3900645971298218,1.189322590827942,1.1661290322580644,50.73999786376953,3.903076648712158,0.98499995470047,0.8223077058792114,0.10000000149011612,0.7692307692307693,0.05806451612903226,3.5384615384615383
9_130_r123_r567_r567_r567_r67loop8,9,4,2,620,15,1,0.92,0.83,84.33975000000001,1.3693548387096774,91.85431896266816,1.5831514596939087,4.262178421020508,2.466338634490967,2.443548387096774,1.3900645971298218,1.189322590827942,1.1661290322580644,50.73999786376953,3.903076648712158,0.98499995470047,0.8223077058792114,0.10000000149011612,0.7692307692307693,0.05806451612903226,3.5384615384615383
9_130_r123_r567_r567_r567_r67loop8,9,4,3,620,15,1,0.92,0.83,84.4785,1.3693548387096774,91.83962377344876,1.571416974067688,4.240813732147217,2.466338634490967,2.443548387096774,1.3900645971298218,1.189322590827942,1.1661290322580644,50.73999786376953,3.903076648712158,0.98499995470047,0.8223077058792114,0.10000000149011612,0.7692307692307693,0.05806451612903226,3.5384615384615383
9_130_r123_r567_r567_r567_r67loop8,9,4,4,620,15,1,0.92,0.83,84.635375,1.3693548387096774,91.96325329213798,1.5853962898254395,4.286798477172852,2.466338634490967,2.443548387096774,1.3900645971298218,1.189322590827942,1.1661290322580644,50.73999786376953,3.903076648712158,0.98499995470047,0.8223077058792114,0.10000000149011612,0.7692307692307693,0.05806451612903226,3.5384615384615383
10_130_r123_r567_r567_r56loop7_r67_no8,10,4,0,620,15,1,0.93,0.83,81.66020202020202,1.367741935483871,90.9500126815389,1.5858361721038818,4.174373149871826,2.459693431854248,2.42258064516129,1.3833869695663452,1.1824839115142822,1.164516129032258,50.720001220703125,3.901538610458374,0.9864999651908875,0.8176923394203186,0.07999999821186066,0.7692307692307693,0.05967741935483871,3.6153846153846154
10_130_r123_r567_r567_r56loop7_r67_no8,10,4,1,620,15,1,0.92,0.83,81.47154545454546,1.367741935483871,90.84372021482102,1.610327124595642,4.252742290496826,2.459693431854248,2.42258064516129,1.3833869695663452,1.1824839115142822,1.164516129032258,50.720001220703125,3.901538610458374,0.9864999651908875,0.8176923394203186,0.07999999821186066,0.7692307692307693,0.05967741935483871,3.6153846153846154
10_130_r123_r567_r567_r56loop7_r67_no8,10,4,2,620,15,1,0.92,0.83,81.90659595959596,1.367741935483871,90.92975125797142,1.602526068687439,4.152502059936523,2.459693431854248,2.42258064516129,1.3833869695663452,1.1824839115142822,1.164516129032258,50.720001220703125,3.901538610458374,0.9864999651908875,0.8176923394203186,0.07999999821186066,0.7692307692307693,0.05967741935483871,3.6153846153846154
10_130_r123_r567_r567_r56loop7_r67_no8,10,4,3,620,15,1,0.92,0.83,81.75338383838384,1.367741935483871,90.81471781292186,1.6264675855636597,4.215984344482422,2.459693431854248,2.42258064516129,1.3833869695663452,1.1824839115142822,1.164516129032258,50.720001220703125,3.901538610458374,0.9864999651908875,0.8176923394203186,0.07999999821186066,0.7692307692307693,0.05967741935483871,3.6153846153846154
10_130_r123_r567_r567_r56loop7_r67_no8,10,4,4,620,15,1,0.92,0.83,81.66088181818182,1.367741935483871,90.87390448261417,1.622229814529419,4.224241256713867,2.459693431854248,2.42258064516129,1.3833869695663452,1.1824839115142822,1.164516129032258,50.720001220703125,3.901538610458374,0.9864999651908875,0.8176923394203186,0.07999999821186066,0.7692307692307693,0.05967741935483871,3.6153846153846154
16_130_r12365673156loop8,16,1,0,513,12,1,0.93,0.83,66.05575,1.230019493177388,87.30221629128938,2.223827362060547,4.323104381561279,2.349727153778076,2.270955165692008,1.288440465927124,1.1057310104370117,1.0584795321637428,52.70000076293945,4.05384635925293,0.9925000071525574,0.8400000929832458,0.10000000149011612,0.7692307692307693,0.07407407407407407,3.6923076923076925
16_130_r12365673156loop8,16,1,1,513,12,1,0.92,0.83,67.61114285714285,1.230019493177388,87.5236010839388,2.2073512077331543,4.2554192543029785,2.349727153778076,2.270955165692008,1.288440465927124,1.1057310104370117,1.0584795321637428,52.70000076293945,4.05384635925293,0.9925000071525574,0.8400000929832458,0.10000000149011612,0.7692307692307693,0.07407407407407407,3.6923076923076925
16_130_r12365673156loop8,16,1,2,513,12,1,0.92,0.83,65.75857142857143,1.230019493177388,87.38249178642452,2.1847989559173584,4.360818862915039,2.349727153778076,2.270955165692008,1.288440465927124,1.1057310104370117,1.0584795321637428,52.70000076293945,4.05384635925293,0.9925000071525574,0.8400000929832458,0.10000000149011612,0.7692307692307693,0.07407407407407407,3.6923076923076925
16_130_r12365673156loop8,16,1,3,513,12,1,0.92,0.83,67.28666666666668,1.230019493177388,87.19172863696839,2.214548349380493,4.291958808898926,2.349727153778076,2.270955165692008,1.288440465927124,1.1057310104370117,1.0584795321637428,52.70000076293945,4.05384635925293,0.9925000071525574,0.8400000929832458,0.10000000149011612,0.7692307692307693,0.07407407407407407,3.6923076923076925
16_130_r12365673156loop8,16,1,4,513,12,1,0.92,0.83,65.82478571428571,1.230019493177388,87.365657282938,2.1913113594055176,4.34432315826416,2.349727153778076,2.270955165692008,1.288440465927124,1.1057310104370117,1.0584795321637428,52.70000076293945,4.05384635925293,0.9925000071525574,0.8400000929832458,0.10000000149011612,0.7692307692307693,0.07407407407407407,3.6923076923076925
14_130_r123456734loop568,14,1,0,513,12,1,0.93,0.86,75.62377777777779,1.2846003898635479,90.08984490406712,1.7021905183792114,4.278176307678223,2.3851656913757324,2.3216374269005846,1.329785704612732,1.1353607177734375,1.0955165692007798,53.380001068115234,4.106153964996338,0.9954999685287476,0.8369230628013611,0.07999999821186066,0.7692307692307693,0.07407407407407407,3.8461538461538463
14_130_r123456734loop568,14,1,1,513,12,1,0.92,0.86,75.58659999999999,1.2846003898635479,90.14927764838583,1.643054485321045,4.241064548492432,2.3851656913757324,2.3216374269005846,1.329785704612732,1.1353607177734375,1.0955165692007798,53.380001068115234,4.106153964996338,0.9954999685287476,0.8369230628013611,0.07999999821186066,0.7692307692307693,0.07407407407407407,3.8461538461538463
14_130_r123456734loop568,14,1,2,513,12,1,0.92,0.86,74.91250000000001,1.2846003898635479,90.02709745674511,1.673453450202942,4.214422225952148,2.3851656913757324,2.3216374269005846,1.329785704612732,1.1353607177734375,1.0955165692007798,53.380001068115234,4.106153964996338,0.9954999685287476,0.8369230628013611,0.07999999821186066,0.7692307692307693,0.07407407407407407,3.8461538461538463
14_130_r123456734loop568,14,1,3,513,12,1,0.92,0.86,74.8418,1.2846003898635479,89.98964863477437,1.7003810405731201,4.263244152069092,2.3851656913757324,2.3216374269005846,1.329785704612732,1.1353607177734375,1.0955165692007798,53.380001068115234,4.106153964996338,0.9954999685287476,0.8369230628013611,0.07999999821186066,0.7692307692307693,0.07407407407407407,3.8461538461538463
14_130_r123456734loop568,14,1,4,513,12,1,0.92,0.86,74.8642,1.2846003898635479,89.72946754020292,1.6942689418792725,4.2541656494140625,2.3851656913757324,2.3216374269005846,1.329785704612732,1.1353607177734375,1.0955165692007798,53.380001068115234,4.106153964996338,0.9954999685287476,0.8369230628013611,0.07999999821186066,0.7692307692307693,0.07407407407407407,3.8461538461538463
9_130_r123_r567_r567_r567_r67loop8,9,3,0,620,15,1,0.92,0.83,84.79918181818182,1.3741935483870968,92.15434783084301,1.5354321002960205,4.317859172821045,2.466435432434082,2.45,1.389532208442688,1.1884838342666626,1.1709677419354838,50.75,3.903846263885498,0.9859999418258667,0.8230769634246826,0.09000000357627869,0.7692307692307693,0.05806451612903226,3.5384615384615383
9_130_r123_r567_r567_r567_r67loop8,9,3,1,620,15,1,0.92,0.83,85.05480555555556,1.3741935483870968,92.18487360121956,1.5429834127426147,4.327989101409912,2.466435432434082,2.45,1.389532208442688,1.1884838342666626,1.1709677419354838,50.75,3.903846263885498,0.9859999418258667,0.8230769634246826,0.09000000357627869,0.7692307692307693,0.05806451612903226,3.5384615384615383
9_130_r123_r567_r567_r567_r67loop8,9,3,2,620,15,1,0.92,0.83,85.03483333333334,1.3741935483870968,92.36035575687752,1.5478980541229248,4.326596736907959,2.466435432434082,2.45,1.389532208442688,1.1884838342666626,1.1709677419354838,50.75,3.903846263885498,0.9859999418258667,0.8230769634246826,0.09000000357627869,0.7692307692307693,0.05806451612903226,3.5384615384615383
9_130_r123_r567_r567_r567_r67loop8,9,3,3,620,15,1,0.92,0.83,84.84546590909092,1.3741935483870968,92.14790626949215,1.5612982511520386,4.34816312789917,2.466435432434082,2.45,1.389532208442688,1.1884838342666626,1.1709677419354838,50.75,3.903846263885498,0.9859999418258667,0.8230769634246826,0.09000000357627869,0.7692307692307693,0.05806451612903226,3.5384615384615383
9_130_r123_r567_r567_r567_r67loop8,9,3,4,620,15,1,0.92,0.83,84.73604166666668,1.3741935483870968,92.1405042929293,1.5536082983016968,4.271175384521484,2.466435432434082,2.45,1.389532208442688,1.1884838342666626,1.1709677419354838,50.75,3.903846263885498,0.9859999418258667,0.8230769634246826,0.09000000357627869,0.7692307692307693,0.05806451612903226,3.5384615384615383
11_130_r123_r567_r567_r56loop7_r67loop8,11,2,0,627,15,2,0.92,0.82,82.13,1.3397129186602872,91.06418529162669,1.63864004611969,4.175595760345459,2.4530301094055176,2.397129186602871,1.369425892829895,1.1766825914382935,1.1467304625199362,50.599998474121094,3.8923075199127197,0.9869999885559082,0.823846161365509,0.09000000357627869,0.7692307692307693,0.05741626794258373,3.5384615384615383
11_130_r123_r567_r567_r56loop7_r67loop8,11,2,1,627,15,2,0.92,0.82,81.9809494949495,1.3397129186602872,90.86837192326547,1.674367904663086,4.188574314117432,2.4530301094055176,2.397129186602871,1.369425892829895,1.1766825914382935,1.1467304625199362,50.599998474121094,3.8923075199127197,0.9869999885559082,0.823846161365509,0.09000000357627869,0.7692307692307693,0.05741626794258373,3.5384615384615383
11_130_r123_r567_r567_r56loop7_r67loop8,11,2,2,627,15,2,0.92,0.82,81.846,1.3397129186602872,90.94794284206844,1.6563694477081299,4.122167110443115,2.4530301094055176,2.397129186602871,1.369425892829895,1.1766825914382935,1.1467304625199362,50.599998474121094,3.8923075199127197,0.9869999885559082,0.823846161365509,0.09000000357627869,0.7692307692307693,0.05741626794258373,3.5384615384615383
11_130_r123_r567_r567_r56loop7_r67loop8,11,2,3,627,15,2,0.92,0.82,81.59177777777778,1.3397129186602872,91.09613223715856,1.660560965538025,4.214142322540283,2.4530301094055176,2.397129186602871,1.369425892829895,1.1766825914382935,1.1467304625199362,50.599998474121094,3.8923075199127197,0.9869999885559082,0.823846161365509,0.09000000357627869,0.7692307692307693,0.05741626794258373,3.5384615384615383
11_130_r123_r567_r567_r56loop7_r67loop8,11,2,4,627,15,2,0.92,0.82,81.0637090909091,1.3397129186602872,90.73576118095974,1.7072546482086182,4.153927326202393,2.4530301094055176,2.397129186602871,1.369425892829895,1.1766825914382935,1.1467304625199362,50.599998474121094,3.8923075199127197,0.9869999885559082,0.823846161365509,0.09000000357627869,0.7692307692307693,0.05741626794258373,3.5384615384615383
15_130_r12345673456loop8,15,3,0,513,12,1,0.93,0.87,76.53611111111111,1.2690058479532165,90.22451266775244,1.5951839685440063,4.352632999420166,2.365243911743164,2.3060428849902532,1.313879132270813,1.124288558959961,1.0818713450292399,53.55000305175781,4.119231224060059,0.9959999918937683,0.8400000929832458,0.09000000357627869,0.7692307692307693,0.07407407407407407,3.8461538461538463
15_130_r12345673456loop8,15,3,1,513,12,1,0.93,0.86,76.16430303030303,1.2690058479532165,90.01573280634246,1.6511588096618652,4.393112659454346,2.365243911743164,2.3060428849902532,1.313879132270813,1.124288558959961,1.0818713450292399,53.55000305175781,4.119231224060059,0.9959999918937683,0.8400000929832458,0.09000000357627869,0.7692307692307693,0.07407407407407407,3.8461538461538463
15_130_r12345673456loop8,15,3,2,513,12,1,0.93,0.86,75.80519191919193,1.2690058479532165,90.03102827987476,1.6559597253799438,4.322122097015381,2.365243911743164,2.3060428849902532,1.313879132270813,1.124288558959961,1.0818713450292399,53.55000305175781,4.119231224060059,0.9959999918937683,0.8400000929832458,0.09000000357627869,0.7692307692307693,0.07407407407407407,3.8461538461538463
15_130_r12345673456loop8,15,3,3,513,12,1,0.92,0.86,75.88811111111112,1.2690058479532165,90.04465260162189,1.6514999866485596,4.3772358894348145,2.365243911743164,2.3060428849902532,1.313879132270813,1.124288558959961,1.0818713450292399,53.55000305175781,4.119231224060059,0.9959999918937683,0.8400000929832458,0.09000000357627869,0.7692307692307693,0.07407407407407407,3.8461538461538463
15_130_r12345673456loop8,15,3,4,513,12,1,0.92,0.87,75.74561904761904,1.2690058479532165,89.90794846684612,1.6267298460006714,4.323135852813721,2.365243911743164,2.3060428849902532,1.313879132270813,1.124288558959961,1.0818713450292399,53.55000305175781,4.119231224060059,0.9959999918937683,0.8400000929832458,0.09000000357627869,0.7692307692307693,0.07407407407407407,3.8461538461538463
13_130_r12345665432loop8,13,3,0,513,12,1,0.93,0.84,62.662194444444445,1.2475633528265107,87.26937087879631,2.2355294227600098,4.386288642883301,2.344580888748169,2.270955165692008,1.301754355430603,1.1235086917877197,1.0799220272904484,54.05000305175781,4.1576924324035645,0.9934999346733093,0.8400000333786011,0.09000000357627869,0.7692307692307693,0.07797270955165692,4.076923076923077
13_130_r12345665432loop8,13,3,1,513,12,1,0.93,0.83,60.4805,1.2475633528265107,86.7371801494477,2.306009292602539,4.425325393676758,2.344580888748169,2.270955165692008,1.301754355430603,1.1235086917877197,1.0799220272904484,54.05000305175781,4.1576924324035645,0.9934999346733093,0.8400000333786011,0.09000000357627869,0.7692307692307693,0.07797270955165692,4.076923076923077
13_130_r12345665432loop8,13,3,2,513,12,1,0.93,0.83,62.892,1.2475633528265107,87.20754917034449,2.259618043899536,4.337570667266846,2.344580888748169,2.270955165692008,1.301754355430603,1.1235086917877197,1.0799220272904484,54.05000305175781,4.1576924324035645,0.9934999346733093,0.8400000333786011,0.09000000357627869,0.7692307692307693,0.07797270955165692,4.076923076923077
13_130_r12345665432loop8,13,3,3,513,12,1,0.92,0.83,61.54980555555556,1.2475633528265107,86.9544224288274,2.2867937088012695,4.3971943855285645,2.344580888748169,2.270955165692008,1.301754355430603,1.1235086917877197,1.0799220272904484,54.05000305175781,4.1576924324035645,0.9934999346733093,0.8400000333786011,0.09000000357627869,0.7692307692307693,0.07797270955165692,4.076923076923077
13_130_r12345665432loop8,13,3,4,513,12,1,0.92,0.84,62.43942857142857,1.2475633528265107,86.8664229562402,2.2712197303771973,4.345003604888916,2.344580888748169,2.270955165692008,1.301754355430603,1.1235086917877197,1.0799220272904484,54.05000305175781,4.1576924324035645,0.9934999346733093,0.8400000333786011,0.09000000357627869,0.7692307692307693,0.07797270955165692,4.076923076923077
16_130_r12365673156loop8,16,4,0,513,12,1,0.92,0.83,66.06483333333334,1.2144249512670566,87.09227615756564,2.28621244430542,4.386465072631836,2.3446590900421143,2.2514619883040936,1.2847563028335571,1.1024562120437622,1.04093567251462,52.72999954223633,4.056153774261475,0.9925000071525574,0.8400000929832458,0.10000000149011612,0.7692307692307693,0.07407407407407407,3.769230769230769
16_130_r12365673156loop8,16,4,1,513,12,1,0.92,0.83,64.97502857142857,1.2144249512670566,86.77885974265068,2.308269500732422,4.338603496551514,2.3446590900421143,2.2514619883040936,1.2847563028335571,1.1024562120437622,1.04093567251462,52.72999954223633,4.056153774261475,0.9925000071525574,0.8400000929832458,0.10000000149011612,0.7692307692307693,0.07407407407407407,3.769230769230769
16_130_r12365673156loop8,16,4,2,513,12,1,0.92,0.83,66.75308571428572,1.2144249512670566,86.99926109746872,2.2516539096832275,4.351186275482178,2.3446590900421143,2.2514619883040936,1.2847563028335571,1.1024562120437622,1.04093567251462,52.72999954223633,4.056153774261475,0.9925000071525574,0.8400000929832458,0.10000000149011612,0.7692307692307693,0.07407407407407407,3.769230769230769
16_130_r12365673156loop8,16,4,3,513,12,1,0.92,0.83,67.49404444444444,1.2144249512670566,87.06412799254028,2.2498486042022705,4.363743782043457,2.3446590900421143,2.2514619883040936,1.2847563028335571,1.1024562120437622,1.04093567251462,52.72999954223633,4.056153774261475,0.9925000071525574,0.8400000929832458,0.10000000149011612,0.7692307692307693,0.07407407407407407,3.769230769230769
16_130_r12365673156loop8,16,4,4,513,12,1,0.92,0.83,65.79653333333334,1.2144249512670566,87.03194724465484,2.2785568237304688,4.285058975219727,2.3446590900421143,2.2514619883040936,1.2847563028335571,1.1024562120437622,1.04093567251462,52.72999954223633,4.056153774261475,0.9925000071525574,0.8400000929832458,0.10000000149011612,0.7692307692307693,0.07407407407407407,3.769230769230769
12_130_r123456654loop328,12,4,0,513,12,1,0.93,0.87,77.77471111111112,1.3021442495126705,90.78023590190402,1.5810192823410034,4.29572057723999,2.4022417068481445,2.348927875243665,1.343879222869873,1.1621443033218384,1.1267056530214425,54.310001373291016,4.177692413330078,0.9934999346733093,0.8384615778923035,0.09000000357627869,0.7692307692307693,0.07797270955165692,4.076923076923077
12_130_r123456654loop328,12,4,1,513,12,1,0.92,0.86,76.037,1.3021442495126705,90.30505003178543,1.6566287279129028,4.335034370422363,2.4022417068481445,2.348927875243665,1.343879222869873,1.1621443033218384,1.1267056530214425,54.310001373291016,4.177692413330078,0.9934999346733093,0.8384615778923035,0.09000000357627869,0.7692307692307693,0.07797270955165692,4.076923076923077
12_130_r123456654loop328,12,4,2,513,12,1,0.92,0.86,76.8047619047619,1.3021442495126705,90.26336302808086,1.6888911724090576,4.37366247177124,2.4022417068481445,2.348927875243665,1.343879222869873,1.1621443033218384,1.1267056530214425,54.310001373291016,4.177692413330078,0.9934999346733093,0.8384615778923035,0.09000000357627869,0.7692307692307693,0.07797270955165692,4.076923076923077
12_130_r123456654loop328,12,4,3,513,12,1,0.92,0.86,76.56295000000001,1.3021442495126705,90.44798215375701,1.6644275188446045,4.28372859954834,2.4022417068481445,2.348927875243665,1.343879222869873,1.1621443033218384,1.1267056530214425,54.310001373291016,4.177692413330078,0.9934999346733093,0.8384615778923035,0.09000000357627869,0.7692307692307693,0.07797270955165692,4.076923076923077
12_130_r123456654loop328,12,4,4,513,12,1,0.92,0.86,75.95155555555556,1.3021442495126705,90.00896249462038,1.7261584997177124,4.346933364868164,2.4022417068481445,2.348927875243665,1.343879222869873,1.1621443033218384,1.1267056530214425,54.310001373291016,4.177692413330078,0.9934999346733093,0.8384615778923035,0.09000000357627869,0.7692307692307693,0.07797270955165692,4.076923076923077
16_130_r12365673156loop8,16,2,0,513,12,1,0.92,0.83,63.957550000000005,1.2202729044834308,86.8125017334301,2.2948389053344727,4.386353015899658,2.346627712249756,2.257309941520468,1.2866276502609253,1.1046392917633057,1.050682261208577,52.769996643066406,4.059230327606201,0.9925000071525574,0.8415385484695435,0.10000000149011612,0.7692307692307693,0.07407407407407407,3.769230769230769
16_130_r12365673156loop8,16,2,1,513,12,1,0.92,0.83,64.74284999999999,1.2202729044834308,86.86415586806521,2.2760508060455322,4.365146636962891,2.346627712249756,2.257309941520468,1.2866276502609253,1.1046392917633057,1.050682261208577,52.769996643066406,4.059230327606201,0.9925000071525574,0.8415385484695435,0.10000000149011612,0.7692307692307693,0.07407407407407407,3.769230769230769
16_130_r12365673156loop8,16,2,2,513,12,1,0.92,0.83,64.59033333333333,1.2202729044834308,86.90557046094473,2.283742666244507,4.309971332550049,2.346627712249756,2.257309941520468,1.2866276502609253,1.1046392917633057,1.050682261208577,52.769996643066406,4.059230327606201,0.9925000071525574,0.8415385484695435,0.10000000149011612,0.7692307692307693,0.07407407407407407,3.769230769230769
16_130_r12365673156loop8,16,2,3,513,12,1,0.92,0.83,63.50775,1.2202729044834308,87.1045038297202,2.251746892929077,4.31652307510376,2.346627712249756,2.257309941520468,1.2866276502609253,1.1046392917633057,1.050682261208577,52.769996643066406,4.059230327606201,0.9925000071525574,0.8415385484695435,0.10000000149011612,0.7692307692307693,0.07407407407407407,3.769230769230769
16_130_r12365673156loop8,16,2,4,513,12,1,0.92,0.82,63.695750000000004,1.2202729044834308,86.69566149942757,2.34505558013916,4.303932189941406,2.346627712249756,2.257309941520468,1.2866276502609253,1.1046392917633057,1.050682261208577,52.769996643066406,4.059230327606201,0.9925000071525574,0.8415385484695435,0.10000000149011612,0.7692307692307693,0.07407407407407407,3.769230769230769
13_130_r12345665432loop8,13,2,0,513,12,1,0.93,0.84,62.15133333333333,1.239766081871345,87.24806623179722,2.250983953475952,4.3506669998168945,2.346393585205078,2.2651072124756335,1.302651047706604,1.1236063241958618,1.0721247563352827,53.94000244140625,4.14923095703125,0.9934999346733093,0.8361539244651794,0.07999999821186066,0.7692307692307693,0.07797270955165692,4.076923076923077
13_130_r12345665432loop8,13,2,1,513,12,1,0.92,0.84,62.545619047619056,1.239766081871345,87.0440394610263,2.277057647705078,4.376100540161133,2.346393585205078,2.2651072124756335,1.302651047706604,1.1236063241958618,1.0721247563352827,53.94000244140625,4.14923095703125,0.9934999346733093,0.8361539244651794,0.07999999821186066,0.7692307692307693,0.07797270955165692,4.076923076923077
13_130_r12345665432loop8,13,2,2,513,12,1,0.92,0.84,61.96025,1.239766081871345,87.12279386246199,2.250648021697998,4.326198101043701,2.346393585205078,2.2651072124756335,1.302651047706604,1.1236063241958618,1.0721247563352827,53.94000244140625,4.14923095703125,0.9934999346733093,0.8361539244651794,0.07999999821186066,0.7692307692307693,0.07797270955165692,4.076923076923077
13_130_r12345665432loop8,13,2,3,513,12,1,0.92,0.83,61.61133333333333,1.239766081871345,86.95657584196181,2.2928807735443115,4.329122543334961,2.346393585205078,2.2651072124756335,1.302651047706604,1.1236063241958618,1.0721247563352827,53.94000244140625,4.14923095703125,0.9934999346733093,0.8361539244651794,0.07999999821186066,0.7692307692307693,0.07797270955165692,4.076923076923077
13_130_r12345665432loop8,13,2,4,513,12,1,0.92,0.84,63.277249999999995,1.239766081871345,87.24211416166679,2.2408335208892822,4.292479991912842,2.346393585205078,2.2651072124756335,1.302651047706604,1.1236063241958618,1.0721247563352827,53.94000244140625,4.14923095703125,0.9934999346733093,0.8361539244651794,0.07999999821186066,0.7692307692307693,0.07797270955165692,4.076923076923077
11_130_r123_r567_r567_r56loop7_r67loop8,11,1,0,627,15,2,0.92,0.83,81.85254545454545,1.3444976076555024,90.87513116583929,1.6637794971466064,4.163482666015625,2.457815170288086,2.40829346092504,1.372408390045166,1.1792982816696167,1.1515151515151516,50.68000030517578,3.8984615802764893,0.9859999418258667,0.821538507938385,0.09000000357627869,0.7692307692307693,0.05741626794258373,3.5384615384615383
11_130_r123_r567_r567_r56loop7_r67loop8,11,1,1,627,15,2,0.92,0.83,81.76409090909091,1.3444976076555024,90.91457299527515,1.651861548423767,4.209505558013916,2.457815170288086,2.40829346092504,1.372408390045166,1.1792982816696167,1.1515151515151516,50.68000030517578,3.8984615802764893,0.9859999418258667,0.821538507938385,0.09000000357627869,0.7692307692307693,0.05741626794258373,3.5384615384615383
11_130_r123_r567_r567_r56loop7_r67loop8,11,1,2,627,15,2,0.92,0.82,81.71654545454545,1.3444976076555024,90.85334482959004,1.6691621541976929,4.098629474639893,2.457815170288086,2.40829346092504,1.372408390045166,1.1792982816696167,1.1515151515151516,50.68000030517578,3.8984615802764893,0.9859999418258667,0.821538507938385,0.09000000357627869,0.7692307692307693,0.05741626794258373,3.5384615384615383
11_130_r123_r567_r567_r56loop7_r67loop8,11,1,3,627,15,2,0.92,0.83,81.60573737373737,1.3444976076555024,90.84075928975331,1.6766959428787231,4.230983734130859,2.457815170288086,2.40829346092504,1.372408390045166,1.1792982816696167,1.1515151515151516,50.68000030517578,3.8984615802764893,0.9859999418258667,0.821538507938385,0.09000000357627869,0.7692307692307693,0.05741626794258373,3.5384615384615383
11_130_r123_r567_r567_r56loop7_r67loop8,11,1,4,627,15,2,0.92,0.83,81.91696969696969,1.3444976076555024,90.98463691483069,1.6733776330947876,4.2212042808532715,2.457815170288086,2.40829346092504,1.372408390045166,1.1792982816696167,1.1515151515151516,50.68000030517578,3.8984615802764893,0.9859999418258667,0.821538507938385,0.09000000357627869,0.7692307692307693,0.05741626794258373,3.5384615384615383
14_130_r123456734loop568,14,4,0,513,12,1,0.92,0.86,73.90344444444445,1.2846003898635479,89.96578983232492,1.7111320495605469,4.331546306610107,2.3844053745269775,2.3255360623781676,1.3294932842254639,1.1351268291473389,1.0935672514619883,53.400001525878906,4.107692241668701,0.9954999685287476,0.8392308354377747,0.09000000357627869,0.7692307692307693,0.07407407407407407,3.8461538461538463
14_130_r123456734loop568,14,4,1,513,12,1,0.92,0.86,74.33564444444445,1.2846003898635479,90.06435284620079,1.694681167602539,4.282894611358643,2.3844053745269775,2.3255360623781676,1.3294932842254639,1.1351268291473389,1.0935672514619883,53.400001525878906,4.107692241668701,0.9954999685287476,0.8392308354377747,0.09000000357627869,0.7692307692307693,0.07407407407407407,3.8461538461538463
14_130_r123456734loop568,14,4,2,513,12,1,0.92,0.86,73.93142222222222,1.2846003898635479,89.9358139041487,1.7307398319244385,4.280462265014648,2.3844053745269775,2.3255360623781676,1.3294932842254639,1.1351268291473389,1.0935672514619883,53.400001525878906,4.107692241668701,0.9954999685287476,0.8392308354377747,0.09000000357627869,0.7692307692307693,0.07407407407407407,3.8461538461538463
14_130_r123456734loop568,14,4,3,513,12,1,0.92,0.86,74.01588888888891,1.2846003898635479,89.96084954600305,1.7246147394180298,4.241464138031006,2.3844053745269775,2.3255360623781676,1.3294932842254639,1.1351268291473389,1.0935672514619883,53.400001525878906,4.107692241668701,0.9954999685287476,0.8392308354377747,0.09000000357627869,0.7692307692307693,0.07407407407407407,3.8461538461538463
14_130_r123456734loop568,14,4,4,513,12,1,0.92,0.86,72.7012888888889,1.2846003898635479,89.78059448143367,1.7459590435028076,4.292252063751221,2.3844053745269775,2.3255360623781676,1.3294932842254639,1.1351268291473389,1.0935672514619883,53.400001525878906,4.107692241668701,0.9954999685287476,0.8392308354377747,0.09000000357627869,0.7692307692307693,0.07407407407407407,3.8461538461538463
12_130_r123456654loop328,12,3,0,513,12,1,0.93,0.87,74.41054545454544,1.2943469785575048,89.97623627390587,1.7171671390533447,4.400111675262451,2.397660732269287,2.341130604288499,1.3397270441055298,1.1579142808914185,1.1189083820662769,54.27000427246094,4.174615859985352,0.9934999346733093,0.8392307758331299,0.09000000357627869,0.7692307692307693,0.07797270955165692,4.0
12_130_r123456654loop328,12,3,1,513,12,1,0.93,0.86,74.5629090909091,1.2943469785575048,90.05052595574233,1.7309119701385498,4.337609767913818,2.397660732269287,2.341130604288499,1.3397270441055298,1.1579142808914185,1.1189083820662769,54.27000427246094,4.174615859985352,0.9934999346733093,0.8392307758331299,0.09000000357627869,0.7692307692307693,0.07797270955165692,4.0
12_130_r123456654loop328,12,3,2,513,12,1,0.92,0.86,73.92638383838384,1.2943469785575048,89.73773077263866,1.734305739402771,4.375332832336426,2.397660732269287,2.341130604288499,1.3397270441055298,1.1579142808914185,1.1189083820662769,54.27000427246094,4.174615859985352,0.9934999346733093,0.8392307758331299,0.09000000357627869,0.7692307692307693,0.07797270955165692,4.0
12_130_r123456654loop328,12,3,3,513,12,1,0.92,0.86,74.6496,1.2943469785575048,89.68665076974142,1.7756848335266113,4.296689033508301,2.397660732269287,2.341130604288499,1.3397270441055298,1.1579142808914185,1.1189083820662769,54.27000427246094,4.174615859985352,0.9934999346733093,0.8392307758331299,0.09000000357627869,0.7692307692307693,0.07797270955165692,4.0
12_130_r123456654loop328,12,3,4,513,12,1,0.92,0.86,72.67245,1.2943469785575048,89.47537134854532,1.7923147678375244,4.303520202636719,2.397660732269287,2.341130604288499,1.3397270441055298,1.1579142808914185,1.1189083820662769,54.27000427246094,4.174615859985352,0.9934999346733093,0.8392307758331299,0.09000000357627869,0.7692307692307693,0.07797270955165692,4.0
14_130_r123456734loop568,14,2,0,513,12,1,0.92,0.86,73.19311111111111,1.2787524366471734,89.6906891675035,1.757300853729248,4.281365394592285,2.3856725692749023,2.317738791423002,1.3283236026763916,1.1337816715240479,1.087719298245614,53.230003356933594,4.094615459442139,0.9940000772476196,0.8392307758331299,0.07999999821186066,0.7692307692307693,0.07407407407407407,3.8461538461538463
14_130_r123456734loop568,14,2,1,513,12,1,0.92,0.86,75.13164285714285,1.2787524366471734,89.7089745976895,1.6921085119247437,4.267643928527832,2.3856725692749023,2.317738791423002,1.3283236026763916,1.1337816715240479,1.087719298245614,53.230003356933594,4.094615459442139,0.9940000772476196,0.8392307758331299,0.07999999821186066,0.7692307692307693,0.07407407407407407,3.8461538461538463
14_130_r123456734loop568,14,2,2,513,12,1,0.92,0.86,75.54171428571429,1.2787524366471734,90.00312581397377,1.675279140472412,4.2592387199401855,2.3856725692749023,2.317738791423002,1.3283236026763916,1.1337816715240479,1.087719298245614,53.230003356933594,4.094615459442139,0.9940000772476196,0.8392307758331299,0.07999999821186066,0.7692307692307693,0.07407407407407407,3.8461538461538463
14_130_r123456734loop568,14,2,3,513,12,1,0.92,0.86,75.6533,1.2787524366471734,89.9069088933051,1.6735241413116455,4.229578495025635,2.3856725692749023,2.317738791423002,1.3283236026763916,1.1337816715240479,1.087719298245614,53.230003356933594,4.094615459442139,0.9940000772476196,0.8392307758331299,0.07999999821186066,0.7692307692307693,0.07407407407407407,3.8461538461538463
14_130_r123456734loop568,14,2,4,513,12,1,0.92,0.86,75.27417777777778,1.2787524366471734,89.89796914705396,1.6827657222747803,4.245250701904297,2.3856725692749023,2.317738791423002,1.3283236026763916,1.1337816715240479,1.087719298245614,53.230003356933594,4.094615459442139,0.9940000772476196,0.8392307758331299,0.07999999821186066,0.7692307692307693,0.07407407407407407,3.8461538461538463
11_130_r123_r567_r567_r56loop7_r67loop8,11,3,0,627,15,2,0.93,0.83,80.4594,1.342902711323764,90.71655443820754,1.6150975227355957,4.228210926055908,2.452376365661621,2.40829346092504,1.368835687637329,1.1780861616134644,1.1515151515151516,50.720001220703125,3.901538610458374,0.9864999651908875,0.823846161365509,0.09000000357627869,0.7692307692307693,0.05741626794258373,3.5384615384615383
11_130_r123_r567_r567_r56loop7_r67loop8,11,3,1,627,15,2,0.93,0.83,80.4110909090909,1.342902711323764,90.65706566979893,1.647454857826233,4.244832515716553,2.452376365661621,2.40829346092504,1.368835687637329,1.1780861616134644,1.1515151515151516,50.720001220703125,3.901538610458374,0.9864999651908875,0.823846161365509,0.09000000357627869,0.7692307692307693,0.05741626794258373,3.5384615384615383
11_130_r123_r567_r567_r56loop7_r67loop8,11,3,2,627,15,2,0.92,0.83,80.35927272727274,1.342902711323764,90.66745959711031,1.6288747787475586,4.29179573059082,2.452376365661621,2.40829346092504,1.368835687637329,1.1780861616134644,1.1515151515151516,50.720001220703125,3.901538610458374,0.9864999651908875,0.823846161365509,0.09000000357627869,0.7692307692307693,0.05741626794258373,3.5384615384615383
11_130_r123_r567_r567_r56loop7_r67loop8,11,3,3,627,15,2,0.92,0.83,80.58618181818181,1.342902711323764,90.78083231322105,1.623787760734558,4.231869220733643,2.452376365661621,2.40829346092504,1.368835687637329,1.1780861616134644,1.1515151515151516,50.720001220703125,3.901538610458374,0.9864999651908875,0.823846161365509,0.09000000357627869,0.7692307692307693,0.05741626794258373,3.5384615384615383
11_130_r123_r567_r567_r56loop7_r67loop8,11,3,4,627,15,2,0.92,0.82,80.35145454545454,1.342902711323764,90.91826241568107,1.6384462118148804,4.246036052703857,2.452376365661621,2.40829346092504,1.368835687637329,1.1780861616134644,1.1515151515151516,50.720001220703125,3.901538610458374,0.9864999651908875,0.823846161365509,0.09000000357627869,0.7692307692307693,0.05741626794258373,3.5384615384615383
15_130_r12345673456loop8,15,4,0,513,12,1,0.93,0.87,76.76195238095238,1.2729044834307992,90.42827292206387,1.556309461593628,4.392747402191162,2.368713617324829,2.3118908382066277,1.3164328336715698,1.126471757888794,1.0838206627680311,53.540000915527344,4.118461608886719,0.9965000152587891,0.8400000929832458,0.09000000357627869,0.7692307692307693,0.07407407407407407,3.8461538461538463
15_130_r12345673456loop8,15,4,1,513,12,1,0.93,0.87,77.89567272727271,1.2729044834307992,90.5935216555699,1.5449483394622803,4.359163284301758,2.368713617324829,2.3118908382066277,1.3164328336715698,1.126471757888794,1.0838206627680311,53.540000915527344,4.118461608886719,0.9965000152587891,0.8400000929832458,0.09000000357627869,0.7692307692307693,0.07407407407407407,3.8461538461538463
15_130_r12345673456loop8,15,4,2,513,12,1,0.93,0.87,77.74935064935066,1.2729044834307992,90.57460025273622,1.549916386604309,4.293623447418213,2.368713617324829,2.3118908382066277,1.3164328336715698,1.126471757888794,1.0838206627680311,53.540000915527344,4.118461608886719,0.9965000152587891,0.8400000929832458,0.09000000357627869,0.7692307692307693,0.07407407407407407,3.8461538461538463
15_130_r12345673456loop8,15,4,3,513,12,1,0.93,0.87,77.24698701298702,1.2729044834307992,90.32365682936296,1.5917973518371582,4.336371421813965,2.368713617324829,2.3118908382066277,1.3164328336715698,1.126471757888794,1.0838206627680311,53.540000915527344,4.118461608886719,0.9965000152587891,0.8400000929832458,0.09000000357627869,0.7692307692307693,0.07407407407407407,3.8461538461538463
15_130_r12345673456loop8,15,4,4,513,12,1,0.92,0.87,76.68457142857143,1.2729044834307992,90.26505902593183,1.6064856052398682,4.3473219871521,2.368713617324829,2.3118908382066277,1.3164328336715698,1.126471757888794,1.0838206627680311,53.540000915527344,4.118461608886719,0.9965000152587891,0.8400000929832458,0.09000000357627869,0.7692307692307693,0.07407407407407407,3.8461538461538463
16_130_r12365673156loop8,16,3,0,513,12,1,0.93,0.84,65.326,1.2085769980506822,87.19097072929236,2.209160566329956,4.380856513977051,2.3419296741485596,2.2417153996101367,1.2853801250457764,1.1038011312484741,1.0428849902534114,52.87000274658203,4.066923141479492,0.9925000071525574,0.8430770039558411,0.10000000149011612,0.7692307692307693,0.07407407407407407,3.769230769230769
16_130_r12365673156loop8,16,3,1,513,12,1,0.93,0.84,66.77907936507935,1.2085769980506822,87.24742532045602,2.193044900894165,4.322519302368164,2.3419296741485596,2.2417153996101367,1.2853801250457764,1.1038011312484741,1.0428849902534114,52.87000274658203,4.066923141479492,0.9925000071525574,0.8430770039558411,0.10000000149011612,0.7692307692307693,0.07407407407407407,3.769230769230769
16_130_r12365673156loop8,16,3,2,513,12,1,0.92,0.83,66.11485714285715,1.2085769980506822,86.80763232435747,2.276801824569702,4.416655540466309,2.3419296741485596,2.2417153996101367,1.2853801250457764,1.1038011312484741,1.0428849902534114,52.87000274658203,4.066923141479492,0.9925000071525574,0.8430770039558411,0.10000000149011612,0.7692307692307693,0.07407407407407407,3.769230769230769
16_130_r12365673156loop8,16,3,3,513,12,1,0.92,0.83,65.36669841269841,1.2085769980506822,86.81007135121754,2.274660110473633,4.335371971130371,2.3419296741485596,2.2417153996101367,1.2853801250457764,1.1038011312484741,1.0428849902534114,52.87000274658203,4.066923141479492,0.9925000071525574,0.8430770039558411,0.10000000149011612,0.7692307692307693,0.07407407407407407,3.769230769230769
16_130_r12365673156loop8,16,3,4,513,12,1,0.92,0.83,64.23542857142857,1.2085769980506822,86.69315598761213,2.28603196144104,4.375563621520996,2.3419296741485596,2.2417153996101367,1.2853801250457764,1.1038011312484741,1.0428849902534114,52.87000274658203,4.066923141479492,0.9925000071525574,0.8430770039558411,0.10000000149011612,0.7692307692307693,0.07407407407407407,3.769230769230769
15_130_r12345673456loop8,15,2,0,513,12,1,0.93,0.86,75.19532142857145,1.2709551656920077,89.88275808910603,1.6874123811721802,4.375340938568115,2.366861581802368,2.3079922027290447,1.3154776096343994,1.1257895231246948,1.0818713450292399,53.340003967285156,4.103077411651611,0.9954999685287476,0.8400000333786011,0.09000000357627869,0.7692307692307693,0.07407407407407407,3.8461538461538463
15_130_r12345673456loop8,15,2,1,513,12,1,0.92,0.86,75.23577777777778,1.2709551656920077,89.842856659747,1.681998610496521,4.341131210327148,2.366861581802368,2.3079922027290447,1.3154776096343994,1.1257895231246948,1.0818713450292399,53.340003967285156,4.103077411651611,0.9954999685287476,0.8400000333786011,0.09000000357627869,0.7692307692307693,0.07407407407407407,3.8461538461538463
15_130_r12345673456loop8,15,2,2,513,12,1,0.92,0.87,77.11508333333335,1.2709551656920077,90.333578881266,1.5854520797729492,4.2698073387146,2.366861581802368,2.3079922027290447,1.3154776096343994,1.1257895231246948,1.0818713450292399,53.340003967285156,4.103077411651611,0.9954999685287476,0.8400000333786011,0.09000000357627869,0.7692307692307693,0.07407407407407407,3.8461538461538463
15_130_r12345673456loop8,15,2,3,513,12,1,0.92,0.86,75.3355,1.2709551656920077,89.9119224576593,1.6880178451538086,4.311028003692627,2.366861581802368,2.3079922027290447,1.3154776096343994,1.1257895231246948,1.0818713450292399,53.340003967285156,4.103077411651611,0.9954999685287476,0.8400000333786011,0.09000000357627869,0.7692307692307693,0.07407407407407407,3.8461538461538463
15_130_r12345673456loop8,15,2,4,513,12,1,0.92,0.86,76.23535714285714,1.2709551656920077,90.02234920072348,1.6520010232925415,4.318851947784424,2.366861581802368,2.3079922027290447,1.3154776096343994,1.1257895231246948,1.0818713450292399,53.340003967285156,4.103077411651611,0.9954999685287476,0.8400000333786011,0.09000000357627869,0.7692307692307693,0.07407407407407407,3.8461538461538463
11_130_r123_r567_r567_r56loop7_r67loop8,11,4,0,627,15,2,0.93,0.83,81.65325252525253,1.3476874003189792,90.90166632835532,1.653746485710144,4.266546249389648,2.4552791118621826,2.405103668261563,1.3724242448806763,1.177033543586731,1.1483253588516746,50.840003967285156,3.910769462585449,0.9889999628067017,0.8246153593063354,0.09000000357627869,0.7692307692307693,0.05901116427432217,3.6153846153846154
11_130_r123_r567_r567_r56loop7_r67loop8,11,4,1,627,15,2,0.93,0.83,81.43068686868686,1.3476874003189792,90.92865261811554,1.641930341720581,4.238315582275391,2.4552791118621826,2.405103668261563,1.3724242448806763,1.177033543586731,1.1483253588516746,50.840003967285156,3.910769462585449,0.9889999628067017,0.8246153593063354,0.09000000357627869,0.7692307692307693,0.05901116427432217,3.6153846153846154
11_130_r123_r567_r567_r56loop7_r67loop8,11,4,2,627,15,2,0.93,0.82,81.72644444444444,1.3476874003189792,90.90761905222192,1.6734390258789062,4.14725399017334,2.4552791118621826,2.405103668261563,1.3724242448806763,1.177033543586731,1.1483253588516746,50.840003967285156,3.910769462585449,0.9889999628067017,0.8246153593063354,0.09000000357627869,0.7692307692307693,0.05901116427432217,3.6153846153846154
11_130_r123_r567_r567_r56loop7_r67loop8,11,4,3,627,15,2,0.93,0.83,81.72276767676769,1.3476874003189792,90.83710596049352,1.6708662509918213,4.229153633117676,2.4552791118621826,2.405103668261563,1.3724242448806763,1.177033543586731,1.1483253588516746,50.840003967285156,3.910769462585449,0.9889999628067017,0.8246153593063354,0.09000000357627869,0.7692307692307693,0.05901116427432217,3.6153846153846154
11_130_r123_r567_r567_r56loop7_r67loop8,11,4,4,627,15,2,0.92,0.82,81.45343434343435,1.3476874003189792,90.76373011730428,1.6905643939971924,4.240384578704834,2.4552791118621826,2.405103668261563,1.3724242448806763,1.177033543586731,1.1483253588516746,50.840003967285156,3.910769462585449,0.9889999628067017,0.8246153593063354,0.09000000357627869,0.7692307692307693,0.05901116427432217,3.6153846153846154
10_130_r123_r567_r567_r56loop7_r67_no8,10,3,0,620,15,1,0.92,0.83,79.71923863636364,1.3403225806451613,90.39064140192245,1.6678272485733032,4.235341548919678,2.4507904052734375,2.3870967741935485,1.3772902488708496,1.1807419061660767,1.1451612903225807,50.6400032043457,3.8953847885131836,0.9854999780654907,0.8169230818748474,0.09000000357627869,0.7692307692307693,0.05806451612903226,3.5384615384615383
10_130_r123_r567_r567_r56loop7_r67_no8,10,3,1,620,15,1,0.93,0.83,80.14076767676768,1.3403225806451613,90.79256414781455,1.6200850009918213,4.24214506149292,2.4507904052734375,2.3870967741935485,1.3772902488708496,1.1807419061660767,1.1451612903225807,50.6400032043457,3.8953847885131836,0.9854999780654907,0.8169230818748474,0.09000000357627869,0.7692307692307693,0.05806451612903226,3.5384615384615383
10_130_r123_r567_r567_r56loop7_r67_no8,10,3,2,620,15,1,0.93,0.83,79.52054545454546,1.3403225806451613,90.2948676296374,1.6694164276123047,4.233264923095703,2.4507904052734375,2.3870967741935485,1.3772902488708496,1.1807419061660767,1.1451612903225807,50.6400032043457,3.8953847885131836,0.9854999780654907,0.8169230818748474,0.09000000357627869,0.7692307692307693,0.05806451612903226,3.5384615384615383
10_130_r123_r567_r567_r56loop7_r67_no8,10,3,3,620,15,1,0.92,0.83,80.22070707070706,1.3403225806451613,90.41103814527766,1.6882184743881226,4.290163993835449,2.4507904052734375,2.3870967741935485,1.3772902488708496,1.1807419061660767,1.1451612903225807,50.6400032043457,3.8953847885131836,0.9854999780654907,0.8169230818748474,0.09000000357627869,0.7692307692307693,0.05806451612903226,3.5384615384615383
10_130_r123_r567_r567_r56loop7_r67_no8,10,3,4,620,15,1,0.91,0.82,80.1001,1.3403225806451613,90.34215854978355,1.7111409902572632,4.19516658782959,2.4507904052734375,2.3870967741935485,1.3772902488708496,1.1807419061660767,1.1451612903225807,50.6400032043457,3.8953847885131836,0.9854999780654907,0.8169230818748474,0.09000000357627869,0.7692307692307693,0.05806451612903226,3.5384615384615383
10_130_r123_r567_r567_r56loop7_r67_no8,10,1,0,620,15,1,0.92,0.83,81.27611363636365,1.3580645161290323,90.80241633209978,1.620815396308899,4.179278373718262,2.4565484523773193,2.4080645161290324,1.3830161094665527,1.181322693824768,1.153225806451613,50.68000030517578,3.8984615802764893,0.9864999651908875,0.8230769634246826,0.09000000357627869,0.7692307692307693,0.05806451612903226,3.5384615384615383
10_130_r123_r567_r567_r56loop7_r67_no8,10,1,1,620,15,1,0.92,0.83,81.458,1.3580645161290323,90.85270952090025,1.6411635875701904,4.222631931304932,2.4565484523773193,2.4080645161290324,1.3830161094665527,1.181322693824768,1.153225806451613,50.68000030517578,3.8984615802764893,0.9864999651908875,0.8230769634246826,0.09000000357627869,0.7692307692307693,0.05806451612903226,3.5384615384615383
10_130_r123_r567_r567_r56loop7_r67_no8,10,1,2,620,15,1,0.92,0.83,81.69684848484847,1.3580645161290323,90.90047390843922,1.6140879392623901,4.170680999755859,2.4565484523773193,2.4080645161290324,1.3830161094665527,1.181322693824768,1.153225806451613,50.68000030517578,3.8984615802764893,0.9864999651908875,0.8230769634246826,0.09000000357627869,0.7692307692307693,0.05806451612903226,3.5384615384615383
10_130_r123_r567_r567_r56loop7_r67_no8,10,1,3,620,15,1,0.92,0.83,81.35656363636363,1.3580645161290323,90.8106544884327,1.6421841382980347,4.194788932800293,2.4565484523773193,2.4080645161290324,1.3830161094665527,1.181322693824768,1.153225806451613,50.68000030517578,3.8984615802764893,0.9864999651908875,0.8230769634246826,0.09000000357627869,0.7692307692307693,0.05806451612903226,3.5384615384615383
10_130_r123_r567_r567_r56loop7_r67_no8,10,1,4,620,15,1,0.92,0.82,81.1843,1.3580645161290323,90.72281124551971,1.65321946144104,4.122701168060303,2.4565484523773193,2.4080645161290324,1.3830161094665527,1.181322693824768,1.153225806451613,50.68000030517578,3.8984615802764893,0.9864999651908875,0.8230769634246826,0.09000000357627869,0.7692307692307693,0.05806451612903226,3.5384615384615383
2_130_r123_r567_r5loop67_r678,2,2,0,512,12,1,0.93,0.86,76.82011818181819,1.279296875,89.93286375614403,1.836415410041809,4.283718109130859,2.4215822219848633,2.30859375,1.361757755279541,1.156581997871399,1.08203125,51.01000213623047,3.9238462448120117,0.9930000305175781,0.8400000929832458,0.09000000357627869,0.7692307692307693,0.072265625,3.6153846153846154
2_130_r123_r567_r5loop67_r678,2,2,1,512,12,1,0.93,0.86,76.66850649350648,1.279296875,89.69183208127592,1.8542275428771973,4.244009971618652,2.4215822219848633,2.30859375,1.361757755279541,1.156581997871399,1.08203125,51.01000213623047,3.9238462448120117,0.9930000305175781,0.8400000929832458,0.09000000357627869,0.7692307692307693,0.072265625,3.6153846153846154
2_130_r123_r567_r5loop67_r678,2,2,2,512,12,1,0.93,0.86,77.18909090909091,1.279296875,89.95588609730113,1.8547439575195312,4.2135491371154785,2.4215822219848633,2.30859375,1.361757755279541,1.156581997871399,1.08203125,51.01000213623047,3.9238462448120117,0.9930000305175781,0.8400000929832458,0.09000000357627869,0.7692307692307693,0.072265625,3.6153846153846154
2_130_r123_r567_r5loop67_r678,2,2,3,512,12,1,0.93,0.86,77.229125,1.279296875,89.96218013280122,1.8079867362976074,4.282362937927246,2.4215822219848633,2.30859375,1.361757755279541,1.156581997871399,1.08203125,51.01000213623047,3.9238462448120117,0.9930000305175781,0.8400000929832458,0.09000000357627869,0.7692307692307693,0.072265625,3.6153846153846154
2_130_r123_r567_r5loop67_r678,2,2,4,512,12,1,0.92,0.85,77.80737500000001,1.279296875,89.99908472349048,1.8412044048309326,4.278560161590576,2.4215822219848633,2.30859375,1.361757755279541,1.156581997871399,1.08203125,51.01000213623047,3.9238462448120117,0.9930000305175781,0.8400000929832458,0.09000000357627869,0.7692307692307693,0.072265625,3.6153846153846154
9_130_r123_r567_r567_r567_r67loop8,9,2,0,620,15,1,0.92,0.83,84.72054545454544,1.3709677419354838,91.96481867872271,1.5520144701004028,4.215920925140381,2.466806411743164,2.443548387096774,1.3894678354263306,1.1888387203216553,1.1661290322580644,50.83000183105469,3.9100000858306885,0.9859999418258667,0.8230769634246826,0.09000000357627869,0.7692307692307693,0.05806451612903226,3.5384615384615383
9_130_r123_r567_r567_r567_r67loop8,9,2,1,620,15,1,0.92,0.83,84.177875,1.3709677419354838,92.02745650339803,1.5670998096466064,4.231968879699707,2.466806411743164,2.443548387096774,1.3894678354263306,1.1888387203216553,1.1661290322580644,50.83000183105469,3.9100000858306885,0.9859999418258667,0.8230769634246826,0.09000000357627869,0.7692307692307693,0.05806451612903226,3.5384615384615383
9_130_r123_r567_r567_r567_r67loop8,9,2,2,620,15,1,0.92,0.83,83.85734090909091,1.3709677419354838,91.9391582175441,1.5732474327087402,4.262307643890381,2.466806411743164,2.443548387096774,1.3894678354263306,1.1888387203216553,1.1661290322580644,50.83000183105469,3.9100000858306885,0.9859999418258667,0.8230769634246826,0.09000000357627869,0.7692307692307693,0.05806451612903226,3.5384615384615383
9_130_r123_r567_r567_r567_r67loop8,9,2,3,620,15,1,0.92,0.83,84.7555,1.3709677419354838,92.00740538623563,1.5438283681869507,4.186651706695557,2.466806411743164,2.443548387096774,1.3894678354263306,1.1888387203216553,1.1661290322580644,50.83000183105469,3.9100000858306885,0.9859999418258667,0.8230769634246826,0.09000000357627869,0.7692307692307693,0.05806451612903226,3.5384615384615383
9_130_r123_r567_r567_r567_r67loop8,9,2,4,620,15,1,0.92,0.83,83.70452777777777,1.3709677419354838,91.80668635432667,1.5901482105255127,4.209303855895996,2.466806411743164,2.443548387096774,1.3894678354263306,1.1888387203216553,1.1661290322580644,50.83000183105469,3.9100000858306885,0.9859999418258667,0.8230769634246826,0.09000000357627869,0.7692307692307693,0.05806451612903226,3.5384615384615383
1_130_r123_r567_r567_r67_no_loop_8,1,4,0,505,12,0,0.92,0.86,80.53668181818182,1.3306930693069308,91.46610636777964,1.4972776174545288,4.277090072631836,2.41243577003479,2.38019801980198,1.3572276830673218,1.1503959894180298,1.120792079207921,50.80000305175781,3.9076924324035645,0.9930000305175781,0.8446155190467834,0.10000000149011612,0.7692307692307693,0.07128712871287128,3.5384615384615383
1_130_r123_r567_r567_r67_no_loop_8,1,4,1,505,12,0,0.92,0.86,80.322,1.3306930693069308,91.39505975383253,1.5099774599075317,4.300337314605713,2.41243577003479,2.38019801980198,1.3572276830673218,1.1503959894180298,1.120792079207921,50.80000305175781,3.9076924324035645,0.9930000305175781,0.8446155190467834,0.10000000149011612,0.7692307692307693,0.07128712871287128,3.5384615384615383
1_130_r123_r567_r567_r67_no_loop_8,1,4,2,505,12,0,0.92,0.86,80.15700000000001,1.3306930693069308,91.25949224708185,1.534226894378662,4.34307861328125,2.41243577003479,2.38019801980198,1.3572276830673218,1.1503959894180298,1.120792079207921,50.80000305175781,3.9076924324035645,0.9930000305175781,0.8446155190467834,0.10000000149011612,0.7692307692307693,0.07128712871287128,3.5384615384615383
1_130_r123_r567_r567_r67_no_loop_8,1,4,3,505,12,0,0.92,0.86,80.98209090909091,1.3306930693069308,91.53183467561043,1.5085725784301758,4.286693572998047,2.41243577003479,2.38019801980198,1.3572276830673218,1.1503959894180298,1.120792079207921,50.80000305175781,3.9076924324035645,0.9930000305175781,0.8446155190467834,0.10000000149011612,0.7692307692307693,0.07128712871287128,3.5384615384615383
1_130_r123_r567_r567_r67_no_loop_8,1,4,4,505,12,0,0.92,0.86,79.79125,1.3306930693069308,91.15233268041091,1.559460997581482,4.262534141540527,2.41243577003479,2.38019801980198,1.3572276830673218,1.1503959894180298,1.120792079207921,50.80000305175781,3.9076924324035645,0.9930000305175781,0.8446155190467834,0.10000000149011612,0.7692307692307693,0.07128712871287128,3.5384615384615383
2_130_r123_r567_r5loop67_r678,2,4,0,512,12,1,0.92,0.86,77.26485714285714,1.306640625,90.21948676919868,1.7352865934371948,4.29245138168335,2.417793035507202,2.3515625,1.3568555116653442,1.1588866710662842,1.107421875,51.119998931884766,3.932307720184326,0.9925000071525574,0.8376923203468323,0.09000000357627869,0.7692307692307693,0.072265625,3.6153846153846154
2_130_r123_r567_r5loop67_r678,2,4,1,512,12,1,0.93,0.86,77.12588636363637,1.306640625,90.230729499938,1.7189624309539795,4.206871032714844,2.417793035507202,2.3515625,1.3568555116653442,1.1588866710662842,1.107421875,51.119998931884766,3.932307720184326,0.9925000071525574,0.8376923203468323,0.09000000357627869,0.7692307692307693,0.072265625,3.6153846153846154
2_130_r123_r567_r5loop67_r678,2,4,2,512,12,1,0.92,0.86,77.02013636363635,1.306640625,90.08525950774485,1.7818822860717773,4.316282749176025,2.417793035507202,2.3515625,1.3568555116653442,1.1588866710662842,1.107421875,51.119998931884766,3.932307720184326,0.9925000071525574,0.8376923203468323,0.09000000357627869,0.7692307692307693,0.072265625,3.6153846153846154
2_130_r123_r567_r5loop67_r678,2,4,3,512,12,1,0.92,0.86,76.76419444444446,1.306640625,90.11269705706619,1.7731736898422241,4.270059585571289,2.417793035507202,2.3515625,1.3568555116653442,1.1588866710662842,1.107421875,51.119998931884766,3.932307720184326,0.9925000071525574,0.8376923203468323,0.09000000357627869,0.7692307692307693,0.072265625,3.6153846153846154
2_130_r123_r567_r5loop67_r678,2,4,4,512,12,1,0.92,0.86,76.45159090909091,1.306640625,90.10102711193971,1.7504963874816895,4.288398742675781,2.417793035507202,2.3515625,1.3568555116653442,1.1588866710662842,1.107421875,51.119998931884766,3.932307720184326,0.9925000071525574,0.8376923203468323,0.09000000357627869,0.7692307692307693,0.072265625,3.6153846153846154
3_130_r123_r567_r56loop7_r678,3,4,0,512,12,1,0.92,0.86,79.74464935064934,1.306640625,91.16544089753562,1.5175013542175293,4.34633731842041,2.4070897102355957,2.3359375,1.3446484804153442,1.1478320360183716,1.11328125,51.01000213623047,3.9238462448120117,0.9930000305175781,0.8430770039558411,0.09000000357627869,0.7692307692307693,0.072265625,3.6153846153846154
3_130_r123_r567_r56loop7_r678,3,4,1,512,12,1,0.93,0.86,79.644,1.306640625,91.13770917531905,1.505144715309143,4.253022193908691,2.4070897102355957,2.3359375,1.3446484804153442,1.1478320360183716,1.11328125,51.01000213623047,3.9238462448120117,0.9930000305175781,0.8430770039558411,0.09000000357627869,0.7692307692307693,0.072265625,3.6153846153846154
3_130_r123_r567_r56loop7_r678,3,4,2,512,12,1,0.92,0.86,79.3259761904762,1.306640625,90.91664598834325,1.5600215196609497,4.316316604614258,2.4070897102355957,2.3359375,1.3446484804153442,1.1478320360183716,1.11328125,51.01000213623047,3.9238462448120117,0.9930000305175781,0.8430770039558411,0.09000000357627869,0.7692307692307693,0.072265625,3.6153846153846154
3_130_r123_r567_r56loop7_r678,3,4,3,512,12,1,0.92,0.86,79.27720454545454,1.306640625,90.98908842470463,1.562605619430542,4.320096492767334,2.4070897102355957,2.3359375,1.3446484804153442,1.1478320360183716,1.11328125,51.01000213623047,3.9238462448120117,0.9930000305175781,0.8430770039558411,0.09000000357627869,0.7692307692307693,0.072265625,3.6153846153846154
3_130_r123_r567_r56loop7_r678,3,4,4,512,12,1,0.92,0.86,79.61083333333333,1.306640625,90.91527226576592,1.541007399559021,4.300466060638428,2.4070897102355957,2.3359375,1.3446484804153442,1.1478320360183716,1.11328125,51.01000213623047,3.9238462448120117,0.9930000305175781,0.8430770039558411,0.09000000357627869,0.7692307692307693,0.072265625,3.6153846153846154
7_130_r123_r567_r567_rloop67loop8,7,4,0,519,12,2,0.93,0.86,79.68773737373738,1.3275529865125242,90.81258829903773,1.7248976230621338,4.3209228515625,2.4335453510284424,2.3892100192678227,1.3510404825210571,1.1567436456680298,1.1290944123314066,50.910003662109375,3.916154146194458,0.9919999837875366,0.840769350528717,0.09000000357627869,0.7692307692307693,0.07129094412331406,3.6153846153846154
7_130_r123_r567_r567_rloop67loop8,7,4,1,519,12,2,0.92,0.86,80.23632727272727,1.3275529865125242,90.84004192975725,1.7052894830703735,4.291674613952637,2.4335453510284424,2.3892100192678227,1.3510404825210571,1.1567436456680298,1.1290944123314066,50.910003662109375,3.916154146194458,0.9919999837875366,0.840769350528717,0.09000000357627869,0.7692307692307693,0.07129094412331406,3.6153846153846154
7_130_r123_r567_r567_rloop67loop8,7,4,2,519,12,2,0.92,0.85,78.9208,1.3275529865125242,90.32425722195808,1.800289511680603,4.3286027908325195,2.4335453510284424,2.3892100192678227,1.3510404825210571,1.1567436456680298,1.1290944123314066,50.910003662109375,3.916154146194458,0.9919999837875366,0.840769350528717,0.09000000357627869,0.7692307692307693,0.07129094412331406,3.6153846153846154
7_130_r123_r567_r567_rloop67loop8,7,4,3,519,12,2,0.92,0.86,78.67412698412699,1.3275529865125242,90.42544331492742,1.7438589334487915,4.260756492614746,2.4335453510284424,2.3892100192678227,1.3510404825210571,1.1567436456680298,1.1290944123314066,50.910003662109375,3.916154146194458,0.9919999837875366,0.840769350528717,0.09000000357627869,0.7692307692307693,0.07129094412331406,3.6153846153846154
7_130_r123_r567_r567_rloop67loop8,7,4,4,519,12,2,0.92,0.85,78.99876363636363,1.3275529865125242,90.2615992230313,1.7998020648956299,4.322656154632568,2.4335453510284424,2.3892100192678227,1.3510404825210571,1.1567436456680298,1.1290944123314066,50.910003662109375,3.916154146194458,0.9919999837875366,0.840769350528717,0.09000000357627869,0.7692307692307693,0.07129094412331406,3.6153846153846154
5_130_r123_r567_r567_r6loop78,5,2,0,512,12,1,0.92,0.86,80.01554545454545,1.318359375,90.81701044907783,1.6192195415496826,4.308003902435303,2.4142580032348633,2.373046875,1.3464453220367432,1.1441015005111694,1.11328125,51.209999084472656,3.9392306804656982,0.9934999346733093,0.8446155190467834,0.10000000149011612,0.8461538461538461,0.072265625,3.6923076923076925
5_130_r123_r567_r567_r6loop78,5,2,1,512,12,1,0.92,0.86,80.17491111111111,1.318359375,90.85545651126218,1.6170406341552734,4.3233256340026855,2.4142580032348633,2.373046875,1.3464453220367432,1.1441015005111694,1.11328125,51.209999084472656,3.9392306804656982,0.9934999346733093,0.8446155190467834,0.10000000149011612,0.8461538461538461,0.072265625,3.6923076923076925
5_130_r123_r567_r567_r6loop78,5,2,2,512,12,1,0.92,0.86,80.85130000000001,1.318359375,91.09808920468637,1.5793988704681396,4.270996570587158,2.4142580032348633,2.373046875,1.3464453220367432,1.1441015005111694,1.11328125,51.209999084472656,3.9392306804656982,0.9934999346733093,0.8446155190467834,0.10000000149011612,0.8461538461538461,0.072265625,3.6923076923076925
5_130_r123_r567_r567_r6loop78,5,2,3,512,12,1,0.92,0.86,79.59874545454545,1.318359375,90.63747738405257,1.6589479446411133,4.318443775177002,2.4142580032348633,2.373046875,1.3464453220367432,1.1441015005111694,1.11328125,51.209999084472656,3.9392306804656982,0.9934999346733093,0.8446155190467834,0.10000000149011612,0.8461538461538461,0.072265625,3.6923076923076925
5_130_r123_r567_r567_r6loop78,5,2,4,512,12,1,0.92,0.86,79.7894,1.318359375,90.768694686119,1.6233536005020142,4.326022624969482,2.4142580032348633,2.373046875,1.3464453220367432,1.1441015005111694,1.11328125,51.209999084472656,3.9392306804656982,0.9934999346733093,0.8446155190467834,0.10000000149011612,0.8461538461538461,0.072265625,3.6923076923076925
3_130_r123_r567_r56loop7_r678,3,1,0,512,12,1,0.93,0.86,78.751,1.306640625,90.40009950157264,1.5837910175323486,4.308964252471924,2.4131641387939453,2.3359375,1.3444335460662842,1.1523631811141968,1.1171875,50.7400016784668,3.9030771255493164,0.9930000305175781,0.8392308950424194,0.09000000357627869,0.7692307692307693,0.072265625,3.6153846153846154
3_130_r123_r567_r56loop7_r678,3,1,1,512,12,1,0.93,0.86,79.19345454545454,1.306640625,90.4656704362261,1.574049711227417,4.225827693939209,2.4131641387939453,2.3359375,1.3444335460662842,1.1523631811141968,1.1171875,50.7400016784668,3.9030771255493164,0.9930000305175781,0.8392308950424194,0.09000000357627869,0.7692307692307693,0.072265625,3.6153846153846154
3_130_r123_r567_r56loop7_r678,3,1,2,512,12,1,0.93,0.86,79.17579545454547,1.306640625,90.52659495978197,1.5583112239837646,4.262419700622559,2.4131641387939453,2.3359375,1.3444335460662842,1.1523631811141968,1.1171875,50.7400016784668,3.9030771255493164,0.9930000305175781,0.8392308950424194,0.09000000357627869,0.7692307692307693,0.072265625,3.6153846153846154
3_130_r123_r567_r56loop7_r678,3,1,3,512,12,1,0.93,0.86,79.60190909090909,1.306640625,90.60391341286753,1.5459483861923218,4.296565055847168,2.4131641387939453,2.3359375,1.3444335460662842,1.1523631811141968,1.1171875,50.7400016784668,3.9030771255493164,0.9930000305175781,0.8392308950424194,0.09000000357627869,0.7692307692307693,0.072265625,3.6153846153846154
3_130_r123_r567_r56loop7_r678,3,1,4,512,12,1,0.93,0.86,78.78394949494948,1.306640625,90.32857063449788,1.589049220085144,4.258545398712158,2.4131641387939453,2.3359375,1.3444335460662842,1.1523631811141968,1.1171875,50.7400016784668,3.9030771255493164,0.9930000305175781,0.8392308950424194,0.09000000357627869,0.7692307692307693,0.072265625,3.6153846153846154
8_130_r123_r567_r567_r6loop7loop8,8,1,0,519,12,2,0.93,0.86,80.46286666666666,1.3121387283236994,91.06783657730624,1.5654226541519165,4.29642915725708,2.430366277694702,2.3834296724470136,1.3479576110839844,1.150866985321045,1.1098265895953756,50.94000244140625,3.918461799621582,0.9934999346733093,0.8430770039558411,0.10000000149011612,0.7692307692307693,0.07129094412331406,3.6153846153846154
8_130_r123_r567_r567_r6loop7loop8,8,1,1,519,12,2,0.93,0.86,81.62493333333333,1.3121387283236994,91.46198486099642,1.5363483428955078,4.316157817840576,2.430366277694702,2.3834296724470136,1.3479576110839844,1.150866985321045,1.1098265895953756,50.94000244140625,3.918461799621582,0.9934999346733093,0.8430770039558411,0.10000000149011612,0.7692307692307693,0.07129094412331406,3.6153846153846154
8_130_r123_r567_r567_r6loop7loop8,8,1,2,519,12,2,0.93,0.86,80.13818181818182,1.3121387283236994,90.98283845056676,1.5991802215576172,4.2683186531066895,2.430366277694702,2.3834296724470136,1.3479576110839844,1.150866985321045,1.1098265895953756,50.94000244140625,3.918461799621582,0.9934999346733093,0.8430770039558411,0.10000000149011612,0.7692307692307693,0.07129094412331406,3.6153846153846154
8_130_r123_r567_r567_r6loop7loop8,8,1,3,519,12,2,0.92,0.86,79.98618181818182,1.3121387283236994,90.90032750850092,1.6285216808319092,4.356253147125244,2.430366277694702,2.3834296724470136,1.3479576110839844,1.150866985321045,1.1098265895953756,50.94000244140625,3.918461799621582,0.9934999346733093,0.8430770039558411,0.10000000149011612,0.7692307692307693,0.07129094412331406,3.6153846153846154
8_130_r123_r567_r567_r6loop7loop8,8,1,4,519,12,2,0.92,0.86,80.35290476190475,1.3121387283236994,90.97983492508348,1.5936541557312012,4.354197978973389,2.430366277694702,2.3834296724470136,1.3479576110839844,1.150866985321045,1.1098265895953756,50.94000244140625,3.918461799621582,0.9934999346733093,0.8430770039558411,0.10000000149011612,0.7692307692307693,0.07129094412331406,3.6153846153846154
3_130_r123_r567_r56loop7_r678,3,2,0,512,12,1,0.92,0.86,78.01682142857143,1.310546875,90.56797187274532,1.5627127885818481,4.284822463989258,2.406132936477661,2.3515625,1.3425977230072021,1.1466015577316284,1.1171875,50.88999938964844,3.9146153926849365,0.9930000305175781,0.840769350528717,0.10000000149011612,0.7692307692307693,0.072265625,3.6153846153846154
3_130_r123_r567_r56loop7_r678,3,2,1,512,12,1,0.93,0.86,79.2258409090909,1.310546875,90.76072332349725,1.5373787879943848,4.285168170928955,2.406132936477661,2.3515625,1.3425977230072021,1.1466015577316284,1.1171875,50.88999938964844,3.9146153926849365,0.9930000305175781,0.840769350528717,0.10000000149011612,0.7692307692307693,0.072265625,3.6153846153846154
3_130_r123_r567_r56loop7_r678,3,2,2,512,12,1,0.93,0.86,80.24622222222222,1.310546875,91.16513580348688,1.4805872440338135,4.241172790527344,2.406132936477661,2.3515625,1.3425977230072021,1.1466015577316284,1.1171875,50.88999938964844,3.9146153926849365,0.9930000305175781,0.840769350528717,0.10000000149011612,0.7692307692307693,0.072265625,3.6153846153846154
3_130_r123_r567_r56loop7_r678,3,2,3,512,12,1,0.92,0.86,79.62027272727272,1.310546875,90.78507440898944,1.513710856437683,4.2900519371032715,2.406132936477661,2.3515625,1.3425977230072021,1.1466015577316284,1.1171875,50.88999938964844,3.9146153926849365,0.9930000305175781,0.840769350528717,0.10000000149011612,0.7692307692307693,0.072265625,3.6153846153846154
3_130_r123_r567_r56loop7_r678,3,2,4,512,12,1,0.92,0.86,79.19172727272728,1.310546875,90.74267712067663,1.540988564491272,4.26832914352417,2.406132936477661,2.3515625,1.3425977230072021,1.1466015577316284,1.1171875,50.88999938964844,3.9146153926849365,0.9930000305175781,0.840769350528717,0.10000000149011612,0.7692307692307693,0.072265625,3.6153846153846154
7_130_r123_r567_r567_rloop67loop8,7,1,0,519,12,2,0.93,0.86,78.94896103896103,1.3217726396917149,90.62580055023119,1.7516494989395142,4.318431854248047,2.4334681034088135,2.38728323699422,1.3514258861541748,1.1577070951461792,1.1271676300578035,51.06999969482422,3.9284615516662598,0.9919999837875366,0.8430770039558411,0.09000000357627869,0.7692307692307693,0.07129094412331406,3.6153846153846154
7_130_r123_r567_r567_rloop67loop8,7,1,1,519,12,2,0.92,0.85,79.29475324675325,1.3217726396917149,90.46281875248494,1.7405693531036377,4.295387268066406,2.4334681034088135,2.38728323699422,1.3514258861541748,1.1577070951461792,1.1271676300578035,51.06999969482422,3.9284615516662598,0.9919999837875366,0.8430770039558411,0.09000000357627869,0.7692307692307693,0.07129094412331406,3.6153846153846154
7_130_r123_r567_r567_rloop67loop8,7,1,2,519,12,2,0.92,0.86,79.46361818181818,1.3217726396917149,90.62687837499686,1.7494797706604004,4.272599697113037,2.4334681034088135,2.38728323699422,1.3514258861541748,1.1577070951461792,1.1271676300578035,51.06999969482422,3.9284615516662598,0.9919999837875366,0.8430770039558411,0.09000000357627869,0.7692307692307693,0.07129094412331406,3.6153846153846154
7_130_r123_r567_r567_rloop67loop8,7,1,3,519,12,2,0.92,0.85,79.09097142857142,1.3217726396917149,90.23265847367146,1.8237406015396118,4.34481954574585,2.4334681034088135,2.38728323699422,1.3514258861541748,1.1577070951461792,1.1271676300578035,51.06999969482422,3.9284615516662598,0.9919999837875366,0.8430770039558411,0.09000000357627869,0.7692307692307693,0.07129094412331406,3.6153846153846154
7_130_r123_r567_r567_rloop67loop8,7,1,4,519,12,2,0.92,0.85,79.61078787878787,1.3217726396917149,90.61894044908207,1.7176300287246704,4.244754791259766,2.4334681034088135,2.38728323699422,1.3514258861541748,1.1577070951461792,1.1271676300578035,51.06999969482422,3.9284615516662598,0.9919999837875366,0.8430770039558411,0.09000000357627869,0.7692307692307693,0.07129094412331406,3.6153846153846154
4_130_r123_r567_r567_rloop678,4,3,0,512,12,1,0.92,0.86,78.17407272727274,1.326171875,90.32156949447037,1.7911282777786255,4.317287445068359,2.4205079078674316,2.37890625,1.353632926940918,1.1538867950439453,1.125,50.72999572753906,3.9023072719573975,0.9919999837875366,0.8430770039558411,0.09000000357627869,0.8461538461538461,0.072265625,3.6923076923076925
4_130_r123_r567_r567_rloop678,4,3,1,512,12,1,0.93,0.86,78.61012727272728,1.326171875,90.42405826470622,1.7701711654663086,4.225455284118652,2.4205079078674316,2.37890625,1.353632926940918,1.1538867950439453,1.125,50.72999572753906,3.9023072719573975,0.9919999837875366,0.8430770039558411,0.09000000357627869,0.8461538461538461,0.072265625,3.6923076923076925
4_130_r123_r567_r567_rloop678,4,3,2,512,12,1,0.92,0.86,77.56472857142857,1.326171875,90.08968818345284,1.863708734512329,4.358057498931885,2.4205079078674316,2.37890625,1.353632926940918,1.1538867950439453,1.125,50.72999572753906,3.9023072719573975,0.9919999837875366,0.8430770039558411,0.09000000357627869,0.8461538461538461,0.072265625,3.6923076923076925
4_130_r123_r567_r567_rloop678,4,3,3,512,12,1,0.92,0.85,77.88075,1.326171875,90.1700044649903,1.7839637994766235,4.263320446014404,2.4205079078674316,2.37890625,1.353632926940918,1.1538867950439453,1.125,50.72999572753906,3.9023072719573975,0.9919999837875366,0.8430770039558411,0.09000000357627869,0.8461538461538461,0.072265625,3.6923076923076925
4_130_r123_r567_r567_rloop678,4,3,4,512,12,1,0.92,0.86,79.56370000000001,1.326171875,90.40979812846658,1.7379539012908936,4.253304481506348,2.4205079078674316,2.37890625,1.353632926940918,1.1538867950439453,1.125,50.72999572753906,3.9023072719573975,0.9919999837875366,0.8430770039558411,0.09000000357627869,0.8461538461538461,0.072265625,3.6923076923076925
1_130_r123_r567_r567_r67_no_loop_8,1,2,0,505,12,0,0.92,0.86,80.83775,1.3425742574257427,91.73848272112926,1.4402804374694824,4.3031535148620605,2.413386106491089,2.388118811881188,1.3621783256530762,1.1560397148132324,1.1366336633663365,50.91999816894531,3.9169230461120605,0.9934999346733093,0.8446153998374939,0.09000000357627869,0.8461538461538461,0.07326732673267326,3.6923076923076925
1_130_r123_r567_r567_r67_no_loop_8,1,2,1,505,12,0,0.92,0.86,80.08636363636363,1.3425742574257427,91.49046022245082,1.5141081809997559,4.363341808319092,2.413386106491089,2.388118811881188,1.3621783256530762,1.1560397148132324,1.1366336633663365,50.91999816894531,3.9169230461120605,0.9934999346733093,0.8446153998374939,0.09000000357627869,0.8461538461538461,0.07326732673267326,3.6923076923076925
1_130_r123_r567_r567_r67_no_loop_8,1,2,2,505,12,0,0.92,0.86,80.30218181818182,1.3425742574257427,91.7330364064978,1.4618555307388306,4.241140365600586,2.413386106491089,2.388118811881188,1.3621783256530762,1.1560397148132324,1.1366336633663365,50.91999816894531,3.9169230461120605,0.9934999346733093,0.8446153998374939,0.09000000357627869,0.8461538461538461,0.07326732673267326,3.6923076923076925
1_130_r123_r567_r567_r67_no_loop_8,1,2,3,505,12,0,0.92,0.86,80.21254545454545,1.3425742574257427,91.52351377280584,1.498022198677063,4.293416500091553,2.413386106491089,2.388118811881188,1.3621783256530762,1.1560397148132324,1.1366336633663365,50.91999816894531,3.9169230461120605,0.9934999346733093,0.8446153998374939,0.09000000357627869,0.8461538461538461,0.07326732673267326,3.6923076923076925
1_130_r123_r567_r567_r67_no_loop_8,1,2,4,505,12,0,0.92,0.86,80.07545454545455,1.3425742574257427,91.58666076679097,1.4899715185165405,4.311333179473877,2.413386106491089,2.388118811881188,1.3621783256530762,1.1560397148132324,1.1366336633663365,50.91999816894531,3.9169230461120605,0.9934999346733093,0.8446153998374939,0.09000000357627869,0.8461538461538461,0.07326732673267326,3.6923076923076925
1_130_r123_r567_r567_r67_no_loop_8,1,3,0,505,12,0,0.93,0.86,80.40516666666667,1.3346534653465347,91.7296842891432,1.4602569341659546,4.3848114013671875,2.410356283187866,2.38019801980198,1.3597030639648438,1.1546534299850464,1.1287128712871286,50.84000015258789,3.91076922416687,0.9934999346733093,0.8423078060150146,0.10000000149011612,0.7692307692307693,0.07128712871287128,3.5384615384615383
1_130_r123_r567_r567_r67_no_loop_8,1,3,1,505,12,0,0.92,0.86,80.51545454545453,1.3346534653465347,91.82578761304701,1.4433859586715698,4.321410655975342,2.410356283187866,2.38019801980198,1.3597030639648438,1.1546534299850464,1.1287128712871286,50.84000015258789,3.91076922416687,0.9934999346733093,0.8423078060150146,0.10000000149011612,0.7692307692307693,0.07128712871287128,3.5384615384615383
1_130_r123_r567_r567_r67_no_loop_8,1,3,2,505,12,0,0.92,0.86,79.9,1.3346534653465347,91.52076755175517,1.487747073173523,4.405401706695557,2.410356283187866,2.38019801980198,1.3597030639648438,1.1546534299850464,1.1287128712871286,50.84000015258789,3.91076922416687,0.9934999346733093,0.8423078060150146,0.10000000149011612,0.7692307692307693,0.07128712871287128,3.5384615384615383
1_130_r123_r567_r567_r67_no_loop_8,1,3,3,505,12,0,0.92,0.86,80.47418181818182,1.3346534653465347,91.80353200177161,1.4330531358718872,4.3064961433410645,2.410356283187866,2.38019801980198,1.3597030639648438,1.1546534299850464,1.1287128712871286,50.84000015258789,3.91076922416687,0.9934999346733093,0.8423078060150146,0.10000000149011612,0.7692307692307693,0.07128712871287128,3.5384615384615383
1_130_r123_r567_r567_r67_no_loop_8,1,3,4,505,12,0,0.92,0.86,80.10484090909091,1.3346534653465347,91.71828040804081,1.4742079973220825,4.331946849822998,2.410356283187866,2.38019801980198,1.3597030639648438,1.1546534299850464,1.1287128712871286,50.84000015258789,3.91076922416687,0.9934999346733093,0.8423078060150146,0.10000000149011612,0.7692307692307693,0.07128712871287128,3.5384615384615383
2_130_r123_r567_r5loop67_r678,2,3,0,512,12,1,0.93,0.86,76.76218181818182,1.30859375,90.10669798712573,1.7097651958465576,4.2463860511779785,2.4210546016693115,2.35546875,1.3566601276397705,1.1563477516174316,1.10546875,51.11000061035156,3.9315385818481445,0.9930000305175781,0.8400000929832458,0.09000000357627869,0.7692307692307693,0.0703125,3.5384615384615383
2_130_r123_r567_r5loop67_r678,2,3,1,512,12,1,0.93,0.86,76.74972727272727,1.30859375,90.0058800829162,1.746425986289978,4.238193035125732,2.4210546016693115,2.35546875,1.3566601276397705,1.1563477516174316,1.10546875,51.11000061035156,3.9315385818481445,0.9930000305175781,0.8400000929832458,0.09000000357627869,0.7692307692307693,0.0703125,3.5384615384615383
2_130_r123_r567_r5loop67_r678,2,3,2,512,12,1,0.92,0.86,75.894,1.30859375,89.81399883390264,1.79378080368042,4.328005313873291,2.4210546016693115,2.35546875,1.3566601276397705,1.1563477516174316,1.10546875,51.11000061035156,3.9315385818481445,0.9930000305175781,0.8400000929832458,0.09000000357627869,0.7692307692307693,0.0703125,3.5384615384615383
2_130_r123_r567_r5loop67_r678,2,3,3,512,12,1,0.93,0.86,76.594875,1.30859375,89.91961156768578,1.759874701499939,4.228486061096191,2.4210546016693115,2.35546875,1.3566601276397705,1.1563477516174316,1.10546875,51.11000061035156,3.9315385818481445,0.9930000305175781,0.8400000929832458,0.09000000357627869,0.7692307692307693,0.0703125,3.5384615384615383
2_130_r123_r567_r5loop67_r678,2,3,4,512,12,1,0.92,0.86,77.03958333333333,1.30859375,90.06459865113186,1.743302583694458,4.277961730957031,2.4210546016693115,2.35546875,1.3566601276397705,1.1563477516174316,1.10546875,51.11000061035156,3.9315385818481445,0.9930000305175781,0.8400000929832458,0.09000000357627869,0.7692307692307693,0.0703125,3.5384615384615383
8_130_r123_r567_r567_r6loop7loop8,8,4,0,519,12,2,0.93,0.86,79.82818181818183,1.3159922928709056,90.99814969263234,1.5668070316314697,4.322275161743164,2.4279961585998535,2.3834296724470136,1.3472062349319458,1.1512717008590698,1.115606936416185,50.9900016784668,3.9223077297210693,0.9934999346733093,0.8446155190467834,0.10000000149011612,0.7692307692307693,0.07129094412331406,3.6153846153846154
8_130_r123_r567_r567_r6loop7loop8,8,4,1,519,12,2,0.93,0.86,79.97127272727272,1.3159922928709056,91.05245361542761,1.5505026578903198,4.299079418182373,2.4279961585998535,2.3834296724470136,1.3472062349319458,1.1512717008590698,1.115606936416185,50.9900016784668,3.9223077297210693,0.9934999346733093,0.8446155190467834,0.10000000149011612,0.7692307692307693,0.07129094412331406,3.6153846153846154
8_130_r123_r567_r567_r6loop7loop8,8,4,2,519,12,2,0.93,0.86,79.19222222222223,1.3159922928709056,90.63857404001479,1.6243162155151367,4.336102485656738,2.4279961585998535,2.3834296724470136,1.3472062349319458,1.1512717008590698,1.115606936416185,50.9900016784668,3.9223077297210693,0.9934999346733093,0.8446155190467834,0.10000000149011612,0.7692307692307693,0.07129094412331406,3.6153846153846154
8_130_r123_r567_r567_r6loop7loop8,8,4,3,519,12,2,0.92,0.86,79.46763636363636,1.3159922928709056,90.86057366119216,1.5962183475494385,4.300302028656006,2.4279961585998535,2.3834296724470136,1.3472062349319458,1.1512717008590698,1.115606936416185,50.9900016784668,3.9223077297210693,0.9934999346733093,0.8446155190467834,0.10000000149011612,0.7692307692307693,0.07129094412331406,3.6153846153846154
8_130_r123_r567_r567_r6loop7loop8,8,4,4,519,12,2,0.92,0.86,78.44052272727272,1.3159922928709056,90.68869294236057,1.5813744068145752,4.346304416656494,2.4279961585998535,2.3834296724470136,1.3472062349319458,1.1512717008590698,1.115606936416185,50.9900016784668,3.9223077297210693,0.9934999346733093,0.8446155190467834,0.10000000149011612,0.7692307692307693,0.07129094412331406,3.6153846153846154
3_130_r123_r567_r56loop7_r678,3,3,0,512,12,1,0.93,0.87,79.83449999999999,1.30859375,91.01280382155821,1.5009816884994507,4.2474164962768555,2.4035158157348633,2.33984375,1.3427734375,1.1465039253234863,1.115234375,50.900001525878906,3.9153847694396973,0.9925000071525574,0.840769350528717,0.09000000357627869,0.7692307692307693,0.072265625,3.6153846153846154
3_130_r123_r567_r56loop7_r678,3,3,1,512,12,1,0.93,0.86,77.86041666666667,1.30859375,90.87100114707341,1.5273483991622925,4.331793308258057,2.4035158157348633,2.33984375,1.3427734375,1.1465039253234863,1.115234375,50.900001525878906,3.9153847694396973,0.9925000071525574,0.840769350528717,0.09000000357627869,0.7692307692307693,0.072265625,3.6153846153846154
3_130_r123_r567_r56loop7_r678,3,3,2,512,12,1,0.93,0.86,77.89894318181818,1.30859375,90.79600533515963,1.5690916776657104,4.2799072265625,2.4035158157348633,2.33984375,1.3427734375,1.1465039253234863,1.115234375,50.900001525878906,3.9153847694396973,0.9925000071525574,0.840769350528717,0.09000000357627869,0.7692307692307693,0.072265625,3.6153846153846154
3_130_r123_r567_r56loop7_r678,3,3,3,512,12,1,0.93,0.86,77.95708928571429,1.30859375,90.76008186426205,1.5718226432800293,4.365488052368164,2.4035158157348633,2.33984375,1.3427734375,1.1465039253234863,1.115234375,50.900001525878906,3.9153847694396973,0.9925000071525574,0.840769350528717,0.09000000357627869,0.7692307692307693,0.072265625,3.6153846153846154
3_130_r123_r567_r56loop7_r678,3,3,4,512,12,1,0.92,0.86,79.09185714285714,1.30859375,90.83064983752142,1.545154094696045,4.225681304931641,2.4035158157348633,2.33984375,1.3427734375,1.1465039253234863,1.115234375,50.900001525878906,3.9153847694396973,0.9925000071525574,0.840769350528717,0.09000000357627869,0.7692307692307693,0.072265625,3.6153846153846154
4_130_r123_r567_r567_rloop678,4,1,0,512,12,1,0.93,0.86,77.89365,1.3203125,90.07344977396735,1.8414231538772583,4.321399211883545,2.421679735183716,2.373046875,1.3542578220367432,1.154355525970459,1.119140625,50.91999816894531,3.9169230461120605,0.9925000071525574,0.8430770039558411,0.09000000357627869,0.7692307692307693,0.072265625,3.6153846153846154
4_130_r123_r567_r567_rloop678,4,1,1,512,12,1,0.92,0.86,78.43016883116883,1.3203125,90.29939066868461,1.7676708698272705,4.29237174987793,2.421679735183716,2.373046875,1.3542578220367432,1.154355525970459,1.119140625,50.91999816894531,3.9169230461120605,0.9925000071525574,0.8430770039558411,0.09000000357627869,0.7692307692307693,0.072265625,3.6153846153846154
4_130_r123_r567_r567_rloop678,4,1,2,512,12,1,0.92,0.86,79.26845454545455,1.3203125,90.41880912430668,1.7821028232574463,4.22747278213501,2.421679735183716,2.373046875,1.3542578220367432,1.154355525970459,1.119140625,50.91999816894531,3.9169230461120605,0.9925000071525574,0.8430770039558411,0.09000000357627869,0.7692307692307693,0.072265625,3.6153846153846154
4_130_r123_r567_r567_rloop678,4,1,3,512,12,1,0.92,0.86,78.44130000000001,1.3203125,90.24889690219719,1.7834663391113281,4.262479782104492,2.421679735183716,2.373046875,1.3542578220367432,1.154355525970459,1.119140625,50.91999816894531,3.9169230461120605,0.9925000071525574,0.8430770039558411,0.09000000357627869,0.7692307692307693,0.072265625,3.6153846153846154
4_130_r123_r567_r567_rloop678,4,1,4,512,12,1,0.92,0.86,77.99783333333333,1.3203125,90.2127768286943,1.7769253253936768,4.276381969451904,2.421679735183716,2.373046875,1.3542578220367432,1.154355525970459,1.119140625,50.91999816894531,3.9169230461120605,0.9925000071525574,0.8430770039558411,0.09000000357627869,0.7692307692307693,0.072265625,3.6153846153846154
8_130_r123_r567_r567_r6loop7loop8,8,2,0,519,12,2,0.93,0.86,80.66957575757576,1.3198458574181118,91.0961188126795,1.5870658159255981,4.32562780380249,2.4280734062194824,2.393063583815029,1.3460500240325928,1.149248480796814,1.117533718689788,51.040000915527344,3.9261538982391357,0.9934999346733093,0.8430770039558411,0.10000000149011612,0.7692307692307693,0.07129094412331406,3.6153846153846154
8_130_r123_r567_r567_r6loop7loop8,8,2,1,519,12,2,0.92,0.85,79.70816363636365,1.3198458574181118,90.8933959551474,1.6149307489395142,4.3177409172058105,2.4280734062194824,2.393063583815029,1.3460500240325928,1.149248480796814,1.117533718689788,51.040000915527344,3.9261538982391357,0.9934999346733093,0.8430770039558411,0.10000000149011612,0.7692307692307693,0.07129094412331406,3.6153846153846154
8_130_r123_r567_r567_r6loop7loop8,8,2,2,519,12,2,0.92,0.86,80.91638383838384,1.3198458574181118,91.00257768852856,1.5702513456344604,4.308359146118164,2.4280734062194824,2.393063583815029,1.3460500240325928,1.149248480796814,1.117533718689788,51.040000915527344,3.9261538982391357,0.9934999346733093,0.8430770039558411,0.10000000149011612,0.7692307692307693,0.07129094412331406,3.6153846153846154
8_130_r123_r567_r567_r6loop7loop8,8,2,3,519,12,2,0.92,0.86,80.07234343434344,1.3198458574181118,90.97655654953053,1.5876810550689697,4.314367771148682,2.4280734062194824,2.393063583815029,1.3460500240325928,1.149248480796814,1.117533718689788,51.040000915527344,3.9261538982391357,0.9934999346733093,0.8430770039558411,0.10000000149011612,0.7692307692307693,0.07129094412331406,3.6153846153846154
8_130_r123_r567_r567_r6loop7loop8,8,2,4,519,12,2,0.92,0.86,80.14545454545454,1.3198458574181118,91.17046736981709,1.5762983560562134,4.272068977355957,2.4280734062194824,2.393063583815029,1.3460500240325928,1.149248480796814,1.117533718689788,51.040000915527344,3.9261538982391357,0.9934999346733093,0.8430770039558411,0.10000000149011612,0.7692307692307693,0.07129094412331406,3.6153846153846154
5_130_r123_r567_r567_r6loop78,5,1,0,512,12,1,0.93,0.86,80.31120909090907,1.322265625,90.88023421012582,1.6061204671859741,4.299603462219238,2.4139647483825684,2.373046875,1.3468358516693115,1.1442188024520874,1.115234375,50.86000061035156,3.9123077392578125,0.9930000305175781,0.8430770039558411,0.10000000149011612,0.7692307692307693,0.0703125,3.5384615384615383
5_130_r123_r567_r567_r6loop78,5,1,1,512,12,1,0.93,0.86,79.74,1.322265625,90.67414739611516,1.6327780485153198,4.339695453643799,2.4139647483825684,2.373046875,1.3468358516693115,1.1442188024520874,1.115234375,50.86000061035156,3.9123077392578125,0.9930000305175781,0.8430770039558411,0.10000000149011612,0.7692307692307693,0.0703125,3.5384615384615383
5_130_r123_r567_r567_r6loop78,5,1,2,512,12,1,0.92,0.86,79.48000909090909,1.322265625,90.4233611414085,1.6609936952590942,4.329259395599365,2.4139647483825684,2.373046875,1.3468358516693115,1.1442188024520874,1.115234375,50.86000061035156,3.9123077392578125,0.9930000305175781,0.8430770039558411,0.10000000149011612,0.7692307692307693,0.0703125,3.5384615384615383
5_130_r123_r567_r567_r6loop78,5,1,3,512,12,1,0.92,0.85,80.28561616161616,1.322265625,90.76601179907334,1.6183031797409058,4.228844165802002,2.4139647483825684,2.373046875,1.3468358516693115,1.1442188024520874,1.115234375,50.86000061035156,3.9123077392578125,0.9930000305175781,0.8430770039558411,0.10000000149011612,0.7692307692307693,0.0703125,3.5384615384615383
5_130_r123_r567_r567_r6loop78,5,1,4,512,12,1,0.92,0.86,80.06358181818183,1.322265625,90.81055859093163,1.6236217021942139,4.307888031005859,2.4139647483825684,2.373046875,1.3468358516693115,1.1442188024520874,1.115234375,50.86000061035156,3.9123077392578125,0.9930000305175781,0.8430770039558411,0.10000000149011612,0.7692307692307693,0.0703125,3.5384615384615383
5_130_r123_r567_r567_r6loop78,5,4,0,512,12,1,0.92,0.86,78.81882857142857,1.3125,90.51235680183532,1.6170510053634644,4.332582950592041,2.4129297733306885,2.365234375,1.3456250429153442,1.1438477039337158,1.107421875,50.980003356933594,3.921538829803467,0.9930000305175781,0.8453847169876099,0.10000000149011612,0.8461538461538461,0.072265625,3.6923076923076925
5_130_r123_r567_r567_r6loop78,5,4,1,512,12,1,0.92,0.86,79.5183909090909,1.3125,90.6945933103355,1.611946940422058,4.3637285232543945,2.4129297733306885,2.365234375,1.3456250429153442,1.1438477039337158,1.107421875,50.980003356933594,3.921538829803467,0.9930000305175781,0.8453847169876099,0.10000000149011612,0.8461538461538461,0.072265625,3.6923076923076925
5_130_r123_r567_r567_r6loop78,5,4,2,512,12,1,0.92,0.86,78.67482222222222,1.3125,90.404235343812,1.6272832155227661,4.357295036315918,2.4129297733306885,2.365234375,1.3456250429153442,1.1438477039337158,1.107421875,50.980003356933594,3.921538829803467,0.9930000305175781,0.8453847169876099,0.10000000149011612,0.8461538461538461,0.072265625,3.6923076923076925
5_130_r123_r567_r567_r6loop78,5,4,3,512,12,1,0.92,0.86,79.52354545454544,1.3125,90.47773973622948,1.6200228929519653,4.309508800506592,2.4129297733306885,2.365234375,1.3456250429153442,1.1438477039337158,1.107421875,50.980003356933594,3.921538829803467,0.9930000305175781,0.8453847169876099,0.10000000149011612,0.8461538461538461,0.072265625,3.6923076923076925
5_130_r123_r567_r567_r6loop78,5,4,4,512,12,1,0.92,0.86,78.591875,1.3125,90.36909895621957,1.6432521343231201,4.324587821960449,2.4129297733306885,2.365234375,1.3456250429153442,1.1438477039337158,1.107421875,50.980003356933594,3.921538829803467,0.9930000305175781,0.8453847169876099,0.10000000149011612,0.8461538461538461,0.072265625,3.6923076923076925
2_130_r123_r567_r5loop67_r678,2,1,0,512,12,1,0.93,0.85,76.90118888888888,1.296875,89.9648354604922,1.8130000829696655,4.311768054962158,2.4292187690734863,2.33203125,1.3644139766693115,1.1600195169448853,1.095703125,51.019996643066406,3.9246151447296143,0.9919999837875366,0.8423077464103699,0.09000000357627869,0.7692307692307693,0.072265625,3.6153846153846154
2_130_r123_r567_r5loop67_r678,2,1,1,512,12,1,0.93,0.86,76.56485714285714,1.296875,90.04242010436394,1.8148730993270874,4.264398097991943,2.4292187690734863,2.33203125,1.3644139766693115,1.1600195169448853,1.095703125,51.019996643066406,3.9246151447296143,0.9919999837875366,0.8423077464103699,0.09000000357627869,0.7692307692307693,0.072265625,3.6153846153846154
2_130_r123_r567_r5loop67_r678,2,1,2,512,12,1,0.93,0.85,77.96025,1.296875,90.04608407174422,1.8020693063735962,4.240555763244629,2.4292187690734863,2.33203125,1.3644139766693115,1.1600195169448853,1.095703125,51.019996643066406,3.9246151447296143,0.9919999837875366,0.8423077464103699,0.09000000357627869,0.7692307692307693,0.072265625,3.6153846153846154
2_130_r123_r567_r5loop67_r678,2,1,3,512,12,1,0.92,0.85,76.57188888888889,1.296875,89.98214723899149,1.8350226879119873,4.2135138511657715,2.4292187690734863,2.33203125,1.3644139766693115,1.1600195169448853,1.095703125,51.019996643066406,3.9246151447296143,0.9919999837875366,0.8423077464103699,0.09000000357627869,0.7692307692307693,0.072265625,3.6153846153846154
2_130_r123_r567_r5loop67_r678,2,1,4,512,12,1,0.92,0.85,75.36045454545456,1.296875,89.62545121203667,1.9083621501922607,4.268235683441162,2.4292187690734863,2.33203125,1.3644139766693115,1.1600195169448853,1.095703125,51.019996643066406,3.9246151447296143,0.9919999837875366,0.8423077464103699,0.09000000357627869,0.7692307692307693,0.072265625,3.6153846153846154
8_130_r123_r567_r567_r6loop7loop8,8,3,0,519,12,2,0.93,0.86,80.76397402597402,1.3179190751445087,91.06059248207369,1.5993424654006958,4.328690052032471,2.431483507156372,2.3892100192678227,1.3476300239562988,1.150924801826477,1.115606936416185,51.02000045776367,3.9246153831481934,0.9930000305175781,0.8446153998374939,0.10000000149011612,0.8461538461538461,0.07129094412331406,3.6923076923076925
8_130_r123_r567_r567_r6loop7loop8,8,3,1,519,12,2,0.93,0.86,80.22051948051949,1.3179190751445087,90.79622290201769,1.6200608015060425,4.401918411254883,2.431483507156372,2.3892100192678227,1.3476300239562988,1.150924801826477,1.115606936416185,51.02000045776367,3.9246153831481934,0.9930000305175781,0.8446153998374939,0.10000000149011612,0.8461538461538461,0.07129094412331406,3.6923076923076925
8_130_r123_r567_r567_r6loop7loop8,8,3,2,519,12,2,0.93,0.86,81.12581818181819,1.3179190751445087,90.99170041315995,1.595238208770752,4.305584907531738,2.431483507156372,2.3892100192678227,1.3476300239562988,1.150924801826477,1.115606936416185,51.02000045776367,3.9246153831481934,0.9930000305175781,0.8446153998374939,0.10000000149011612,0.8461538461538461,0.07129094412331406,3.6923076923076925
8_130_r123_r567_r567_r6loop7loop8,8,3,3,519,12,2,0.92,0.86,80.60363636363635,1.3179190751445087,90.95475480791956,1.6042665243148804,4.272526741027832,2.431483507156372,2.3892100192678227,1.3476300239562988,1.150924801826477,1.115606936416185,51.02000045776367,3.9246153831481934,0.9930000305175781,0.8446153998374939,0.10000000149011612,0.8461538461538461,0.07129094412331406,3.6923076923076925
8_130_r123_r567_r567_r6loop7loop8,8,3,4,519,12,2,0.92,0.86,79.87745454545454,1.3179190751445087,90.88568303388968,1.64755380153656,4.304183483123779,2.431483507156372,2.3892100192678227,1.3476300239562988,1.150924801826477,1.115606936416185,51.02000045776367,3.9246153831481934,0.9930000305175781,0.8446153998374939,0.10000000149011612,0.8461538461538461,0.07129094412331406,3.6923076923076925
7_130_r123_r567_r567_rloop67loop8,7,3,0,519,12,2,0.93,0.86,80.02545454545455,1.3159922928709056,90.96847459316535,1.6280219554901123,4.27672815322876,2.4295952320098877,2.3757225433526012,1.3478611707687378,1.1544700860977173,1.1213872832369942,50.76000213623047,3.904615640640259,0.9909999966621399,0.8392308354377747,0.09000000357627869,0.8461538461538461,0.07129094412331406,3.6923076923076925
7_130_r123_r567_r567_rloop67loop8,7,3,1,519,12,2,0.93,0.86,79.24925252525253,1.3159922928709056,90.4557753706901,1.7406703233718872,4.395423889160156,2.4295952320098877,2.3757225433526012,1.3478611707687378,1.1544700860977173,1.1213872832369942,50.76000213623047,3.904615640640259,0.9909999966621399,0.8392308354377747,0.09000000357627869,0.8461538461538461,0.07129094412331406,3.6923076923076925
7_130_r123_r567_r567_rloop67loop8,7,3,2,519,12,2,0.93,0.86,79.32581818181819,1.3159922928709056,90.47475816588678,1.7124789953231812,4.2660088539123535,2.4295952320098877,2.3757225433526012,1.3478611707687378,1.1544700860977173,1.1213872832369942,50.76000213623047,3.904615640640259,0.9909999966621399,0.8392308354377747,0.09000000357627869,0.8461538461538461,0.07129094412331406,3.6923076923076925
7_130_r123_r567_r567_rloop67loop8,7,3,3,519,12,2,0.92,0.86,79.40636363636364,1.3159922928709056,90.79682049506906,1.6865649223327637,4.297181606292725,2.4295952320098877,2.3757225433526012,1.3478611707687378,1.1544700860977173,1.1213872832369942,50.76000213623047,3.904615640640259,0.9909999966621399,0.8392308354377747,0.09000000357627869,0.8461538461538461,0.07129094412331406,3.6923076923076925
7_130_r123_r567_r567_rloop67loop8,7,3,4,519,12,2,0.92,0.85,78.87145454545455,1.3159922928709056,90.28078627313599,1.7844090461730957,4.268377780914307,2.4295952320098877,2.3757225433526012,1.3478611707687378,1.1544700860977173,1.1213872832369942,50.76000213623047,3.904615640640259,0.9909999966621399,0.8392308354377747,0.09000000357627869,0.8461538461538461,0.07129094412331406,3.6923076923076925
1_130_r123_r567_r567_r67_no_loop_8,1,1,0,505,12,0,0.93,0.87,80.68781818181819,1.3227722772277228,91.65223019659109,1.4229028224945068,4.246942520141602,2.4099009037017822,2.366336633663366,1.3565346002578735,1.1573067903518677,1.1247524752475249,50.88999938964844,3.9146153926849365,0.9934999346733093,0.8438462615013123,0.09000000357627869,0.8461538461538461,0.07326732673267326,3.6923076923076925
1_130_r123_r567_r567_r67_no_loop_8,1,1,1,505,12,0,0.93,0.87,80.76083636363636,1.3227722772277228,91.77238444558742,1.409907341003418,4.326797962188721,2.4099009037017822,2.366336633663366,1.3565346002578735,1.1573067903518677,1.1247524752475249,50.88999938964844,3.9146153926849365,0.9934999346733093,0.8438462615013123,0.09000000357627869,0.8461538461538461,0.07326732673267326,3.6923076923076925
1_130_r123_r567_r567_r67_no_loop_8,1,1,2,505,12,0,0.93,0.87,80.87578181818182,1.3227722772277228,91.76691358778736,1.3925502300262451,4.333832263946533,2.4099009037017822,2.366336633663366,1.3565346002578735,1.1573067903518677,1.1247524752475249,50.88999938964844,3.9146153926849365,0.9934999346733093,0.8438462615013123,0.09000000357627869,0.8461538461538461,0.07326732673267326,3.6923076923076925
1_130_r123_r567_r567_r67_no_loop_8,1,1,3,505,12,0,0.93,0.87,81.13579545454544,1.3227722772277228,91.80554683396912,1.388204574584961,4.262537002563477,2.4099009037017822,2.366336633663366,1.3565346002578735,1.1573067903518677,1.1247524752475249,50.88999938964844,3.9146153926849365,0.9934999346733093,0.8438462615013123,0.09000000357627869,0.8461538461538461,0.07326732673267326,3.6923076923076925
1_130_r123_r567_r567_r67_no_loop_8,1,1,4,505,12,0,0.93,0.87,80.9789090909091,1.3227722772277228,91.54091713885676,1.4280235767364502,4.350464344024658,2.4099009037017822,2.366336633663366,1.3565346002578735,1.1573067903518677,1.1247524752475249,50.88999938964844,3.9146153926849365,0.9934999346733093,0.8438462615013123,0.09000000357627869,0.8461538461538461,0.07326732673267326,3.6923076923076925
4_130_r123_r567_r567_rloop678,4,2,0,512,12,1,0.9,0.84,79.47122222222224,1.322265625,90.32955592194264,1.7576848268508911,4.173151969909668,2.418710947036743,2.369140625,1.3524609804153442,1.151894450187683,1.123046875,45.5,3.5,0.9494999051094055,0.7507691979408264,0.1599999964237213,0.7692307692307693,0.0625,3.076923076923077
4_130_r123_r567_r567_rloop678,4,2,1,512,12,1,0.9,0.84,80.25763636363637,1.322265625,90.4938332389182,1.724155068397522,4.2918500900268555,2.418710947036743,2.369140625,1.3524609804153442,1.151894450187683,1.123046875,45.5,3.5,0.9494999051094055,0.7507691979408264,0.1599999964237213,0.7692307692307693,0.0625,3.076923076923077
4_130_r123_r567_r567_rloop678,4,2,2,512,12,1,0.9,0.84,80.5112888888889,1.322265625,90.58546479372407,1.6926202774047852,4.14849853515625,2.418710947036743,2.369140625,1.3524609804153442,1.151894450187683,1.123046875,45.5,3.5,0.9494999051094055,0.7507691979408264,0.1599999964237213,0.7692307692307693,0.0625,3.076923076923077
4_130_r123_r567_r567_rloop678,4,2,3,512,12,1,0.89,0.84,79.96807142857143,1.322265625,90.38679834900341,1.7322640419006348,4.234287261962891,2.418710947036743,2.369140625,1.3524609804153442,1.151894450187683,1.123046875,45.5,3.5,0.9494999051094055,0.7507691979408264,0.1599999964237213,0.7692307692307693,0.0625,3.076923076923077
4_130_r123_r567_r567_rloop678,4,2,4,512,12,1,0.89,0.84,79.77253636363636,1.322265625,90.18931693469293,1.7849011421203613,4.209652423858643,2.418710947036743,2.369140625,1.3524609804153442,1.151894450187683,1.123046875,45.5,3.5,0.9494999051094055,0.7507691979408264,0.1599999964237213,0.7692307692307693,0.0625,3.076923076923077
5_130_r123_r567_r567_r6loop78,5,3,0,512,12,1,0.92,0.86,79.58566666666667,1.3125,90.76931707208806,1.6056996583938599,4.303704738616943,2.4145898818969727,2.36328125,1.3470312356948853,1.144960880279541,1.107421875,50.95000076293945,3.9192309379577637,0.9934999346733093,0.8415385484695435,0.10000000149011612,0.7692307692307693,0.0703125,3.5384615384615383
5_130_r123_r567_r567_r6loop78,5,3,1,512,12,1,0.92,0.86,79.01762337662339,1.3125,90.57589528022976,1.6559693813323975,4.356074810028076,2.4145898818969727,2.36328125,1.3470312356948853,1.144960880279541,1.107421875,50.95000076293945,3.9192309379577637,0.9934999346733093,0.8415385484695435,0.10000000149011612,0.7692307692307693,0.0703125,3.5384615384615383
5_130_r123_r567_r567_r6loop78,5,3,2,512,12,1,0.93,0.86,78.80993333333333,1.3125,90.54364966560132,1.6518261432647705,4.308101177215576,2.4145898818969727,2.36328125,1.3470312356948853,1.144960880279541,1.107421875,50.95000076293945,3.9192309379577637,0.9934999346733093,0.8415385484695435,0.10000000149011612,0.7692307692307693,0.0703125,3.5384615384615383
5_130_r123_r567_r567_r6loop78,5,3,3,512,12,1,0.92,0.86,78.659,1.3125,90.50873229927625,1.668669581413269,4.393648624420166,2.4145898818969727,2.36328125,1.3470312356948853,1.144960880279541,1.107421875,50.95000076293945,3.9192309379577637,0.9934999346733093,0.8415385484695435,0.10000000149011612,0.7692307692307693,0.0703125,3.5384615384615383
5_130_r123_r567_r567_r6loop78,5,3,4,512,12,1,0.92,0.86,79.505,1.3125,90.74020242111405,1.6194496154785156,4.260415077209473,2.4145898818969727,2.36328125,1.3470312356948853,1.144960880279541,1.107421875,50.95000076293945,3.9192309379577637,0.9934999346733093,0.8415385484695435,0.10000000149011612,0.7692307692307693,0.0703125,3.5384615384615383
7_130_r123_r567_r567_rloop67loop8,7,2,0,519,12,2,0.92,0.86,78.42206060606061,1.329479768786127,90.37556546611171,1.7808119058609009,4.325096607208252,2.4344701766967773,2.3911368015414256,1.3530442714691162,1.1586320400238037,1.1329479768786128,50.96999740600586,3.920768976211548,0.9919999837875366,0.840769350528717,0.09000000357627869,0.8461538461538461,0.07129094412331406,3.6923076923076925
7_130_r123_r567_r567_rloop67loop8,7,2,1,519,12,2,0.92,0.86,77.9688051948052,1.329479768786127,90.30929929837876,1.7799104452133179,4.261342525482178,2.4344701766967773,2.3911368015414256,1.3530442714691162,1.1586320400238037,1.1329479768786128,50.96999740600586,3.920768976211548,0.9919999837875366,0.840769350528717,0.09000000357627869,0.8461538461538461,0.07129094412331406,3.6923076923076925
7_130_r123_r567_r567_rloop67loop8,7,2,2,519,12,2,0.93,0.86,78.29804444444444,1.329479768786127,90.31144103504073,1.791311264038086,4.300288200378418,2.4344701766967773,2.3911368015414256,1.3530442714691162,1.1586320400238037,1.1329479768786128,50.96999740600586,3.920768976211548,0.9919999837875366,0.840769350528717,0.09000000357627869,0.8461538461538461,0.07129094412331406,3.6923076923076925
7_130_r123_r567_r567_rloop67loop8,7,2,3,519,12,2,0.92,0.86,79.18044155844156,1.329479768786127,90.49953734843619,1.7195805311203003,4.2635979652404785,2.4344701766967773,2.3911368015414256,1.3530442714691162,1.1586320400238037,1.1329479768786128,50.96999740600586,3.920768976211548,0.9919999837875366,0.840769350528717,0.09000000357627869,0.8461538461538461,0.07129094412331406,3.6923076923076925
7_130_r123_r567_r567_rloop67loop8,7,2,4,519,12,2,0.92,0.85,79.1549292929293,1.329479768786127,90.65135223067449,1.7133090496063232,4.241450786590576,2.4344701766967773,2.3911368015414256,1.3530442714691162,1.1586320400238037,1.1329479768786128,50.96999740600586,3.920768976211548,0.9919999837875366,0.840769350528717,0.09000000357627869,0.8461538461538461,0.07129094412331406,3.6923076923076925
4_130_r123_r567_r567_rloop678,4,4,0,512,12,1,0.92,0.86,78.77961363636364,1.32421875,90.46645338217554,1.7943685054779053,4.331546783447266,2.420664072036743,2.375,1.354882836341858,1.15380859375,1.123046875,50.87999725341797,3.913846015930176,0.9919999837875366,0.8423077464103699,0.10000000149011612,0.7692307692307693,0.072265625,3.6153846153846154
4_130_r123_r567_r567_rloop678,4,4,1,512,12,1,0.92,0.85,77.34424675324676,1.32421875,89.94847146901492,1.8752248287200928,4.299129962921143,2.420664072036743,2.375,1.354882836341858,1.15380859375,1.123046875,50.87999725341797,3.913846015930176,0.9919999837875366,0.8423077464103699,0.10000000149011612,0.7692307692307693,0.072265625,3.6153846153846154
4_130_r123_r567_r567_rloop678,4,4,2,512,12,1,0.92,0.85,78.15238383838384,1.32421875,90.20183608616861,1.8074039220809937,4.334110260009766,2.420664072036743,2.375,1.354882836341858,1.15380859375,1.123046875,50.87999725341797,3.913846015930176,0.9919999837875366,0.8423077464103699,0.10000000149011612,0.7692307692307693,0.072265625,3.6153846153846154
4_130_r123_r567_r567_rloop678,4,4,3,512,12,1,0.92,0.86,78.14096103896102,1.32421875,90.34609983766234,1.7834004163742065,4.227297306060791,2.420664072036743,2.375,1.354882836341858,1.15380859375,1.123046875,50.87999725341797,3.913846015930176,0.9919999837875366,0.8423077464103699,0.10000000149011612,0.7692307692307693,0.072265625,3.6153846153846154
4_130_r123_r567_r567_rloop678,4,4,4,512,12,1,0.92,0.85,77.33967532467534,1.32421875,89.93242627023584,1.8608087301254272,4.308310508728027,2.420664072036743,2.375,1.354882836341858,1.15380859375,1.123046875,50.87999725341797,3.913846015930176,0.9919999837875366,0.8423077464103699,0.10000000149011612,0.7692307692307693,0.072265625,3.6153846153846154
9_130_r123_r567_r567_r567_r67loop8,9,1,0,620,15,1,0.92,0.83,82.6909090909091,1.364516129032258,91.80265011346181,1.5345577001571655,4.264101982116699,2.4581613540649414,2.4370967741935483,1.3834999799728394,1.1849193572998047,1.1629032258064516,50.82999801635742,3.9099998474121094,0.9859999418258667,0.8223077058792114,0.10000000149011612,0.7692307692307693,0.05806451612903226,3.5384615384615383
9_130_r123_r567_r567_r567_r67loop8,9,1,1,620,15,1,0.92,0.83,82.67818181818181,1.364516129032258,91.72783410138248,1.5376064777374268,4.2597198486328125,2.4581613540649414,2.4370967741935483,1.3834999799728394,1.1849193572998047,1.1629032258064516,50.82999801635742,3.9099998474121094,0.9859999418258667,0.8223077058792114,0.10000000149011612,0.7692307692307693,0.05806451612903226,3.5384615384615383
9_130_r123_r567_r567_r567_r67loop8,9,1,2,620,15,1,0.92,0.83,82.523,1.364516129032258,91.71830142612764,1.5607010126113892,4.27912712097168,2.4581613540649414,2.4370967741935483,1.3834999799728394,1.1849193572998047,1.1629032258064516,50.82999801635742,3.9099998474121094,0.9859999418258667,0.8223077058792114,0.10000000149011612,0.7692307692307693,0.05806451612903226,3.5384615384615383
9_130_r123_r567_r567_r567_r67loop8,9,1,3,620,15,1,0.92,0.83,82.275125,1.364516129032258,91.60198884641345,1.562337875366211,4.196934700012207,2.4581613540649414,2.4370967741935483,1.3834999799728394,1.1849193572998047,1.1629032258064516,50.82999801635742,3.9099998474121094,0.9859999418258667,0.8223077058792114,0.10000000149011612,0.7692307692307693,0.05806451612903226,3.5384615384615383
9_130_r123_r567_r567_r567_r67loop8,9,1,4,620,15,1,0.92,0.83,82.65050000000001,1.364516129032258,91.72473189149561,1.5473273992538452,4.215783596038818,2.4581613540649414,2.4370967741935483,1.3834999799728394,1.1849193572998047,1.1629032258064516,50.82999801635742,3.9099998474121094,0.9859999418258667,0.8223077058792114,0.10000000149011612,0.7692307692307693,0.05806451612903226,3.5384615384615383
