family,threshold_pp,stage,representation,model,n,weighted_n,accuracy,balanced_accuracy,macro_F1,MCC,n_classes_observed,precision_decrease,recall_decrease,F1_decrease,support_decrease,ROC_AUC_decrease,AP_decrease,precision_unchanged,recall_unchanged,F1_unchanged,support_unchanged,ROC_AUC_unchanged,AP_unchanged,specificity,false_negative_rate,ROC_AUC,AP,cm_0_0,cm_0_1,cm_1_0,cm_1_1
all_PR,-2.5,screen,full_PR|raw|all|0|variance|0|False,"{""algorithm"": ""Ridge"", ""alpha"": 1.0, ""class_weight"": ""balanced""}",76,76.0,0.8421052631578947,0.5279503105590062,0.5279503105590062,0.055900621118012424,2,0.9130434782608695,0.9130434782608695,0.9130434782608695,69.0,0.6045548654244306,0.9433812753071376,0.14285714285714285,0.14285714285714285,0.14285714285714285,7.0,0.6045548654244306,0.1515075426365749,0.14285714285714285,0.08695652173913049,0.6045548654244306,0.9433812753071376,63.0,6.0,6.0,1.0
high_variance_PR,-2.5,screen,full_PR|raw|25|0|variance|0|False,"{""algorithm"": ""Ridge"", ""alpha"": 1.0, ""class_weight"": ""balanced""}",76,76.0,0.6447368421052632,0.5476190476190476,0.4774637127578304,0.058051385598996426,2,0.92,0.6666666666666666,0.773109243697479,69.0,0.5403726708074534,0.9289601936083688,0.11538461538461539,0.42857142857142855,0.18181818181818182,7.0,0.5403726708074534,0.11714863460037069,0.42857142857142855,0.33333333333333337,0.5403726708074534,0.9289601936083688,46.0,23.0,4.0,3.0
high_variance_PR,-2.5,screen,full_PR|raw|100|0|variance|0|False,"{""algorithm"": ""Ridge"", ""alpha"": 1.0, ""class_weight"": ""balanced""}",76,76.0,0.7236842105263158,0.5910973084886129,0.5271111111111111,0.1196465266270813,2,0.9285714285714286,0.7536231884057971,0.832,69.0,0.6501035196687371,0.9523780340765742,0.15,0.42857142857142855,0.2222222222222222,7.0,0.650103519668737,0.27701559911614665,0.42857142857142855,0.24637681159420288,0.6501035196687371,0.9523780340765742,52.0,17.0,4.0,3.0
high_variance_PR,-2.5,screen,full_PR|raw|250|0|variance|0|False,"{""algorithm"": ""Ridge"", ""alpha"": 1.0, ""class_weight"": ""balanced""}",76,76.0,0.7763157894736842,0.5559006211180124,0.5303525990548892,0.08339890179813633,2,0.9193548387096774,0.8260869565217391,0.8702290076335878,69.0,0.7184265010351967,0.964580869243628,0.14285714285714285,0.2857142857142857,0.19047619047619047,7.0,0.7184265010351967,0.22670910706624992,0.2857142857142857,0.17391304347826086,0.7184265010351967,0.964580869243628,57.0,12.0,5.0,2.0
high_variance_PR,-2.5,screen,full_PR|raw|1000|0|variance|0|False,"{""algorithm"": ""Ridge"", ""alpha"": 1.0, ""class_weight"": ""balanced""}",76,76.0,0.8421052631578947,0.5279503105590062,0.5279503105590062,0.055900621118012424,2,0.9130434782608695,0.9130434782608695,0.9130434782608695,69.0,0.6045548654244306,0.9433812753071376,0.14285714285714285,0.14285714285714285,0.14285714285714285,7.0,0.6045548654244306,0.1515075426365749,0.14285714285714285,0.08695652173913049,0.6045548654244306,0.9433812753071376,63.0,6.0,6.0,1.0
all_PR,-2.5,screen,full_PR|delta|all|0|variance|0|False,"{""algorithm"": ""Ridge"", ""alpha"": 1.0, ""class_weight"": ""balanced""}",76,76.0,0.8421052631578947,0.5279503105590062,0.5279503105590062,0.055900621118012424,2,0.9130434782608695,0.9130434782608695,0.9130434782608695,69.0,0.6045548654244306,0.9433812753071376,0.14285714285714285,0.14285714285714285,0.14285714285714285,7.0,0.6045548654244306,0.1515075426365749,0.14285714285714285,0.08695652173913049,0.6045548654244306,0.9433812753071376,63.0,6.0,6.0,1.0
high_variance_PR,-2.5,screen,full_PR|delta|25|0|variance|0|False,"{""algorithm"": ""Ridge"", ""alpha"": 1.0, ""class_weight"": ""balanced""}",76,76.0,0.6447368421052632,0.5476190476190476,0.4774637127578304,0.058051385598996426,2,0.92,0.6666666666666666,0.773109243697479,69.0,0.5403726708074534,0.9289601936083688,0.11538461538461539,0.42857142857142855,0.18181818181818182,7.0,0.5403726708074534,0.11714863460037069,0.42857142857142855,0.33333333333333337,0.5403726708074534,0.9289601936083688,46.0,23.0,4.0,3.0
high_variance_PR,-2.5,screen,full_PR|delta|100|0|variance|0|False,"{""algorithm"": ""Ridge"", ""alpha"": 1.0, ""class_weight"": ""balanced""}",76,76.0,0.7236842105263158,0.5910973084886129,0.5271111111111111,0.1196465266270813,2,0.9285714285714286,0.7536231884057971,0.832,69.0,0.6501035196687371,0.9523780340765742,0.15,0.42857142857142855,0.2222222222222222,7.0,0.650103519668737,0.27701559911614665,0.42857142857142855,0.24637681159420288,0.6501035196687371,0.9523780340765742,52.0,17.0,4.0,3.0
high_variance_PR,-2.5,screen,full_PR|delta|250|0|variance|0|False,"{""algorithm"": ""Ridge"", ""alpha"": 1.0, ""class_weight"": ""balanced""}",76,76.0,0.7763157894736842,0.5559006211180124,0.5303525990548892,0.08339890179813633,2,0.9193548387096774,0.8260869565217391,0.8702290076335878,69.0,0.7184265010351967,0.964580869243628,0.14285714285714285,0.2857142857142857,0.19047619047619047,7.0,0.7184265010351967,0.22670910706624992,0.2857142857142857,0.17391304347826086,0.7184265010351967,0.964580869243628,57.0,12.0,5.0,2.0
high_variance_PR,-2.5,screen,full_PR|delta|1000|0|variance|0|False,"{""algorithm"": ""Ridge"", ""alpha"": 1.0, ""class_weight"": ""balanced""}",76,76.0,0.8421052631578947,0.5279503105590062,0.5279503105590062,0.055900621118012424,2,0.9130434782608695,0.9130434782608695,0.9130434782608695,69.0,0.6045548654244306,0.9433812753071376,0.14285714285714285,0.14285714285714285,0.14285714285714285,7.0,0.6045548654244306,0.1515075426365749,0.14285714285714285,0.08695652173913049,0.6045548654244306,0.9433812753071376,63.0,6.0,6.0,1.0
RNA_protein_interface,-2.5,screen,PR_reference_interface|raw|all|0|variance|0.2|False,"{""algorithm"": ""Ridge"", ""alpha"": 1.0, ""class_weight"": ""balanced""}",76,76.0,0.6052631578947368,0.46169772256728775,0.4317048853439681,-0.04628584925531226,2,0.8979591836734694,0.6376811594202898,0.7457627118644068,69.0,0.556935817805383,0.9361443625526416,0.07407407407407407,0.2857142857142857,0.11764705882352941,7.0,0.556935817805383,0.2423939538066681,0.2857142857142857,0.3623188405797102,0.556935817805383,0.9361443625526416,44.0,25.0,5.0,2.0
RNA_protein_interface,-2.5,screen,PR_reference_interface|raw|250|0|variance|0.2|False,"{""algorithm"": ""Ridge"", ""alpha"": 1.0, ""class_weight"": ""balanced""}",76,76.0,0.6052631578947368,0.46169772256728775,0.4317048853439681,-0.04628584925531226,2,0.8979591836734694,0.6376811594202898,0.7457627118644068,69.0,0.556935817805383,0.9361443625526416,0.07407407407407407,0.2857142857142857,0.11764705882352941,7.0,0.556935817805383,0.2423939538066681,0.2857142857142857,0.3623188405797102,0.556935817805383,0.9361443625526416,44.0,25.0,5.0,2.0
RNA_protein_interface,-2.5,screen,PR_reference_interface|raw|all|0|variance|0.5|False,"{""algorithm"": ""Ridge"", ""alpha"": 1.0, ""class_weight"": ""balanced""}",76,76.0,0.5394736842105263,0.5538302277432712,0.4324727970983572,0.062351733499136704,2,0.925,0.5362318840579711,0.6788990825688074,69.0,0.5869565217391305,0.9426522799802062,0.1111111111111111,0.5714285714285714,0.18604651162790697,7.0,0.5869565217391304,0.15266114729695246,0.5714285714285714,0.46376811594202894,0.5869565217391305,0.9426522799802062,37.0,32.0,3.0,4.0
RNA_protein_interface,-2.5,screen,PR_reference_interface|raw|250|0|variance|0.5|False,"{""algorithm"": ""Ridge"", ""alpha"": 1.0, ""class_weight"": ""balanced""}",76,76.0,0.5394736842105263,0.5538302277432712,0.4324727970983572,0.062351733499136704,2,0.925,0.5362318840579711,0.6788990825688074,69.0,0.5869565217391305,0.9426522799802062,0.1111111111111111,0.5714285714285714,0.18604651162790697,7.0,0.5869565217391304,0.15266114729695246,0.5714285714285714,0.46376811594202894,0.5869565217391305,0.9426522799802062,37.0,32.0,3.0,4.0
RNA_protein_interface,-2.5,screen,PR_reference_interface|raw|all|0|variance|0.8|False,"{""algorithm"": ""Ridge"", ""alpha"": 1.0, ""class_weight"": ""balanced""}",76,76.0,0.5263157894736842,0.4824016563146998,0.4077922077922078,-0.02041970226588336,2,0.9024390243902439,0.5362318840579711,0.6727272727272727,69.0,0.5641821946169773,0.9348539348739172,0.08571428571428572,0.42857142857142855,0.14285714285714285,7.0,0.5641821946169772,0.17292239432203121,0.42857142857142855,0.46376811594202894,0.5641821946169773,0.9348539348739172,37.0,32.0,4.0,3.0
RNA_protein_interface,-2.5,screen,PR_reference_interface|raw|250|0|variance|0.8|False,"{""algorithm"": ""Ridge"", ""alpha"": 1.0, ""class_weight"": ""balanced""}",76,76.0,0.5263157894736842,0.4824016563146998,0.4077922077922078,-0.02041970226588336,2,0.9024390243902439,0.5362318840579711,0.6727272727272727,69.0,0.5641821946169773,0.9348539348739172,0.08571428571428572,0.42857142857142855,0.14285714285714285,7.0,0.5641821946169772,0.17292239432203121,0.42857142857142855,0.46376811594202894,0.5641821946169773,0.9348539348739172,37.0,32.0,4.0,3.0
RNA_protein_interface,-2.5,screen,PR_reference_interface|raw|25|0|variance|0.2|False,"{""algorithm"": ""Ridge"", ""alpha"": 1.0, ""class_weight"": ""balanced""}",76,76.0,0.618421052631579,0.5331262939958592,0.4617826617826618,0.03971703124896662,2,0.9166666666666666,0.6376811594202898,0.7521367521367521,69.0,0.5300207039337475,0.926309146216601,0.10714285714285714,0.42857142857142855,0.17142857142857143,7.0,0.5300207039337475,0.1145716133545148,0.42857142857142855,0.3623188405797102,0.5300207039337475,0.926309146216601,44.0,25.0,4.0,3.0
RNA_protein_interface,-2.5,screen,PR_reference_interface|raw|100|0|variance|0.2|False,"{""algorithm"": ""Ridge"", ""alpha"": 1.0, ""class_weight"": ""balanced""}",76,76.0,0.6052631578947368,0.46169772256728775,0.4317048853439681,-0.04628584925531226,2,0.8979591836734694,0.6376811594202898,0.7457627118644068,69.0,0.556935817805383,0.9361443625526416,0.07407407407407407,0.2857142857142857,0.11764705882352941,7.0,0.556935817805383,0.2423939538066681,0.2857142857142857,0.3623188405797102,0.556935817805383,0.9361443625526416,44.0,25.0,5.0,2.0
RNA_protein_interface,-2.5,screen,PR_reference_interface|raw|1000|0|variance|0.2|False,"{""algorithm"": ""Ridge"", ""alpha"": 1.0, ""class_weight"": ""balanced""}",76,76.0,0.6052631578947368,0.46169772256728775,0.4317048853439681,-0.04628584925531226,2,0.8979591836734694,0.6376811594202898,0.7457627118644068,69.0,0.556935817805383,0.9361443625526416,0.07407407407407407,0.2857142857142857,0.11764705882352941,7.0,0.556935817805383,0.2423939538066681,0.2857142857142857,0.3623188405797102,0.556935817805383,0.9361443625526416,44.0,25.0,5.0,2.0
RNA_protein_interface,-2.5,screen,PR_reference_interface|delta|all|0|variance|0.2|False,"{""algorithm"": ""Ridge"", ""alpha"": 1.0, ""class_weight"": ""balanced""}",76,76.0,0.6052631578947368,0.46169772256728775,0.4317048853439681,-0.04628584925531226,2,0.8979591836734694,0.6376811594202898,0.7457627118644068,69.0,0.556935817805383,0.9361443625526416,0.07407407407407407,0.2857142857142857,0.11764705882352941,7.0,0.556935817805383,0.2423939538066681,0.2857142857142857,0.3623188405797102,0.556935817805383,0.9361443625526416,44.0,25.0,5.0,2.0
RNA_protein_interface,-2.5,screen,PR_reference_interface|delta|250|0|variance|0.2|False,"{""algorithm"": ""Ridge"", ""alpha"": 1.0, ""class_weight"": ""balanced""}",76,76.0,0.6052631578947368,0.46169772256728775,0.4317048853439681,-0.04628584925531226,2,0.8979591836734694,0.6376811594202898,0.7457627118644068,69.0,0.556935817805383,0.9361443625526416,0.07407407407407407,0.2857142857142857,0.11764705882352941,7.0,0.556935817805383,0.2423939538066681,0.2857142857142857,0.3623188405797102,0.556935817805383,0.9361443625526416,44.0,25.0,5.0,2.0
RNA_protein_interface,-2.5,screen,PR_reference_interface|delta|all|0|variance|0.5|False,"{""algorithm"": ""Ridge"", ""alpha"": 1.0, ""class_weight"": ""balanced""}",76,76.0,0.5394736842105263,0.5538302277432712,0.4324727970983572,0.062351733499136704,2,0.925,0.5362318840579711,0.6788990825688074,69.0,0.5869565217391305,0.9426522799802062,0.1111111111111111,0.5714285714285714,0.18604651162790697,7.0,0.5869565217391304,0.15266114729695246,0.5714285714285714,0.46376811594202894,0.5869565217391305,0.9426522799802062,37.0,32.0,3.0,4.0
RNA_protein_interface,-2.5,screen,PR_reference_interface|delta|250|0|variance|0.5|False,"{""algorithm"": ""Ridge"", ""alpha"": 1.0, ""class_weight"": ""balanced""}",76,76.0,0.5394736842105263,0.5538302277432712,0.4324727970983572,0.062351733499136704,2,0.925,0.5362318840579711,0.6788990825688074,69.0,0.5869565217391305,0.9426522799802062,0.1111111111111111,0.5714285714285714,0.18604651162790697,7.0,0.5869565217391304,0.15266114729695246,0.5714285714285714,0.46376811594202894,0.5869565217391305,0.9426522799802062,37.0,32.0,3.0,4.0
RNA_protein_interface,-2.5,screen,PR_reference_interface|delta|all|0|variance|0.8|False,"{""algorithm"": ""Ridge"", ""alpha"": 1.0, ""class_weight"": ""balanced""}",76,76.0,0.5263157894736842,0.4824016563146998,0.4077922077922078,-0.02041970226588336,2,0.9024390243902439,0.5362318840579711,0.6727272727272727,69.0,0.5641821946169773,0.9348539348739172,0.08571428571428572,0.42857142857142855,0.14285714285714285,7.0,0.5641821946169772,0.17292239432203121,0.42857142857142855,0.46376811594202894,0.5641821946169773,0.9348539348739172,37.0,32.0,4.0,3.0
RNA_protein_interface,-2.5,screen,PR_reference_interface|delta|250|0|variance|0.8|False,"{""algorithm"": ""Ridge"", ""alpha"": 1.0, ""class_weight"": ""balanced""}",76,76.0,0.5263157894736842,0.4824016563146998,0.4077922077922078,-0.02041970226588336,2,0.9024390243902439,0.5362318840579711,0.6727272727272727,69.0,0.5641821946169773,0.9348539348739172,0.08571428571428572,0.42857142857142855,0.14285714285714285,7.0,0.5641821946169772,0.17292239432203121,0.42857142857142855,0.46376811594202894,0.5641821946169773,0.9348539348739172,37.0,32.0,4.0,3.0
RNA_protein_interface,-2.5,screen,PR_reference_interface|delta|25|0|variance|0.2|False,"{""algorithm"": ""Ridge"", ""alpha"": 1.0, ""class_weight"": ""balanced""}",76,76.0,0.618421052631579,0.5331262939958592,0.4617826617826618,0.03971703124896662,2,0.9166666666666666,0.6376811594202898,0.7521367521367521,69.0,0.5300207039337475,0.926309146216601,0.10714285714285714,0.42857142857142855,0.17142857142857143,7.0,0.5300207039337475,0.1145716133545148,0.42857142857142855,0.3623188405797102,0.5300207039337475,0.926309146216601,44.0,25.0,4.0,3.0
RNA_protein_interface,-2.5,screen,PR_reference_interface|delta|100|0|variance|0.2|False,"{""algorithm"": ""Ridge"", ""alpha"": 1.0, ""class_weight"": ""balanced""}",76,76.0,0.6052631578947368,0.46169772256728775,0.4317048853439681,-0.04628584925531226,2,0.8979591836734694,0.6376811594202898,0.7457627118644068,69.0,0.556935817805383,0.9361443625526416,0.07407407407407407,0.2857142857142857,0.11764705882352941,7.0,0.556935817805383,0.2423939538066681,0.2857142857142857,0.3623188405797102,0.556935817805383,0.9361443625526416,44.0,25.0,5.0,2.0
RNA_protein_interface,-2.5,screen,PR_reference_interface|delta|1000|0|variance|0.2|False,"{""algorithm"": ""Ridge"", ""alpha"": 1.0, ""class_weight"": ""balanced""}",76,76.0,0.6052631578947368,0.46169772256728775,0.4317048853439681,-0.04628584925531226,2,0.8979591836734694,0.6376811594202898,0.7457627118644068,69.0,0.556935817805383,0.9361443625526416,0.07407407407407407,0.2857142857142857,0.11764705882352941,7.0,0.556935817805383,0.2423939538066681,0.2857142857142857,0.3623188405797102,0.556935817805383,0.9361443625526416,44.0,25.0,5.0,2.0
RNA_protein_interface,-2.5,screen,PR_train_union_interface|raw|all|0|variance|0.2|False,"{""algorithm"": ""Ridge"", ""alpha"": 1.0, ""class_weight"": ""balanced""}",76,76.0,0.7763157894736842,0.5559006211180124,0.5303525990548892,0.08339890179813633,2,0.9193548387096774,0.8260869565217391,0.8702290076335878,69.0,0.7329192546583851,0.9661828602920381,0.14285714285714285,0.2857142857142857,0.19047619047619047,7.0,0.7329192546583851,0.36409987071751776,0.2857142857142857,0.17391304347826086,0.7329192546583851,0.9661828602920381,57.0,12.0,5.0,2.0
RNA_protein_interface,-2.5,screen,PR_train_union_interface|raw|250|0|variance|0.2|False,"{""algorithm"": ""Ridge"", ""alpha"": 1.0, ""class_weight"": ""balanced""}",76,76.0,0.7631578947368421,0.5486542443064182,0.5216783216783217,0.07069907725264316,2,0.9180327868852459,0.8115942028985508,0.8615384615384616,69.0,0.7204968944099379,0.9649057640190015,0.13333333333333333,0.2857142857142857,0.18181818181818182,7.0,0.7204968944099379,0.26147959183673464,0.2857142857142857,0.18840579710144922,0.7204968944099379,0.9649057640190015,56.0,13.0,5.0,2.0
RNA_protein_interface,-2.5,screen,PR_train_union_interface|raw|all|0|variance|0.5|False,"{""algorithm"": ""Ridge"", ""alpha"": 1.0, ""class_weight"": ""balanced""}",76,76.0,0.7105263157894737,0.6480331262939958,0.5431693989071038,0.18636339750916486,2,0.9433962264150944,0.7246376811594203,0.819672131147541,69.0,0.6563146997929608,0.9512055661517076,0.17391304347826086,0.5714285714285714,0.26666666666666666,7.0,0.6563146997929605,0.1864417639128807,0.5714285714285714,0.2753623188405797,0.6563146997929608,0.9512055661517076,50.0,19.0,3.0,4.0
RNA_protein_interface,-2.5,screen,PR_train_union_interface|raw|250|0|variance|0.5|False,"{""algorithm"": ""Ridge"", ""alpha"": 1.0, ""class_weight"": ""balanced""}",76,76.0,0.7105263157894737,0.6480331262939958,0.5431693989071038,0.18636339750916486,2,0.9433962264150944,0.7246376811594203,0.819672131147541,69.0,0.6563146997929608,0.9512055661517076,0.17391304347826086,0.5714285714285714,0.26666666666666666,7.0,0.6563146997929605,0.1864417639128807,0.5714285714285714,0.2753623188405797,0.6563146997929608,0.9512055661517076,50.0,19.0,3.0,4.0
RNA_protein_interface,-2.5,screen,PR_train_union_interface|raw|all|0|variance|0.8|False,"{""algorithm"": ""Ridge"", ""alpha"": 1.0, ""class_weight"": ""balanced""}",76,76.0,0.6052631578947368,0.525879917184265,0.4540229885057471,0.03081190253209441,2,0.9148936170212766,0.6231884057971014,0.7413793103448276,69.0,0.629399585921325,0.9479162560260751,0.10344827586206896,0.42857142857142855,0.16666666666666666,7.0,0.629399585921325,0.19122661929265702,0.42857142857142855,0.37681159420289856,0.629399585921325,0.9479162560260751,43.0,26.0,4.0,3.0
RNA_protein_interface,-2.5,screen,PR_train_union_interface|raw|250|0|variance|0.8|False,"{""algorithm"": ""Ridge"", ""alpha"": 1.0, ""class_weight"": ""balanced""}",76,76.0,0.6052631578947368,0.525879917184265,0.4540229885057471,0.03081190253209441,2,0.9148936170212766,0.6231884057971014,0.7413793103448276,69.0,0.629399585921325,0.9479162560260751,0.10344827586206896,0.42857142857142855,0.16666666666666666,7.0,0.629399585921325,0.19122661929265702,0.42857142857142855,0.37681159420289856,0.629399585921325,0.9479162560260751,43.0,26.0,4.0,3.0
RNA_protein_interface,-2.5,screen,PR_train_union_interface|raw|25|0|variance|0.2|False,"{""algorithm"": ""Ridge"", ""alpha"": 1.0, ""class_weight"": ""balanced""}",76,76.0,0.6447368421052632,0.5476190476190476,0.4774637127578304,0.058051385598996426,2,0.92,0.6666666666666666,0.773109243697479,69.0,0.5403726708074534,0.9289601936083688,0.11538461538461539,0.42857142857142855,0.18181818181818182,7.0,0.5403726708074534,0.11714863460037069,0.42857142857142855,0.33333333333333337,0.5403726708074534,0.9289601936083688,46.0,23.0,4.0,3.0
RNA_protein_interface,-2.5,screen,PR_train_union_interface|raw|100|0|variance|0.2|False,"{""algorithm"": ""Ridge"", ""alpha"": 1.0, ""class_weight"": ""balanced""}",76,76.0,0.7236842105263158,0.5910973084886129,0.5271111111111111,0.1196465266270813,2,0.9285714285714286,0.7536231884057971,0.832,69.0,0.6501035196687371,0.9523780340765742,0.15,0.42857142857142855,0.2222222222222222,7.0,0.650103519668737,0.27701559911614665,0.42857142857142855,0.24637681159420288,0.6501035196687371,0.9523780340765742,52.0,17.0,4.0,3.0
RNA_protein_interface,-2.5,screen,PR_train_union_interface|raw|1000|0|variance|0.2|False,"{""algorithm"": ""Ridge"", ""alpha"": 1.0, ""class_weight"": ""balanced""}",76,76.0,0.7763157894736842,0.5559006211180124,0.5303525990548892,0.08339890179813633,2,0.9193548387096774,0.8260869565217391,0.8702290076335878,69.0,0.7329192546583851,0.9661828602920381,0.14285714285714285,0.2857142857142857,0.19047619047619047,7.0,0.7329192546583851,0.36409987071751776,0.2857142857142857,0.17391304347826086,0.7329192546583851,0.9661828602920381,57.0,12.0,5.0,2.0
RNA_protein_interface,-2.5,screen,PR_train_union_interface|delta|all|0|variance|0.2|False,"{""algorithm"": ""Ridge"", ""alpha"": 1.0, ""class_weight"": ""balanced""}",76,76.0,0.7763157894736842,0.5559006211180124,0.5303525990548892,0.08339890179813633,2,0.9193548387096774,0.8260869565217391,0.8702290076335878,69.0,0.7329192546583851,0.9661828602920381,0.14285714285714285,0.2857142857142857,0.19047619047619047,7.0,0.7329192546583851,0.36409987071751776,0.2857142857142857,0.17391304347826086,0.7329192546583851,0.9661828602920381,57.0,12.0,5.0,2.0
RNA_protein_interface,-2.5,screen,PR_train_union_interface|delta|250|0|variance|0.2|False,"{""algorithm"": ""Ridge"", ""alpha"": 1.0, ""class_weight"": ""balanced""}",76,76.0,0.7631578947368421,0.5486542443064182,0.5216783216783217,0.07069907725264316,2,0.9180327868852459,0.8115942028985508,0.8615384615384616,69.0,0.7204968944099379,0.9649057640190015,0.13333333333333333,0.2857142857142857,0.18181818181818182,7.0,0.7204968944099379,0.26147959183673464,0.2857142857142857,0.18840579710144922,0.7204968944099379,0.9649057640190015,56.0,13.0,5.0,2.0
RNA_protein_interface,-2.5,screen,PR_train_union_interface|delta|all|0|variance|0.5|False,"{""algorithm"": ""Ridge"", ""alpha"": 1.0, ""class_weight"": ""balanced""}",76,76.0,0.7105263157894737,0.6480331262939958,0.5431693989071038,0.18636339750916486,2,0.9433962264150944,0.7246376811594203,0.819672131147541,69.0,0.6563146997929608,0.9512055661517076,0.17391304347826086,0.5714285714285714,0.26666666666666666,7.0,0.6563146997929605,0.1864417639128807,0.5714285714285714,0.2753623188405797,0.6563146997929608,0.9512055661517076,50.0,19.0,3.0,4.0
RNA_protein_interface,-2.5,screen,PR_train_union_interface|delta|250|0|variance|0.5|False,"{""algorithm"": ""Ridge"", ""alpha"": 1.0, ""class_weight"": ""balanced""}",76,76.0,0.7105263157894737,0.6480331262939958,0.5431693989071038,0.18636339750916486,2,0.9433962264150944,0.7246376811594203,0.819672131147541,69.0,0.6563146997929608,0.9512055661517076,0.17391304347826086,0.5714285714285714,0.26666666666666666,7.0,0.6563146997929605,0.1864417639128807,0.5714285714285714,0.2753623188405797,0.6563146997929608,0.9512055661517076,50.0,19.0,3.0,4.0
RNA_protein_interface,-2.5,screen,PR_train_union_interface|delta|all|0|variance|0.8|False,"{""algorithm"": ""Ridge"", ""alpha"": 1.0, ""class_weight"": ""balanced""}",76,76.0,0.6052631578947368,0.525879917184265,0.4540229885057471,0.03081190253209441,2,0.9148936170212766,0.6231884057971014,0.7413793103448276,69.0,0.629399585921325,0.9479162560260751,0.10344827586206896,0.42857142857142855,0.16666666666666666,7.0,0.629399585921325,0.19122661929265702,0.42857142857142855,0.37681159420289856,0.629399585921325,0.9479162560260751,43.0,26.0,4.0,3.0
RNA_protein_interface,-2.5,screen,PR_train_union_interface|delta|250|0|variance|0.8|False,"{""algorithm"": ""Ridge"", ""alpha"": 1.0, ""class_weight"": ""balanced""}",76,76.0,0.6052631578947368,0.525879917184265,0.4540229885057471,0.03081190253209441,2,0.9148936170212766,0.6231884057971014,0.7413793103448276,69.0,0.629399585921325,0.9479162560260751,0.10344827586206896,0.42857142857142855,0.16666666666666666,7.0,0.629399585921325,0.19122661929265702,0.42857142857142855,0.37681159420289856,0.629399585921325,0.9479162560260751,43.0,26.0,4.0,3.0
RNA_protein_interface,-2.5,screen,PR_train_union_interface|delta|25|0|variance|0.2|False,"{""algorithm"": ""Ridge"", ""alpha"": 1.0, ""class_weight"": ""balanced""}",76,76.0,0.6447368421052632,0.5476190476190476,0.4774637127578304,0.058051385598996426,2,0.92,0.6666666666666666,0.773109243697479,69.0,0.5403726708074534,0.9289601936083688,0.11538461538461539,0.42857142857142855,0.18181818181818182,7.0,0.5403726708074534,0.11714863460037069,0.42857142857142855,0.33333333333333337,0.5403726708074534,0.9289601936083688,46.0,23.0,4.0,3.0
RNA_protein_interface,-2.5,screen,PR_train_union_interface|delta|100|0|variance|0.2|False,"{""algorithm"": ""Ridge"", ""alpha"": 1.0, ""class_weight"": ""balanced""}",76,76.0,0.7236842105263158,0.5910973084886129,0.5271111111111111,0.1196465266270813,2,0.9285714285714286,0.7536231884057971,0.832,69.0,0.6501035196687371,0.9523780340765742,0.15,0.42857142857142855,0.2222222222222222,7.0,0.650103519668737,0.27701559911614665,0.42857142857142855,0.24637681159420288,0.6501035196687371,0.9523780340765742,52.0,17.0,4.0,3.0
RNA_protein_interface,-2.5,screen,PR_train_union_interface|delta|1000|0|variance|0.2|False,"{""algorithm"": ""Ridge"", ""alpha"": 1.0, ""class_weight"": ""balanced""}",76,76.0,0.7763157894736842,0.5559006211180124,0.5303525990548892,0.08339890179813633,2,0.9193548387096774,0.8260869565217391,0.8702290076335878,69.0,0.7329192546583851,0.9661828602920381,0.14285714285714285,0.2857142857142857,0.19047619047619047,7.0,0.7329192546583851,0.36409987071751776,0.2857142857142857,0.17391304347826086,0.7329192546583851,0.9661828602920381,57.0,12.0,5.0,2.0
all_PR,-5.0,screen,full_PR|raw|all|0|variance|0|False,"{""algorithm"": ""Ridge"", ""alpha"": 1.0, ""class_weight"": ""balanced""}",76,76.0,0.7631578947368421,0.6590229312063809,0.6590229312063809,0.3180458624127617,2,0.847457627118644,0.847457627118644,0.847457627118644,59.0,0.6570289132602194,0.8727238468076567,0.47058823529411764,0.47058823529411764,0.47058823529411764,17.0,0.6570289132602193,0.3653746363011367,0.47058823529411764,0.15254237288135597,0.6570289132602194,0.8727238468076567,50.0,9.0,9.0,8.0
high_variance_PR,-5.0,screen,full_PR|raw|25|0|variance|0|False,"{""algorithm"": ""Ridge"", ""alpha"": 1.0, ""class_weight"": ""balanced""}",76,76.0,0.631578947368421,0.5742771684945165,0.5521885521885521,0.1293468568664463,2,0.8163265306122449,0.6779661016949152,0.7407407407407407,59.0,0.6076769690927218,0.8540320790011107,0.2962962962962963,0.47058823529411764,0.36363636363636365,17.0,0.6076769690927218,0.30928387117063516,0.47058823529411764,0.3220338983050848,0.6076769690927218,0.8540320790011107,40.0,19.0,9.0,8.0
high_variance_PR,-5.0,screen,full_PR|raw|100|0|variance|0|False,"{""algorithm"": ""Ridge"", ""alpha"": 1.0, ""class_weight"": ""balanced""}",76,76.0,0.7236842105263158,0.6754735792622133,0.6493078444297957,0.3146189695394559,2,0.8653846153846154,0.7627118644067796,0.8108108108108109,59.0,0.6899302093718844,0.9008598053728464,0.4166666666666667,0.5882352941176471,0.4878048780487805,17.0,0.6899302093718843,0.32527477938158794,0.5882352941176471,0.23728813559322037,0.6899302093718844,0.9008598053728464,45.0,14.0,7.0,10.0
high_variance_PR,-5.0,screen,full_PR|raw|250|0|variance|0|False,"{""algorithm"": ""Ridge"", ""alpha"": 1.0, ""class_weight"": ""balanced""}",76,76.0,0.6973684210526315,0.6166500498504486,0.6033582936237804,0.21436662506343154,2,0.8333333333333334,0.7627118644067796,0.7964601769911505,59.0,0.6879361914257228,0.8984651929921189,0.36363636363636365,0.47058823529411764,0.41025641025641024,17.0,0.6879361914257227,0.3380337334512348,0.47058823529411764,0.23728813559322037,0.6879361914257228,0.8984651929921189,45.0,14.0,9.0,8.0
high_variance_PR,-5.0,screen,full_PR|raw|1000|0|variance|0|False,"{""algorithm"": ""Ridge"", ""alpha"": 1.0, ""class_weight"": ""balanced""}",76,76.0,0.7631578947368421,0.6590229312063809,0.6590229312063809,0.3180458624127617,2,0.847457627118644,0.847457627118644,0.847457627118644,59.0,0.6570289132602194,0.8727238468076567,0.47058823529411764,0.47058823529411764,0.47058823529411764,17.0,0.6570289132602193,0.3653746363011367,0.47058823529411764,0.15254237288135597,0.6570289132602194,0.8727238468076567,50.0,9.0,9.0,8.0
all_PR,-5.0,screen,full_PR|delta|all|0|variance|0|False,"{""algorithm"": ""Ridge"", ""alpha"": 1.0, ""class_weight"": ""balanced""}",76,76.0,0.7631578947368421,0.6590229312063809,0.6590229312063809,0.3180458624127617,2,0.847457627118644,0.847457627118644,0.847457627118644,59.0,0.6570289132602194,0.8727238468076567,0.47058823529411764,0.47058823529411764,0.47058823529411764,17.0,0.6570289132602193,0.3653746363011367,0.47058823529411764,0.15254237288135597,0.6570289132602194,0.8727238468076567,50.0,9.0,9.0,8.0
high_variance_PR,-5.0,screen,full_PR|delta|25|0|variance|0|False,"{""algorithm"": ""Ridge"", ""alpha"": 1.0, ""class_weight"": ""balanced""}",76,76.0,0.631578947368421,0.5742771684945165,0.5521885521885521,0.1293468568664463,2,0.8163265306122449,0.6779661016949152,0.7407407407407407,59.0,0.6076769690927218,0.8540320790011107,0.2962962962962963,0.47058823529411764,0.36363636363636365,17.0,0.6076769690927218,0.30928387117063516,0.47058823529411764,0.3220338983050848,0.6076769690927218,0.8540320790011107,40.0,19.0,9.0,8.0
high_variance_PR,-5.0,screen,full_PR|delta|100|0|variance|0|False,"{""algorithm"": ""Ridge"", ""alpha"": 1.0, ""class_weight"": ""balanced""}",76,76.0,0.7236842105263158,0.6754735792622133,0.6493078444297957,0.3146189695394559,2,0.8653846153846154,0.7627118644067796,0.8108108108108109,59.0,0.6899302093718844,0.9008598053728464,0.4166666666666667,0.5882352941176471,0.4878048780487805,17.0,0.6899302093718843,0.32527477938158794,0.5882352941176471,0.23728813559322037,0.6899302093718844,0.9008598053728464,45.0,14.0,7.0,10.0
high_variance_PR,-5.0,screen,full_PR|delta|250|0|variance|0|False,"{""algorithm"": ""Ridge"", ""alpha"": 1.0, ""class_weight"": ""balanced""}",76,76.0,0.6973684210526315,0.6166500498504486,0.6033582936237804,0.21436662506343154,2,0.8333333333333334,0.7627118644067796,0.7964601769911505,59.0,0.6879361914257228,0.8984651929921189,0.36363636363636365,0.47058823529411764,0.41025641025641024,17.0,0.6879361914257227,0.3380337334512348,0.47058823529411764,0.23728813559322037,0.6879361914257228,0.8984651929921189,45.0,14.0,9.0,8.0
high_variance_PR,-5.0,screen,full_PR|delta|1000|0|variance|0|False,"{""algorithm"": ""Ridge"", ""alpha"": 1.0, ""class_weight"": ""balanced""}",76,76.0,0.7631578947368421,0.6590229312063809,0.6590229312063809,0.3180458624127617,2,0.847457627118644,0.847457627118644,0.847457627118644,59.0,0.6570289132602194,0.8727238468076567,0.47058823529411764,0.47058823529411764,0.47058823529411764,17.0,0.6570289132602193,0.3653746363011367,0.47058823529411764,0.15254237288135597,0.6570289132602194,0.8727238468076567,50.0,9.0,9.0,8.0
RNA_protein_interface,-5.0,screen,PR_reference_interface|raw|all|0|variance|0.2|False,"{""algorithm"": ""Ridge"", ""alpha"": 1.0, ""class_weight"": ""balanced""}",76,76.0,0.6973684210526315,0.6375872382851446,0.6159085915183476,0.24668987384343702,2,0.8461538461538461,0.7457627118644068,0.7927927927927928,59.0,0.6650049850448654,0.8537991438197026,0.375,0.5294117647058824,0.43902439024390244,17.0,0.6650049850448654,0.4417483306824008,0.5294117647058824,0.2542372881355932,0.6650049850448654,0.8537991438197026,44.0,15.0,8.0,9.0
RNA_protein_interface,-5.0,screen,PR_reference_interface|raw|250|0|variance|0.2|False,"{""algorithm"": ""Ridge"", ""alpha"": 1.0, ""class_weight"": ""balanced""}",76,76.0,0.6973684210526315,0.6375872382851446,0.6159085915183476,0.24668987384343702,2,0.8461538461538461,0.7457627118644068,0.7927927927927928,59.0,0.6650049850448654,0.8537991438197026,0.375,0.5294117647058824,0.43902439024390244,17.0,0.6650049850448654,0.4417483306824008,0.5294117647058824,0.2542372881355932,0.6650049850448654,0.8537991438197026,44.0,15.0,8.0,9.0
RNA_protein_interface,-5.0,screen,PR_reference_interface|raw|all|0|variance|0.5|False,"{""algorithm"": ""Ridge"", ""alpha"": 1.0, ""class_weight"": ""balanced""}",76,76.0,0.6842105263157895,0.6081754735792622,0.5928571428571429,0.1962489828660616,2,0.8301886792452831,0.7457627118644068,0.7857142857142857,59.0,0.6410767696909272,0.8741016528944536,0.34782608695652173,0.47058823529411764,0.4,17.0,0.6410767696909272,0.33448108492596756,0.47058823529411764,0.2542372881355932,0.6410767696909272,0.8741016528944536,44.0,15.0,9.0,8.0
RNA_protein_interface,-5.0,screen,PR_reference_interface|raw|250|0|variance|0.5|False,"{""algorithm"": ""Ridge"", ""alpha"": 1.0, ""class_weight"": ""balanced""}",76,76.0,0.6842105263157895,0.6081754735792622,0.5928571428571429,0.1962489828660616,2,0.8301886792452831,0.7457627118644068,0.7857142857142857,59.0,0.6410767696909272,0.8741016528944536,0.34782608695652173,0.47058823529411764,0.4,17.0,0.6410767696909272,0.33448108492596756,0.47058823529411764,0.2542372881355932,0.6410767696909272,0.8741016528944536,44.0,15.0,9.0,8.0
RNA_protein_interface,-5.0,screen,PR_reference_interface|raw|all|0|variance|0.8|False,"{""algorithm"": ""Ridge"", ""alpha"": 1.0, ""class_weight"": ""balanced""}",76,76.0,0.6842105263157895,0.6081754735792622,0.5928571428571429,0.1962489828660616,2,0.8301886792452831,0.7457627118644068,0.7857142857142857,59.0,0.6291126620139581,0.8578339263885867,0.34782608695652173,0.47058823529411764,0.4,17.0,0.6291126620139582,0.3419440678251333,0.47058823529411764,0.2542372881355932,0.6291126620139581,0.8578339263885867,44.0,15.0,9.0,8.0
RNA_protein_interface,-5.0,screen,PR_reference_interface|raw|250|0|variance|0.8|False,"{""algorithm"": ""Ridge"", ""alpha"": 1.0, ""class_weight"": ""balanced""}",76,76.0,0.6842105263157895,0.6081754735792622,0.5928571428571429,0.1962489828660616,2,0.8301886792452831,0.7457627118644068,0.7857142857142857,59.0,0.6291126620139581,0.8578339263885867,0.34782608695652173,0.47058823529411764,0.4,17.0,0.6291126620139582,0.3419440678251333,0.47058823529411764,0.2542372881355932,0.6291126620139581,0.8578339263885867,44.0,15.0,9.0,8.0
RNA_protein_interface,-5.0,screen,PR_reference_interface|raw|25|0|variance|0.2|False,"{""algorithm"": ""Ridge"", ""alpha"": 1.0, ""class_weight"": ""balanced""}",76,76.0,0.631578947368421,0.5742771684945165,0.5521885521885521,0.1293468568664463,2,0.8163265306122449,0.6779661016949152,0.7407407407407407,59.0,0.5942173479561316,0.8470243734586741,0.2962962962962963,0.47058823529411764,0.36363636363636365,17.0,0.5942173479561316,0.2973808669856414,0.47058823529411764,0.3220338983050848,0.5942173479561316,0.8470243734586741,40.0,19.0,9.0,8.0
RNA_protein_interface,-5.0,screen,PR_reference_interface|raw|100|0|variance|0.2|False,"{""algorithm"": ""Ridge"", ""alpha"": 1.0, ""class_weight"": ""balanced""}",76,76.0,0.6973684210526315,0.6375872382851446,0.6159085915183476,0.24668987384343702,2,0.8461538461538461,0.7457627118644068,0.7927927927927928,59.0,0.6650049850448654,0.8537991438197026,0.375,0.5294117647058824,0.43902439024390244,17.0,0.6650049850448654,0.4417483306824008,0.5294117647058824,0.2542372881355932,0.6650049850448654,0.8537991438197026,44.0,15.0,8.0,9.0
RNA_protein_interface,-5.0,screen,PR_reference_interface|raw|1000|0|variance|0.2|False,"{""algorithm"": ""Ridge"", ""alpha"": 1.0, ""class_weight"": ""balanced""}",76,76.0,0.6973684210526315,0.6375872382851446,0.6159085915183476,0.24668987384343702,2,0.8461538461538461,0.7457627118644068,0.7927927927927928,59.0,0.6650049850448654,0.8537991438197026,0.375,0.5294117647058824,0.43902439024390244,17.0,0.6650049850448654,0.4417483306824008,0.5294117647058824,0.2542372881355932,0.6650049850448654,0.8537991438197026,44.0,15.0,8.0,9.0
RNA_protein_interface,-5.0,screen,PR_reference_interface|delta|all|0|variance|0.2|False,"{""algorithm"": ""Ridge"", ""alpha"": 1.0, ""class_weight"": ""balanced""}",76,76.0,0.6973684210526315,0.6375872382851446,0.6159085915183476,0.24668987384343702,2,0.8461538461538461,0.7457627118644068,0.7927927927927928,59.0,0.6650049850448654,0.8537991438197026,0.375,0.5294117647058824,0.43902439024390244,17.0,0.6650049850448654,0.4417483306824008,0.5294117647058824,0.2542372881355932,0.6650049850448654,0.8537991438197026,44.0,15.0,8.0,9.0
RNA_protein_interface,-5.0,screen,PR_reference_interface|delta|250|0|variance|0.2|False,"{""algorithm"": ""Ridge"", ""alpha"": 1.0, ""class_weight"": ""balanced""}",76,76.0,0.6973684210526315,0.6375872382851446,0.6159085915183476,0.24668987384343702,2,0.8461538461538461,0.7457627118644068,0.7927927927927928,59.0,0.6650049850448654,0.8537991438197026,0.375,0.5294117647058824,0.43902439024390244,17.0,0.6650049850448654,0.4417483306824008,0.5294117647058824,0.2542372881355932,0.6650049850448654,0.8537991438197026,44.0,15.0,8.0,9.0
RNA_protein_interface,-5.0,screen,PR_reference_interface|delta|all|0|variance|0.5|False,"{""algorithm"": ""Ridge"", ""alpha"": 1.0, ""class_weight"": ""balanced""}",76,76.0,0.6842105263157895,0.6081754735792622,0.5928571428571429,0.1962489828660616,2,0.8301886792452831,0.7457627118644068,0.7857142857142857,59.0,0.6410767696909272,0.8741016528944536,0.34782608695652173,0.47058823529411764,0.4,17.0,0.6410767696909272,0.33448108492596756,0.47058823529411764,0.2542372881355932,0.6410767696909272,0.8741016528944536,44.0,15.0,9.0,8.0
RNA_protein_interface,-5.0,screen,PR_reference_interface|delta|250|0|variance|0.5|False,"{""algorithm"": ""Ridge"", ""alpha"": 1.0, ""class_weight"": ""balanced""}",76,76.0,0.6842105263157895,0.6081754735792622,0.5928571428571429,0.1962489828660616,2,0.8301886792452831,0.7457627118644068,0.7857142857142857,59.0,0.6410767696909272,0.8741016528944536,0.34782608695652173,0.47058823529411764,0.4,17.0,0.6410767696909272,0.33448108492596756,0.47058823529411764,0.2542372881355932,0.6410767696909272,0.8741016528944536,44.0,15.0,9.0,8.0
RNA_protein_interface,-5.0,screen,PR_reference_interface|delta|all|0|variance|0.8|False,"{""algorithm"": ""Ridge"", ""alpha"": 1.0, ""class_weight"": ""balanced""}",76,76.0,0.6842105263157895,0.6081754735792622,0.5928571428571429,0.1962489828660616,2,0.8301886792452831,0.7457627118644068,0.7857142857142857,59.0,0.6291126620139581,0.8578339263885867,0.34782608695652173,0.47058823529411764,0.4,17.0,0.6291126620139582,0.3419440678251333,0.47058823529411764,0.2542372881355932,0.6291126620139581,0.8578339263885867,44.0,15.0,9.0,8.0
RNA_protein_interface,-5.0,screen,PR_reference_interface|delta|250|0|variance|0.8|False,"{""algorithm"": ""Ridge"", ""alpha"": 1.0, ""class_weight"": ""balanced""}",76,76.0,0.6842105263157895,0.6081754735792622,0.5928571428571429,0.1962489828660616,2,0.8301886792452831,0.7457627118644068,0.7857142857142857,59.0,0.6291126620139581,0.8578339263885867,0.34782608695652173,0.47058823529411764,0.4,17.0,0.6291126620139582,0.3419440678251333,0.47058823529411764,0.2542372881355932,0.6291126620139581,0.8578339263885867,44.0,15.0,9.0,8.0
RNA_protein_interface,-5.0,screen,PR_reference_interface|delta|25|0|variance|0.2|False,"{""algorithm"": ""Ridge"", ""alpha"": 1.0, ""class_weight"": ""balanced""}",76,76.0,0.631578947368421,0.5742771684945165,0.5521885521885521,0.1293468568664463,2,0.8163265306122449,0.6779661016949152,0.7407407407407407,59.0,0.5942173479561316,0.8470243734586741,0.2962962962962963,0.47058823529411764,0.36363636363636365,17.0,0.5942173479561316,0.2973808669856414,0.47058823529411764,0.3220338983050848,0.5942173479561316,0.8470243734586741,40.0,19.0,9.0,8.0
RNA_protein_interface,-5.0,screen,PR_reference_interface|delta|100|0|variance|0.2|False,"{""algorithm"": ""Ridge"", ""alpha"": 1.0, ""class_weight"": ""balanced""}",76,76.0,0.6973684210526315,0.6375872382851446,0.6159085915183476,0.24668987384343702,2,0.8461538461538461,0.7457627118644068,0.7927927927927928,59.0,0.6650049850448654,0.8537991438197026,0.375,0.5294117647058824,0.43902439024390244,17.0,0.6650049850448654,0.4417483306824008,0.5294117647058824,0.2542372881355932,0.6650049850448654,0.8537991438197026,44.0,15.0,8.0,9.0
RNA_protein_interface,-5.0,screen,PR_reference_interface|delta|1000|0|variance|0.2|False,"{""algorithm"": ""Ridge"", ""alpha"": 1.0, ""class_weight"": ""balanced""}",76,76.0,0.6973684210526315,0.6375872382851446,0.6159085915183476,0.24668987384343702,2,0.8461538461538461,0.7457627118644068,0.7927927927927928,59.0,0.6650049850448654,0.8537991438197026,0.375,0.5294117647058824,0.43902439024390244,17.0,0.6650049850448654,0.4417483306824008,0.5294117647058824,0.2542372881355932,0.6650049850448654,0.8537991438197026,44.0,15.0,8.0,9.0
RNA_protein_interface,-5.0,screen,PR_train_union_interface|raw|all|0|variance|0.2|False,"{""algorithm"": ""Ridge"", ""alpha"": 1.0, ""class_weight"": ""balanced""}",76,76.0,0.6973684210526315,0.6166500498504486,0.6033582936237804,0.21436662506343154,2,0.8333333333333334,0.7627118644067796,0.7964601769911505,59.0,0.6809571286141576,0.8910434786846118,0.36363636363636365,0.47058823529411764,0.41025641025641024,17.0,0.6809571286141576,0.34620749917089677,0.47058823529411764,0.23728813559322037,0.6809571286141576,0.8910434786846118,45.0,14.0,9.0,8.0
RNA_protein_interface,-5.0,screen,PR_train_union_interface|raw|250|0|variance|0.2|False,"{""algorithm"": ""Ridge"", ""alpha"": 1.0, ""class_weight"": ""balanced""}",76,76.0,0.6973684210526315,0.6166500498504486,0.6033582936237804,0.21436662506343154,2,0.8333333333333334,0.7627118644067796,0.7964601769911505,59.0,0.6799601196410767,0.8962713647815518,0.36363636363636365,0.47058823529411764,0.41025641025641024,17.0,0.6799601196410767,0.3325330709056972,0.47058823529411764,0.23728813559322037,0.6799601196410767,0.8962713647815518,45.0,14.0,9.0,8.0
RNA_protein_interface,-5.0,screen,PR_train_union_interface|raw|all|0|variance|0.5|False,"{""algorithm"": ""Ridge"", ""alpha"": 1.0, ""class_weight"": ""balanced""}",76,76.0,0.6973684210526315,0.6166500498504486,0.6033582936237804,0.21436662506343154,2,0.8333333333333334,0.7627118644067796,0.7964601769911505,59.0,0.6839481555333999,0.8949028900810185,0.36363636363636365,0.47058823529411764,0.41025641025641024,17.0,0.6839481555333998,0.33581669882396004,0.47058823529411764,0.23728813559322037,0.6839481555333999,0.8949028900810185,45.0,14.0,9.0,8.0
RNA_protein_interface,-5.0,screen,PR_train_union_interface|raw|250|0|variance|0.5|False,"{""algorithm"": ""Ridge"", ""alpha"": 1.0, ""class_weight"": ""balanced""}",76,76.0,0.6973684210526315,0.6166500498504486,0.6033582936237804,0.21436662506343154,2,0.8333333333333334,0.7627118644067796,0.7964601769911505,59.0,0.6839481555333999,0.8949028900810185,0.36363636363636365,0.47058823529411764,0.41025641025641024,17.0,0.6839481555333998,0.33581669882396004,0.47058823529411764,0.23728813559322037,0.6839481555333999,0.8949028900810185,45.0,14.0,9.0,8.0
RNA_protein_interface,-5.0,screen,PR_train_union_interface|raw|all|0|variance|0.8|False,"{""algorithm"": ""Ridge"", ""alpha"": 1.0, ""class_weight"": ""balanced""}",76,76.0,0.7236842105263158,0.6754735792622133,0.6493078444297957,0.3146189695394559,2,0.8653846153846154,0.7627118644067796,0.8108108108108109,59.0,0.6679960119641076,0.8850030258071555,0.4166666666666667,0.5882352941176471,0.4878048780487805,17.0,0.6679960119641077,0.31803781248885227,0.5882352941176471,0.23728813559322037,0.6679960119641076,0.8850030258071555,45.0,14.0,7.0,10.0
RNA_protein_interface,-5.0,screen,PR_train_union_interface|raw|250|0|variance|0.8|False,"{""algorithm"": ""Ridge"", ""alpha"": 1.0, ""class_weight"": ""balanced""}",76,76.0,0.7236842105263158,0.6754735792622133,0.6493078444297957,0.3146189695394559,2,0.8653846153846154,0.7627118644067796,0.8108108108108109,59.0,0.6679960119641076,0.8850030258071555,0.4166666666666667,0.5882352941176471,0.4878048780487805,17.0,0.6679960119641077,0.31803781248885227,0.5882352941176471,0.23728813559322037,0.6679960119641076,0.8850030258071555,45.0,14.0,7.0,10.0
RNA_protein_interface,-5.0,screen,PR_train_union_interface|raw|25|0|variance|0.2|False,"{""algorithm"": ""Ridge"", ""alpha"": 1.0, ""class_weight"": ""balanced""}",76,76.0,0.631578947368421,0.5742771684945165,0.5521885521885521,0.1293468568664463,2,0.8163265306122449,0.6779661016949152,0.7407407407407407,59.0,0.6076769690927218,0.8540320790011107,0.2962962962962963,0.47058823529411764,0.36363636363636365,17.0,0.6076769690927218,0.30928387117063516,0.47058823529411764,0.3220338983050848,0.6076769690927218,0.8540320790011107,40.0,19.0,9.0,8.0
RNA_protein_interface,-5.0,screen,PR_train_union_interface|raw|100|0|variance|0.2|False,"{""algorithm"": ""Ridge"", ""alpha"": 1.0, ""class_weight"": ""balanced""}",76,76.0,0.7236842105263158,0.6754735792622133,0.6493078444297957,0.3146189695394559,2,0.8653846153846154,0.7627118644067796,0.8108108108108109,59.0,0.6899302093718844,0.9008598053728464,0.4166666666666667,0.5882352941176471,0.4878048780487805,17.0,0.6899302093718843,0.32527477938158794,0.5882352941176471,0.23728813559322037,0.6899302093718844,0.9008598053728464,45.0,14.0,7.0,10.0
RNA_protein_interface,-5.0,screen,PR_train_union_interface|raw|1000|0|variance|0.2|False,"{""algorithm"": ""Ridge"", ""alpha"": 1.0, ""class_weight"": ""balanced""}",76,76.0,0.6973684210526315,0.6166500498504486,0.6033582936237804,0.21436662506343154,2,0.8333333333333334,0.7627118644067796,0.7964601769911505,59.0,0.6809571286141576,0.8910434786846118,0.36363636363636365,0.47058823529411764,0.41025641025641024,17.0,0.6809571286141576,0.34620749917089677,0.47058823529411764,0.23728813559322037,0.6809571286141576,0.8910434786846118,45.0,14.0,9.0,8.0
RNA_protein_interface,-5.0,screen,PR_train_union_interface|delta|all|0|variance|0.2|False,"{""algorithm"": ""Ridge"", ""alpha"": 1.0, ""class_weight"": ""balanced""}",76,76.0,0.6973684210526315,0.6166500498504486,0.6033582936237804,0.21436662506343154,2,0.8333333333333334,0.7627118644067796,0.7964601769911505,59.0,0.6809571286141576,0.8910434786846118,0.36363636363636365,0.47058823529411764,0.41025641025641024,17.0,0.6809571286141576,0.34620749917089677,0.47058823529411764,0.23728813559322037,0.6809571286141576,0.8910434786846118,45.0,14.0,9.0,8.0
RNA_protein_interface,-5.0,screen,PR_train_union_interface|delta|250|0|variance|0.2|False,"{""algorithm"": ""Ridge"", ""alpha"": 1.0, ""class_weight"": ""balanced""}",76,76.0,0.6973684210526315,0.6166500498504486,0.6033582936237804,0.21436662506343154,2,0.8333333333333334,0.7627118644067796,0.7964601769911505,59.0,0.6799601196410767,0.8962713647815518,0.36363636363636365,0.47058823529411764,0.41025641025641024,17.0,0.6799601196410767,0.3325330709056972,0.47058823529411764,0.23728813559322037,0.6799601196410767,0.8962713647815518,45.0,14.0,9.0,8.0
RNA_protein_interface,-5.0,screen,PR_train_union_interface|delta|all|0|variance|0.5|False,"{""algorithm"": ""Ridge"", ""alpha"": 1.0, ""class_weight"": ""balanced""}",76,76.0,0.6973684210526315,0.6166500498504486,0.6033582936237804,0.21436662506343154,2,0.8333333333333334,0.7627118644067796,0.7964601769911505,59.0,0.6839481555333999,0.8949028900810185,0.36363636363636365,0.47058823529411764,0.41025641025641024,17.0,0.6839481555333998,0.33581669882396004,0.47058823529411764,0.23728813559322037,0.6839481555333999,0.8949028900810185,45.0,14.0,9.0,8.0
RNA_protein_interface,-5.0,screen,PR_train_union_interface|delta|250|0|variance|0.5|False,"{""algorithm"": ""Ridge"", ""alpha"": 1.0, ""class_weight"": ""balanced""}",76,76.0,0.6973684210526315,0.6166500498504486,0.6033582936237804,0.21436662506343154,2,0.8333333333333334,0.7627118644067796,0.7964601769911505,59.0,0.6839481555333999,0.8949028900810185,0.36363636363636365,0.47058823529411764,0.41025641025641024,17.0,0.6839481555333998,0.33581669882396004,0.47058823529411764,0.23728813559322037,0.6839481555333999,0.8949028900810185,45.0,14.0,9.0,8.0
RNA_protein_interface,-5.0,screen,PR_train_union_interface|delta|all|0|variance|0.8|False,"{""algorithm"": ""Ridge"", ""alpha"": 1.0, ""class_weight"": ""balanced""}",76,76.0,0.7236842105263158,0.6754735792622133,0.6493078444297957,0.3146189695394559,2,0.8653846153846154,0.7627118644067796,0.8108108108108109,59.0,0.6679960119641076,0.8850030258071555,0.4166666666666667,0.5882352941176471,0.4878048780487805,17.0,0.6679960119641077,0.31803781248885227,0.5882352941176471,0.23728813559322037,0.6679960119641076,0.8850030258071555,45.0,14.0,7.0,10.0
RNA_protein_interface,-5.0,screen,PR_train_union_interface|delta|250|0|variance|0.8|False,"{""algorithm"": ""Ridge"", ""alpha"": 1.0, ""class_weight"": ""balanced""}",76,76.0,0.7236842105263158,0.6754735792622133,0.6493078444297957,0.3146189695394559,2,0.8653846153846154,0.7627118644067796,0.8108108108108109,59.0,0.6679960119641076,0.8850030258071555,0.4166666666666667,0.5882352941176471,0.4878048780487805,17.0,0.6679960119641077,0.31803781248885227,0.5882352941176471,0.23728813559322037,0.6679960119641076,0.8850030258071555,45.0,14.0,7.0,10.0
RNA_protein_interface,-5.0,screen,PR_train_union_interface|delta|25|0|variance|0.2|False,"{""algorithm"": ""Ridge"", ""alpha"": 1.0, ""class_weight"": ""balanced""}",76,76.0,0.631578947368421,0.5742771684945165,0.5521885521885521,0.1293468568664463,2,0.8163265306122449,0.6779661016949152,0.7407407407407407,59.0,0.6076769690927218,0.8540320790011107,0.2962962962962963,0.47058823529411764,0.36363636363636365,17.0,0.6076769690927218,0.30928387117063516,0.47058823529411764,0.3220338983050848,0.6076769690927218,0.8540320790011107,40.0,19.0,9.0,8.0
RNA_protein_interface,-5.0,screen,PR_train_union_interface|delta|100|0|variance|0.2|False,"{""algorithm"": ""Ridge"", ""alpha"": 1.0, ""class_weight"": ""balanced""}",76,76.0,0.7236842105263158,0.6754735792622133,0.6493078444297957,0.3146189695394559,2,0.8653846153846154,0.7627118644067796,0.8108108108108109,59.0,0.6899302093718844,0.9008598053728464,0.4166666666666667,0.5882352941176471,0.4878048780487805,17.0,0.6899302093718843,0.32527477938158794,0.5882352941176471,0.23728813559322037,0.6899302093718844,0.9008598053728464,45.0,14.0,7.0,10.0
RNA_protein_interface,-5.0,screen,PR_train_union_interface|delta|1000|0|variance|0.2|False,"{""algorithm"": ""Ridge"", ""alpha"": 1.0, ""class_weight"": ""balanced""}",76,76.0,0.6973684210526315,0.6166500498504486,0.6033582936237804,0.21436662506343154,2,0.8333333333333334,0.7627118644067796,0.7964601769911505,59.0,0.6809571286141576,0.8910434786846118,0.36363636363636365,0.47058823529411764,0.41025641025641024,17.0,0.6809571286141576,0.34620749917089677,0.47058823529411764,0.23728813559322037,0.6809571286141576,0.8910434786846118,45.0,14.0,9.0,8.0
all_PR,-7.5,screen,full_PR|raw|all|0|variance|0|False,"{""algorithm"": ""Ridge"", ""alpha"": 1.0, ""class_weight"": ""balanced""}",76,76.0,0.6578947368421053,0.5578342904019689,0.5589285714285714,0.12751662020329346,2,0.7288135593220338,0.8113207547169812,0.7678571428571429,53.0,0.5143560295324037,0.6887110084595418,0.4117647058823529,0.30434782608695654,0.35,23.0,0.5143560295324037,0.343880201136013,0.30434782608695654,0.18867924528301883,0.5143560295324037,0.6887110084595418,43.0,10.0,16.0,7.0
high_variance_PR,-7.5,screen,full_PR|raw|25|0|variance|0|False,"{""algorithm"": ""Ridge"", ""alpha"": 1.0, ""class_weight"": ""balanced""}",76,76.0,0.5263157894736842,0.5250205086136177,0.5043478260869565,0.045993326000985844,2,0.717948717948718,0.5283018867924528,0.6086956521739131,53.0,0.5020508613617719,0.7002645170930387,0.32432432432432434,0.5217391304347826,0.4,23.0,0.5020508613617719,0.31576977143945895,0.5217391304347826,0.4716981132075472,0.5020508613617719,0.7002645170930387,28.0,25.0,11.0,12.0
high_variance_PR,-7.5,screen,full_PR|raw|100|0|variance|0|False,"{""algorithm"": ""Ridge"", ""alpha"": 1.0, ""class_weight"": ""balanced""}",76,76.0,0.5921052631578947,0.5475799835931091,0.5426130848378955,0.09062677007138897,2,0.7291666666666666,0.660377358490566,0.693069306930693,53.0,0.49302707136997537,0.7289407357809541,0.35714285714285715,0.43478260869565216,0.39215686274509803,23.0,0.49302707136997537,0.3028525671152648,0.43478260869565216,0.339622641509434,0.49302707136997537,0.7289407357809541,35.0,18.0,13.0,10.0
high_variance_PR,-7.5,screen,full_PR|raw|250|0|variance|0|False,"{""algorithm"": ""Ridge"", ""alpha"": 1.0, ""class_weight"": ""balanced""}",76,76.0,0.6052631578947368,0.5324036095159967,0.5324036095159967,0.06480721903199343,2,0.7169811320754716,0.7169811320754716,0.7169811320754716,53.0,0.5110746513535684,0.7144075412030033,0.34782608695652173,0.34782608695652173,0.34782608695652173,23.0,0.5110746513535684,0.3371615573392368,0.34782608695652173,0.28301886792452835,0.5110746513535684,0.7144075412030033,38.0,15.0,15.0,8.0
high_variance_PR,-7.5,screen,full_PR|raw|1000|0|variance|0|False,"{""algorithm"": ""Ridge"", ""alpha"": 1.0, ""class_weight"": ""balanced""}",76,76.0,0.6578947368421053,0.5578342904019689,0.5589285714285714,0.12751662020329346,2,0.7288135593220338,0.8113207547169812,0.7678571428571429,53.0,0.5143560295324037,0.6887110084595418,0.4117647058823529,0.30434782608695654,0.35,23.0,0.5143560295324037,0.343880201136013,0.30434782608695654,0.18867924528301883,0.5143560295324037,0.6887110084595418,43.0,10.0,16.0,7.0
all_PR,-7.5,screen,full_PR|delta|all|0|variance|0|False,"{""algorithm"": ""Ridge"", ""alpha"": 1.0, ""class_weight"": ""balanced""}",76,76.0,0.6578947368421053,0.5578342904019689,0.5589285714285714,0.12751662020329346,2,0.7288135593220338,0.8113207547169812,0.7678571428571429,53.0,0.5143560295324037,0.6887110084595418,0.4117647058823529,0.30434782608695654,0.35,23.0,0.5143560295324037,0.343880201136013,0.30434782608695654,0.18867924528301883,0.5143560295324037,0.6887110084595418,43.0,10.0,16.0,7.0
high_variance_PR,-7.5,screen,full_PR|delta|25|0|variance|0|False,"{""algorithm"": ""Ridge"", ""alpha"": 1.0, ""class_weight"": ""balanced""}",76,76.0,0.5263157894736842,0.5250205086136177,0.5043478260869565,0.045993326000985844,2,0.717948717948718,0.5283018867924528,0.6086956521739131,53.0,0.5020508613617719,0.7002645170930387,0.32432432432432434,0.5217391304347826,0.4,23.0,0.5020508613617719,0.31576977143945895,0.5217391304347826,0.4716981132075472,0.5020508613617719,0.7002645170930387,28.0,25.0,11.0,12.0
high_variance_PR,-7.5,screen,full_PR|delta|100|0|variance|0|False,"{""algorithm"": ""Ridge"", ""alpha"": 1.0, ""class_weight"": ""balanced""}",76,76.0,0.5921052631578947,0.5475799835931091,0.5426130848378955,0.09062677007138897,2,0.7291666666666666,0.660377358490566,0.693069306930693,53.0,0.49302707136997537,0.7289407357809541,0.35714285714285715,0.43478260869565216,0.39215686274509803,23.0,0.49302707136997537,0.3028525671152648,0.43478260869565216,0.339622641509434,0.49302707136997537,0.7289407357809541,35.0,18.0,13.0,10.0
high_variance_PR,-7.5,screen,full_PR|delta|250|0|variance|0|False,"{""algorithm"": ""Ridge"", ""alpha"": 1.0, ""class_weight"": ""balanced""}",76,76.0,0.6052631578947368,0.5324036095159967,0.5324036095159967,0.06480721903199343,2,0.7169811320754716,0.7169811320754716,0.7169811320754716,53.0,0.5110746513535684,0.7144075412030033,0.34782608695652173,0.34782608695652173,0.34782608695652173,23.0,0.5110746513535684,0.3371615573392368,0.34782608695652173,0.28301886792452835,0.5110746513535684,0.7144075412030033,38.0,15.0,15.0,8.0
high_variance_PR,-7.5,screen,full_PR|delta|1000|0|variance|0|False,"{""algorithm"": ""Ridge"", ""alpha"": 1.0, ""class_weight"": ""balanced""}",76,76.0,0.6578947368421053,0.5578342904019689,0.5589285714285714,0.12751662020329346,2,0.7288135593220338,0.8113207547169812,0.7678571428571429,53.0,0.5143560295324037,0.6887110084595418,0.4117647058823529,0.30434782608695654,0.35,23.0,0.5143560295324037,0.343880201136013,0.30434782608695654,0.18867924528301883,0.5143560295324037,0.6887110084595418,43.0,10.0,16.0,7.0
RNA_protein_interface,-7.5,screen,PR_reference_interface|raw|all|0|variance|0.2|False,"{""algorithm"": ""Ridge"", ""alpha"": 1.0, ""class_weight"": ""balanced""}",76,76.0,0.5921052631578947,0.5352748154224775,0.5331880324945513,0.06831639206755422,2,0.72,0.6792452830188679,0.6990291262135923,53.0,0.5783429040196882,0.7592199096182066,0.34615384615384615,0.391304347826087,0.3673469387755102,23.0,0.5783429040196882,0.4013496328609344,0.391304347826087,0.3207547169811321,0.5783429040196882,0.7592199096182066,36.0,17.0,14.0,9.0
RNA_protein_interface,-7.5,screen,PR_reference_interface|raw|250|0|variance|0.2|False,"{""algorithm"": ""Ridge"", ""alpha"": 1.0, ""class_weight"": ""balanced""}",76,76.0,0.5921052631578947,0.5352748154224775,0.5331880324945513,0.06831639206755422,2,0.72,0.6792452830188679,0.6990291262135923,53.0,0.5783429040196882,0.7592199096182066,0.34615384615384615,0.391304347826087,0.3673469387755102,23.0,0.5783429040196882,0.4013496328609344,0.391304347826087,0.3207547169811321,0.5783429040196882,0.7592199096182066,36.0,17.0,14.0,9.0
RNA_protein_interface,-7.5,screen,PR_reference_interface|raw|all|0|variance|0.5|False,"{""algorithm"": ""Ridge"", ""alpha"": 1.0, ""class_weight"": ""balanced""}",76,76.0,0.5921052631578947,0.5229696472518457,0.5225937183383992,0.04540240741992236,2,0.7115384615384616,0.6981132075471698,0.7047619047619048,53.0,0.48318293683347,0.7006548247529497,0.3333333333333333,0.34782608695652173,0.3404255319148936,23.0,0.4831829368334701,0.3217719542384837,0.34782608695652173,0.30188679245283023,0.48318293683347,0.7006548247529497,37.0,16.0,15.0,8.0
RNA_protein_interface,-7.5,screen,PR_reference_interface|raw|250|0|variance|0.5|False,"{""algorithm"": ""Ridge"", ""alpha"": 1.0, ""class_weight"": ""balanced""}",76,76.0,0.5921052631578947,0.5229696472518457,0.5225937183383992,0.04540240741992236,2,0.7115384615384616,0.6981132075471698,0.7047619047619048,53.0,0.48318293683347,0.7006548247529497,0.3333333333333333,0.34782608695652173,0.3404255319148936,23.0,0.4831829368334701,0.3217719542384837,0.34782608695652173,0.30188679245283023,0.48318293683347,0.7006548247529497,37.0,16.0,15.0,8.0
RNA_protein_interface,-7.5,screen,PR_reference_interface|raw|all|0|variance|0.8|False,"{""algorithm"": ""Ridge"", ""alpha"": 1.0, ""class_weight"": ""balanced""}",76,76.0,0.6052631578947368,0.5200984413453651,0.5202020202020202,0.04129554813742479,2,0.7090909090909091,0.7358490566037735,0.7222222222222222,53.0,0.49548810500410173,0.6989061577795923,0.3333333333333333,0.30434782608695654,0.3181818181818182,23.0,0.49548810500410173,0.33360006308119206,0.30434782608695654,0.26415094339622647,0.49548810500410173,0.6989061577795923,39.0,14.0,16.0,7.0
RNA_protein_interface,-7.5,screen,PR_reference_interface|raw|250|0|variance|0.8|False,"{""algorithm"": ""Ridge"", ""alpha"": 1.0, ""class_weight"": ""balanced""}",76,76.0,0.6052631578947368,0.5200984413453651,0.5202020202020202,0.04129554813742479,2,0.7090909090909091,0.7358490566037735,0.7222222222222222,53.0,0.49548810500410173,0.6989061577795923,0.3333333333333333,0.30434782608695654,0.3181818181818182,23.0,0.49548810500410173,0.33360006308119206,0.30434782608695654,0.26415094339622647,0.49548810500410173,0.6989061577795923,39.0,14.0,16.0,7.0
RNA_protein_interface,-7.5,screen,PR_reference_interface|raw|25|0|variance|0.2|False,"{""algorithm"": ""Ridge"", ""alpha"": 1.0, ""class_weight"": ""balanced""}",76,76.0,0.5263157894736842,0.5250205086136177,0.5043478260869565,0.045993326000985844,2,0.717948717948718,0.5283018867924528,0.6086956521739131,53.0,0.5020508613617719,0.7002645170930387,0.32432432432432434,0.5217391304347826,0.4,23.0,0.5020508613617719,0.31576977143945895,0.5217391304347826,0.4716981132075472,0.5020508613617719,0.7002645170930387,28.0,25.0,11.0,12.0
RNA_protein_interface,-7.5,screen,PR_reference_interface|raw|100|0|variance|0.2|False,"{""algorithm"": ""Ridge"", ""alpha"": 1.0, ""class_weight"": ""balanced""}",76,76.0,0.5921052631578947,0.5352748154224775,0.5331880324945513,0.06831639206755422,2,0.72,0.6792452830188679,0.6990291262135923,53.0,0.5783429040196882,0.7592199096182066,0.34615384615384615,0.391304347826087,0.3673469387755102,23.0,0.5783429040196882,0.4013496328609344,0.391304347826087,0.3207547169811321,0.5783429040196882,0.7592199096182066,36.0,17.0,14.0,9.0
RNA_protein_interface,-7.5,screen,PR_reference_interface|raw|1000|0|variance|0.2|False,"{""algorithm"": ""Ridge"", ""alpha"": 1.0, ""class_weight"": ""balanced""}",76,76.0,0.5921052631578947,0.5352748154224775,0.5331880324945513,0.06831639206755422,2,0.72,0.6792452830188679,0.6990291262135923,53.0,0.5783429040196882,0.7592199096182066,0.34615384615384615,0.391304347826087,0.3673469387755102,23.0,0.5783429040196882,0.4013496328609344,0.391304347826087,0.3207547169811321,0.5783429040196882,0.7592199096182066,36.0,17.0,14.0,9.0
RNA_protein_interface,-7.5,screen,PR_reference_interface|delta|all|0|variance|0.2|False,"{""algorithm"": ""Ridge"", ""alpha"": 1.0, ""class_weight"": ""balanced""}",76,76.0,0.5921052631578947,0.5352748154224775,0.5331880324945513,0.06831639206755422,2,0.72,0.6792452830188679,0.6990291262135923,53.0,0.5783429040196882,0.7592199096182066,0.34615384615384615,0.391304347826087,0.3673469387755102,23.0,0.5783429040196882,0.4013496328609344,0.391304347826087,0.3207547169811321,0.5783429040196882,0.7592199096182066,36.0,17.0,14.0,9.0
RNA_protein_interface,-7.5,screen,PR_reference_interface|delta|250|0|variance|0.2|False,"{""algorithm"": ""Ridge"", ""alpha"": 1.0, ""class_weight"": ""balanced""}",76,76.0,0.5921052631578947,0.5352748154224775,0.5331880324945513,0.06831639206755422,2,0.72,0.6792452830188679,0.6990291262135923,53.0,0.5783429040196882,0.7592199096182066,0.34615384615384615,0.391304347826087,0.3673469387755102,23.0,0.5783429040196882,0.4013496328609344,0.391304347826087,0.3207547169811321,0.5783429040196882,0.7592199096182066,36.0,17.0,14.0,9.0
RNA_protein_interface,-7.5,screen,PR_reference_interface|delta|all|0|variance|0.5|False,"{""algorithm"": ""Ridge"", ""alpha"": 1.0, ""class_weight"": ""balanced""}",76,76.0,0.5921052631578947,0.5229696472518457,0.5225937183383992,0.04540240741992236,2,0.7115384615384616,0.6981132075471698,0.7047619047619048,53.0,0.48318293683347,0.7006548247529497,0.3333333333333333,0.34782608695652173,0.3404255319148936,23.0,0.4831829368334701,0.3217719542384837,0.34782608695652173,0.30188679245283023,0.48318293683347,0.7006548247529497,37.0,16.0,15.0,8.0
RNA_protein_interface,-7.5,screen,PR_reference_interface|delta|250|0|variance|0.5|False,"{""algorithm"": ""Ridge"", ""alpha"": 1.0, ""class_weight"": ""balanced""}",76,76.0,0.5921052631578947,0.5229696472518457,0.5225937183383992,0.04540240741992236,2,0.7115384615384616,0.6981132075471698,0.7047619047619048,53.0,0.48318293683347,0.7006548247529497,0.3333333333333333,0.34782608695652173,0.3404255319148936,23.0,0.4831829368334701,0.3217719542384837,0.34782608695652173,0.30188679245283023,0.48318293683347,0.7006548247529497,37.0,16.0,15.0,8.0
RNA_protein_interface,-7.5,screen,PR_reference_interface|delta|all|0|variance|0.8|False,"{""algorithm"": ""Ridge"", ""alpha"": 1.0, ""class_weight"": ""balanced""}",76,76.0,0.6052631578947368,0.5200984413453651,0.5202020202020202,0.04129554813742479,2,0.7090909090909091,0.7358490566037735,0.7222222222222222,53.0,0.49548810500410173,0.6989061577795923,0.3333333333333333,0.30434782608695654,0.3181818181818182,23.0,0.49548810500410173,0.33360006308119206,0.30434782608695654,0.26415094339622647,0.49548810500410173,0.6989061577795923,39.0,14.0,16.0,7.0
RNA_protein_interface,-7.5,screen,PR_reference_interface|delta|250|0|variance|0.8|False,"{""algorithm"": ""Ridge"", ""alpha"": 1.0, ""class_weight"": ""balanced""}",76,76.0,0.6052631578947368,0.5200984413453651,0.5202020202020202,0.04129554813742479,2,0.7090909090909091,0.7358490566037735,0.7222222222222222,53.0,0.49548810500410173,0.6989061577795923,0.3333333333333333,0.30434782608695654,0.3181818181818182,23.0,0.49548810500410173,0.33360006308119206,0.30434782608695654,0.26415094339622647,0.49548810500410173,0.6989061577795923,39.0,14.0,16.0,7.0
RNA_protein_interface,-7.5,screen,PR_reference_interface|delta|25|0|variance|0.2|False,"{""algorithm"": ""Ridge"", ""alpha"": 1.0, ""class_weight"": ""balanced""}",76,76.0,0.5263157894736842,0.5250205086136177,0.5043478260869565,0.045993326000985844,2,0.717948717948718,0.5283018867924528,0.6086956521739131,53.0,0.5020508613617719,0.7002645170930387,0.32432432432432434,0.5217391304347826,0.4,23.0,0.5020508613617719,0.31576977143945895,0.5217391304347826,0.4716981132075472,0.5020508613617719,0.7002645170930387,28.0,25.0,11.0,12.0
RNA_protein_interface,-7.5,screen,PR_reference_interface|delta|100|0|variance|0.2|False,"{""algorithm"": ""Ridge"", ""alpha"": 1.0, ""class_weight"": ""balanced""}",76,76.0,0.5921052631578947,0.5352748154224775,0.5331880324945513,0.06831639206755422,2,0.72,0.6792452830188679,0.6990291262135923,53.0,0.5783429040196882,0.7592199096182066,0.34615384615384615,0.391304347826087,0.3673469387755102,23.0,0.5783429040196882,0.4013496328609344,0.391304347826087,0.3207547169811321,0.5783429040196882,0.7592199096182066,36.0,17.0,14.0,9.0
RNA_protein_interface,-7.5,screen,PR_reference_interface|delta|1000|0|variance|0.2|False,"{""algorithm"": ""Ridge"", ""alpha"": 1.0, ""class_weight"": ""balanced""}",76,76.0,0.5921052631578947,0.5352748154224775,0.5331880324945513,0.06831639206755422,2,0.72,0.6792452830188679,0.6990291262135923,53.0,0.5783429040196882,0.7592199096182066,0.34615384615384615,0.391304347826087,0.3673469387755102,23.0,0.5783429040196882,0.4013496328609344,0.391304347826087,0.3207547169811321,0.5783429040196882,0.7592199096182066,36.0,17.0,14.0,9.0
RNA_protein_interface,-7.5,screen,PR_train_union_interface|raw|all|0|variance|0.2|False,"{""algorithm"": ""Ridge"", ""alpha"": 1.0, ""class_weight"": ""balanced""}",76,76.0,0.5789473684210527,0.5135356849876949,0.5128205128205128,0.0264701861025608,2,0.7058823529411765,0.6792452830188679,0.6923076923076923,53.0,0.4930270713699754,0.7079098223558475,0.32,0.34782608695652173,0.3333333333333333,23.0,0.49302707136997537,0.3258811727952013,0.34782608695652173,0.3207547169811321,0.4930270713699754,0.7079098223558475,36.0,17.0,15.0,8.0
RNA_protein_interface,-7.5,screen,PR_train_union_interface|raw|250|0|variance|0.2|False,"{""algorithm"": ""Ridge"", ""alpha"": 1.0, ""class_weight"": ""balanced""}",76,76.0,0.5789473684210527,0.5135356849876949,0.5128205128205128,0.0264701861025608,2,0.7058823529411765,0.6792452830188679,0.6923076923076923,53.0,0.49712879409351934,0.7109578067703471,0.32,0.34782608695652173,0.3333333333333333,23.0,0.4971287940935193,0.33242862805449397,0.34782608695652173,0.3207547169811321,0.49712879409351934,0.7109578067703471,36.0,17.0,15.0,8.0
RNA_protein_interface,-7.5,screen,PR_train_union_interface|raw|all|0|variance|0.5|False,"{""algorithm"": ""Ridge"", ""alpha"": 1.0, ""class_weight"": ""balanced""}",76,76.0,0.5789473684210527,0.5012305168170632,0.5012305168170632,0.002461033634126333,2,0.6981132075471698,0.6981132075471698,0.6981132075471698,53.0,0.4979491386382281,0.7167549607842036,0.30434782608695654,0.30434782608695654,0.30434782608695654,23.0,0.49794913863822804,0.31557586311957997,0.30434782608695654,0.30188679245283023,0.4979491386382281,0.7167549607842036,37.0,16.0,16.0,7.0
RNA_protein_interface,-7.5,screen,PR_train_union_interface|raw|250|0|variance|0.5|False,"{""algorithm"": ""Ridge"", ""alpha"": 1.0, ""class_weight"": ""balanced""}",76,76.0,0.5789473684210527,0.5012305168170632,0.5012305168170632,0.002461033634126333,2,0.6981132075471698,0.6981132075471698,0.6981132075471698,53.0,0.4979491386382281,0.7167549607842036,0.30434782608695654,0.30434782608695654,0.30434782608695654,23.0,0.49794913863822804,0.31557586311957997,0.30434782608695654,0.30188679245283023,0.4979491386382281,0.7167549607842036,37.0,16.0,16.0,7.0
RNA_protein_interface,-7.5,screen,PR_train_union_interface|raw|all|0|variance|0.8|False,"{""algorithm"": ""Ridge"", ""alpha"": 1.0, ""class_weight"": ""balanced""}",76,76.0,0.6052631578947368,0.5077932731747334,0.5064935064935066,0.016536268671305282,2,0.7017543859649122,0.7547169811320755,0.7272727272727273,53.0,0.4757998359310911,0.7150644204789496,0.3157894736842105,0.2608695652173913,0.2857142857142857,23.0,0.47579983593109104,0.2938282638705699,0.2608695652173913,0.24528301886792447,0.4757998359310911,0.7150644204789496,40.0,13.0,17.0,6.0
RNA_protein_interface,-7.5,screen,PR_train_union_interface|raw|250|0|variance|0.8|False,"{""algorithm"": ""Ridge"", ""alpha"": 1.0, ""class_weight"": ""balanced""}",76,76.0,0.6052631578947368,0.5077932731747334,0.5064935064935066,0.016536268671305282,2,0.7017543859649122,0.7547169811320755,0.7272727272727273,53.0,0.4757998359310911,0.7150644204789496,0.3157894736842105,0.2608695652173913,0.2857142857142857,23.0,0.47579983593109104,0.2938282638705699,0.2608695652173913,0.24528301886792447,0.4757998359310911,0.7150644204789496,40.0,13.0,17.0,6.0
RNA_protein_interface,-7.5,screen,PR_train_union_interface|raw|25|0|variance|0.2|False,"{""algorithm"": ""Ridge"", ""alpha"": 1.0, ""class_weight"": ""balanced""}",76,76.0,0.5263157894736842,0.5250205086136177,0.5043478260869565,0.045993326000985844,2,0.717948717948718,0.5283018867924528,0.6086956521739131,53.0,0.5020508613617719,0.7002645170930387,0.32432432432432434,0.5217391304347826,0.4,23.0,0.5020508613617719,0.31576977143945895,0.5217391304347826,0.4716981132075472,0.5020508613617719,0.7002645170930387,28.0,25.0,11.0,12.0
RNA_protein_interface,-7.5,screen,PR_train_union_interface|raw|100|0|variance|0.2|False,"{""algorithm"": ""Ridge"", ""alpha"": 1.0, ""class_weight"": ""balanced""}",76,76.0,0.5921052631578947,0.5475799835931091,0.5426130848378955,0.09062677007138897,2,0.7291666666666666,0.660377358490566,0.693069306930693,53.0,0.49302707136997537,0.7289407357809541,0.35714285714285715,0.43478260869565216,0.39215686274509803,23.0,0.49302707136997537,0.3028525671152648,0.43478260869565216,0.339622641509434,0.49302707136997537,0.7289407357809541,35.0,18.0,13.0,10.0
RNA_protein_interface,-7.5,screen,PR_train_union_interface|raw|1000|0|variance|0.2|False,"{""algorithm"": ""Ridge"", ""alpha"": 1.0, ""class_weight"": ""balanced""}",76,76.0,0.5789473684210527,0.5135356849876949,0.5128205128205128,0.0264701861025608,2,0.7058823529411765,0.6792452830188679,0.6923076923076923,53.0,0.4930270713699754,0.7079098223558475,0.32,0.34782608695652173,0.3333333333333333,23.0,0.49302707136997537,0.3258811727952013,0.34782608695652173,0.3207547169811321,0.4930270713699754,0.7079098223558475,36.0,17.0,15.0,8.0
RNA_protein_interface,-7.5,screen,PR_train_union_interface|delta|all|0|variance|0.2|False,"{""algorithm"": ""Ridge"", ""alpha"": 1.0, ""class_weight"": ""balanced""}",76,76.0,0.5789473684210527,0.5135356849876949,0.5128205128205128,0.0264701861025608,2,0.7058823529411765,0.6792452830188679,0.6923076923076923,53.0,0.4930270713699754,0.7079098223558475,0.32,0.34782608695652173,0.3333333333333333,23.0,0.49302707136997537,0.3258811727952013,0.34782608695652173,0.3207547169811321,0.4930270713699754,0.7079098223558475,36.0,17.0,15.0,8.0
RNA_protein_interface,-7.5,screen,PR_train_union_interface|delta|250|0|variance|0.2|False,"{""algorithm"": ""Ridge"", ""alpha"": 1.0, ""class_weight"": ""balanced""}",76,76.0,0.5789473684210527,0.5135356849876949,0.5128205128205128,0.0264701861025608,2,0.7058823529411765,0.6792452830188679,0.6923076923076923,53.0,0.49712879409351934,0.7109578067703471,0.32,0.34782608695652173,0.3333333333333333,23.0,0.4971287940935193,0.33242862805449397,0.34782608695652173,0.3207547169811321,0.49712879409351934,0.7109578067703471,36.0,17.0,15.0,8.0
RNA_protein_interface,-7.5,screen,PR_train_union_interface|delta|all|0|variance|0.5|False,"{""algorithm"": ""Ridge"", ""alpha"": 1.0, ""class_weight"": ""balanced""}",76,76.0,0.5789473684210527,0.5012305168170632,0.5012305168170632,0.002461033634126333,2,0.6981132075471698,0.6981132075471698,0.6981132075471698,53.0,0.4979491386382281,0.7167549607842036,0.30434782608695654,0.30434782608695654,0.30434782608695654,23.0,0.49794913863822804,0.31557586311957997,0.30434782608695654,0.30188679245283023,0.4979491386382281,0.7167549607842036,37.0,16.0,16.0,7.0
RNA_protein_interface,-7.5,screen,PR_train_union_interface|delta|250|0|variance|0.5|False,"{""algorithm"": ""Ridge"", ""alpha"": 1.0, ""class_weight"": ""balanced""}",76,76.0,0.5789473684210527,0.5012305168170632,0.5012305168170632,0.002461033634126333,2,0.6981132075471698,0.6981132075471698,0.6981132075471698,53.0,0.4979491386382281,0.7167549607842036,0.30434782608695654,0.30434782608695654,0.30434782608695654,23.0,0.49794913863822804,0.31557586311957997,0.30434782608695654,0.30188679245283023,0.4979491386382281,0.7167549607842036,37.0,16.0,16.0,7.0
RNA_protein_interface,-7.5,screen,PR_train_union_interface|delta|all|0|variance|0.8|False,"{""algorithm"": ""Ridge"", ""alpha"": 1.0, ""class_weight"": ""balanced""}",76,76.0,0.6052631578947368,0.5077932731747334,0.5064935064935066,0.016536268671305282,2,0.7017543859649122,0.7547169811320755,0.7272727272727273,53.0,0.4757998359310911,0.7150644204789496,0.3157894736842105,0.2608695652173913,0.2857142857142857,23.0,0.47579983593109104,0.2938282638705699,0.2608695652173913,0.24528301886792447,0.4757998359310911,0.7150644204789496,40.0,13.0,17.0,6.0
RNA_protein_interface,-7.5,screen,PR_train_union_interface|delta|250|0|variance|0.8|False,"{""algorithm"": ""Ridge"", ""alpha"": 1.0, ""class_weight"": ""balanced""}",76,76.0,0.6052631578947368,0.5077932731747334,0.5064935064935066,0.016536268671305282,2,0.7017543859649122,0.7547169811320755,0.7272727272727273,53.0,0.4757998359310911,0.7150644204789496,0.3157894736842105,0.2608695652173913,0.2857142857142857,23.0,0.47579983593109104,0.2938282638705699,0.2608695652173913,0.24528301886792447,0.4757998359310911,0.7150644204789496,40.0,13.0,17.0,6.0
RNA_protein_interface,-7.5,screen,PR_train_union_interface|delta|25|0|variance|0.2|False,"{""algorithm"": ""Ridge"", ""alpha"": 1.0, ""class_weight"": ""balanced""}",76,76.0,0.5263157894736842,0.5250205086136177,0.5043478260869565,0.045993326000985844,2,0.717948717948718,0.5283018867924528,0.6086956521739131,53.0,0.5020508613617719,0.7002645170930387,0.32432432432432434,0.5217391304347826,0.4,23.0,0.5020508613617719,0.31576977143945895,0.5217391304347826,0.4716981132075472,0.5020508613617719,0.7002645170930387,28.0,25.0,11.0,12.0
RNA_protein_interface,-7.5,screen,PR_train_union_interface|delta|100|0|variance|0.2|False,"{""algorithm"": ""Ridge"", ""alpha"": 1.0, ""class_weight"": ""balanced""}",76,76.0,0.5921052631578947,0.5475799835931091,0.5426130848378955,0.09062677007138897,2,0.7291666666666666,0.660377358490566,0.693069306930693,53.0,0.49302707136997537,0.7289407357809541,0.35714285714285715,0.43478260869565216,0.39215686274509803,23.0,0.49302707136997537,0.3028525671152648,0.43478260869565216,0.339622641509434,0.49302707136997537,0.7289407357809541,35.0,18.0,13.0,10.0
RNA_protein_interface,-7.5,screen,PR_train_union_interface|delta|1000|0|variance|0.2|False,"{""algorithm"": ""Ridge"", ""alpha"": 1.0, ""class_weight"": ""balanced""}",76,76.0,0.5789473684210527,0.5135356849876949,0.5128205128205128,0.0264701861025608,2,0.7058823529411765,0.6792452830188679,0.6923076923076923,53.0,0.4930270713699754,0.7079098223558475,0.32,0.34782608695652173,0.3333333333333333,23.0,0.49302707136997537,0.3258811727952013,0.34782608695652173,0.3207547169811321,0.4930270713699754,0.7079098223558475,36.0,17.0,15.0,8.0
all_PR,-10.0,screen,full_PR|raw|all|0|variance|0|False,"{""algorithm"": ""Ridge"", ""alpha"": 1.0, ""class_weight"": ""balanced""}",76,76.0,0.5789473684210527,0.5591397849462365,0.5594202898550724,0.119659976300721,2,0.6382978723404256,0.6666666666666666,0.6521739130434783,45.0,0.6057347670250897,0.6876882360939343,0.4827586206896552,0.45161290322580644,0.4666666666666667,31.0,0.6057347670250895,0.49077031065387655,0.45161290322580644,0.33333333333333337,0.6057347670250897,0.6876882360939343,30.0,15.0,17.0,14.0
high_variance_PR,-10.0,screen,full_PR|raw|25|0|variance|0|False,"{""algorithm"": ""Ridge"", ""alpha"": 1.0, ""class_weight"": ""balanced""}",76,76.0,0.5131578947368421,0.4935483870967742,0.49342460817870654,-0.012973162501932317,2,0.5869565217391305,0.6,0.5934065934065934,45.0,0.5089605734767024,0.6578435281469162,0.4,0.3870967741935484,0.39344262295081966,31.0,0.5089605734767024,0.4060401407493538,0.3870967741935484,0.4,0.5089605734767024,0.6578435281469162,27.0,18.0,19.0,12.0
high_variance_PR,-10.0,screen,full_PR|raw|100|0|variance|0|False,"{""algorithm"": ""Ridge"", ""alpha"": 1.0, ""class_weight"": ""balanced""}",76,76.0,0.5526315789473685,0.5218637992831541,0.5193452380952381,0.04573910252765285,2,0.6078431372549019,0.6888888888888889,0.6458333333333334,45.0,0.49677419354838714,0.6146739398409535,0.44,0.3548387096774194,0.39285714285714285,31.0,0.4967741935483871,0.3978344440849183,0.3548387096774194,0.3111111111111111,0.49677419354838714,0.6146739398409535,31.0,14.0,20.0,11.0
high_variance_PR,-10.0,screen,full_PR|raw|250|0|variance|0|False,"{""algorithm"": ""Ridge"", ""alpha"": 1.0, ""class_weight"": ""balanced""}",76,76.0,0.5263157894736842,0.4946236559139785,0.4910714285714286,-0.011247320293685126,2,0.5882352941176471,0.6666666666666666,0.625,45.0,0.5189964157706093,0.6294534113858081,0.4,0.3225806451612903,0.35714285714285715,31.0,0.5189964157706093,0.4136743236306063,0.3225806451612903,0.33333333333333337,0.5189964157706093,0.6294534113858081,30.0,15.0,21.0,10.0
high_variance_PR,-10.0,screen,full_PR|raw|1000|0|variance|0|False,"{""algorithm"": ""Ridge"", ""alpha"": 1.0, ""class_weight"": ""balanced""}",76,76.0,0.5789473684210527,0.5591397849462365,0.5594202898550724,0.119659976300721,2,0.6382978723404256,0.6666666666666666,0.6521739130434783,45.0,0.6057347670250897,0.6876882360939343,0.4827586206896552,0.45161290322580644,0.4666666666666667,31.0,0.6057347670250895,0.49077031065387655,0.45161290322580644,0.33333333333333337,0.6057347670250897,0.6876882360939343,30.0,15.0,17.0,14.0
all_PR,-10.0,screen,full_PR|delta|all|0|variance|0|False,"{""algorithm"": ""Ridge"", ""alpha"": 1.0, ""class_weight"": ""balanced""}",76,76.0,0.5789473684210527,0.5591397849462365,0.5594202898550724,0.119659976300721,2,0.6382978723404256,0.6666666666666666,0.6521739130434783,45.0,0.6057347670250897,0.6876882360939343,0.4827586206896552,0.45161290322580644,0.4666666666666667,31.0,0.6057347670250895,0.49077031065387655,0.45161290322580644,0.33333333333333337,0.6057347670250897,0.6876882360939343,30.0,15.0,17.0,14.0
high_variance_PR,-10.0,screen,full_PR|delta|25|0|variance|0|False,"{""algorithm"": ""Ridge"", ""alpha"": 1.0, ""class_weight"": ""balanced""}",76,76.0,0.5131578947368421,0.4935483870967742,0.49342460817870654,-0.012973162501932317,2,0.5869565217391305,0.6,0.5934065934065934,45.0,0.5089605734767024,0.6578435281469162,0.4,0.3870967741935484,0.39344262295081966,31.0,0.5089605734767024,0.4060401407493538,0.3870967741935484,0.4,0.5089605734767024,0.6578435281469162,27.0,18.0,19.0,12.0
high_variance_PR,-10.0,screen,full_PR|delta|100|0|variance|0|False,"{""algorithm"": ""Ridge"", ""alpha"": 1.0, ""class_weight"": ""balanced""}",76,76.0,0.5526315789473685,0.5218637992831541,0.5193452380952381,0.04573910252765285,2,0.6078431372549019,0.6888888888888889,0.6458333333333334,45.0,0.49677419354838714,0.6146739398409535,0.44,0.3548387096774194,0.39285714285714285,31.0,0.4967741935483871,0.3978344440849183,0.3548387096774194,0.3111111111111111,0.49677419354838714,0.6146739398409535,31.0,14.0,20.0,11.0
high_variance_PR,-10.0,screen,full_PR|delta|250|0|variance|0|False,"{""algorithm"": ""Ridge"", ""alpha"": 1.0, ""class_weight"": ""balanced""}",76,76.0,0.5263157894736842,0.4946236559139785,0.4910714285714286,-0.011247320293685126,2,0.5882352941176471,0.6666666666666666,0.625,45.0,0.5189964157706093,0.6294534113858081,0.4,0.3225806451612903,0.35714285714285715,31.0,0.5189964157706093,0.4136743236306063,0.3225806451612903,0.33333333333333337,0.5189964157706093,0.6294534113858081,30.0,15.0,21.0,10.0
high_variance_PR,-10.0,screen,full_PR|delta|1000|0|variance|0|False,"{""algorithm"": ""Ridge"", ""alpha"": 1.0, ""class_weight"": ""balanced""}",76,76.0,0.5789473684210527,0.5591397849462365,0.5594202898550724,0.119659976300721,2,0.6382978723404256,0.6666666666666666,0.6521739130434783,45.0,0.6057347670250897,0.6876882360939343,0.4827586206896552,0.45161290322580644,0.4666666666666667,31.0,0.6057347670250895,0.49077031065387655,0.45161290322580644,0.33333333333333337,0.6057347670250897,0.6876882360939343,30.0,15.0,17.0,14.0
RNA_protein_interface,-10.0,screen,PR_reference_interface|raw|all|0|variance|0.2|False,"{""algorithm"": ""Ridge"", ""alpha"": 1.0, ""class_weight"": ""balanced""}",76,76.0,0.5921052631578947,0.5802867383512544,0.5798109505974675,0.15983047389183974,2,0.6590909090909091,0.6444444444444445,0.651685393258427,45.0,0.6071684587813619,0.7150221694424371,0.5,0.5161290322580645,0.5079365079365079,31.0,0.607168458781362,0.5199908974015288,0.5161290322580645,0.3555555555555555,0.6071684587813619,0.7150221694424371,29.0,16.0,15.0,16.0
RNA_protein_interface,-10.0,screen,PR_reference_interface|raw|250|0|variance|0.2|False,"{""algorithm"": ""Ridge"", ""alpha"": 1.0, ""class_weight"": ""balanced""}",76,76.0,0.5921052631578947,0.5802867383512544,0.5798109505974675,0.15983047389183974,2,0.6590909090909091,0.6444444444444445,0.651685393258427,45.0,0.6071684587813619,0.7150221694424371,0.5,0.5161290322580645,0.5079365079365079,31.0,0.607168458781362,0.5199908974015288,0.5161290322580645,0.3555555555555555,0.6071684587813619,0.7150221694424371,29.0,16.0,15.0,16.0
RNA_protein_interface,-10.0,screen,PR_reference_interface|raw|all|0|variance|0.5|False,"{""algorithm"": ""Ridge"", ""alpha"": 1.0, ""class_weight"": ""balanced""}",76,76.0,0.5,0.49247311827956985,0.49119097956307256,-0.014842472071165241,2,0.5853658536585366,0.5333333333333333,0.5581395348837209,45.0,0.5405017921146953,0.6930936700477071,0.4,0.45161290322580644,0.42424242424242425,31.0,0.5405017921146954,0.41388798363401774,0.45161290322580644,0.4666666666666667,0.5405017921146953,0.6930936700477071,24.0,21.0,17.0,14.0
RNA_protein_interface,-10.0,screen,PR_reference_interface|raw|250|0|variance|0.5|False,"{""algorithm"": ""Ridge"", ""alpha"": 1.0, ""class_weight"": ""balanced""}",76,76.0,0.5,0.49247311827956985,0.49119097956307256,-0.014842472071165241,2,0.5853658536585366,0.5333333333333333,0.5581395348837209,45.0,0.5405017921146953,0.6930936700477071,0.4,0.45161290322580644,0.42424242424242425,31.0,0.5405017921146954,0.41388798363401774,0.45161290322580644,0.4666666666666667,0.5405017921146953,0.6930936700477071,24.0,21.0,17.0,14.0
RNA_protein_interface,-10.0,screen,PR_reference_interface|raw|all|0|variance|0.8|False,"{""algorithm"": ""Ridge"", ""alpha"": 1.0, ""class_weight"": ""balanced""}",76,76.0,0.5394736842105263,0.5157706093189964,0.515217787497722,0.032134085014143374,2,0.6041666666666666,0.6444444444444445,0.6236559139784946,45.0,0.4960573476702509,0.651884746533143,0.42857142857142855,0.3870967741935484,0.4067796610169492,31.0,0.4960573476702509,0.3980805833365129,0.3870967741935484,0.3555555555555555,0.4960573476702509,0.651884746533143,29.0,16.0,19.0,12.0
RNA_protein_interface,-10.0,screen,PR_reference_interface|raw|250|0|variance|0.8|False,"{""algorithm"": ""Ridge"", ""alpha"": 1.0, ""class_weight"": ""balanced""}",76,76.0,0.5394736842105263,0.5157706093189964,0.515217787497722,0.032134085014143374,2,0.6041666666666666,0.6444444444444445,0.6236559139784946,45.0,0.4960573476702509,0.651884746533143,0.42857142857142855,0.3870967741935484,0.4067796610169492,31.0,0.4960573476702509,0.3980805833365129,0.3870967741935484,0.3555555555555555,0.4960573476702509,0.651884746533143,29.0,16.0,19.0,12.0
RNA_protein_interface,-10.0,screen,PR_reference_interface|raw|25|0|variance|0.2|False,"{""algorithm"": ""Ridge"", ""alpha"": 1.0, ""class_weight"": ""balanced""}",76,76.0,0.5263157894736842,0.5096774193548387,0.5096774193548387,0.01935483870967742,2,0.6,0.6,0.6,45.0,0.5275985663082436,0.6765864012731917,0.41935483870967744,0.41935483870967744,0.41935483870967744,31.0,0.5275985663082438,0.4145427315234098,0.41935483870967744,0.4,0.5275985663082436,0.6765864012731917,27.0,18.0,18.0,13.0
RNA_protein_interface,-10.0,screen,PR_reference_interface|raw|100|0|variance|0.2|False,"{""algorithm"": ""Ridge"", ""alpha"": 1.0, ""class_weight"": ""balanced""}",76,76.0,0.5921052631578947,0.5802867383512544,0.5798109505974675,0.15983047389183974,2,0.6590909090909091,0.6444444444444445,0.651685393258427,45.0,0.6071684587813619,0.7150221694424371,0.5,0.5161290322580645,0.5079365079365079,31.0,0.607168458781362,0.5199908974015288,0.5161290322580645,0.3555555555555555,0.6071684587813619,0.7150221694424371,29.0,16.0,15.0,16.0
RNA_protein_interface,-10.0,screen,PR_reference_interface|raw|1000|0|variance|0.2|False,"{""algorithm"": ""Ridge"", ""alpha"": 1.0, ""class_weight"": ""balanced""}",76,76.0,0.5921052631578947,0.5802867383512544,0.5798109505974675,0.15983047389183974,2,0.6590909090909091,0.6444444444444445,0.651685393258427,45.0,0.6071684587813619,0.7150221694424371,0.5,0.5161290322580645,0.5079365079365079,31.0,0.607168458781362,0.5199908974015288,0.5161290322580645,0.3555555555555555,0.6071684587813619,0.7150221694424371,29.0,16.0,15.0,16.0
RNA_protein_interface,-10.0,screen,PR_reference_interface|delta|all|0|variance|0.2|False,"{""algorithm"": ""Ridge"", ""alpha"": 1.0, ""class_weight"": ""balanced""}",76,76.0,0.5921052631578947,0.5802867383512544,0.5798109505974675,0.15983047389183974,2,0.6590909090909091,0.6444444444444445,0.651685393258427,45.0,0.6071684587813619,0.7150221694424371,0.5,0.5161290322580645,0.5079365079365079,31.0,0.607168458781362,0.5199908974015288,0.5161290322580645,0.3555555555555555,0.6071684587813619,0.7150221694424371,29.0,16.0,15.0,16.0
RNA_protein_interface,-10.0,screen,PR_reference_interface|delta|250|0|variance|0.2|False,"{""algorithm"": ""Ridge"", ""alpha"": 1.0, ""class_weight"": ""balanced""}",76,76.0,0.5921052631578947,0.5802867383512544,0.5798109505974675,0.15983047389183974,2,0.6590909090909091,0.6444444444444445,0.651685393258427,45.0,0.6071684587813619,0.7150221694424371,0.5,0.5161290322580645,0.5079365079365079,31.0,0.607168458781362,0.5199908974015288,0.5161290322580645,0.3555555555555555,0.6071684587813619,0.7150221694424371,29.0,16.0,15.0,16.0
RNA_protein_interface,-10.0,screen,PR_reference_interface|delta|all|0|variance|0.5|False,"{""algorithm"": ""Ridge"", ""alpha"": 1.0, ""class_weight"": ""balanced""}",76,76.0,0.5,0.49247311827956985,0.49119097956307256,-0.014842472071165241,2,0.5853658536585366,0.5333333333333333,0.5581395348837209,45.0,0.5405017921146953,0.6930936700477071,0.4,0.45161290322580644,0.42424242424242425,31.0,0.5405017921146954,0.41388798363401774,0.45161290322580644,0.4666666666666667,0.5405017921146953,0.6930936700477071,24.0,21.0,17.0,14.0
RNA_protein_interface,-10.0,screen,PR_reference_interface|delta|250|0|variance|0.5|False,"{""algorithm"": ""Ridge"", ""alpha"": 1.0, ""class_weight"": ""balanced""}",76,76.0,0.5,0.49247311827956985,0.49119097956307256,-0.014842472071165241,2,0.5853658536585366,0.5333333333333333,0.5581395348837209,45.0,0.5405017921146953,0.6930936700477071,0.4,0.45161290322580644,0.42424242424242425,31.0,0.5405017921146954,0.41388798363401774,0.45161290322580644,0.4666666666666667,0.5405017921146953,0.6930936700477071,24.0,21.0,17.0,14.0
RNA_protein_interface,-10.0,screen,PR_reference_interface|delta|all|0|variance|0.8|False,"{""algorithm"": ""Ridge"", ""alpha"": 1.0, ""class_weight"": ""balanced""}",76,76.0,0.5394736842105263,0.5157706093189964,0.515217787497722,0.032134085014143374,2,0.6041666666666666,0.6444444444444445,0.6236559139784946,45.0,0.4960573476702509,0.651884746533143,0.42857142857142855,0.3870967741935484,0.4067796610169492,31.0,0.4960573476702509,0.3980805833365129,0.3870967741935484,0.3555555555555555,0.4960573476702509,0.651884746533143,29.0,16.0,19.0,12.0
RNA_protein_interface,-10.0,screen,PR_reference_interface|delta|250|0|variance|0.8|False,"{""algorithm"": ""Ridge"", ""alpha"": 1.0, ""class_weight"": ""balanced""}",76,76.0,0.5394736842105263,0.5157706093189964,0.515217787497722,0.032134085014143374,2,0.6041666666666666,0.6444444444444445,0.6236559139784946,45.0,0.4960573476702509,0.651884746533143,0.42857142857142855,0.3870967741935484,0.4067796610169492,31.0,0.4960573476702509,0.3980805833365129,0.3870967741935484,0.3555555555555555,0.4960573476702509,0.651884746533143,29.0,16.0,19.0,12.0
RNA_protein_interface,-10.0,screen,PR_reference_interface|delta|25|0|variance|0.2|False,"{""algorithm"": ""Ridge"", ""alpha"": 1.0, ""class_weight"": ""balanced""}",76,76.0,0.5263157894736842,0.5096774193548387,0.5096774193548387,0.01935483870967742,2,0.6,0.6,0.6,45.0,0.5275985663082436,0.6765864012731917,0.41935483870967744,0.41935483870967744,0.41935483870967744,31.0,0.5275985663082438,0.4145427315234098,0.41935483870967744,0.4,0.5275985663082436,0.6765864012731917,27.0,18.0,18.0,13.0
RNA_protein_interface,-10.0,screen,PR_reference_interface|delta|100|0|variance|0.2|False,"{""algorithm"": ""Ridge"", ""alpha"": 1.0, ""class_weight"": ""balanced""}",76,76.0,0.5921052631578947,0.5802867383512544,0.5798109505974675,0.15983047389183974,2,0.6590909090909091,0.6444444444444445,0.651685393258427,45.0,0.6071684587813619,0.7150221694424371,0.5,0.5161290322580645,0.5079365079365079,31.0,0.607168458781362,0.5199908974015288,0.5161290322580645,0.3555555555555555,0.6071684587813619,0.7150221694424371,29.0,16.0,15.0,16.0
RNA_protein_interface,-10.0,screen,PR_reference_interface|delta|1000|0|variance|0.2|False,"{""algorithm"": ""Ridge"", ""alpha"": 1.0, ""class_weight"": ""balanced""}",76,76.0,0.5921052631578947,0.5802867383512544,0.5798109505974675,0.15983047389183974,2,0.6590909090909091,0.6444444444444445,0.651685393258427,45.0,0.6071684587813619,0.7150221694424371,0.5,0.5161290322580645,0.5079365079365079,31.0,0.607168458781362,0.5199908974015288,0.5161290322580645,0.3555555555555555,0.6071684587813619,0.7150221694424371,29.0,16.0,15.0,16.0
RNA_protein_interface,-10.0,screen,PR_train_union_interface|raw|all|0|variance|0.2|False,"{""algorithm"": ""Ridge"", ""alpha"": 1.0, ""class_weight"": ""balanced""}",76,76.0,0.5131578947368421,0.48351254480286743,0.4807017543859649,-0.034158520483815326,2,0.58,0.6444444444444445,0.6105263157894737,45.0,0.5555555555555556,0.6838309519359969,0.38461538461538464,0.3225806451612903,0.3508771929824561,31.0,0.5555555555555556,0.44063059716478703,0.3225806451612903,0.3555555555555555,0.5555555555555556,0.6838309519359969,29.0,16.0,21.0,10.0
RNA_protein_interface,-10.0,screen,PR_train_union_interface|raw|250|0|variance|0.2|False,"{""algorithm"": ""Ridge"", ""alpha"": 1.0, ""class_weight"": ""balanced""}",76,76.0,0.5131578947368421,0.48351254480286743,0.4807017543859649,-0.034158520483815326,2,0.58,0.6444444444444445,0.6105263157894737,45.0,0.5663082437275985,0.6841810354536402,0.38461538461538464,0.3225806451612903,0.3508771929824561,31.0,0.5663082437275986,0.4490936171232892,0.3225806451612903,0.3555555555555555,0.5663082437275985,0.6841810354536402,29.0,16.0,21.0,10.0
RNA_protein_interface,-10.0,screen,PR_train_union_interface|raw|all|0|variance|0.5|False,"{""algorithm"": ""Ridge"", ""alpha"": 1.0, ""class_weight"": ""balanced""}",76,76.0,0.5263157894736842,0.4946236559139785,0.4910714285714286,-0.011247320293685126,2,0.5882352941176471,0.6666666666666666,0.625,45.0,0.5053763440860215,0.6402307670979994,0.4,0.3225806451612903,0.35714285714285715,31.0,0.5053763440860215,0.399441109080349,0.3225806451612903,0.33333333333333337,0.5053763440860215,0.6402307670979994,30.0,15.0,21.0,10.0
RNA_protein_interface,-10.0,screen,PR_train_union_interface|raw|250|0|variance|0.5|False,"{""algorithm"": ""Ridge"", ""alpha"": 1.0, ""class_weight"": ""balanced""}",76,76.0,0.5263157894736842,0.4946236559139785,0.4910714285714286,-0.011247320293685126,2,0.5882352941176471,0.6666666666666666,0.625,45.0,0.5053763440860215,0.6402307670979994,0.4,0.3225806451612903,0.35714285714285715,31.0,0.5053763440860215,0.399441109080349,0.3225806451612903,0.33333333333333337,0.5053763440860215,0.6402307670979994,30.0,15.0,21.0,10.0
RNA_protein_interface,-10.0,screen,PR_train_union_interface|raw|all|0|variance|0.8|False,"{""algorithm"": ""Ridge"", ""alpha"": 1.0, ""class_weight"": ""balanced""}",76,76.0,0.5,0.4673835125448029,0.46279761904761907,-0.0682337431150231,2,0.5686274509803921,0.6444444444444445,0.6041666666666666,45.0,0.47240143369175625,0.6216946075728611,0.36,0.2903225806451613,0.32142857142857145,31.0,0.4724014336917563,0.3884631713658611,0.2903225806451613,0.3555555555555555,0.47240143369175625,0.6216946075728611,29.0,16.0,22.0,9.0
RNA_protein_interface,-10.0,screen,PR_train_union_interface|raw|250|0|variance|0.8|False,"{""algorithm"": ""Ridge"", ""alpha"": 1.0, ""class_weight"": ""balanced""}",76,76.0,0.5,0.4673835125448029,0.46279761904761907,-0.0682337431150231,2,0.5686274509803921,0.6444444444444445,0.6041666666666666,45.0,0.47240143369175625,0.6216946075728611,0.36,0.2903225806451613,0.32142857142857145,31.0,0.4724014336917563,0.3884631713658611,0.2903225806451613,0.3555555555555555,0.47240143369175625,0.6216946075728611,29.0,16.0,22.0,9.0
RNA_protein_interface,-10.0,screen,PR_train_union_interface|raw|25|0|variance|0.2|False,"{""algorithm"": ""Ridge"", ""alpha"": 1.0, ""class_weight"": ""balanced""}",76,76.0,0.5131578947368421,0.4935483870967742,0.49342460817870654,-0.012973162501932317,2,0.5869565217391305,0.6,0.5934065934065934,45.0,0.5089605734767024,0.6578435281469162,0.4,0.3870967741935484,0.39344262295081966,31.0,0.5089605734767024,0.4060401407493538,0.3870967741935484,0.4,0.5089605734767024,0.6578435281469162,27.0,18.0,19.0,12.0
RNA_protein_interface,-10.0,screen,PR_train_union_interface|raw|100|0|variance|0.2|False,"{""algorithm"": ""Ridge"", ""alpha"": 1.0, ""class_weight"": ""balanced""}",76,76.0,0.5526315789473685,0.5218637992831541,0.5193452380952381,0.04573910252765285,2,0.6078431372549019,0.6888888888888889,0.6458333333333334,45.0,0.49677419354838714,0.6146739398409535,0.44,0.3548387096774194,0.39285714285714285,31.0,0.4967741935483871,0.3978344440849183,0.3548387096774194,0.3111111111111111,0.49677419354838714,0.6146739398409535,31.0,14.0,20.0,11.0
RNA_protein_interface,-10.0,screen,PR_train_union_interface|raw|1000|0|variance|0.2|False,"{""algorithm"": ""Ridge"", ""alpha"": 1.0, ""class_weight"": ""balanced""}",76,76.0,0.5131578947368421,0.48351254480286743,0.4807017543859649,-0.034158520483815326,2,0.58,0.6444444444444445,0.6105263157894737,45.0,0.5555555555555556,0.6838309519359969,0.38461538461538464,0.3225806451612903,0.3508771929824561,31.0,0.5555555555555556,0.44063059716478703,0.3225806451612903,0.3555555555555555,0.5555555555555556,0.6838309519359969,29.0,16.0,21.0,10.0
RNA_protein_interface,-10.0,screen,PR_train_union_interface|delta|all|0|variance|0.2|False,"{""algorithm"": ""Ridge"", ""alpha"": 1.0, ""class_weight"": ""balanced""}",76,76.0,0.5131578947368421,0.48351254480286743,0.4807017543859649,-0.034158520483815326,2,0.58,0.6444444444444445,0.6105263157894737,45.0,0.5555555555555556,0.6838309519359969,0.38461538461538464,0.3225806451612903,0.3508771929824561,31.0,0.5555555555555556,0.44063059716478703,0.3225806451612903,0.3555555555555555,0.5555555555555556,0.6838309519359969,29.0,16.0,21.0,10.0
RNA_protein_interface,-10.0,screen,PR_train_union_interface|delta|250|0|variance|0.2|False,"{""algorithm"": ""Ridge"", ""alpha"": 1.0, ""class_weight"": ""balanced""}",76,76.0,0.5131578947368421,0.48351254480286743,0.4807017543859649,-0.034158520483815326,2,0.58,0.6444444444444445,0.6105263157894737,45.0,0.5663082437275985,0.6841810354536402,0.38461538461538464,0.3225806451612903,0.3508771929824561,31.0,0.5663082437275986,0.4490936171232892,0.3225806451612903,0.3555555555555555,0.5663082437275985,0.6841810354536402,29.0,16.0,21.0,10.0
RNA_protein_interface,-10.0,screen,PR_train_union_interface|delta|all|0|variance|0.5|False,"{""algorithm"": ""Ridge"", ""alpha"": 1.0, ""class_weight"": ""balanced""}",76,76.0,0.5263157894736842,0.4946236559139785,0.4910714285714286,-0.011247320293685126,2,0.5882352941176471,0.6666666666666666,0.625,45.0,0.5053763440860215,0.6402307670979994,0.4,0.3225806451612903,0.35714285714285715,31.0,0.5053763440860215,0.399441109080349,0.3225806451612903,0.33333333333333337,0.5053763440860215,0.6402307670979994,30.0,15.0,21.0,10.0
RNA_protein_interface,-10.0,screen,PR_train_union_interface|delta|250|0|variance|0.5|False,"{""algorithm"": ""Ridge"", ""alpha"": 1.0, ""class_weight"": ""balanced""}",76,76.0,0.5263157894736842,0.4946236559139785,0.4910714285714286,-0.011247320293685126,2,0.5882352941176471,0.6666666666666666,0.625,45.0,0.5053763440860215,0.6402307670979994,0.4,0.3225806451612903,0.35714285714285715,31.0,0.5053763440860215,0.399441109080349,0.3225806451612903,0.33333333333333337,0.5053763440860215,0.6402307670979994,30.0,15.0,21.0,10.0
RNA_protein_interface,-10.0,screen,PR_train_union_interface|delta|all|0|variance|0.8|False,"{""algorithm"": ""Ridge"", ""alpha"": 1.0, ""class_weight"": ""balanced""}",76,76.0,0.5,0.4673835125448029,0.46279761904761907,-0.0682337431150231,2,0.5686274509803921,0.6444444444444445,0.6041666666666666,45.0,0.47240143369175625,0.6216946075728611,0.36,0.2903225806451613,0.32142857142857145,31.0,0.4724014336917563,0.3884631713658611,0.2903225806451613,0.3555555555555555,0.47240143369175625,0.6216946075728611,29.0,16.0,22.0,9.0
RNA_protein_interface,-10.0,screen,PR_train_union_interface|delta|250|0|variance|0.8|False,"{""algorithm"": ""Ridge"", ""alpha"": 1.0, ""class_weight"": ""balanced""}",76,76.0,0.5,0.4673835125448029,0.46279761904761907,-0.0682337431150231,2,0.5686274509803921,0.6444444444444445,0.6041666666666666,45.0,0.47240143369175625,0.6216946075728611,0.36,0.2903225806451613,0.32142857142857145,31.0,0.4724014336917563,0.3884631713658611,0.2903225806451613,0.3555555555555555,0.47240143369175625,0.6216946075728611,29.0,16.0,22.0,9.0
RNA_protein_interface,-10.0,screen,PR_train_union_interface|delta|25|0|variance|0.2|False,"{""algorithm"": ""Ridge"", ""alpha"": 1.0, ""class_weight"": ""balanced""}",76,76.0,0.5131578947368421,0.4935483870967742,0.49342460817870654,-0.012973162501932317,2,0.5869565217391305,0.6,0.5934065934065934,45.0,0.5089605734767024,0.6578435281469162,0.4,0.3870967741935484,0.39344262295081966,31.0,0.5089605734767024,0.4060401407493538,0.3870967741935484,0.4,0.5089605734767024,0.6578435281469162,27.0,18.0,19.0,12.0
RNA_protein_interface,-10.0,screen,PR_train_union_interface|delta|100|0|variance|0.2|False,"{""algorithm"": ""Ridge"", ""alpha"": 1.0, ""class_weight"": ""balanced""}",76,76.0,0.5526315789473685,0.5218637992831541,0.5193452380952381,0.04573910252765285,2,0.6078431372549019,0.6888888888888889,0.6458333333333334,45.0,0.49677419354838714,0.6146739398409535,0.44,0.3548387096774194,0.39285714285714285,31.0,0.4967741935483871,0.3978344440849183,0.3548387096774194,0.3111111111111111,0.49677419354838714,0.6146739398409535,31.0,14.0,20.0,11.0
RNA_protein_interface,-10.0,screen,PR_train_union_interface|delta|1000|0|variance|0.2|False,"{""algorithm"": ""Ridge"", ""alpha"": 1.0, ""class_weight"": ""balanced""}",76,76.0,0.5131578947368421,0.48351254480286743,0.4807017543859649,-0.034158520483815326,2,0.58,0.6444444444444445,0.6105263157894737,45.0,0.5555555555555556,0.6838309519359969,0.38461538461538464,0.3225806451612903,0.3508771929824561,31.0,0.5555555555555556,0.44063059716478703,0.3225806451612903,0.3555555555555555,0.5555555555555556,0.6838309519359969,29.0,16.0,21.0,10.0
all_PR,-12.5,screen,full_PR|raw|all|0|variance|0|False,"{""algorithm"": ""Ridge"", ""alpha"": 1.0, ""class_weight"": ""balanced""}",76,76.0,0.5,0.4930555555555556,0.4872159090909091,-0.01437636581963238,2,0.5208333333333334,0.625,0.5681818181818182,40.0,0.47291666666666665,0.5441981879805974,0.4642857142857143,0.3611111111111111,0.40625,36.0,0.4729166666666667,0.4778621930777078,0.3611111111111111,0.375,0.47291666666666665,0.5441981879805974,25.0,15.0,23.0,13.0
high_variance_PR,-12.5,screen,full_PR|raw|25|0|variance|0|False,"{""algorithm"": ""Ridge"", ""alpha"": 1.0, ""class_weight"": ""balanced""}",76,76.0,0.47368421052631576,0.4736111111111111,0.4733194733194733,-0.05270462766947299,2,0.5,0.475,0.48717948717948717,40.0,0.48680555555555555,0.5910975722159989,0.4473684210526316,0.4722222222222222,0.4594594594594595,36.0,0.48680555555555555,0.48707319158693063,0.4722222222222222,0.525,0.48680555555555555,0.5910975722159989,19.0,21.0,19.0,17.0
high_variance_PR,-12.5,screen,full_PR|raw|100|0|variance|0|False,"{""algorithm"": ""Ridge"", ""alpha"": 1.0, ""class_weight"": ""balanced""}",76,76.0,0.47368421052631576,0.46944444444444444,0.4677871148459384,-0.061801654059130524,2,0.5,0.55,0.5238095238095238,40.0,0.43125,0.5279429097957113,0.4375,0.3888888888888889,0.4117647058823529,36.0,0.43124999999999997,0.4337204422387353,0.3888888888888889,0.44999999999999996,0.43125,0.5279429097957113,22.0,18.0,22.0,14.0
high_variance_PR,-12.5,screen,full_PR|raw|250|0|variance|0|False,"{""algorithm"": ""Ridge"", ""alpha"": 1.0, ""class_weight"": ""balanced""}",76,76.0,0.4868421052631579,0.4819444444444444,0.47954345917471464,-0.03668892557783281,2,0.5111111111111111,0.575,0.5411764705882353,40.0,0.4708333333333333,0.5447490173871911,0.45161290322580644,0.3888888888888889,0.417910447761194,36.0,0.4708333333333333,0.4645771832871659,0.3888888888888889,0.42500000000000004,0.4708333333333333,0.5447490173871911,23.0,17.0,22.0,14.0
high_variance_PR,-12.5,screen,full_PR|raw|1000|0|variance|0|False,"{""algorithm"": ""Ridge"", ""alpha"": 1.0, ""class_weight"": ""balanced""}",76,76.0,0.5,0.4930555555555556,0.4872159090909091,-0.01437636581963238,2,0.5208333333333334,0.625,0.5681818181818182,40.0,0.47291666666666665,0.5441981879805974,0.4642857142857143,0.3611111111111111,0.40625,36.0,0.4729166666666667,0.4778621930777078,0.3611111111111111,0.375,0.47291666666666665,0.5441981879805974,25.0,15.0,23.0,13.0
all_PR,-12.5,screen,full_PR|delta|all|0|variance|0|False,"{""algorithm"": ""Ridge"", ""alpha"": 1.0, ""class_weight"": ""balanced""}",76,76.0,0.5,0.4930555555555556,0.4872159090909091,-0.01437636581963238,2,0.5208333333333334,0.625,0.5681818181818182,40.0,0.47291666666666665,0.5441981879805974,0.4642857142857143,0.3611111111111111,0.40625,36.0,0.4729166666666667,0.4778621930777078,0.3611111111111111,0.375,0.47291666666666665,0.5441981879805974,25.0,15.0,23.0,13.0
high_variance_PR,-12.5,screen,full_PR|delta|25|0|variance|0|False,"{""algorithm"": ""Ridge"", ""alpha"": 1.0, ""class_weight"": ""balanced""}",76,76.0,0.47368421052631576,0.4736111111111111,0.4733194733194733,-0.05270462766947299,2,0.5,0.475,0.48717948717948717,40.0,0.48680555555555555,0.5910975722159989,0.4473684210526316,0.4722222222222222,0.4594594594594595,36.0,0.48680555555555555,0.48707319158693063,0.4722222222222222,0.525,0.48680555555555555,0.5910975722159989,19.0,21.0,19.0,17.0
high_variance_PR,-12.5,screen,full_PR|delta|100|0|variance|0|False,"{""algorithm"": ""Ridge"", ""alpha"": 1.0, ""class_weight"": ""balanced""}",76,76.0,0.47368421052631576,0.46944444444444444,0.4677871148459384,-0.061801654059130524,2,0.5,0.55,0.5238095238095238,40.0,0.43125,0.5279429097957113,0.4375,0.3888888888888889,0.4117647058823529,36.0,0.43124999999999997,0.4337204422387353,0.3888888888888889,0.44999999999999996,0.43125,0.5279429097957113,22.0,18.0,22.0,14.0
high_variance_PR,-12.5,screen,full_PR|delta|250|0|variance|0|False,"{""algorithm"": ""Ridge"", ""alpha"": 1.0, ""class_weight"": ""balanced""}",76,76.0,0.4868421052631579,0.4819444444444444,0.47954345917471464,-0.03668892557783281,2,0.5111111111111111,0.575,0.5411764705882353,40.0,0.4708333333333333,0.5447490173871911,0.45161290322580644,0.3888888888888889,0.417910447761194,36.0,0.4708333333333333,0.4645771832871659,0.3888888888888889,0.42500000000000004,0.4708333333333333,0.5447490173871911,23.0,17.0,22.0,14.0
high_variance_PR,-12.5,screen,full_PR|delta|1000|0|variance|0|False,"{""algorithm"": ""Ridge"", ""alpha"": 1.0, ""class_weight"": ""balanced""}",76,76.0,0.5,0.4930555555555556,0.4872159090909091,-0.01437636581963238,2,0.5208333333333334,0.625,0.5681818181818182,40.0,0.47291666666666665,0.5441981879805974,0.4642857142857143,0.3611111111111111,0.40625,36.0,0.4729166666666667,0.4778621930777078,0.3611111111111111,0.375,0.47291666666666665,0.5441981879805974,25.0,15.0,23.0,13.0
RNA_protein_interface,-12.5,screen,PR_reference_interface|raw|all|0|variance|0.2|False,"{""algorithm"": ""Ridge"", ""alpha"": 1.0, ""class_weight"": ""balanced""}",76,76.0,0.5,0.49722222222222223,0.4968641114982578,-0.00557884939170482,2,0.5238095238095238,0.55,0.5365853658536586,40.0,0.5104166666666667,0.5970067868483903,0.47058823529411764,0.4444444444444444,0.45714285714285713,36.0,0.5104166666666666,0.4980281236912735,0.4444444444444444,0.44999999999999996,0.5104166666666667,0.5970067868483903,22.0,18.0,20.0,16.0
RNA_protein_interface,-12.5,screen,PR_reference_interface|raw|250|0|variance|0.2|False,"{""algorithm"": ""Ridge"", ""alpha"": 1.0, ""class_weight"": ""balanced""}",76,76.0,0.5,0.49722222222222223,0.4968641114982578,-0.00557884939170482,2,0.5238095238095238,0.55,0.5365853658536586,40.0,0.5104166666666667,0.5970067868483903,0.47058823529411764,0.4444444444444444,0.45714285714285713,36.0,0.5104166666666666,0.4980281236912735,0.4444444444444444,0.44999999999999996,0.5104166666666667,0.5970067868483903,22.0,18.0,20.0,16.0
RNA_protein_interface,-12.5,screen,PR_reference_interface|raw|all|0|variance|0.5|False,"{""algorithm"": ""Ridge"", ""alpha"": 1.0, ""class_weight"": ""balanced""}",76,76.0,0.47368421052631576,0.4722222222222222,0.4722222222222222,-0.05555555555555555,2,0.5,0.5,0.5,40.0,0.45763888888888893,0.5300079689703893,0.4444444444444444,0.4444444444444444,0.4444444444444444,36.0,0.45763888888888893,0.46872403575508104,0.4444444444444444,0.5,0.45763888888888893,0.5300079689703893,20.0,20.0,20.0,16.0
RNA_protein_interface,-12.5,screen,PR_reference_interface|raw|250|0|variance|0.5|False,"{""algorithm"": ""Ridge"", ""alpha"": 1.0, ""class_weight"": ""balanced""}",76,76.0,0.47368421052631576,0.4722222222222222,0.4722222222222222,-0.05555555555555555,2,0.5,0.5,0.5,40.0,0.45763888888888893,0.5300079689703893,0.4444444444444444,0.4444444444444444,0.4444444444444444,36.0,0.45763888888888893,0.46872403575508104,0.4444444444444444,0.5,0.45763888888888893,0.5300079689703893,20.0,20.0,20.0,16.0
RNA_protein_interface,-12.5,screen,PR_reference_interface|raw|all|0|variance|0.8|False,"{""algorithm"": ""Ridge"", ""alpha"": 1.0, ""class_weight"": ""balanced""}",76,76.0,0.4473684210526316,0.4472222222222222,0.446985446985447,-0.10540925533894598,2,0.47368421052631576,0.45,0.46153846153846156,40.0,0.44097222222222227,0.520909588606427,0.42105263157894735,0.4444444444444444,0.43243243243243246,36.0,0.4409722222222222,0.4637896266817447,0.4444444444444444,0.55,0.44097222222222227,0.520909588606427,18.0,22.0,20.0,16.0
RNA_protein_interface,-12.5,screen,PR_reference_interface|raw|250|0|variance|0.8|False,"{""algorithm"": ""Ridge"", ""alpha"": 1.0, ""class_weight"": ""balanced""}",76,76.0,0.4473684210526316,0.4472222222222222,0.446985446985447,-0.10540925533894598,2,0.47368421052631576,0.45,0.46153846153846156,40.0,0.44097222222222227,0.520909588606427,0.42105263157894735,0.4444444444444444,0.43243243243243246,36.0,0.4409722222222222,0.4637896266817447,0.4444444444444444,0.55,0.44097222222222227,0.520909588606427,18.0,22.0,20.0,16.0
RNA_protein_interface,-12.5,screen,PR_reference_interface|raw|25|0|variance|0.2|False,"{""algorithm"": ""Ridge"", ""alpha"": 1.0, ""class_weight"": ""balanced""}",76,76.0,0.47368421052631576,0.4736111111111111,0.4733194733194733,-0.05270462766947299,2,0.5,0.475,0.48717948717948717,40.0,0.48680555555555555,0.5910975722159989,0.4473684210526316,0.4722222222222222,0.4594594594594595,36.0,0.48680555555555555,0.48707319158693063,0.4722222222222222,0.525,0.48680555555555555,0.5910975722159989,19.0,21.0,19.0,17.0
RNA_protein_interface,-12.5,screen,PR_reference_interface|raw|100|0|variance|0.2|False,"{""algorithm"": ""Ridge"", ""alpha"": 1.0, ""class_weight"": ""balanced""}",76,76.0,0.5,0.49722222222222223,0.4968641114982578,-0.00557884939170482,2,0.5238095238095238,0.55,0.5365853658536586,40.0,0.5104166666666667,0.5970067868483903,0.47058823529411764,0.4444444444444444,0.45714285714285713,36.0,0.5104166666666666,0.4980281236912735,0.4444444444444444,0.44999999999999996,0.5104166666666667,0.5970067868483903,22.0,18.0,20.0,16.0
RNA_protein_interface,-12.5,screen,PR_reference_interface|raw|1000|0|variance|0.2|False,"{""algorithm"": ""Ridge"", ""alpha"": 1.0, ""class_weight"": ""balanced""}",76,76.0,0.5,0.49722222222222223,0.4968641114982578,-0.00557884939170482,2,0.5238095238095238,0.55,0.5365853658536586,40.0,0.5104166666666667,0.5970067868483903,0.47058823529411764,0.4444444444444444,0.45714285714285713,36.0,0.5104166666666666,0.4980281236912735,0.4444444444444444,0.44999999999999996,0.5104166666666667,0.5970067868483903,22.0,18.0,20.0,16.0
RNA_protein_interface,-12.5,screen,PR_reference_interface|delta|all|0|variance|0.2|False,"{""algorithm"": ""Ridge"", ""alpha"": 1.0, ""class_weight"": ""balanced""}",76,76.0,0.5,0.49722222222222223,0.4968641114982578,-0.00557884939170482,2,0.5238095238095238,0.55,0.5365853658536586,40.0,0.5104166666666667,0.5970067868483903,0.47058823529411764,0.4444444444444444,0.45714285714285713,36.0,0.5104166666666666,0.4980281236912735,0.4444444444444444,0.44999999999999996,0.5104166666666667,0.5970067868483903,22.0,18.0,20.0,16.0
RNA_protein_interface,-12.5,screen,PR_reference_interface|delta|250|0|variance|0.2|False,"{""algorithm"": ""Ridge"", ""alpha"": 1.0, ""class_weight"": ""balanced""}",76,76.0,0.5,0.49722222222222223,0.4968641114982578,-0.00557884939170482,2,0.5238095238095238,0.55,0.5365853658536586,40.0,0.5104166666666667,0.5970067868483903,0.47058823529411764,0.4444444444444444,0.45714285714285713,36.0,0.5104166666666666,0.4980281236912735,0.4444444444444444,0.44999999999999996,0.5104166666666667,0.5970067868483903,22.0,18.0,20.0,16.0
RNA_protein_interface,-12.5,screen,PR_reference_interface|delta|all|0|variance|0.5|False,"{""algorithm"": ""Ridge"", ""alpha"": 1.0, ""class_weight"": ""balanced""}",76,76.0,0.47368421052631576,0.4722222222222222,0.4722222222222222,-0.05555555555555555,2,0.5,0.5,0.5,40.0,0.45763888888888893,0.5300079689703893,0.4444444444444444,0.4444444444444444,0.4444444444444444,36.0,0.45763888888888893,0.46872403575508104,0.4444444444444444,0.5,0.45763888888888893,0.5300079689703893,20.0,20.0,20.0,16.0
RNA_protein_interface,-12.5,screen,PR_reference_interface|delta|250|0|variance|0.5|False,"{""algorithm"": ""Ridge"", ""alpha"": 1.0, ""class_weight"": ""balanced""}",76,76.0,0.47368421052631576,0.4722222222222222,0.4722222222222222,-0.05555555555555555,2,0.5,0.5,0.5,40.0,0.45763888888888893,0.5300079689703893,0.4444444444444444,0.4444444444444444,0.4444444444444444,36.0,0.45763888888888893,0.46872403575508104,0.4444444444444444,0.5,0.45763888888888893,0.5300079689703893,20.0,20.0,20.0,16.0
RNA_protein_interface,-12.5,screen,PR_reference_interface|delta|all|0|variance|0.8|False,"{""algorithm"": ""Ridge"", ""alpha"": 1.0, ""class_weight"": ""balanced""}",76,76.0,0.4473684210526316,0.4472222222222222,0.446985446985447,-0.10540925533894598,2,0.47368421052631576,0.45,0.46153846153846156,40.0,0.44097222222222227,0.520909588606427,0.42105263157894735,0.4444444444444444,0.43243243243243246,36.0,0.4409722222222222,0.4637896266817447,0.4444444444444444,0.55,0.44097222222222227,0.520909588606427,18.0,22.0,20.0,16.0
RNA_protein_interface,-12.5,screen,PR_reference_interface|delta|250|0|variance|0.8|False,"{""algorithm"": ""Ridge"", ""alpha"": 1.0, ""class_weight"": ""balanced""}",76,76.0,0.4473684210526316,0.4472222222222222,0.446985446985447,-0.10540925533894598,2,0.47368421052631576,0.45,0.46153846153846156,40.0,0.44097222222222227,0.520909588606427,0.42105263157894735,0.4444444444444444,0.43243243243243246,36.0,0.4409722222222222,0.4637896266817447,0.4444444444444444,0.55,0.44097222222222227,0.520909588606427,18.0,22.0,20.0,16.0
RNA_protein_interface,-12.5,screen,PR_reference_interface|delta|25|0|variance|0.2|False,"{""algorithm"": ""Ridge"", ""alpha"": 1.0, ""class_weight"": ""balanced""}",76,76.0,0.47368421052631576,0.4736111111111111,0.4733194733194733,-0.05270462766947299,2,0.5,0.475,0.48717948717948717,40.0,0.48680555555555555,0.5910975722159989,0.4473684210526316,0.4722222222222222,0.4594594594594595,36.0,0.48680555555555555,0.48707319158693063,0.4722222222222222,0.525,0.48680555555555555,0.5910975722159989,19.0,21.0,19.0,17.0
RNA_protein_interface,-12.5,screen,PR_reference_interface|delta|100|0|variance|0.2|False,"{""algorithm"": ""Ridge"", ""alpha"": 1.0, ""class_weight"": ""balanced""}",76,76.0,0.5,0.49722222222222223,0.4968641114982578,-0.00557884939170482,2,0.5238095238095238,0.55,0.5365853658536586,40.0,0.5104166666666667,0.5970067868483903,0.47058823529411764,0.4444444444444444,0.45714285714285713,36.0,0.5104166666666666,0.4980281236912735,0.4444444444444444,0.44999999999999996,0.5104166666666667,0.5970067868483903,22.0,18.0,20.0,16.0
RNA_protein_interface,-12.5,screen,PR_reference_interface|delta|1000|0|variance|0.2|False,"{""algorithm"": ""Ridge"", ""alpha"": 1.0, ""class_weight"": ""balanced""}",76,76.0,0.5,0.49722222222222223,0.4968641114982578,-0.00557884939170482,2,0.5238095238095238,0.55,0.5365853658536586,40.0,0.5104166666666667,0.5970067868483903,0.47058823529411764,0.4444444444444444,0.45714285714285713,36.0,0.5104166666666666,0.4980281236912735,0.4444444444444444,0.44999999999999996,0.5104166666666667,0.5970067868483903,22.0,18.0,20.0,16.0
RNA_protein_interface,-12.5,screen,PR_train_union_interface|raw|all|0|variance|0.2|False,"{""algorithm"": ""Ridge"", ""alpha"": 1.0, ""class_weight"": ""balanced""}",76,76.0,0.47368421052631576,0.46944444444444444,0.4677871148459384,-0.061801654059130524,2,0.5,0.55,0.5238095238095238,40.0,0.46944444444444444,0.5602140029182598,0.4375,0.3888888888888889,0.4117647058823529,36.0,0.4694444444444445,0.4614522349823855,0.3888888888888889,0.44999999999999996,0.46944444444444444,0.5602140029182598,22.0,18.0,22.0,14.0
RNA_protein_interface,-12.5,screen,PR_train_union_interface|raw|250|0|variance|0.2|False,"{""algorithm"": ""Ridge"", ""alpha"": 1.0, ""class_weight"": ""balanced""}",76,76.0,0.5263157894736842,0.5208333333333334,0.5179704016913319,0.04256282653793743,2,0.5434782608695652,0.625,0.5813953488372093,40.0,0.4805555555555556,0.5675328717480969,0.5,0.4166666666666667,0.45454545454545453,36.0,0.48055555555555557,0.47034035896953863,0.4166666666666667,0.375,0.4805555555555556,0.5675328717480969,25.0,15.0,21.0,15.0
RNA_protein_interface,-12.5,screen,PR_train_union_interface|raw|all|0|variance|0.5|False,"{""algorithm"": ""Ridge"", ""alpha"": 1.0, ""class_weight"": ""balanced""}",76,76.0,0.5,0.4930555555555556,0.4872159090909091,-0.01437636581963238,2,0.5208333333333334,0.625,0.5681818181818182,40.0,0.4722222222222222,0.5557083989412933,0.4642857142857143,0.3611111111111111,0.40625,36.0,0.4722222222222222,0.46528742654599264,0.3611111111111111,0.375,0.4722222222222222,0.5557083989412933,25.0,15.0,23.0,13.0
RNA_protein_interface,-12.5,screen,PR_train_union_interface|raw|250|0|variance|0.5|False,"{""algorithm"": ""Ridge"", ""alpha"": 1.0, ""class_weight"": ""balanced""}",76,76.0,0.5,0.4930555555555556,0.4872159090909091,-0.01437636581963238,2,0.5208333333333334,0.625,0.5681818181818182,40.0,0.4722222222222222,0.5557083989412933,0.4642857142857143,0.3611111111111111,0.40625,36.0,0.4722222222222222,0.46528742654599264,0.3611111111111111,0.375,0.4722222222222222,0.5557083989412933,25.0,15.0,23.0,13.0
RNA_protein_interface,-12.5,screen,PR_train_union_interface|raw|all|0|variance|0.8|False,"{""algorithm"": ""Ridge"", ""alpha"": 1.0, ""class_weight"": ""balanced""}",76,76.0,0.4605263157894737,0.4555555555555556,0.4528533801580334,-0.09031120142235768,2,0.4888888888888889,0.55,0.5176470588235295,40.0,0.45763888888888893,0.5417164633676741,0.41935483870967744,0.3611111111111111,0.3880597014925373,36.0,0.45763888888888893,0.4479018385042861,0.3611111111111111,0.44999999999999996,0.45763888888888893,0.5417164633676741,22.0,18.0,23.0,13.0
RNA_protein_interface,-12.5,screen,PR_train_union_interface|raw|250|0|variance|0.8|False,"{""algorithm"": ""Ridge"", ""alpha"": 1.0, ""class_weight"": ""balanced""}",76,76.0,0.4605263157894737,0.4555555555555556,0.4528533801580334,-0.09031120142235768,2,0.4888888888888889,0.55,0.5176470588235295,40.0,0.45763888888888893,0.5417164633676741,0.41935483870967744,0.3611111111111111,0.3880597014925373,36.0,0.45763888888888893,0.4479018385042861,0.3611111111111111,0.44999999999999996,0.45763888888888893,0.5417164633676741,22.0,18.0,23.0,13.0
RNA_protein_interface,-12.5,screen,PR_train_union_interface|raw|25|0|variance|0.2|False,"{""algorithm"": ""Ridge"", ""alpha"": 1.0, ""class_weight"": ""balanced""}",76,76.0,0.47368421052631576,0.4736111111111111,0.4733194733194733,-0.05270462766947299,2,0.5,0.475,0.48717948717948717,40.0,0.48680555555555555,0.5910975722159989,0.4473684210526316,0.4722222222222222,0.4594594594594595,36.0,0.48680555555555555,0.48707319158693063,0.4722222222222222,0.525,0.48680555555555555,0.5910975722159989,19.0,21.0,19.0,17.0
RNA_protein_interface,-12.5,screen,PR_train_union_interface|raw|100|0|variance|0.2|False,"{""algorithm"": ""Ridge"", ""alpha"": 1.0, ""class_weight"": ""balanced""}",76,76.0,0.47368421052631576,0.46944444444444444,0.4677871148459384,-0.061801654059130524,2,0.5,0.55,0.5238095238095238,40.0,0.43125,0.5279429097957113,0.4375,0.3888888888888889,0.4117647058823529,36.0,0.43124999999999997,0.4337204422387353,0.3888888888888889,0.44999999999999996,0.43125,0.5279429097957113,22.0,18.0,22.0,14.0
RNA_protein_interface,-12.5,screen,PR_train_union_interface|raw|1000|0|variance|0.2|False,"{""algorithm"": ""Ridge"", ""alpha"": 1.0, ""class_weight"": ""balanced""}",76,76.0,0.47368421052631576,0.46944444444444444,0.4677871148459384,-0.061801654059130524,2,0.5,0.55,0.5238095238095238,40.0,0.46944444444444444,0.5602140029182598,0.4375,0.3888888888888889,0.4117647058823529,36.0,0.4694444444444445,0.4614522349823855,0.3888888888888889,0.44999999999999996,0.46944444444444444,0.5602140029182598,22.0,18.0,22.0,14.0
RNA_protein_interface,-12.5,screen,PR_train_union_interface|delta|all|0|variance|0.2|False,"{""algorithm"": ""Ridge"", ""alpha"": 1.0, ""class_weight"": ""balanced""}",76,76.0,0.47368421052631576,0.46944444444444444,0.4677871148459384,-0.061801654059130524,2,0.5,0.55,0.5238095238095238,40.0,0.46944444444444444,0.5602140029182598,0.4375,0.3888888888888889,0.4117647058823529,36.0,0.4694444444444445,0.4614522349823855,0.3888888888888889,0.44999999999999996,0.46944444444444444,0.5602140029182598,22.0,18.0,22.0,14.0
RNA_protein_interface,-12.5,screen,PR_train_union_interface|delta|250|0|variance|0.2|False,"{""algorithm"": ""Ridge"", ""alpha"": 1.0, ""class_weight"": ""balanced""}",76,76.0,0.5263157894736842,0.5208333333333334,0.5179704016913319,0.04256282653793743,2,0.5434782608695652,0.625,0.5813953488372093,40.0,0.4805555555555556,0.5675328717480969,0.5,0.4166666666666667,0.45454545454545453,36.0,0.48055555555555557,0.47034035896953863,0.4166666666666667,0.375,0.4805555555555556,0.5675328717480969,25.0,15.0,21.0,15.0
RNA_protein_interface,-12.5,screen,PR_train_union_interface|delta|all|0|variance|0.5|False,"{""algorithm"": ""Ridge"", ""alpha"": 1.0, ""class_weight"": ""balanced""}",76,76.0,0.5,0.4930555555555556,0.4872159090909091,-0.01437636581963238,2,0.5208333333333334,0.625,0.5681818181818182,40.0,0.4722222222222222,0.5557083989412933,0.4642857142857143,0.3611111111111111,0.40625,36.0,0.4722222222222222,0.46528742654599264,0.3611111111111111,0.375,0.4722222222222222,0.5557083989412933,25.0,15.0,23.0,13.0
RNA_protein_interface,-12.5,screen,PR_train_union_interface|delta|250|0|variance|0.5|False,"{""algorithm"": ""Ridge"", ""alpha"": 1.0, ""class_weight"": ""balanced""}",76,76.0,0.5,0.4930555555555556,0.4872159090909091,-0.01437636581963238,2,0.5208333333333334,0.625,0.5681818181818182,40.0,0.4722222222222222,0.5557083989412933,0.4642857142857143,0.3611111111111111,0.40625,36.0,0.4722222222222222,0.46528742654599264,0.3611111111111111,0.375,0.4722222222222222,0.5557083989412933,25.0,15.0,23.0,13.0
RNA_protein_interface,-12.5,screen,PR_train_union_interface|delta|all|0|variance|0.8|False,"{""algorithm"": ""Ridge"", ""alpha"": 1.0, ""class_weight"": ""balanced""}",76,76.0,0.4605263157894737,0.4555555555555556,0.4528533801580334,-0.09031120142235768,2,0.4888888888888889,0.55,0.5176470588235295,40.0,0.45763888888888893,0.5417164633676741,0.41935483870967744,0.3611111111111111,0.3880597014925373,36.0,0.45763888888888893,0.4479018385042861,0.3611111111111111,0.44999999999999996,0.45763888888888893,0.5417164633676741,22.0,18.0,23.0,13.0
RNA_protein_interface,-12.5,screen,PR_train_union_interface|delta|250|0|variance|0.8|False,"{""algorithm"": ""Ridge"", ""alpha"": 1.0, ""class_weight"": ""balanced""}",76,76.0,0.4605263157894737,0.4555555555555556,0.4528533801580334,-0.09031120142235768,2,0.4888888888888889,0.55,0.5176470588235295,40.0,0.45763888888888893,0.5417164633676741,0.41935483870967744,0.3611111111111111,0.3880597014925373,36.0,0.45763888888888893,0.4479018385042861,0.3611111111111111,0.44999999999999996,0.45763888888888893,0.5417164633676741,22.0,18.0,23.0,13.0
RNA_protein_interface,-12.5,screen,PR_train_union_interface|delta|25|0|variance|0.2|False,"{""algorithm"": ""Ridge"", ""alpha"": 1.0, ""class_weight"": ""balanced""}",76,76.0,0.47368421052631576,0.4736111111111111,0.4733194733194733,-0.05270462766947299,2,0.5,0.475,0.48717948717948717,40.0,0.48680555555555555,0.5910975722159989,0.4473684210526316,0.4722222222222222,0.4594594594594595,36.0,0.48680555555555555,0.48707319158693063,0.4722222222222222,0.525,0.48680555555555555,0.5910975722159989,19.0,21.0,19.0,17.0
RNA_protein_interface,-12.5,screen,PR_train_union_interface|delta|100|0|variance|0.2|False,"{""algorithm"": ""Ridge"", ""alpha"": 1.0, ""class_weight"": ""balanced""}",76,76.0,0.47368421052631576,0.46944444444444444,0.4677871148459384,-0.061801654059130524,2,0.5,0.55,0.5238095238095238,40.0,0.43125,0.5279429097957113,0.4375,0.3888888888888889,0.4117647058823529,36.0,0.43124999999999997,0.4337204422387353,0.3888888888888889,0.44999999999999996,0.43125,0.5279429097957113,22.0,18.0,22.0,14.0
RNA_protein_interface,-12.5,screen,PR_train_union_interface|delta|1000|0|variance|0.2|False,"{""algorithm"": ""Ridge"", ""alpha"": 1.0, ""class_weight"": ""balanced""}",76,76.0,0.47368421052631576,0.46944444444444444,0.4677871148459384,-0.061801654059130524,2,0.5,0.55,0.5238095238095238,40.0,0.46944444444444444,0.5602140029182598,0.4375,0.3888888888888889,0.4117647058823529,36.0,0.4694444444444445,0.4614522349823855,0.3888888888888889,0.44999999999999996,0.46944444444444444,0.5602140029182598,22.0,18.0,22.0,14.0
all_PR,-15.0,screen,full_PR|raw|all|0|variance|0|False,"{""algorithm"": ""Ridge"", ""alpha"": 1.0, ""class_weight"": ""balanced""}",76,76.0,0.39473684210526316,0.39293139293139295,0.3909407665505227,-0.2159405067240881,2,0.36363636363636365,0.32432432432432434,0.34285714285714286,37.0,0.404019404019404,0.4612522590332535,0.4186046511627907,0.46153846153846156,0.43902439024390244,39.0,0.404019404019404,0.4460619562356078,0.46153846153846156,0.6756756756756757,0.404019404019404,0.4612522590332535,12.0,25.0,21.0,18.0
high_variance_PR,-15.0,screen,full_PR|raw|25|0|variance|0|False,"{""algorithm"": ""Ridge"", ""alpha"": 1.0, ""class_weight"": ""balanced""}",76,76.0,0.35526315789473684,0.3586278586278586,0.34609306409130813,-0.2929728414598968,2,0.375,0.4864864864864865,0.4235294117647059,37.0,0.34234234234234234,0.4250857162477883,0.32142857142857145,0.23076923076923078,0.26865671641791045,39.0,0.3423423423423423,0.42021970837661693,0.23076923076923078,0.5135135135135135,0.34234234234234234,0.4250857162477883,18.0,19.0,30.0,9.0
high_variance_PR,-15.0,screen,full_PR|raw|100|0|variance|0|False,"{""algorithm"": ""Ridge"", ""alpha"": 1.0, ""class_weight"": ""balanced""}",76,76.0,0.39473684210526316,0.3970893970893971,0.3909407665505227,-0.20933226855577794,2,0.4,0.4864864864864865,0.43902439024390244,37.0,0.3735273735273736,0.4396844349600519,0.3870967741935484,0.3076923076923077,0.34285714285714286,39.0,0.37352737352737353,0.4357267003094486,0.3076923076923077,0.5135135135135135,0.3735273735273736,0.4396844349600519,18.0,19.0,27.0,12.0
high_variance_PR,-15.0,screen,full_PR|raw|250|0|variance|0|False,"{""algorithm"": ""Ridge"", ""alpha"": 1.0, ""class_weight"": ""balanced""}",76,76.0,0.40789473684210525,0.40921690921690923,0.40697069533552976,-0.1825172943157098,2,0.40476190476190477,0.4594594594594595,0.43037974683544306,37.0,0.3575883575883576,0.456267053520374,0.4117647058823529,0.358974358974359,0.3835616438356164,39.0,0.3575883575883576,0.42500408998368855,0.358974358974359,0.5405405405405406,0.3575883575883576,0.456267053520374,17.0,20.0,25.0,14.0
high_variance_PR,-15.0,screen,full_PR|raw|1000|0|variance|0|False,"{""algorithm"": ""Ridge"", ""alpha"": 1.0, ""class_weight"": ""balanced""}",76,76.0,0.39473684210526316,0.39293139293139295,0.3909407665505227,-0.2159405067240881,2,0.36363636363636365,0.32432432432432434,0.34285714285714286,37.0,0.404019404019404,0.4612522590332535,0.4186046511627907,0.46153846153846156,0.43902439024390244,39.0,0.404019404019404,0.4460619562356078,0.46153846153846156,0.6756756756756757,0.404019404019404,0.4612522590332535,12.0,25.0,21.0,18.0
all_PR,-15.0,screen,full_PR|delta|all|0|variance|0|False,"{""algorithm"": ""Ridge"", ""alpha"": 1.0, ""class_weight"": ""balanced""}",76,76.0,0.39473684210526316,0.39293139293139295,0.3909407665505227,-0.2159405067240881,2,0.36363636363636365,0.32432432432432434,0.34285714285714286,37.0,0.404019404019404,0.4612522590332535,0.4186046511627907,0.46153846153846156,0.43902439024390244,39.0,0.404019404019404,0.4460619562356078,0.46153846153846156,0.6756756756756757,0.404019404019404,0.4612522590332535,12.0,25.0,21.0,18.0
high_variance_PR,-15.0,screen,full_PR|delta|25|0|variance|0|False,"{""algorithm"": ""Ridge"", ""alpha"": 1.0, ""class_weight"": ""balanced""}",76,76.0,0.35526315789473684,0.3586278586278586,0.34609306409130813,-0.2929728414598968,2,0.375,0.4864864864864865,0.4235294117647059,37.0,0.34234234234234234,0.4250857162477883,0.32142857142857145,0.23076923076923078,0.26865671641791045,39.0,0.3423423423423423,0.42021970837661693,0.23076923076923078,0.5135135135135135,0.34234234234234234,0.4250857162477883,18.0,19.0,30.0,9.0
high_variance_PR,-15.0,screen,full_PR|delta|100|0|variance|0|False,"{""algorithm"": ""Ridge"", ""alpha"": 1.0, ""class_weight"": ""balanced""}",76,76.0,0.39473684210526316,0.3970893970893971,0.3909407665505227,-0.20933226855577794,2,0.4,0.4864864864864865,0.43902439024390244,37.0,0.3735273735273736,0.4396844349600519,0.3870967741935484,0.3076923076923077,0.34285714285714286,39.0,0.37352737352737353,0.4357267003094486,0.3076923076923077,0.5135135135135135,0.3735273735273736,0.4396844349600519,18.0,19.0,27.0,12.0
high_variance_PR,-15.0,screen,full_PR|delta|250|0|variance|0|False,"{""algorithm"": ""Ridge"", ""alpha"": 1.0, ""class_weight"": ""balanced""}",76,76.0,0.40789473684210525,0.40921690921690923,0.40697069533552976,-0.1825172943157098,2,0.40476190476190477,0.4594594594594595,0.43037974683544306,37.0,0.3575883575883576,0.456267053520374,0.4117647058823529,0.358974358974359,0.3835616438356164,39.0,0.3575883575883576,0.42500408998368855,0.358974358974359,0.5405405405405406,0.3575883575883576,0.456267053520374,17.0,20.0,25.0,14.0
high_variance_PR,-15.0,screen,full_PR|delta|1000|0|variance|0|False,"{""algorithm"": ""Ridge"", ""alpha"": 1.0, ""class_weight"": ""balanced""}",76,76.0,0.39473684210526316,0.39293139293139295,0.3909407665505227,-0.2159405067240881,2,0.36363636363636365,0.32432432432432434,0.34285714285714286,37.0,0.404019404019404,0.4612522590332535,0.4186046511627907,0.46153846153846156,0.43902439024390244,39.0,0.404019404019404,0.4460619562356078,0.46153846153846156,0.6756756756756757,0.404019404019404,0.4612522590332535,12.0,25.0,21.0,18.0
RNA_protein_interface,-15.0,screen,PR_reference_interface|raw|all|0|variance|0.2|False,"{""algorithm"": ""Ridge"", ""alpha"": 1.0, ""class_weight"": ""balanced""}",76,76.0,0.4868421052631579,0.4868329868329868,0.4867532467532467,-0.02632490632463282,2,0.47368421052631576,0.4864864864864865,0.48,37.0,0.4996534996534997,0.49256254506875136,0.5,0.48717948717948717,0.4935064935064935,39.0,0.49965349965349964,0.5913862656399552,0.48717948717948717,0.5135135135135135,0.4996534996534997,0.49256254506875136,18.0,19.0,20.0,19.0
RNA_protein_interface,-15.0,screen,PR_reference_interface|raw|250|0|variance|0.2|False,"{""algorithm"": ""Ridge"", ""alpha"": 1.0, ""class_weight"": ""balanced""}",76,76.0,0.4868421052631579,0.4868329868329868,0.4867532467532467,-0.02632490632463282,2,0.47368421052631576,0.4864864864864865,0.48,37.0,0.4996534996534997,0.49256254506875136,0.5,0.48717948717948717,0.4935064935064935,39.0,0.49965349965349964,0.5913862656399552,0.48717948717948717,0.5135135135135135,0.4996534996534997,0.49256254506875136,18.0,19.0,20.0,19.0
RNA_protein_interface,-15.0,screen,PR_reference_interface|raw|all|0|variance|0.5|False,"{""algorithm"": ""Ridge"", ""alpha"": 1.0, ""class_weight"": ""balanced""}",76,76.0,0.4473684210526316,0.4483714483714484,0.446985446985447,-0.10354452790010017,2,0.43902439024390244,0.4864864864864865,0.46153846153846156,37.0,0.4428274428274429,0.477381366087485,0.45714285714285713,0.41025641025641024,0.43243243243243246,39.0,0.4428274428274428,0.4801064857464999,0.41025641025641024,0.5135135135135135,0.4428274428274429,0.477381366087485,18.0,19.0,23.0,16.0
RNA_protein_interface,-15.0,screen,PR_reference_interface|raw|250|0|variance|0.5|False,"{""algorithm"": ""Ridge"", ""alpha"": 1.0, ""class_weight"": ""balanced""}",76,76.0,0.4473684210526316,0.4483714483714484,0.446985446985447,-0.10354452790010017,2,0.43902439024390244,0.4864864864864865,0.46153846153846156,37.0,0.4428274428274429,0.477381366087485,0.45714285714285713,0.41025641025641024,0.43243243243243246,39.0,0.4428274428274428,0.4801064857464999,0.41025641025641024,0.5135135135135135,0.4428274428274429,0.477381366087485,18.0,19.0,23.0,16.0
RNA_protein_interface,-15.0,screen,PR_reference_interface|raw|all|0|variance|0.8|False,"{""algorithm"": ""Ridge"", ""alpha"": 1.0, ""class_weight"": ""balanced""}",76,76.0,0.39473684210526316,0.39570339570339574,0.3943173943173943,-0.20917384495255137,2,0.3902439024390244,0.43243243243243246,0.41025641025641024,37.0,0.4095634095634096,0.4403310815964874,0.4,0.358974358974359,0.3783783783783784,39.0,0.40956340956340953,0.4577381057619436,0.358974358974359,0.5675675675675675,0.4095634095634096,0.4403310815964874,16.0,21.0,25.0,14.0
RNA_protein_interface,-15.0,screen,PR_reference_interface|raw|250|0|variance|0.8|False,"{""algorithm"": ""Ridge"", ""alpha"": 1.0, ""class_weight"": ""balanced""}",76,76.0,0.39473684210526316,0.39570339570339574,0.3943173943173943,-0.20917384495255137,2,0.3902439024390244,0.43243243243243246,0.41025641025641024,37.0,0.4095634095634096,0.4403310815964874,0.4,0.358974358974359,0.3783783783783784,39.0,0.40956340956340953,0.4577381057619436,0.358974358974359,0.5675675675675675,0.4095634095634096,0.4403310815964874,16.0,21.0,25.0,14.0
RNA_protein_interface,-15.0,screen,PR_reference_interface|raw|25|0|variance|0.2|False,"{""algorithm"": ""Ridge"", ""alpha"": 1.0, ""class_weight"": ""balanced""}",76,76.0,0.39473684210526316,0.3970893970893971,0.3909407665505227,-0.20933226855577794,2,0.4,0.4864864864864865,0.43902439024390244,37.0,0.36832986832986836,0.43484336341217306,0.3870967741935484,0.3076923076923077,0.34285714285714286,39.0,0.36832986832986836,0.4338696379499025,0.3076923076923077,0.5135135135135135,0.36832986832986836,0.43484336341217306,18.0,19.0,27.0,12.0
RNA_protein_interface,-15.0,screen,PR_reference_interface|raw|100|0|variance|0.2|False,"{""algorithm"": ""Ridge"", ""alpha"": 1.0, ""class_weight"": ""balanced""}",76,76.0,0.4868421052631579,0.4868329868329868,0.4867532467532467,-0.02632490632463282,2,0.47368421052631576,0.4864864864864865,0.48,37.0,0.4996534996534997,0.49256254506875136,0.5,0.48717948717948717,0.4935064935064935,39.0,0.49965349965349964,0.5913862656399552,0.48717948717948717,0.5135135135135135,0.4996534996534997,0.49256254506875136,18.0,19.0,20.0,19.0
RNA_protein_interface,-15.0,screen,PR_reference_interface|raw|1000|0|variance|0.2|False,"{""algorithm"": ""Ridge"", ""alpha"": 1.0, ""class_weight"": ""balanced""}",76,76.0,0.4868421052631579,0.4868329868329868,0.4867532467532467,-0.02632490632463282,2,0.47368421052631576,0.4864864864864865,0.48,37.0,0.4996534996534997,0.49256254506875136,0.5,0.48717948717948717,0.4935064935064935,39.0,0.49965349965349964,0.5913862656399552,0.48717948717948717,0.5135135135135135,0.4996534996534997,0.49256254506875136,18.0,19.0,20.0,19.0
RNA_protein_interface,-15.0,screen,PR_reference_interface|delta|all|0|variance|0.2|False,"{""algorithm"": ""Ridge"", ""alpha"": 1.0, ""class_weight"": ""balanced""}",76,76.0,0.4868421052631579,0.4868329868329868,0.4867532467532467,-0.02632490632463282,2,0.47368421052631576,0.4864864864864865,0.48,37.0,0.4996534996534997,0.49256254506875136,0.5,0.48717948717948717,0.4935064935064935,39.0,0.49965349965349964,0.5913862656399552,0.48717948717948717,0.5135135135135135,0.4996534996534997,0.49256254506875136,18.0,19.0,20.0,19.0
RNA_protein_interface,-15.0,screen,PR_reference_interface|delta|250|0|variance|0.2|False,"{""algorithm"": ""Ridge"", ""alpha"": 1.0, ""class_weight"": ""balanced""}",76,76.0,0.4868421052631579,0.4868329868329868,0.4867532467532467,-0.02632490632463282,2,0.47368421052631576,0.4864864864864865,0.48,37.0,0.4996534996534997,0.49256254506875136,0.5,0.48717948717948717,0.4935064935064935,39.0,0.49965349965349964,0.5913862656399552,0.48717948717948717,0.5135135135135135,0.4996534996534997,0.49256254506875136,18.0,19.0,20.0,19.0
RNA_protein_interface,-15.0,screen,PR_reference_interface|delta|all|0|variance|0.5|False,"{""algorithm"": ""Ridge"", ""alpha"": 1.0, ""class_weight"": ""balanced""}",76,76.0,0.4473684210526316,0.4483714483714484,0.446985446985447,-0.10354452790010017,2,0.43902439024390244,0.4864864864864865,0.46153846153846156,37.0,0.4428274428274429,0.477381366087485,0.45714285714285713,0.41025641025641024,0.43243243243243246,39.0,0.4428274428274428,0.4801064857464999,0.41025641025641024,0.5135135135135135,0.4428274428274429,0.477381366087485,18.0,19.0,23.0,16.0
RNA_protein_interface,-15.0,screen,PR_reference_interface|delta|250|0|variance|0.5|False,"{""algorithm"": ""Ridge"", ""alpha"": 1.0, ""class_weight"": ""balanced""}",76,76.0,0.4473684210526316,0.4483714483714484,0.446985446985447,-0.10354452790010017,2,0.43902439024390244,0.4864864864864865,0.46153846153846156,37.0,0.4428274428274429,0.477381366087485,0.45714285714285713,0.41025641025641024,0.43243243243243246,39.0,0.4428274428274428,0.4801064857464999,0.41025641025641024,0.5135135135135135,0.4428274428274429,0.477381366087485,18.0,19.0,23.0,16.0
RNA_protein_interface,-15.0,screen,PR_reference_interface|delta|all|0|variance|0.8|False,"{""algorithm"": ""Ridge"", ""alpha"": 1.0, ""class_weight"": ""balanced""}",76,76.0,0.39473684210526316,0.39570339570339574,0.3943173943173943,-0.20917384495255137,2,0.3902439024390244,0.43243243243243246,0.41025641025641024,37.0,0.4095634095634096,0.4403310815964874,0.4,0.358974358974359,0.3783783783783784,39.0,0.40956340956340953,0.4577381057619436,0.358974358974359,0.5675675675675675,0.4095634095634096,0.4403310815964874,16.0,21.0,25.0,14.0
RNA_protein_interface,-15.0,screen,PR_reference_interface|delta|250|0|variance|0.8|False,"{""algorithm"": ""Ridge"", ""alpha"": 1.0, ""class_weight"": ""balanced""}",76,76.0,0.39473684210526316,0.39570339570339574,0.3943173943173943,-0.20917384495255137,2,0.3902439024390244,0.43243243243243246,0.41025641025641024,37.0,0.4095634095634096,0.4403310815964874,0.4,0.358974358974359,0.3783783783783784,39.0,0.40956340956340953,0.4577381057619436,0.358974358974359,0.5675675675675675,0.4095634095634096,0.4403310815964874,16.0,21.0,25.0,14.0
RNA_protein_interface,-15.0,screen,PR_reference_interface|delta|25|0|variance|0.2|False,"{""algorithm"": ""Ridge"", ""alpha"": 1.0, ""class_weight"": ""balanced""}",76,76.0,0.39473684210526316,0.3970893970893971,0.3909407665505227,-0.20933226855577794,2,0.4,0.4864864864864865,0.43902439024390244,37.0,0.36832986832986836,0.43484336341217306,0.3870967741935484,0.3076923076923077,0.34285714285714286,39.0,0.36832986832986836,0.4338696379499025,0.3076923076923077,0.5135135135135135,0.36832986832986836,0.43484336341217306,18.0,19.0,27.0,12.0
RNA_protein_interface,-15.0,screen,PR_reference_interface|delta|100|0|variance|0.2|False,"{""algorithm"": ""Ridge"", ""alpha"": 1.0, ""class_weight"": ""balanced""}",76,76.0,0.4868421052631579,0.4868329868329868,0.4867532467532467,-0.02632490632463282,2,0.47368421052631576,0.4864864864864865,0.48,37.0,0.4996534996534997,0.49256254506875136,0.5,0.48717948717948717,0.4935064935064935,39.0,0.49965349965349964,0.5913862656399552,0.48717948717948717,0.5135135135135135,0.4996534996534997,0.49256254506875136,18.0,19.0,20.0,19.0
RNA_protein_interface,-15.0,screen,PR_reference_interface|delta|1000|0|variance|0.2|False,"{""algorithm"": ""Ridge"", ""alpha"": 1.0, ""class_weight"": ""balanced""}",76,76.0,0.4868421052631579,0.4868329868329868,0.4867532467532467,-0.02632490632463282,2,0.47368421052631576,0.4864864864864865,0.48,37.0,0.4996534996534997,0.49256254506875136,0.5,0.48717948717948717,0.4935064935064935,39.0,0.49965349965349964,0.5913862656399552,0.48717948717948717,0.5135135135135135,0.4996534996534997,0.49256254506875136,18.0,19.0,20.0,19.0
RNA_protein_interface,-15.0,screen,PR_train_union_interface|raw|all|0|variance|0.2|False,"{""algorithm"": ""Ridge"", ""alpha"": 1.0, ""class_weight"": ""balanced""}",76,76.0,0.3684210526315789,0.36867636867636866,0.3684210526315789,-0.2626472626472626,2,0.358974358974359,0.3783783783783784,0.3684210526315789,37.0,0.3575883575883576,0.4595177642217955,0.3783783783783784,0.358974358974359,0.3684210526315789,39.0,0.35758835758835755,0.42410925543155664,0.358974358974359,0.6216216216216216,0.3575883575883576,0.4595177642217955,14.0,23.0,25.0,14.0
RNA_protein_interface,-15.0,screen,PR_train_union_interface|raw|250|0|variance|0.2|False,"{""algorithm"": ""Ridge"", ""alpha"": 1.0, ""class_weight"": ""balanced""}",76,76.0,0.3815789473684211,0.3821898821898822,0.3814718614718615,-0.23586554566649964,2,0.375,0.40540540540540543,0.38961038961038963,37.0,0.3548163548163548,0.4551407117776682,0.3888888888888889,0.358974358974359,0.37333333333333335,39.0,0.35481635481635476,0.4243075939969053,0.358974358974359,0.5945945945945945,0.3548163548163548,0.4551407117776682,15.0,22.0,25.0,14.0
RNA_protein_interface,-15.0,screen,PR_train_union_interface|raw|all|0|variance|0.5|False,"{""algorithm"": ""Ridge"", ""alpha"": 1.0, ""class_weight"": ""balanced""}",76,76.0,0.3815789473684211,0.38357588357588357,0.3788906277169188,-0.23572453322905437,2,0.38636363636363635,0.4594594594594595,0.41975308641975306,37.0,0.3665973665973666,0.45448446078857785,0.375,0.3076923076923077,0.3380281690140845,39.0,0.3665973665973666,0.4346647165301835,0.3076923076923077,0.5405405405405406,0.3665973665973666,0.45448446078857785,17.0,20.0,27.0,12.0
RNA_protein_interface,-15.0,screen,PR_train_union_interface|raw|250|0|variance|0.5|False,"{""algorithm"": ""Ridge"", ""alpha"": 1.0, ""class_weight"": ""balanced""}",76,76.0,0.3815789473684211,0.38357588357588357,0.3788906277169188,-0.23572453322905437,2,0.38636363636363635,0.4594594594594595,0.41975308641975306,37.0,0.3665973665973666,0.45448446078857785,0.375,0.3076923076923077,0.3380281690140845,39.0,0.3665973665973666,0.4346647165301835,0.3076923076923077,0.5405405405405406,0.3665973665973666,0.45448446078857785,17.0,20.0,27.0,12.0
RNA_protein_interface,-15.0,screen,PR_train_union_interface|raw|all|0|variance|0.8|False,"{""algorithm"": ""Ridge"", ""alpha"": 1.0, ""class_weight"": ""balanced""}",76,76.0,0.39473684210526316,0.39778239778239777,0.38795518207282914,-0.21034922802748143,2,0.40425531914893614,0.5135135135135135,0.4523809523809524,37.0,0.367983367983368,0.435024002734359,0.3793103448275862,0.28205128205128205,0.3235294117647059,39.0,0.367983367983368,0.4535048955632658,0.28205128205128205,0.4864864864864865,0.367983367983368,0.435024002734359,19.0,18.0,28.0,11.0
RNA_protein_interface,-15.0,screen,PR_train_union_interface|raw|250|0|variance|0.8|False,"{""algorithm"": ""Ridge"", ""alpha"": 1.0, ""class_weight"": ""balanced""}",76,76.0,0.39473684210526316,0.39778239778239777,0.38795518207282914,-0.21034922802748143,2,0.40425531914893614,0.5135135135135135,0.4523809523809524,37.0,0.367983367983368,0.435024002734359,0.3793103448275862,0.28205128205128205,0.3235294117647059,39.0,0.367983367983368,0.4535048955632658,0.28205128205128205,0.4864864864864865,0.367983367983368,0.435024002734359,19.0,18.0,28.0,11.0
RNA_protein_interface,-15.0,screen,PR_train_union_interface|raw|25|0|variance|0.2|False,"{""algorithm"": ""Ridge"", ""alpha"": 1.0, ""class_weight"": ""balanced""}",76,76.0,0.35526315789473684,0.3586278586278586,0.34609306409130813,-0.2929728414598968,2,0.375,0.4864864864864865,0.4235294117647059,37.0,0.34234234234234234,0.4250857162477883,0.32142857142857145,0.23076923076923078,0.26865671641791045,39.0,0.3423423423423423,0.42021970837661693,0.23076923076923078,0.5135135135135135,0.34234234234234234,0.4250857162477883,18.0,19.0,30.0,9.0
RNA_protein_interface,-15.0,screen,PR_train_union_interface|raw|100|0|variance|0.2|False,"{""algorithm"": ""Ridge"", ""alpha"": 1.0, ""class_weight"": ""balanced""}",76,76.0,0.39473684210526316,0.3970893970893971,0.3909407665505227,-0.20933226855577794,2,0.4,0.4864864864864865,0.43902439024390244,37.0,0.3735273735273736,0.4396844349600519,0.3870967741935484,0.3076923076923077,0.34285714285714286,39.0,0.37352737352737353,0.4357267003094486,0.3076923076923077,0.5135135135135135,0.3735273735273736,0.4396844349600519,18.0,19.0,27.0,12.0
RNA_protein_interface,-15.0,screen,PR_train_union_interface|raw|1000|0|variance|0.2|False,"{""algorithm"": ""Ridge"", ""alpha"": 1.0, ""class_weight"": ""balanced""}",76,76.0,0.3684210526315789,0.36867636867636866,0.3684210526315789,-0.2626472626472626,2,0.358974358974359,0.3783783783783784,0.3684210526315789,37.0,0.3575883575883576,0.4595177642217955,0.3783783783783784,0.358974358974359,0.3684210526315789,39.0,0.35758835758835755,0.42410925543155664,0.358974358974359,0.6216216216216216,0.3575883575883576,0.4595177642217955,14.0,23.0,25.0,14.0
RNA_protein_interface,-15.0,screen,PR_train_union_interface|delta|all|0|variance|0.2|False,"{""algorithm"": ""Ridge"", ""alpha"": 1.0, ""class_weight"": ""balanced""}",76,76.0,0.3684210526315789,0.36867636867636866,0.3684210526315789,-0.2626472626472626,2,0.358974358974359,0.3783783783783784,0.3684210526315789,37.0,0.3575883575883576,0.4595177642217955,0.3783783783783784,0.358974358974359,0.3684210526315789,39.0,0.35758835758835755,0.42410925543155664,0.358974358974359,0.6216216216216216,0.3575883575883576,0.4595177642217955,14.0,23.0,25.0,14.0
RNA_protein_interface,-15.0,screen,PR_train_union_interface|delta|250|0|variance|0.2|False,"{""algorithm"": ""Ridge"", ""alpha"": 1.0, ""class_weight"": ""balanced""}",76,76.0,0.3815789473684211,0.3821898821898822,0.3814718614718615,-0.23586554566649964,2,0.375,0.40540540540540543,0.38961038961038963,37.0,0.3548163548163548,0.4551407117776682,0.3888888888888889,0.358974358974359,0.37333333333333335,39.0,0.35481635481635476,0.4243075939969053,0.358974358974359,0.5945945945945945,0.3548163548163548,0.4551407117776682,15.0,22.0,25.0,14.0
RNA_protein_interface,-15.0,screen,PR_train_union_interface|delta|all|0|variance|0.5|False,"{""algorithm"": ""Ridge"", ""alpha"": 1.0, ""class_weight"": ""balanced""}",76,76.0,0.3815789473684211,0.38357588357588357,0.3788906277169188,-0.23572453322905437,2,0.38636363636363635,0.4594594594594595,0.41975308641975306,37.0,0.3665973665973666,0.45448446078857785,0.375,0.3076923076923077,0.3380281690140845,39.0,0.3665973665973666,0.4346647165301835,0.3076923076923077,0.5405405405405406,0.3665973665973666,0.45448446078857785,17.0,20.0,27.0,12.0
RNA_protein_interface,-15.0,screen,PR_train_union_interface|delta|250|0|variance|0.5|False,"{""algorithm"": ""Ridge"", ""alpha"": 1.0, ""class_weight"": ""balanced""}",76,76.0,0.3815789473684211,0.38357588357588357,0.3788906277169188,-0.23572453322905437,2,0.38636363636363635,0.4594594594594595,0.41975308641975306,37.0,0.3665973665973666,0.45448446078857785,0.375,0.3076923076923077,0.3380281690140845,39.0,0.3665973665973666,0.4346647165301835,0.3076923076923077,0.5405405405405406,0.3665973665973666,0.45448446078857785,17.0,20.0,27.0,12.0
RNA_protein_interface,-15.0,screen,PR_train_union_interface|delta|all|0|variance|0.8|False,"{""algorithm"": ""Ridge"", ""alpha"": 1.0, ""class_weight"": ""balanced""}",76,76.0,0.39473684210526316,0.39778239778239777,0.38795518207282914,-0.21034922802748143,2,0.40425531914893614,0.5135135135135135,0.4523809523809524,37.0,0.367983367983368,0.435024002734359,0.3793103448275862,0.28205128205128205,0.3235294117647059,39.0,0.367983367983368,0.4535048955632658,0.28205128205128205,0.4864864864864865,0.367983367983368,0.435024002734359,19.0,18.0,28.0,11.0
RNA_protein_interface,-15.0,screen,PR_train_union_interface|delta|250|0|variance|0.8|False,"{""algorithm"": ""Ridge"", ""alpha"": 1.0, ""class_weight"": ""balanced""}",76,76.0,0.39473684210526316,0.39778239778239777,0.38795518207282914,-0.21034922802748143,2,0.40425531914893614,0.5135135135135135,0.4523809523809524,37.0,0.367983367983368,0.435024002734359,0.3793103448275862,0.28205128205128205,0.3235294117647059,39.0,0.367983367983368,0.4535048955632658,0.28205128205128205,0.4864864864864865,0.367983367983368,0.435024002734359,19.0,18.0,28.0,11.0
RNA_protein_interface,-15.0,screen,PR_train_union_interface|delta|25|0|variance|0.2|False,"{""algorithm"": ""Ridge"", ""alpha"": 1.0, ""class_weight"": ""balanced""}",76,76.0,0.35526315789473684,0.3586278586278586,0.34609306409130813,-0.2929728414598968,2,0.375,0.4864864864864865,0.4235294117647059,37.0,0.34234234234234234,0.4250857162477883,0.32142857142857145,0.23076923076923078,0.26865671641791045,39.0,0.3423423423423423,0.42021970837661693,0.23076923076923078,0.5135135135135135,0.34234234234234234,0.4250857162477883,18.0,19.0,30.0,9.0
RNA_protein_interface,-15.0,screen,PR_train_union_interface|delta|100|0|variance|0.2|False,"{""algorithm"": ""Ridge"", ""alpha"": 1.0, ""class_weight"": ""balanced""}",76,76.0,0.39473684210526316,0.3970893970893971,0.3909407665505227,-0.20933226855577794,2,0.4,0.4864864864864865,0.43902439024390244,37.0,0.3735273735273736,0.4396844349600519,0.3870967741935484,0.3076923076923077,0.34285714285714286,39.0,0.37352737352737353,0.4357267003094486,0.3076923076923077,0.5135135135135135,0.3735273735273736,0.4396844349600519,18.0,19.0,27.0,12.0
RNA_protein_interface,-15.0,screen,PR_train_union_interface|delta|1000|0|variance|0.2|False,"{""algorithm"": ""Ridge"", ""alpha"": 1.0, ""class_weight"": ""balanced""}",76,76.0,0.3684210526315789,0.36867636867636866,0.3684210526315789,-0.2626472626472626,2,0.358974358974359,0.3783783783783784,0.3684210526315789,37.0,0.3575883575883576,0.4595177642217955,0.3783783783783784,0.358974358974359,0.3684210526315789,39.0,0.35758835758835755,0.42410925543155664,0.358974358974359,0.6216216216216216,0.3575883575883576,0.4595177642217955,14.0,23.0,25.0,14.0
all_PR,-20.0,screen,full_PR|raw|all|0|variance|0|False,"{""algorithm"": ""Ridge"", ""alpha"": 1.0, ""class_weight"": ""balanced""}",76,76.0,0.5921052631578947,0.5580357142857143,0.5583880037488285,0.11698900355047509,2,0.4444444444444444,0.42857142857142855,0.43636363636363634,28.0,0.5602678571428571,0.4732178509109838,0.673469387755102,0.6875,0.6804123711340206,48.0,0.5602678571428572,0.6692521889992062,0.6875,0.5714285714285714,0.5602678571428571,0.4732178509109838,12.0,16.0,15.0,33.0
high_variance_PR,-20.0,screen,full_PR|raw|25|0|variance|0|False,"{""algorithm"": ""Ridge"", ""alpha"": 1.0, ""class_weight"": ""balanced""}",76,76.0,0.47368421052631576,0.48660714285714285,0.47038327526132406,-0.02598595982532139,2,0.35714285714285715,0.5357142857142857,0.42857142857142855,28.0,0.5029761904761905,0.4677748070001553,0.6176470588235294,0.4375,0.5121951219512195,48.0,0.5029761904761905,0.6292649442195015,0.4375,0.4642857142857143,0.5029761904761905,0.4677748070001553,15.0,13.0,27.0,21.0
high_variance_PR,-20.0,screen,full_PR|raw|100|0|variance|0|False,"{""algorithm"": ""Ridge"", ""alpha"": 1.0, ""class_weight"": ""balanced""}",76,76.0,0.4868421052631579,0.48958333333333337,0.47954345917471464,-0.020105979315875273,2,0.358974358974359,0.5,0.417910447761194,28.0,0.5074404761904763,0.46224310008937125,0.6216216216216216,0.4791666666666667,0.5411764705882353,48.0,0.5074404761904762,0.6182217000421654,0.4791666666666667,0.5,0.5074404761904763,0.46224310008937125,14.0,14.0,25.0,23.0
high_variance_PR,-20.0,screen,full_PR|raw|250|0|variance|0|False,"{""algorithm"": ""Ridge"", ""alpha"": 1.0, ""class_weight"": ""balanced""}",76,76.0,0.5789473684210527,0.5476190476190476,0.5476190476190476,0.09523809523809523,2,0.42857142857142855,0.42857142857142855,0.42857142857142855,28.0,0.5773809523809523,0.5414966765794286,0.6666666666666666,0.6666666666666666,0.6666666666666666,48.0,0.5773809523809523,0.6498864487206569,0.6666666666666666,0.5714285714285714,0.5773809523809523,0.5414966765794286,12.0,16.0,16.0,32.0
high_variance_PR,-20.0,screen,full_PR|raw|1000|0|variance|0|False,"{""algorithm"": ""Ridge"", ""alpha"": 1.0, ""class_weight"": ""balanced""}",76,76.0,0.5921052631578947,0.5580357142857143,0.5583880037488285,0.11698900355047509,2,0.4444444444444444,0.42857142857142855,0.43636363636363634,28.0,0.5602678571428571,0.4732178509109838,0.673469387755102,0.6875,0.6804123711340206,48.0,0.5602678571428572,0.6692521889992062,0.6875,0.5714285714285714,0.5602678571428571,0.4732178509109838,12.0,16.0,15.0,33.0
all_PR,-20.0,screen,full_PR|delta|all|0|variance|0|False,"{""algorithm"": ""Ridge"", ""alpha"": 1.0, ""class_weight"": ""balanced""}",76,76.0,0.5921052631578947,0.5580357142857143,0.5583880037488285,0.11698900355047509,2,0.4444444444444444,0.42857142857142855,0.43636363636363634,28.0,0.5602678571428571,0.4732178509109838,0.673469387755102,0.6875,0.6804123711340206,48.0,0.5602678571428572,0.6692521889992062,0.6875,0.5714285714285714,0.5602678571428571,0.4732178509109838,12.0,16.0,15.0,33.0
high_variance_PR,-20.0,screen,full_PR|delta|25|0|variance|0|False,"{""algorithm"": ""Ridge"", ""alpha"": 1.0, ""class_weight"": ""balanced""}",76,76.0,0.47368421052631576,0.48660714285714285,0.47038327526132406,-0.02598595982532139,2,0.35714285714285715,0.5357142857142857,0.42857142857142855,28.0,0.5029761904761905,0.4677748070001553,0.6176470588235294,0.4375,0.5121951219512195,48.0,0.5029761904761905,0.6292649442195015,0.4375,0.4642857142857143,0.5029761904761905,0.4677748070001553,15.0,13.0,27.0,21.0
high_variance_PR,-20.0,screen,full_PR|delta|100|0|variance|0|False,"{""algorithm"": ""Ridge"", ""alpha"": 1.0, ""class_weight"": ""balanced""}",76,76.0,0.4868421052631579,0.48958333333333337,0.47954345917471464,-0.020105979315875273,2,0.358974358974359,0.5,0.417910447761194,28.0,0.5074404761904763,0.46224310008937125,0.6216216216216216,0.4791666666666667,0.5411764705882353,48.0,0.5074404761904762,0.6182217000421654,0.4791666666666667,0.5,0.5074404761904763,0.46224310008937125,14.0,14.0,25.0,23.0
high_variance_PR,-20.0,screen,full_PR|delta|250|0|variance|0|False,"{""algorithm"": ""Ridge"", ""alpha"": 1.0, ""class_weight"": ""balanced""}",76,76.0,0.5789473684210527,0.5476190476190476,0.5476190476190476,0.09523809523809523,2,0.42857142857142855,0.42857142857142855,0.42857142857142855,28.0,0.5773809523809523,0.5414966765794286,0.6666666666666666,0.6666666666666666,0.6666666666666666,48.0,0.5773809523809523,0.6498864487206569,0.6666666666666666,0.5714285714285714,0.5773809523809523,0.5414966765794286,12.0,16.0,16.0,32.0
high_variance_PR,-20.0,screen,full_PR|delta|1000|0|variance|0|False,"{""algorithm"": ""Ridge"", ""alpha"": 1.0, ""class_weight"": ""balanced""}",76,76.0,0.5921052631578947,0.5580357142857143,0.5583880037488285,0.11698900355047509,2,0.4444444444444444,0.42857142857142855,0.43636363636363634,28.0,0.5602678571428571,0.4732178509109838,0.673469387755102,0.6875,0.6804123711340206,48.0,0.5602678571428572,0.6692521889992062,0.6875,0.5714285714285714,0.5602678571428571,0.4732178509109838,12.0,16.0,15.0,33.0
RNA_protein_interface,-20.0,screen,PR_reference_interface|raw|all|0|variance|0.2|False,"{""algorithm"": ""Ridge"", ""alpha"": 1.0, ""class_weight"": ""balanced""}",76,76.0,0.5131578947368421,0.5252976190476191,0.5089924917059543,0.04896472591169179,2,0.3902439024390244,0.5714285714285714,0.463768115942029,28.0,0.5565476190476191,0.4987246053379405,0.6571428571428571,0.4791666666666667,0.5542168674698795,48.0,0.5565476190476191,0.6942649124598363,0.4791666666666667,0.4285714285714286,0.5565476190476191,0.4987246053379405,16.0,12.0,25.0,23.0
RNA_protein_interface,-20.0,screen,PR_reference_interface|raw|250|0|variance|0.2|False,"{""algorithm"": ""Ridge"", ""alpha"": 1.0, ""class_weight"": ""balanced""}",76,76.0,0.5131578947368421,0.5252976190476191,0.5089924917059543,0.04896472591169179,2,0.3902439024390244,0.5714285714285714,0.463768115942029,28.0,0.5565476190476191,0.4987246053379405,0.6571428571428571,0.4791666666666667,0.5542168674698795,48.0,0.5565476190476191,0.6942649124598363,0.4791666666666667,0.4285714285714286,0.5565476190476191,0.4987246053379405,16.0,12.0,25.0,23.0
RNA_protein_interface,-20.0,screen,PR_reference_interface|raw|all|0|variance|0.5|False,"{""algorithm"": ""Ridge"", ""alpha"": 1.0, ""class_weight"": ""balanced""}",76,76.0,0.5131578947368421,0.5178571428571428,0.5062335381913959,0.03446739311292904,2,0.38461538461538464,0.5357142857142857,0.44776119402985076,28.0,0.5245535714285715,0.4840430628403929,0.6486486486486487,0.5,0.5647058823529412,48.0,0.5245535714285714,0.6305833032920404,0.5,0.4642857142857143,0.5245535714285715,0.4840430628403929,15.0,13.0,24.0,24.0
RNA_protein_interface,-20.0,screen,PR_reference_interface|raw|250|0|variance|0.5|False,"{""algorithm"": ""Ridge"", ""alpha"": 1.0, ""class_weight"": ""balanced""}",76,76.0,0.5131578947368421,0.5178571428571428,0.5062335381913959,0.03446739311292904,2,0.38461538461538464,0.5357142857142857,0.44776119402985076,28.0,0.5245535714285715,0.4840430628403929,0.6486486486486487,0.5,0.5647058823529412,48.0,0.5245535714285714,0.6305833032920404,0.5,0.4642857142857143,0.5245535714285715,0.4840430628403929,15.0,13.0,24.0,24.0
RNA_protein_interface,-20.0,screen,PR_reference_interface|raw|all|0|variance|0.8|False,"{""algorithm"": ""Ridge"", ""alpha"": 1.0, ""class_weight"": ""balanced""}",76,76.0,0.5,0.5074404761904762,0.4943977591036415,0.01437636581963238,2,0.375,0.5357142857142857,0.4411764705882353,28.0,0.5215773809523809,0.475258436932137,0.6388888888888888,0.4791666666666667,0.5476190476190477,48.0,0.5215773809523809,0.6316280273695138,0.4791666666666667,0.4642857142857143,0.5215773809523809,0.475258436932137,15.0,13.0,25.0,23.0
RNA_protein_interface,-20.0,screen,PR_reference_interface|raw|250|0|variance|0.8|False,"{""algorithm"": ""Ridge"", ""alpha"": 1.0, ""class_weight"": ""balanced""}",76,76.0,0.5,0.5074404761904762,0.4943977591036415,0.01437636581963238,2,0.375,0.5357142857142857,0.4411764705882353,28.0,0.5215773809523809,0.475258436932137,0.6388888888888888,0.4791666666666667,0.5476190476190477,48.0,0.5215773809523809,0.6316280273695138,0.4791666666666667,0.4642857142857143,0.5215773809523809,0.475258436932137,15.0,13.0,25.0,23.0
RNA_protein_interface,-20.0,screen,PR_reference_interface|raw|25|0|variance|0.2|False,"{""algorithm"": ""Ridge"", ""alpha"": 1.0, ""class_weight"": ""balanced""}",76,76.0,0.4868421052631579,0.48958333333333337,0.47954345917471464,-0.020105979315875273,2,0.358974358974359,0.5,0.417910447761194,28.0,0.5260416666666667,0.49641001488619785,0.6216216216216216,0.4791666666666667,0.5411764705882353,48.0,0.5260416666666667,0.6482713852296245,0.4791666666666667,0.5,0.5260416666666667,0.49641001488619785,14.0,14.0,25.0,23.0
RNA_protein_interface,-20.0,screen,PR_reference_interface|raw|100|0|variance|0.2|False,"{""algorithm"": ""Ridge"", ""alpha"": 1.0, ""class_weight"": ""balanced""}",76,76.0,0.5131578947368421,0.5252976190476191,0.5089924917059543,0.04896472591169179,2,0.3902439024390244,0.5714285714285714,0.463768115942029,28.0,0.5565476190476191,0.4987246053379405,0.6571428571428571,0.4791666666666667,0.5542168674698795,48.0,0.5565476190476191,0.6942649124598363,0.4791666666666667,0.4285714285714286,0.5565476190476191,0.4987246053379405,16.0,12.0,25.0,23.0
RNA_protein_interface,-20.0,screen,PR_reference_interface|raw|1000|0|variance|0.2|False,"{""algorithm"": ""Ridge"", ""alpha"": 1.0, ""class_weight"": ""balanced""}",76,76.0,0.5131578947368421,0.5252976190476191,0.5089924917059543,0.04896472591169179,2,0.3902439024390244,0.5714285714285714,0.463768115942029,28.0,0.5565476190476191,0.4987246053379405,0.6571428571428571,0.4791666666666667,0.5542168674698795,48.0,0.5565476190476191,0.6942649124598363,0.4791666666666667,0.4285714285714286,0.5565476190476191,0.4987246053379405,16.0,12.0,25.0,23.0
RNA_protein_interface,-20.0,screen,PR_reference_interface|delta|all|0|variance|0.2|False,"{""algorithm"": ""Ridge"", ""alpha"": 1.0, ""class_weight"": ""balanced""}",76,76.0,0.5131578947368421,0.5252976190476191,0.5089924917059543,0.04896472591169179,2,0.3902439024390244,0.5714285714285714,0.463768115942029,28.0,0.5565476190476191,0.4987246053379405,0.6571428571428571,0.4791666666666667,0.5542168674698795,48.0,0.5565476190476191,0.6942649124598363,0.4791666666666667,0.4285714285714286,0.5565476190476191,0.4987246053379405,16.0,12.0,25.0,23.0
RNA_protein_interface,-20.0,screen,PR_reference_interface|delta|250|0|variance|0.2|False,"{""algorithm"": ""Ridge"", ""alpha"": 1.0, ""class_weight"": ""balanced""}",76,76.0,0.5131578947368421,0.5252976190476191,0.5089924917059543,0.04896472591169179,2,0.3902439024390244,0.5714285714285714,0.463768115942029,28.0,0.5565476190476191,0.4987246053379405,0.6571428571428571,0.4791666666666667,0.5542168674698795,48.0,0.5565476190476191,0.6942649124598363,0.4791666666666667,0.4285714285714286,0.5565476190476191,0.4987246053379405,16.0,12.0,25.0,23.0
RNA_protein_interface,-20.0,screen,PR_reference_interface|delta|all|0|variance|0.5|False,"{""algorithm"": ""Ridge"", ""alpha"": 1.0, ""class_weight"": ""balanced""}",76,76.0,0.5131578947368421,0.5178571428571428,0.5062335381913959,0.03446739311292904,2,0.38461538461538464,0.5357142857142857,0.44776119402985076,28.0,0.5245535714285715,0.4840430628403929,0.6486486486486487,0.5,0.5647058823529412,48.0,0.5245535714285714,0.6305833032920404,0.5,0.4642857142857143,0.5245535714285715,0.4840430628403929,15.0,13.0,24.0,24.0
RNA_protein_interface,-20.0,screen,PR_reference_interface|delta|250|0|variance|0.5|False,"{""algorithm"": ""Ridge"", ""alpha"": 1.0, ""class_weight"": ""balanced""}",76,76.0,0.5131578947368421,0.5178571428571428,0.5062335381913959,0.03446739311292904,2,0.38461538461538464,0.5357142857142857,0.44776119402985076,28.0,0.5245535714285715,0.4840430628403929,0.6486486486486487,0.5,0.5647058823529412,48.0,0.5245535714285714,0.6305833032920404,0.5,0.4642857142857143,0.5245535714285715,0.4840430628403929,15.0,13.0,24.0,24.0
RNA_protein_interface,-20.0,screen,PR_reference_interface|delta|all|0|variance|0.8|False,"{""algorithm"": ""Ridge"", ""alpha"": 1.0, ""class_weight"": ""balanced""}",76,76.0,0.5,0.5074404761904762,0.4943977591036415,0.01437636581963238,2,0.375,0.5357142857142857,0.4411764705882353,28.0,0.5215773809523809,0.475258436932137,0.6388888888888888,0.4791666666666667,0.5476190476190477,48.0,0.5215773809523809,0.6316280273695138,0.4791666666666667,0.4642857142857143,0.5215773809523809,0.475258436932137,15.0,13.0,25.0,23.0
RNA_protein_interface,-20.0,screen,PR_reference_interface|delta|250|0|variance|0.8|False,"{""algorithm"": ""Ridge"", ""alpha"": 1.0, ""class_weight"": ""balanced""}",76,76.0,0.5,0.5074404761904762,0.4943977591036415,0.01437636581963238,2,0.375,0.5357142857142857,0.4411764705882353,28.0,0.5215773809523809,0.475258436932137,0.6388888888888888,0.4791666666666667,0.5476190476190477,48.0,0.5215773809523809,0.6316280273695138,0.4791666666666667,0.4642857142857143,0.5215773809523809,0.475258436932137,15.0,13.0,25.0,23.0
RNA_protein_interface,-20.0,screen,PR_reference_interface|delta|25|0|variance|0.2|False,"{""algorithm"": ""Ridge"", ""alpha"": 1.0, ""class_weight"": ""balanced""}",76,76.0,0.4868421052631579,0.48958333333333337,0.47954345917471464,-0.020105979315875273,2,0.358974358974359,0.5,0.417910447761194,28.0,0.5260416666666667,0.49641001488619785,0.6216216216216216,0.4791666666666667,0.5411764705882353,48.0,0.5260416666666667,0.6482713852296245,0.4791666666666667,0.5,0.5260416666666667,0.49641001488619785,14.0,14.0,25.0,23.0
RNA_protein_interface,-20.0,screen,PR_reference_interface|delta|100|0|variance|0.2|False,"{""algorithm"": ""Ridge"", ""alpha"": 1.0, ""class_weight"": ""balanced""}",76,76.0,0.5131578947368421,0.5252976190476191,0.5089924917059543,0.04896472591169179,2,0.3902439024390244,0.5714285714285714,0.463768115942029,28.0,0.5565476190476191,0.4987246053379405,0.6571428571428571,0.4791666666666667,0.5542168674698795,48.0,0.5565476190476191,0.6942649124598363,0.4791666666666667,0.4285714285714286,0.5565476190476191,0.4987246053379405,16.0,12.0,25.0,23.0
RNA_protein_interface,-20.0,screen,PR_reference_interface|delta|1000|0|variance|0.2|False,"{""algorithm"": ""Ridge"", ""alpha"": 1.0, ""class_weight"": ""balanced""}",76,76.0,0.5131578947368421,0.5252976190476191,0.5089924917059543,0.04896472591169179,2,0.3902439024390244,0.5714285714285714,0.463768115942029,28.0,0.5565476190476191,0.4987246053379405,0.6571428571428571,0.4791666666666667,0.5542168674698795,48.0,0.5565476190476191,0.6942649124598363,0.4791666666666667,0.4285714285714286,0.5565476190476191,0.4987246053379405,16.0,12.0,25.0,23.0
RNA_protein_interface,-20.0,screen,PR_train_union_interface|raw|all|0|variance|0.2|False,"{""algorithm"": ""Ridge"", ""alpha"": 1.0, ""class_weight"": ""balanced""}",76,76.0,0.5526315789473685,0.5342261904761905,0.5318840579710145,0.06687855262239009,2,0.40625,0.4642857142857143,0.43333333333333335,28.0,0.5595238095238095,0.5505408819166686,0.6590909090909091,0.6041666666666666,0.6304347826086957,48.0,0.5595238095238095,0.6395969131309791,0.6041666666666666,0.5357142857142857,0.5595238095238095,0.5505408819166686,13.0,15.0,19.0,29.0
RNA_protein_interface,-20.0,screen,PR_train_union_interface|raw|250|0|variance|0.2|False,"{""algorithm"": ""Ridge"", ""alpha"": 1.0, ""class_weight"": ""balanced""}",76,76.0,0.5526315789473685,0.5267857142857143,0.5260454878943507,0.0528680532637681,2,0.4,0.42857142857142855,0.41379310344827586,28.0,0.5796130952380952,0.5481605295923447,0.6521739130434783,0.625,0.6382978723404256,48.0,0.5796130952380953,0.6550166414655169,0.625,0.5714285714285714,0.5796130952380952,0.5481605295923447,12.0,16.0,18.0,30.0
RNA_protein_interface,-20.0,screen,PR_train_union_interface|raw|all|0|variance|0.5|False,"{""algorithm"": ""Ridge"", ""alpha"": 1.0, ""class_weight"": ""balanced""}",76,76.0,0.5263157894736842,0.5208333333333333,0.5142045454545454,0.040253824294970666,2,0.3888888888888889,0.5,0.4375,28.0,0.5565476190476191,0.5019925366929796,0.65,0.5416666666666666,0.5909090909090909,48.0,0.5565476190476191,0.6466638894429663,0.5416666666666666,0.5,0.5565476190476191,0.5019925366929796,14.0,14.0,22.0,26.0
RNA_protein_interface,-20.0,screen,PR_train_union_interface|raw|250|0|variance|0.5|False,"{""algorithm"": ""Ridge"", ""alpha"": 1.0, ""class_weight"": ""balanced""}",76,76.0,0.5263157894736842,0.5208333333333333,0.5142045454545454,0.040253824294970666,2,0.3888888888888889,0.5,0.4375,28.0,0.5565476190476191,0.5019925366929796,0.65,0.5416666666666666,0.5909090909090909,48.0,0.5565476190476191,0.6466638894429663,0.5416666666666666,0.5,0.5565476190476191,0.5019925366929796,14.0,14.0,22.0,26.0
RNA_protein_interface,-20.0,screen,PR_train_union_interface|raw|all|0|variance|0.8|False,"{""algorithm"": ""Ridge"", ""alpha"": 1.0, ""class_weight"": ""balanced""}",76,76.0,0.5,0.5074404761904762,0.4943977591036415,0.01437636581963238,2,0.375,0.5357142857142857,0.4411764705882353,28.0,0.5171130952380952,0.489427213111297,0.6388888888888888,0.4791666666666667,0.5476190476190477,48.0,0.5171130952380953,0.6131452181807489,0.4791666666666667,0.4642857142857143,0.5171130952380952,0.489427213111297,15.0,13.0,25.0,23.0
RNA_protein_interface,-20.0,screen,PR_train_union_interface|raw|250|0|variance|0.8|False,"{""algorithm"": ""Ridge"", ""alpha"": 1.0, ""class_weight"": ""balanced""}",76,76.0,0.5,0.5074404761904762,0.4943977591036415,0.01437636581963238,2,0.375,0.5357142857142857,0.4411764705882353,28.0,0.5171130952380952,0.489427213111297,0.6388888888888888,0.4791666666666667,0.5476190476190477,48.0,0.5171130952380953,0.6131452181807489,0.4791666666666667,0.4642857142857143,0.5171130952380952,0.489427213111297,15.0,13.0,25.0,23.0
RNA_protein_interface,-20.0,screen,PR_train_union_interface|raw|25|0|variance|0.2|False,"{""algorithm"": ""Ridge"", ""alpha"": 1.0, ""class_weight"": ""balanced""}",76,76.0,0.47368421052631576,0.48660714285714285,0.47038327526132406,-0.02598595982532139,2,0.35714285714285715,0.5357142857142857,0.42857142857142855,28.0,0.5029761904761905,0.4677748070001553,0.6176470588235294,0.4375,0.5121951219512195,48.0,0.5029761904761905,0.6292649442195015,0.4375,0.4642857142857143,0.5029761904761905,0.4677748070001553,15.0,13.0,27.0,21.0
RNA_protein_interface,-20.0,screen,PR_train_union_interface|raw|100|0|variance|0.2|False,"{""algorithm"": ""Ridge"", ""alpha"": 1.0, ""class_weight"": ""balanced""}",76,76.0,0.4868421052631579,0.48958333333333337,0.47954345917471464,-0.020105979315875273,2,0.358974358974359,0.5,0.417910447761194,28.0,0.5074404761904763,0.46224310008937125,0.6216216216216216,0.4791666666666667,0.5411764705882353,48.0,0.5074404761904762,0.6182217000421654,0.4791666666666667,0.5,0.5074404761904763,0.46224310008937125,14.0,14.0,25.0,23.0
RNA_protein_interface,-20.0,screen,PR_train_union_interface|raw|1000|0|variance|0.2|False,"{""algorithm"": ""Ridge"", ""alpha"": 1.0, ""class_weight"": ""balanced""}",76,76.0,0.5526315789473685,0.5342261904761905,0.5318840579710145,0.06687855262239009,2,0.40625,0.4642857142857143,0.43333333333333335,28.0,0.5595238095238095,0.5505408819166686,0.6590909090909091,0.6041666666666666,0.6304347826086957,48.0,0.5595238095238095,0.6395969131309791,0.6041666666666666,0.5357142857142857,0.5595238095238095,0.5505408819166686,13.0,15.0,19.0,29.0
RNA_protein_interface,-20.0,screen,PR_train_union_interface|delta|all|0|variance|0.2|False,"{""algorithm"": ""Ridge"", ""alpha"": 1.0, ""class_weight"": ""balanced""}",76,76.0,0.5526315789473685,0.5342261904761905,0.5318840579710145,0.06687855262239009,2,0.40625,0.4642857142857143,0.43333333333333335,28.0,0.5595238095238095,0.5505408819166686,0.6590909090909091,0.6041666666666666,0.6304347826086957,48.0,0.5595238095238095,0.6395969131309791,0.6041666666666666,0.5357142857142857,0.5595238095238095,0.5505408819166686,13.0,15.0,19.0,29.0
RNA_protein_interface,-20.0,screen,PR_train_union_interface|delta|250|0|variance|0.2|False,"{""algorithm"": ""Ridge"", ""alpha"": 1.0, ""class_weight"": ""balanced""}",76,76.0,0.5526315789473685,0.5267857142857143,0.5260454878943507,0.0528680532637681,2,0.4,0.42857142857142855,0.41379310344827586,28.0,0.5796130952380952,0.5481605295923447,0.6521739130434783,0.625,0.6382978723404256,48.0,0.5796130952380953,0.6550166414655169,0.625,0.5714285714285714,0.5796130952380952,0.5481605295923447,12.0,16.0,18.0,30.0
RNA_protein_interface,-20.0,screen,PR_train_union_interface|delta|all|0|variance|0.5|False,"{""algorithm"": ""Ridge"", ""alpha"": 1.0, ""class_weight"": ""balanced""}",76,76.0,0.5263157894736842,0.5208333333333333,0.5142045454545454,0.040253824294970666,2,0.3888888888888889,0.5,0.4375,28.0,0.5565476190476191,0.5019925366929796,0.65,0.5416666666666666,0.5909090909090909,48.0,0.5565476190476191,0.6466638894429663,0.5416666666666666,0.5,0.5565476190476191,0.5019925366929796,14.0,14.0,22.0,26.0
RNA_protein_interface,-20.0,screen,PR_train_union_interface|delta|250|0|variance|0.5|False,"{""algorithm"": ""Ridge"", ""alpha"": 1.0, ""class_weight"": ""balanced""}",76,76.0,0.5263157894736842,0.5208333333333333,0.5142045454545454,0.040253824294970666,2,0.3888888888888889,0.5,0.4375,28.0,0.5565476190476191,0.5019925366929796,0.65,0.5416666666666666,0.5909090909090909,48.0,0.5565476190476191,0.6466638894429663,0.5416666666666666,0.5,0.5565476190476191,0.5019925366929796,14.0,14.0,22.0,26.0
RNA_protein_interface,-20.0,screen,PR_train_union_interface|delta|all|0|variance|0.8|False,"{""algorithm"": ""Ridge"", ""alpha"": 1.0, ""class_weight"": ""balanced""}",76,76.0,0.5,0.5074404761904762,0.4943977591036415,0.01437636581963238,2,0.375,0.5357142857142857,0.4411764705882353,28.0,0.5171130952380952,0.489427213111297,0.6388888888888888,0.4791666666666667,0.5476190476190477,48.0,0.5171130952380953,0.6131452181807489,0.4791666666666667,0.4642857142857143,0.5171130952380952,0.489427213111297,15.0,13.0,25.0,23.0
RNA_protein_interface,-20.0,screen,PR_train_union_interface|delta|250|0|variance|0.8|False,"{""algorithm"": ""Ridge"", ""alpha"": 1.0, ""class_weight"": ""balanced""}",76,76.0,0.5,0.5074404761904762,0.4943977591036415,0.01437636581963238,2,0.375,0.5357142857142857,0.4411764705882353,28.0,0.5171130952380952,0.489427213111297,0.6388888888888888,0.4791666666666667,0.5476190476190477,48.0,0.5171130952380953,0.6131452181807489,0.4791666666666667,0.4642857142857143,0.5171130952380952,0.489427213111297,15.0,13.0,25.0,23.0
RNA_protein_interface,-20.0,screen,PR_train_union_interface|delta|25|0|variance|0.2|False,"{""algorithm"": ""Ridge"", ""alpha"": 1.0, ""class_weight"": ""balanced""}",76,76.0,0.47368421052631576,0.48660714285714285,0.47038327526132406,-0.02598595982532139,2,0.35714285714285715,0.5357142857142857,0.42857142857142855,28.0,0.5029761904761905,0.4677748070001553,0.6176470588235294,0.4375,0.5121951219512195,48.0,0.5029761904761905,0.6292649442195015,0.4375,0.4642857142857143,0.5029761904761905,0.4677748070001553,15.0,13.0,27.0,21.0
RNA_protein_interface,-20.0,screen,PR_train_union_interface|delta|100|0|variance|0.2|False,"{""algorithm"": ""Ridge"", ""alpha"": 1.0, ""class_weight"": ""balanced""}",76,76.0,0.4868421052631579,0.48958333333333337,0.47954345917471464,-0.020105979315875273,2,0.358974358974359,0.5,0.417910447761194,28.0,0.5074404761904763,0.46224310008937125,0.6216216216216216,0.4791666666666667,0.5411764705882353,48.0,0.5074404761904762,0.6182217000421654,0.4791666666666667,0.5,0.5074404761904763,0.46224310008937125,14.0,14.0,25.0,23.0
RNA_protein_interface,-20.0,screen,PR_train_union_interface|delta|1000|0|variance|0.2|False,"{""algorithm"": ""Ridge"", ""alpha"": 1.0, ""class_weight"": ""balanced""}",76,76.0,0.5526315789473685,0.5342261904761905,0.5318840579710145,0.06687855262239009,2,0.40625,0.4642857142857143,0.43333333333333335,28.0,0.5595238095238095,0.5505408819166686,0.6590909090909091,0.6041666666666666,0.6304347826086957,48.0,0.5595238095238095,0.6395969131309791,0.6041666666666666,0.5357142857142857,0.5595238095238095,0.5505408819166686,13.0,15.0,19.0,29.0
RNA_protein_interface,-5.0,refine,PR_train_union_interface|delta|100|0|variance|0.2|False,"{""algorithm"": ""Ridge"", ""alpha"": 0.1, ""class_weight"": null}",76,76.0,0.7763157894736842,0.5209371884346959,0.48872180451127817,0.10901040827179836,2,0.7837837837837838,0.9830508474576272,0.8721804511278195,59.0,0.6849451645064807,0.8988101389788576,0.5,0.058823529411764705,0.10526315789473684,17.0,0.6849451645064806,0.3643768494178934,0.058823529411764705,0.016949152542372836,0.6849451645064807,0.8988101389788576,58.0,1.0,16.0,1.0
RNA_protein_interface,-5.0,refine,PR_train_union_interface|delta|100|0|variance|0.2|False,"{""algorithm"": ""Ridge"", ""alpha"": 10, ""class_weight"": ""balanced""}",76,76.0,0.6973684210526315,0.6166500498504486,0.6033582936237804,0.21436662506343154,2,0.8333333333333334,0.7627118644067796,0.7964601769911505,59.0,0.601196410767697,0.8469089488227939,0.36363636363636365,0.47058823529411764,0.41025641025641024,17.0,0.6011964107676968,0.2903039991013126,0.47058823529411764,0.23728813559322037,0.601196410767697,0.8469089488227939,45.0,14.0,9.0,8.0
RNA_protein_interface,-5.0,refine,PR_train_union_interface|delta|100|0|variance|0.2|False,"{""algorithm"": ""Ridge"", ""alpha"": 1000, ""class_weight"": ""balanced""}",76,76.0,0.6578947368421053,0.5912263210368893,0.5722943722943723,0.1618249683817855,2,0.8235294117647058,0.711864406779661,0.7636363636363637,59.0,0.5294117647058824,0.7547721896882074,0.32,0.47058823529411764,0.38095238095238093,17.0,0.5294117647058824,0.3005238291616158,0.47058823529411764,0.288135593220339,0.5294117647058824,0.7547721896882074,42.0,17.0,9.0,8.0
RNA_protein_interface,-5.0,refine,PR_train_union_interface|delta|100|0|variance|0.2|False,"{""algorithm"": ""LR"", ""C"": 0.01, ""class_weight"": ""balanced"", ""penalty"": ""l2""}",76,76.0,0.6710526315789473,0.5997008973080757,0.5825093386068996,0.17876077814741811,2,0.8269230769230769,0.7288135593220338,0.7747747747747747,59.0,0.5294117647058824,0.7547721896882074,0.3333333333333333,0.47058823529411764,0.3902439024390244,17.0,0.5294117647058824,0.3005238291616158,0.47058823529411764,0.27118644067796616,0.5294117647058824,0.7547721896882074,43.0,16.0,9.0,8.0
RNA_protein_interface,-5.0,refine,PR_train_union_interface|delta|100|0|variance|0.2|False,"{""algorithm"": ""LR"", ""C"": 0.3, ""class_weight"": ""balanced"", ""penalty"": ""l2""}",76,76.0,0.6973684210526315,0.6166500498504486,0.6033582936237804,0.21436662506343154,2,0.8333333333333334,0.7627118644067796,0.7964601769911505,59.0,0.5682951146560319,0.8156954939230595,0.36363636363636365,0.47058823529411764,0.41025641025641024,17.0,0.5682951146560319,0.27792983408166716,0.47058823529411764,0.23728813559322037,0.5682951146560319,0.8156954939230595,45.0,14.0,9.0,8.0
RNA_protein_interface,-5.0,refine,PR_train_union_interface|delta|100|0|variance|0.2|False,"{""algorithm"": ""LinearSVM"", ""C"": 0.1, ""class_weight"": ""balanced""}",76,76.0,0.6973684210526315,0.6166500498504486,0.6033582936237804,0.21436662506343154,2,0.8333333333333334,0.7627118644067796,0.7964601769911505,59.0,0.6390827517447658,0.8724133716095688,0.36363636363636365,0.47058823529411764,0.41025641025641024,17.0,0.6390827517447657,0.30497611078594733,0.47058823529411764,0.23728813559322037,0.6390827517447658,0.8724133716095688,45.0,14.0,9.0,8.0
RNA_protein_interface,-5.0,refine,PR_train_union_interface|delta|100|0|variance|0.2|False,"{""algorithm"": ""LR"", ""C"": 0.1, ""class_weight"": ""balanced"", ""penalty"": ""elasticnet"", ""l1_ratio"": 0.5}",76,76.0,0.42105263157894735,0.5224327018943171,0.4145658263305322,0.03979302501191447,2,0.8,0.3389830508474576,0.47619047619047616,59.0,0.5254237288135593,0.7870555001661681,0.23529411764705882,0.7058823529411765,0.35294117647058826,17.0,0.5254237288135594,0.23354033873611363,0.7058823529411765,0.6610169491525424,0.5254237288135593,0.7870555001661681,20.0,39.0,5.0,12.0
RNA_protein_interface,-5.0,refine,PR_train_union_interface|delta|100|0|variance|0.2|False,"{""algorithm"": ""RBF"", ""C"": 1, ""class_weight"": ""balanced""}",76,76.0,0.7105263157894737,0.6251246261216351,0.6140350877192982,0.2332019957758057,2,0.8363636363636363,0.7796610169491526,0.8070175438596491,59.0,0.6839481555333998,0.8934524120439679,0.38095238095238093,0.47058823529411764,0.42105263157894735,17.0,0.6839481555333998,0.38886557513558234,0.47058823529411764,0.22033898305084743,0.6839481555333998,0.8934524120439679,46.0,13.0,9.0,8.0
RNA_protein_interface,-5.0,refine,PR_train_union_interface|delta|100|0|variance|0.2|False,"{""algorithm"": ""RF"", ""n_estimators"": 32, ""max_depth"": 3, ""min_samples_leaf"": 4, ""class_weight"": ""balanced""}",76,76.0,0.7105263157894737,0.5413758723828515,0.5431693989071038,0.09157684454112341,2,0.7936507936507936,0.847457627118644,0.819672131147541,59.0,0.6266201395812563,0.8463669099954128,0.3076923076923077,0.23529411764705882,0.26666666666666666,17.0,0.6266201395812563,0.3701870614588847,0.23529411764705882,0.15254237288135597,0.6266201395812563,0.8463669099954128,50.0,9.0,13.0,4.0
RNA_protein_interface,-5.0,refine,PR_train_union_interface|delta|100|0|variance|0.2|False,"{""algorithm"": ""ET"", ""n_estimators"": 32, ""max_depth"": 3, ""min_samples_leaf"": 4, ""class_weight"": ""balanced""}",76,76.0,0.6842105263157895,0.6081754735792622,0.5928571428571429,0.1962489828660616,2,0.8301886792452831,0.7457627118644068,0.7857142857142857,59.0,0.6909272183449651,0.8992971169574256,0.34782608695652173,0.47058823529411764,0.4,17.0,0.6909272183449651,0.37134287105982955,0.47058823529411764,0.2542372881355932,0.6909272183449651,0.8992971169574256,44.0,15.0,9.0,8.0
RNA_protein_interface,-5.0,refine,PR_train_union_interface|delta|100|0|variance|0.2|False,"{""algorithm"": ""LDA"", ""shrinkage"": ""auto""}",76,76.0,0.7631578947368421,0.5333998005982054,0.5216783216783217,0.11228200513219247,2,0.7887323943661971,0.9491525423728814,0.8615384615384616,59.0,0.634097706879362,0.8718954533491552,0.4,0.11764705882352941,0.18181818181818182,17.0,0.6340977068793618,0.35565923277506517,0.11764705882352941,0.05084745762711862,0.634097706879362,0.8718954533491552,56.0,3.0,15.0,2.0
RNA_protein_interface,-5.0,refine,PR_train_union_interface|raw|100|0|variance|0.2|False,"{""algorithm"": ""Ridge"", ""alpha"": 0.1, ""class_weight"": null}",76,76.0,0.7763157894736842,0.5209371884346959,0.48872180451127817,0.10901040827179836,2,0.7837837837837838,0.9830508474576272,0.8721804511278195,59.0,0.6849451645064807,0.8988101389788576,0.5,0.058823529411764705,0.10526315789473684,17.0,0.6849451645064806,0.3643768494178934,0.058823529411764705,0.016949152542372836,0.6849451645064807,0.8988101389788576,58.0,1.0,16.0,1.0
RNA_protein_interface,-5.0,refine,PR_train_union_interface|raw|100|0|variance|0.2|False,"{""algorithm"": ""Ridge"", ""alpha"": 10, ""class_weight"": ""balanced""}",76,76.0,0.6973684210526315,0.6166500498504486,0.6033582936237804,0.21436662506343154,2,0.8333333333333334,0.7627118644067796,0.7964601769911505,59.0,0.601196410767697,0.8469089488227939,0.36363636363636365,0.47058823529411764,0.41025641025641024,17.0,0.6011964107676968,0.2903039991013126,0.47058823529411764,0.23728813559322037,0.601196410767697,0.8469089488227939,45.0,14.0,9.0,8.0
RNA_protein_interface,-5.0,refine,PR_train_union_interface|raw|100|0|variance|0.2|False,"{""algorithm"": ""Ridge"", ""alpha"": 1000, ""class_weight"": ""balanced""}",76,76.0,0.6578947368421053,0.5912263210368893,0.5722943722943723,0.1618249683817855,2,0.8235294117647058,0.711864406779661,0.7636363636363637,59.0,0.5294117647058824,0.7547721896882074,0.32,0.47058823529411764,0.38095238095238093,17.0,0.5294117647058824,0.3005238291616158,0.47058823529411764,0.288135593220339,0.5294117647058824,0.7547721896882074,42.0,17.0,9.0,8.0
RNA_protein_interface,-5.0,refine,PR_train_union_interface|raw|100|0|variance|0.2|False,"{""algorithm"": ""LR"", ""C"": 0.01, ""class_weight"": ""balanced"", ""penalty"": ""l2""}",76,76.0,0.6710526315789473,0.5997008973080757,0.5825093386068996,0.17876077814741811,2,0.8269230769230769,0.7288135593220338,0.7747747747747747,59.0,0.5294117647058824,0.7547721896882074,0.3333333333333333,0.47058823529411764,0.3902439024390244,17.0,0.5294117647058824,0.3005238291616158,0.47058823529411764,0.27118644067796616,0.5294117647058824,0.7547721896882074,43.0,16.0,9.0,8.0
RNA_protein_interface,-5.0,refine,PR_train_union_interface|raw|100|0|variance|0.2|False,"{""algorithm"": ""LR"", ""C"": 0.3, ""class_weight"": ""balanced"", ""penalty"": ""l2""}",76,76.0,0.6973684210526315,0.6166500498504486,0.6033582936237804,0.21436662506343154,2,0.8333333333333334,0.7627118644067796,0.7964601769911505,59.0,0.5682951146560319,0.8156954939230595,0.36363636363636365,0.47058823529411764,0.41025641025641024,17.0,0.5682951146560319,0.27792983408166716,0.47058823529411764,0.23728813559322037,0.5682951146560319,0.8156954939230595,45.0,14.0,9.0,8.0
RNA_protein_interface,-5.0,refine,PR_train_union_interface|raw|100|0|variance|0.2|False,"{""algorithm"": ""LinearSVM"", ""C"": 0.1, ""class_weight"": ""balanced""}",76,76.0,0.6973684210526315,0.6166500498504486,0.6033582936237804,0.21436662506343154,2,0.8333333333333334,0.7627118644067796,0.7964601769911505,59.0,0.6390827517447658,0.8724133716095688,0.36363636363636365,0.47058823529411764,0.41025641025641024,17.0,0.6390827517447657,0.30497611078594733,0.47058823529411764,0.23728813559322037,0.6390827517447658,0.8724133716095688,45.0,14.0,9.0,8.0
RNA_protein_interface,-5.0,refine,PR_train_union_interface|raw|100|0|variance|0.2|False,"{""algorithm"": ""LR"", ""C"": 0.1, ""class_weight"": ""balanced"", ""penalty"": ""elasticnet"", ""l1_ratio"": 0.5}",76,76.0,0.42105263157894735,0.5224327018943171,0.4145658263305322,0.03979302501191447,2,0.8,0.3389830508474576,0.47619047619047616,59.0,0.5254237288135593,0.7870555001661681,0.23529411764705882,0.7058823529411765,0.35294117647058826,17.0,0.5254237288135594,0.23354033873611363,0.7058823529411765,0.6610169491525424,0.5254237288135593,0.7870555001661681,20.0,39.0,5.0,12.0
RNA_protein_interface,-5.0,refine,PR_train_union_interface|raw|100|0|variance|0.2|False,"{""algorithm"": ""RBF"", ""C"": 1, ""class_weight"": ""balanced""}",76,76.0,0.7105263157894737,0.6251246261216351,0.6140350877192982,0.2332019957758057,2,0.8363636363636363,0.7796610169491526,0.8070175438596491,59.0,0.6839481555333998,0.8934524120439679,0.38095238095238093,0.47058823529411764,0.42105263157894735,17.0,0.6839481555333998,0.38886557513558234,0.47058823529411764,0.22033898305084743,0.6839481555333998,0.8934524120439679,46.0,13.0,9.0,8.0
RNA_protein_interface,-5.0,refine,PR_train_union_interface|raw|100|0|variance|0.2|False,"{""algorithm"": ""RF"", ""n_estimators"": 32, ""max_depth"": 3, ""min_samples_leaf"": 4, ""class_weight"": ""balanced""}",76,76.0,0.7105263157894737,0.5413758723828515,0.5431693989071038,0.09157684454112341,2,0.7936507936507936,0.847457627118644,0.819672131147541,59.0,0.6276171485543369,0.8480147442703656,0.3076923076923077,0.23529411764705882,0.26666666666666666,17.0,0.627617148554337,0.3703876532045343,0.23529411764705882,0.15254237288135597,0.6276171485543369,0.8480147442703656,50.0,9.0,13.0,4.0
RNA_protein_interface,-5.0,refine,PR_train_union_interface|raw|100|0|variance|0.2|False,"{""algorithm"": ""ET"", ""n_estimators"": 32, ""max_depth"": 3, ""min_samples_leaf"": 4, ""class_weight"": ""balanced""}",76,76.0,0.6842105263157895,0.6081754735792622,0.5928571428571429,0.1962489828660616,2,0.8301886792452831,0.7457627118644068,0.7857142857142857,59.0,0.6909272183449651,0.8992971169574256,0.34782608695652173,0.47058823529411764,0.4,17.0,0.6909272183449651,0.37134287105982955,0.47058823529411764,0.2542372881355932,0.6909272183449651,0.8992971169574256,44.0,15.0,9.0,8.0
RNA_protein_interface,-5.0,refine,PR_train_union_interface|raw|100|0|variance|0.2|False,"{""algorithm"": ""LDA"", ""shrinkage"": ""auto""}",76,76.0,0.7631578947368421,0.5333998005982054,0.5216783216783217,0.11228200513219247,2,0.7887323943661971,0.9491525423728814,0.8615384615384616,59.0,0.634097706879362,0.8718954533491552,0.4,0.11764705882352941,0.18181818181818182,17.0,0.6340977068793618,0.35565923277506517,0.11764705882352941,0.05084745762711862,0.634097706879362,0.8718954533491552,56.0,3.0,15.0,2.0
all_PR,-5.0,refine,full_PR|delta|all|0|variance|0|False,"{""algorithm"": ""Ridge"", ""alpha"": 0.1, ""class_weight"": null}",76,76.0,0.75,0.5667996011964108,0.5721481481481481,0.16469573930864556,2,0.803030303030303,0.8983050847457628,0.848,59.0,0.6660019940179461,0.8822515053071815,0.4,0.23529411764705882,0.2962962962962963,17.0,0.6660019940179461,0.3384686804699639,0.23529411764705882,0.10169491525423724,0.6660019940179461,0.8822515053071815,53.0,6.0,13.0,4.0
all_PR,-5.0,refine,full_PR|delta|all|0|variance|0|False,"{""algorithm"": ""Ridge"", ""alpha"": 10, ""class_weight"": ""balanced""}",76,76.0,0.6842105263157895,0.6081754735792622,0.5928571428571429,0.1962489828660616,2,0.8301886792452831,0.7457627118644068,0.7857142857142857,59.0,0.6450648055832503,0.8625643041619626,0.34782608695652173,0.47058823529411764,0.4,17.0,0.6450648055832503,0.36946976000286963,0.47058823529411764,0.2542372881355932,0.6450648055832503,0.8625643041619626,44.0,15.0,9.0,8.0
all_PR,-5.0,refine,full_PR|delta|all|0|variance|0|False,"{""algorithm"": ""Ridge"", ""alpha"": 1000, ""class_weight"": ""balanced""}",76,76.0,0.6842105263157895,0.6081754735792622,0.5928571428571429,0.1962489828660616,2,0.8301886792452831,0.7457627118644068,0.7857142857142857,59.0,0.646061814556331,0.8585982956987702,0.34782608695652173,0.47058823529411764,0.4,17.0,0.646061814556331,0.3730051083129541,0.47058823529411764,0.2542372881355932,0.646061814556331,0.8585982956987702,44.0,15.0,9.0,8.0
all_PR,-5.0,refine,full_PR|delta|all|0|variance|0|False,"{""algorithm"": ""LR"", ""C"": 0.01, ""class_weight"": ""balanced"", ""penalty"": ""l2""}",76,76.0,0.6842105263157895,0.6081754735792622,0.5928571428571429,0.1962489828660616,2,0.8301886792452831,0.7457627118644068,0.7857142857142857,59.0,0.6470588235294119,0.8588005873744677,0.34782608695652173,0.47058823529411764,0.4,17.0,0.6470588235294118,0.3770900756332155,0.47058823529411764,0.2542372881355932,0.6470588235294119,0.8588005873744677,44.0,15.0,9.0,8.0
all_PR,-5.0,refine,full_PR|delta|all|0|variance|0|False,"{""algorithm"": ""LR"", ""C"": 0.3, ""class_weight"": ""balanced"", ""penalty"": ""l2""}",76,76.0,0.6842105263157895,0.6081754735792622,0.5928571428571429,0.1962489828660616,2,0.8301886792452831,0.7457627118644068,0.7857142857142857,59.0,0.646061814556331,0.8626827016960364,0.34782608695652173,0.47058823529411764,0.4,17.0,0.6460618145563309,0.37173143321281177,0.47058823529411764,0.2542372881355932,0.646061814556331,0.8626827016960364,44.0,15.0,9.0,8.0
all_PR,-5.0,refine,full_PR|delta|all|0|variance|0|False,"{""algorithm"": ""LinearSVM"", ""C"": 0.1, ""class_weight"": ""balanced""}",76,76.0,0.6842105263157895,0.6081754735792622,0.5928571428571429,0.1962489828660616,2,0.8301886792452831,0.7457627118644068,0.7857142857142857,59.0,0.6530408773678964,0.8689301671365568,0.34782608695652173,0.47058823529411764,0.4,17.0,0.6530408773678963,0.36230936572762396,0.47058823529411764,0.2542372881355932,0.6530408773678964,0.8689301671365568,44.0,15.0,9.0,8.0
all_PR,-5.0,refine,full_PR|delta|all|0|variance|0|False,"{""algorithm"": ""LR"", ""C"": 0.1, ""class_weight"": ""balanced"", ""penalty"": ""elasticnet"", ""l1_ratio"": 0.5}",76,76.0,0.42105263157894735,0.5224327018943171,0.4145658263305322,0.03979302501191447,2,0.8,0.3389830508474576,0.47619047619047616,59.0,0.5254237288135593,0.7870555001661681,0.23529411764705882,0.7058823529411765,0.35294117647058826,17.0,0.5254237288135594,0.23354033873611363,0.7058823529411765,0.6610169491525424,0.5254237288135593,0.7870555001661681,20.0,39.0,5.0,12.0
all_PR,-5.0,refine,full_PR|delta|all|0|variance|0|False,"{""algorithm"": ""RBF"", ""C"": 1, ""class_weight"": ""balanced""}",76,76.0,0.75,0.5667996011964108,0.5721481481481481,0.16469573930864556,2,0.803030303030303,0.8983050847457628,0.848,59.0,0.572283150548355,0.8230175160449061,0.4,0.23529411764705882,0.2962962962962963,17.0,0.5722831505483549,0.3947929527483809,0.23529411764705882,0.10169491525423724,0.572283150548355,0.8230175160449061,53.0,6.0,13.0,4.0
all_PR,-5.0,refine,full_PR|delta|all|0|variance|0|False,"{""algorithm"": ""RF"", ""n_estimators"": 32, ""max_depth"": 3, ""min_samples_leaf"": 4, ""class_weight"": ""balanced""}",76,76.0,0.7105263157894737,0.5623130608175474,0.5645833333333333,0.13048151766775934,2,0.8032786885245902,0.8305084745762712,0.8166666666666667,59.0,0.67098703888335,0.8851323816014507,0.3333333333333333,0.29411764705882354,0.3125,17.0,0.67098703888335,0.3833392532343185,0.29411764705882354,0.1694915254237288,0.67098703888335,0.8851323816014507,49.0,10.0,12.0,5.0
all_PR,-5.0,refine,full_PR|delta|all|0|variance|0|False,"{""algorithm"": ""ET"", ""n_estimators"": 32, ""max_depth"": 3, ""min_samples_leaf"": 4, ""class_weight"": ""balanced""}",76,76.0,0.6973684210526315,0.5747756729810568,0.5731379731379731,0.14658534152799316,2,0.8103448275862069,0.7966101694915254,0.8034188034188035,59.0,0.6440677966101696,0.8758900993715404,0.3333333333333333,0.35294117647058826,0.34285714285714286,17.0,0.6440677966101696,0.3771086167599623,0.35294117647058826,0.2033898305084746,0.6440677966101696,0.8758900993715404,47.0,12.0,11.0,6.0
all_PR,-5.0,refine,full_PR|raw|all|0|variance|0|False,"{""algorithm"": ""Ridge"", ""alpha"": 0.1, ""class_weight"": null}",76,76.0,0.75,0.5667996011964108,0.5721481481481481,0.16469573930864556,2,0.803030303030303,0.8983050847457628,0.848,59.0,0.6660019940179461,0.8822515053071815,0.4,0.23529411764705882,0.2962962962962963,17.0,0.6660019940179461,0.3384686804699639,0.23529411764705882,0.10169491525423724,0.6660019940179461,0.8822515053071815,53.0,6.0,13.0,4.0
all_PR,-5.0,refine,full_PR|raw|all|0|variance|0|False,"{""algorithm"": ""Ridge"", ""alpha"": 10, ""class_weight"": ""balanced""}",76,76.0,0.6842105263157895,0.6081754735792622,0.5928571428571429,0.1962489828660616,2,0.8301886792452831,0.7457627118644068,0.7857142857142857,59.0,0.6450648055832503,0.8625643041619626,0.34782608695652173,0.47058823529411764,0.4,17.0,0.6450648055832503,0.36946976000286963,0.47058823529411764,0.2542372881355932,0.6450648055832503,0.8625643041619626,44.0,15.0,9.0,8.0
all_PR,-5.0,refine,full_PR|raw|all|0|variance|0|False,"{""algorithm"": ""Ridge"", ""alpha"": 1000, ""class_weight"": ""balanced""}",76,76.0,0.6842105263157895,0.6081754735792622,0.5928571428571429,0.1962489828660616,2,0.8301886792452831,0.7457627118644068,0.7857142857142857,59.0,0.646061814556331,0.8585982956987702,0.34782608695652173,0.47058823529411764,0.4,17.0,0.646061814556331,0.3730051083129541,0.47058823529411764,0.2542372881355932,0.646061814556331,0.8585982956987702,44.0,15.0,9.0,8.0
all_PR,-5.0,refine,full_PR|raw|all|0|variance|0|False,"{""algorithm"": ""LR"", ""C"": 0.01, ""class_weight"": ""balanced"", ""penalty"": ""l2""}",76,76.0,0.6842105263157895,0.6081754735792622,0.5928571428571429,0.1962489828660616,2,0.8301886792452831,0.7457627118644068,0.7857142857142857,59.0,0.6470588235294119,0.8588005873744677,0.34782608695652173,0.47058823529411764,0.4,17.0,0.6470588235294118,0.3770900756332155,0.47058823529411764,0.2542372881355932,0.6470588235294119,0.8588005873744677,44.0,15.0,9.0,8.0
all_PR,-5.0,refine,full_PR|raw|all|0|variance|0|False,"{""algorithm"": ""LR"", ""C"": 0.3, ""class_weight"": ""balanced"", ""penalty"": ""l2""}",76,76.0,0.6842105263157895,0.6081754735792622,0.5928571428571429,0.1962489828660616,2,0.8301886792452831,0.7457627118644068,0.7857142857142857,59.0,0.646061814556331,0.8626827016960364,0.34782608695652173,0.47058823529411764,0.4,17.0,0.6460618145563309,0.37173143321281177,0.47058823529411764,0.2542372881355932,0.646061814556331,0.8626827016960364,44.0,15.0,9.0,8.0
all_PR,-5.0,refine,full_PR|raw|all|0|variance|0|False,"{""algorithm"": ""LinearSVM"", ""C"": 0.1, ""class_weight"": ""balanced""}",76,76.0,0.6842105263157895,0.6081754735792622,0.5928571428571429,0.1962489828660616,2,0.8301886792452831,0.7457627118644068,0.7857142857142857,59.0,0.6530408773678964,0.8689301671365568,0.34782608695652173,0.47058823529411764,0.4,17.0,0.6530408773678963,0.36230936572762396,0.47058823529411764,0.2542372881355932,0.6530408773678964,0.8689301671365568,44.0,15.0,9.0,8.0
all_PR,-5.0,refine,full_PR|raw|all|0|variance|0|False,"{""algorithm"": ""LR"", ""C"": 0.1, ""class_weight"": ""balanced"", ""penalty"": ""elasticnet"", ""l1_ratio"": 0.5}",76,76.0,0.42105263157894735,0.5224327018943171,0.4145658263305322,0.03979302501191447,2,0.8,0.3389830508474576,0.47619047619047616,59.0,0.5254237288135593,0.7870555001661681,0.23529411764705882,0.7058823529411765,0.35294117647058826,17.0,0.5254237288135594,0.23354033873611363,0.7058823529411765,0.6610169491525424,0.5254237288135593,0.7870555001661681,20.0,39.0,5.0,12.0
all_PR,-5.0,refine,full_PR|raw|all|0|variance|0|False,"{""algorithm"": ""RBF"", ""C"": 1, ""class_weight"": ""balanced""}",76,76.0,0.75,0.5667996011964108,0.5721481481481481,0.16469573930864556,2,0.803030303030303,0.8983050847457628,0.848,59.0,0.572283150548355,0.8230175160449061,0.4,0.23529411764705882,0.2962962962962963,17.0,0.5722831505483549,0.3947929527483809,0.23529411764705882,0.10169491525423724,0.572283150548355,0.8230175160449061,53.0,6.0,13.0,4.0
all_PR,-5.0,refine,full_PR|raw|all|0|variance|0|False,"{""algorithm"": ""RF"", ""n_estimators"": 32, ""max_depth"": 3, ""min_samples_leaf"": 4, ""class_weight"": ""balanced""}",76,76.0,0.7105263157894737,0.5623130608175474,0.5645833333333333,0.13048151766775934,2,0.8032786885245902,0.8305084745762712,0.8166666666666667,59.0,0.67098703888335,0.8851323816014507,0.3333333333333333,0.29411764705882354,0.3125,17.0,0.67098703888335,0.3833392532343185,0.29411764705882354,0.1694915254237288,0.67098703888335,0.8851323816014507,49.0,10.0,12.0,5.0
all_PR,-5.0,refine,full_PR|raw|all|0|variance|0|False,"{""algorithm"": ""ET"", ""n_estimators"": 32, ""max_depth"": 3, ""min_samples_leaf"": 4, ""class_weight"": ""balanced""}",76,76.0,0.6973684210526315,0.5747756729810568,0.5731379731379731,0.14658534152799316,2,0.8103448275862069,0.7966101694915254,0.8034188034188035,59.0,0.6440677966101696,0.8758900993715404,0.3333333333333333,0.35294117647058826,0.34285714285714286,17.0,0.6440677966101696,0.3771086167599623,0.35294117647058826,0.2033898305084746,0.6440677966101696,0.8758900993715404,47.0,12.0,11.0,6.0
high_variance_PR,-5.0,refine,full_PR|delta|1000|0|variance|0|False,"{""algorithm"": ""Ridge"", ""alpha"": 0.1, ""class_weight"": null}",76,76.0,0.75,0.5667996011964108,0.5721481481481481,0.16469573930864556,2,0.803030303030303,0.8983050847457628,0.848,59.0,0.6660019940179461,0.8822515053071815,0.4,0.23529411764705882,0.2962962962962963,17.0,0.6660019940179461,0.3384686804699639,0.23529411764705882,0.10169491525423724,0.6660019940179461,0.8822515053071815,53.0,6.0,13.0,4.0
high_variance_PR,-5.0,refine,full_PR|delta|1000|0|variance|0|False,"{""algorithm"": ""Ridge"", ""alpha"": 10, ""class_weight"": ""balanced""}",76,76.0,0.6842105263157895,0.6081754735792622,0.5928571428571429,0.1962489828660616,2,0.8301886792452831,0.7457627118644068,0.7857142857142857,59.0,0.6450648055832503,0.8625643041619626,0.34782608695652173,0.47058823529411764,0.4,17.0,0.6450648055832503,0.36946976000286963,0.47058823529411764,0.2542372881355932,0.6450648055832503,0.8625643041619626,44.0,15.0,9.0,8.0
high_variance_PR,-5.0,refine,full_PR|delta|1000|0|variance|0|False,"{""algorithm"": ""Ridge"", ""alpha"": 1000, ""class_weight"": ""balanced""}",76,76.0,0.6842105263157895,0.6081754735792622,0.5928571428571429,0.1962489828660616,2,0.8301886792452831,0.7457627118644068,0.7857142857142857,59.0,0.646061814556331,0.8585982956987702,0.34782608695652173,0.47058823529411764,0.4,17.0,0.646061814556331,0.3730051083129541,0.47058823529411764,0.2542372881355932,0.646061814556331,0.8585982956987702,44.0,15.0,9.0,8.0
high_variance_PR,-5.0,refine,full_PR|delta|1000|0|variance|0|False,"{""algorithm"": ""LR"", ""C"": 0.01, ""class_weight"": ""balanced"", ""penalty"": ""l2""}",76,76.0,0.6842105263157895,0.6081754735792622,0.5928571428571429,0.1962489828660616,2,0.8301886792452831,0.7457627118644068,0.7857142857142857,59.0,0.6470588235294119,0.8588005873744677,0.34782608695652173,0.47058823529411764,0.4,17.0,0.6470588235294118,0.3770900756332155,0.47058823529411764,0.2542372881355932,0.6470588235294119,0.8588005873744677,44.0,15.0,9.0,8.0
high_variance_PR,-5.0,refine,full_PR|delta|1000|0|variance|0|False,"{""algorithm"": ""LR"", ""C"": 0.3, ""class_weight"": ""balanced"", ""penalty"": ""l2""}",76,76.0,0.6842105263157895,0.6081754735792622,0.5928571428571429,0.1962489828660616,2,0.8301886792452831,0.7457627118644068,0.7857142857142857,59.0,0.646061814556331,0.8626827016960364,0.34782608695652173,0.47058823529411764,0.4,17.0,0.6460618145563309,0.37173143321281177,0.47058823529411764,0.2542372881355932,0.646061814556331,0.8626827016960364,44.0,15.0,9.0,8.0
high_variance_PR,-5.0,refine,full_PR|delta|1000|0|variance|0|False,"{""algorithm"": ""LinearSVM"", ""C"": 0.1, ""class_weight"": ""balanced""}",76,76.0,0.6842105263157895,0.6081754735792622,0.5928571428571429,0.1962489828660616,2,0.8301886792452831,0.7457627118644068,0.7857142857142857,59.0,0.6530408773678964,0.8689301671365568,0.34782608695652173,0.47058823529411764,0.4,17.0,0.6530408773678963,0.36230936572762396,0.47058823529411764,0.2542372881355932,0.6530408773678964,0.8689301671365568,44.0,15.0,9.0,8.0
high_variance_PR,-5.0,refine,full_PR|delta|1000|0|variance|0|False,"{""algorithm"": ""LR"", ""C"": 0.1, ""class_weight"": ""balanced"", ""penalty"": ""elasticnet"", ""l1_ratio"": 0.5}",76,76.0,0.42105263157894735,0.5224327018943171,0.4145658263305322,0.03979302501191447,2,0.8,0.3389830508474576,0.47619047619047616,59.0,0.5254237288135593,0.7870555001661681,0.23529411764705882,0.7058823529411765,0.35294117647058826,17.0,0.5254237288135594,0.23354033873611363,0.7058823529411765,0.6610169491525424,0.5254237288135593,0.7870555001661681,20.0,39.0,5.0,12.0
high_variance_PR,-5.0,refine,full_PR|delta|1000|0|variance|0|False,"{""algorithm"": ""RBF"", ""C"": 1, ""class_weight"": ""balanced""}",76,76.0,0.75,0.5667996011964108,0.5721481481481481,0.16469573930864556,2,0.803030303030303,0.8983050847457628,0.848,59.0,0.572283150548355,0.8230175160449061,0.4,0.23529411764705882,0.2962962962962963,17.0,0.5722831505483549,0.3947929527483809,0.23529411764705882,0.10169491525423724,0.572283150548355,0.8230175160449061,53.0,6.0,13.0,4.0
high_variance_PR,-5.0,refine,full_PR|delta|1000|0|variance|0|False,"{""algorithm"": ""RF"", ""n_estimators"": 32, ""max_depth"": 3, ""min_samples_leaf"": 4, ""class_weight"": ""balanced""}",76,76.0,0.7105263157894737,0.5623130608175474,0.5645833333333333,0.13048151766775934,2,0.8032786885245902,0.8305084745762712,0.8166666666666667,59.0,0.67098703888335,0.8851323816014507,0.3333333333333333,0.29411764705882354,0.3125,17.0,0.67098703888335,0.3833392532343185,0.29411764705882354,0.1694915254237288,0.67098703888335,0.8851323816014507,49.0,10.0,12.0,5.0
high_variance_PR,-5.0,refine,full_PR|delta|1000|0|variance|0|False,"{""algorithm"": ""ET"", ""n_estimators"": 32, ""max_depth"": 3, ""min_samples_leaf"": 4, ""class_weight"": ""balanced""}",76,76.0,0.6973684210526315,0.5747756729810568,0.5731379731379731,0.14658534152799316,2,0.8103448275862069,0.7966101694915254,0.8034188034188035,59.0,0.6440677966101696,0.8758900993715404,0.3333333333333333,0.35294117647058826,0.34285714285714286,17.0,0.6440677966101696,0.3771086167599623,0.35294117647058826,0.2033898305084746,0.6440677966101696,0.8758900993715404,47.0,12.0,11.0,6.0
high_variance_PR,-5.0,refine,full_PR|raw|1000|0|variance|0|False,"{""algorithm"": ""Ridge"", ""alpha"": 0.1, ""class_weight"": null}",76,76.0,0.75,0.5667996011964108,0.5721481481481481,0.16469573930864556,2,0.803030303030303,0.8983050847457628,0.848,59.0,0.6660019940179461,0.8822515053071815,0.4,0.23529411764705882,0.2962962962962963,17.0,0.6660019940179461,0.3384686804699639,0.23529411764705882,0.10169491525423724,0.6660019940179461,0.8822515053071815,53.0,6.0,13.0,4.0
high_variance_PR,-5.0,refine,full_PR|raw|1000|0|variance|0|False,"{""algorithm"": ""Ridge"", ""alpha"": 10, ""class_weight"": ""balanced""}",76,76.0,0.6842105263157895,0.6081754735792622,0.5928571428571429,0.1962489828660616,2,0.8301886792452831,0.7457627118644068,0.7857142857142857,59.0,0.6450648055832503,0.8625643041619626,0.34782608695652173,0.47058823529411764,0.4,17.0,0.6450648055832503,0.36946976000286963,0.47058823529411764,0.2542372881355932,0.6450648055832503,0.8625643041619626,44.0,15.0,9.0,8.0
high_variance_PR,-5.0,refine,full_PR|raw|1000|0|variance|0|False,"{""algorithm"": ""Ridge"", ""alpha"": 1000, ""class_weight"": ""balanced""}",76,76.0,0.6842105263157895,0.6081754735792622,0.5928571428571429,0.1962489828660616,2,0.8301886792452831,0.7457627118644068,0.7857142857142857,59.0,0.646061814556331,0.8585982956987702,0.34782608695652173,0.47058823529411764,0.4,17.0,0.646061814556331,0.3730051083129541,0.47058823529411764,0.2542372881355932,0.646061814556331,0.8585982956987702,44.0,15.0,9.0,8.0
high_variance_PR,-5.0,refine,full_PR|raw|1000|0|variance|0|False,"{""algorithm"": ""LR"", ""C"": 0.01, ""class_weight"": ""balanced"", ""penalty"": ""l2""}",76,76.0,0.6842105263157895,0.6081754735792622,0.5928571428571429,0.1962489828660616,2,0.8301886792452831,0.7457627118644068,0.7857142857142857,59.0,0.6470588235294119,0.8588005873744677,0.34782608695652173,0.47058823529411764,0.4,17.0,0.6470588235294118,0.3770900756332155,0.47058823529411764,0.2542372881355932,0.6470588235294119,0.8588005873744677,44.0,15.0,9.0,8.0
high_variance_PR,-5.0,refine,full_PR|raw|1000|0|variance|0|False,"{""algorithm"": ""LR"", ""C"": 0.3, ""class_weight"": ""balanced"", ""penalty"": ""l2""}",76,76.0,0.6842105263157895,0.6081754735792622,0.5928571428571429,0.1962489828660616,2,0.8301886792452831,0.7457627118644068,0.7857142857142857,59.0,0.646061814556331,0.8626827016960364,0.34782608695652173,0.47058823529411764,0.4,17.0,0.6460618145563309,0.37173143321281177,0.47058823529411764,0.2542372881355932,0.646061814556331,0.8626827016960364,44.0,15.0,9.0,8.0
high_variance_PR,-5.0,refine,full_PR|raw|1000|0|variance|0|False,"{""algorithm"": ""LinearSVM"", ""C"": 0.1, ""class_weight"": ""balanced""}",76,76.0,0.6842105263157895,0.6081754735792622,0.5928571428571429,0.1962489828660616,2,0.8301886792452831,0.7457627118644068,0.7857142857142857,59.0,0.6530408773678964,0.8689301671365568,0.34782608695652173,0.47058823529411764,0.4,17.0,0.6530408773678963,0.36230936572762396,0.47058823529411764,0.2542372881355932,0.6530408773678964,0.8689301671365568,44.0,15.0,9.0,8.0
high_variance_PR,-5.0,refine,full_PR|raw|1000|0|variance|0|False,"{""algorithm"": ""LR"", ""C"": 0.1, ""class_weight"": ""balanced"", ""penalty"": ""elasticnet"", ""l1_ratio"": 0.5}",76,76.0,0.42105263157894735,0.5224327018943171,0.4145658263305322,0.03979302501191447,2,0.8,0.3389830508474576,0.47619047619047616,59.0,0.5254237288135593,0.7870555001661681,0.23529411764705882,0.7058823529411765,0.35294117647058826,17.0,0.5254237288135594,0.23354033873611363,0.7058823529411765,0.6610169491525424,0.5254237288135593,0.7870555001661681,20.0,39.0,5.0,12.0
high_variance_PR,-5.0,refine,full_PR|raw|1000|0|variance|0|False,"{""algorithm"": ""RBF"", ""C"": 1, ""class_weight"": ""balanced""}",76,76.0,0.75,0.5667996011964108,0.5721481481481481,0.16469573930864556,2,0.803030303030303,0.8983050847457628,0.848,59.0,0.572283150548355,0.8230175160449061,0.4,0.23529411764705882,0.2962962962962963,17.0,0.5722831505483549,0.3947929527483809,0.23529411764705882,0.10169491525423724,0.572283150548355,0.8230175160449061,53.0,6.0,13.0,4.0
high_variance_PR,-5.0,refine,full_PR|raw|1000|0|variance|0|False,"{""algorithm"": ""RF"", ""n_estimators"": 32, ""max_depth"": 3, ""min_samples_leaf"": 4, ""class_weight"": ""balanced""}",76,76.0,0.7105263157894737,0.5623130608175474,0.5645833333333333,0.13048151766775934,2,0.8032786885245902,0.8305084745762712,0.8166666666666667,59.0,0.67098703888335,0.8851323816014507,0.3333333333333333,0.29411764705882354,0.3125,17.0,0.67098703888335,0.3833392532343185,0.29411764705882354,0.1694915254237288,0.67098703888335,0.8851323816014507,49.0,10.0,12.0,5.0
high_variance_PR,-5.0,refine,full_PR|raw|1000|0|variance|0|False,"{""algorithm"": ""ET"", ""n_estimators"": 32, ""max_depth"": 3, ""min_samples_leaf"": 4, ""class_weight"": ""balanced""}",76,76.0,0.6973684210526315,0.5747756729810568,0.5731379731379731,0.14658534152799316,2,0.8103448275862069,0.7966101694915254,0.8034188034188035,59.0,0.6440677966101696,0.8758900993715404,0.3333333333333333,0.35294117647058826,0.34285714285714286,17.0,0.6440677966101696,0.3771086167599623,0.35294117647058826,0.2033898305084746,0.6440677966101696,0.8758900993715404,47.0,12.0,11.0,6.0
