model,heldout,feature,importance
CP_density3_RF,puf12_r123_r5678_r56788,pp_nonlocal4_high_per_res,0.36464710480789536
CP_density3_RF,puf12_r123_r5678_r56788,pp_nonlocal12_high_per_res,0.3548532342799774
CP_density3_RF,puf12_r123_r5678_r56788,pp_nonlocal24_high_per_res,0.28049966091212736
CP_density3_RF,puf12_r123_r5678_r5loop6788,pp_nonlocal4_high_per_res,0.36464710480789536
CP_density3_RF,puf12_r123_r5678_r5loop6788,pp_nonlocal12_high_per_res,0.3548532342799774
CP_density3_RF,puf12_r123_r5678_r5loop6788,pp_nonlocal24_high_per_res,0.28049966091212736
CP_density3_RF,puf12_r123_r567_r567_r678,pp_nonlocal4_high_per_res,0.3652270927259964
CP_density3_RF,puf12_r123_r567_r567_r678,pp_nonlocal12_high_per_res,0.35781997391439413
CP_density3_RF,puf12_r123_r567_r567_r678,pp_nonlocal24_high_per_res,0.2769529333596095
CP_density3_RF,puf12_r123_r567_r5loop67_loopr678,pp_nonlocal4_high_per_res,0.3597130943260612
CP_density3_RF,puf12_r123_r567_r5loop67_loopr678,pp_nonlocal12_high_per_res,0.3632135285733982
CP_density3_RF,puf12_r123_r567_r5loop67_loopr678,pp_nonlocal24_high_per_res,0.27707337710054053
CP_density3_RF,puf12_r123_r567_r5loop67_r678,pp_nonlocal4_high_per_res,0.3559365516514602
CP_density3_RF,puf12_r123_r567_r5loop67_r678,pp_nonlocal12_high_per_res,0.3589110139255098
CP_density3_RF,puf12_r123_r567_r5loop67_r678,pp_nonlocal24_high_per_res,0.28515243442303
CP_density3_RF,puf12_r123_r567_r6loopr7_r5678,pp_nonlocal4_high_per_res,0.3559365516514602
CP_density3_RF,puf12_r123_r567_r6loopr7_r5678,pp_nonlocal12_high_per_res,0.3589110139255098
CP_density3_RF,puf12_r123_r567_r6loopr7_r5678,pp_nonlocal24_high_per_res,0.28515243442303
CP_density3_RF,puf12_r123_r567_r6loopr7_r5loop678,pp_nonlocal4_high_per_res,0.3559365516514602
CP_density3_RF,puf12_r123_r567_r6loopr7_r5loop678,pp_nonlocal12_high_per_res,0.3589110139255098
CP_density3_RF,puf12_r123_r567_r6loopr7_r5loop678,pp_nonlocal24_high_per_res,0.28515243442303
CP_density3_RF,puf12_r123_r567_r6r7_r5678,pp_nonlocal4_high_per_res,0.3574670042272998
CP_density3_RF,puf12_r123_r567_r6r7_r5678,pp_nonlocal12_high_per_res,0.35205379516983115
CP_density3_RF,puf12_r123_r567_r6r7_r5678,pp_nonlocal24_high_per_res,0.290479200602869
CP_density3_RF,puf_12_loopr4loopr4,pp_nonlocal4_high_per_res,0.3613357962952401
CP_density3_RF,puf_12_loopr4loopr4,pp_nonlocal12_high_per_res,0.35258232455551614
CP_density3_RF,puf_12_loopr4loopr4,pp_nonlocal24_high_per_res,0.2860818791492439
CP_density3_RF,puf_12_loopr4r4,pp_nonlocal4_high_per_res,0.3613357962952401
CP_density3_RF,puf_12_loopr4r4,pp_nonlocal12_high_per_res,0.35258232455551614
CP_density3_RF,puf_12_loopr4r4,pp_nonlocal24_high_per_res,0.2860818791492439
CP_density3_RF,puf_12_r4loopr4,pp_nonlocal4_high_per_res,0.3613357962952401
CP_density3_RF,puf_12_r4loopr4,pp_nonlocal12_high_per_res,0.35258232455551614
CP_density3_RF,puf_12_r4loopr4,pp_nonlocal24_high_per_res,0.2860818791492439
CP_density3_RF,puf_12_r4r4,pp_nonlocal4_high_per_res,0.3613357962952401
CP_density3_RF,puf_12_r4r4,pp_nonlocal12_high_per_res,0.35258232455551614
CP_density3_RF,puf_12_r4r4,pp_nonlocal24_high_per_res,0.2860818791492439
CP_density3_RF,1_130_r123_r567_r567_r67_no_loop_8,pp_nonlocal4_high_per_res,0.36171868858016326
CP_density3_RF,1_130_r123_r567_r567_r67_no_loop_8,pp_nonlocal12_high_per_res,0.35493136058721503
CP_density3_RF,1_130_r123_r567_r567_r67_no_loop_8,pp_nonlocal24_high_per_res,0.2833499508326217
CP_density3_RF,2_130_r123_r567_r5loop67_r678,pp_nonlocal4_high_per_res,0.35958836871530764
CP_density3_RF,2_130_r123_r567_r5loop67_r678,pp_nonlocal12_high_per_res,0.3520095299739609
CP_density3_RF,2_130_r123_r567_r5loop67_r678,pp_nonlocal24_high_per_res,0.28840210131073146
CP_density3_RF,3_130_r123_r567_r56loop7_r678,pp_nonlocal4_high_per_res,0.35958836871530764
CP_density3_RF,3_130_r123_r567_r56loop7_r678,pp_nonlocal12_high_per_res,0.3520095299739609
CP_density3_RF,3_130_r123_r567_r56loop7_r678,pp_nonlocal24_high_per_res,0.28840210131073146
CP_density3_RF,4_130_r123_r567_r567_rloop678,pp_nonlocal4_high_per_res,0.35769683713954614
CP_density3_RF,4_130_r123_r567_r567_rloop678,pp_nonlocal12_high_per_res,0.35111222357207333
CP_density3_RF,4_130_r123_r567_r567_rloop678,pp_nonlocal24_high_per_res,0.29119093928838047
CP_density3_RF,5_130_r123_r567_r567_r6loop78,pp_nonlocal4_high_per_res,0.3612652414309792
CP_density3_RF,5_130_r123_r567_r567_r6loop78,pp_nonlocal12_high_per_res,0.35228433528657427
CP_density3_RF,5_130_r123_r567_r567_r6loop78,pp_nonlocal24_high_per_res,0.2864504232824466
CP_density3_RF,7_130_r123_r567_r567_rloop67loop8,pp_nonlocal4_high_per_res,0.365043041766249
CP_density3_RF,7_130_r123_r567_r567_rloop67loop8,pp_nonlocal12_high_per_res,0.34717585083535196
CP_density3_RF,7_130_r123_r567_r567_rloop67loop8,pp_nonlocal24_high_per_res,0.28778110739839907
CP_density3_RF,8_130_r123_r567_r567_r6loop7loop8,pp_nonlocal4_high_per_res,0.3672625739962775
CP_density3_RF,8_130_r123_r567_r567_r6loop7loop8,pp_nonlocal12_high_per_res,0.3482266496556002
CP_density3_RF,8_130_r123_r567_r567_r6loop7loop8,pp_nonlocal24_high_per_res,0.28451077634812233
CP_density3_RF,12_130_r123456654loop328,pp_nonlocal4_high_per_res,0.35910763772005366
CP_density3_RF,12_130_r123456654loop328,pp_nonlocal12_high_per_res,0.3518834971732154
CP_density3_RF,12_130_r123456654loop328,pp_nonlocal24_high_per_res,0.28900886510673096
CP_density3_RF,13_130_r12345665432loop8,pp_nonlocal4_high_per_res,0.3618862277217782
CP_density3_RF,13_130_r12345665432loop8,pp_nonlocal12_high_per_res,0.35222971483282317
CP_density3_RF,13_130_r12345665432loop8,pp_nonlocal24_high_per_res,0.28588405744539863
CP_density3_RF,14_130_r123456734loop568,pp_nonlocal4_high_per_res,0.3618862277217782
CP_density3_RF,14_130_r123456734loop568,pp_nonlocal12_high_per_res,0.35222971483282317
CP_density3_RF,14_130_r123456734loop568,pp_nonlocal24_high_per_res,0.28588405744539863
CP_density3_RF,15_130_r12345673456loop8,pp_nonlocal4_high_per_res,0.3618862277217782
CP_density3_RF,15_130_r12345673456loop8,pp_nonlocal12_high_per_res,0.35222971483282317
CP_density3_RF,15_130_r12345673456loop8,pp_nonlocal24_high_per_res,0.28588405744539863
CP_density3_RF,16_130_r12365673156loop8,pp_nonlocal4_high_per_res,0.3618862277217782
CP_density3_RF,16_130_r12365673156loop8,pp_nonlocal12_high_per_res,0.35222971483282317
CP_density3_RF,16_130_r12365673156loop8,pp_nonlocal24_high_per_res,0.28588405744539863
CP_density3_XGB,puf12_r123_r5678_r56788,pp_nonlocal4_high_per_res,0.5079891085624695
CP_density3_XGB,puf12_r123_r5678_r56788,pp_nonlocal12_high_per_res,0.4920108914375305
CP_density3_XGB,puf12_r123_r5678_r56788,pp_nonlocal24_high_per_res,0.0
CP_density3_XGB,puf12_r123_r5678_r5loop6788,pp_nonlocal4_high_per_res,0.5079891085624695
CP_density3_XGB,puf12_r123_r5678_r5loop6788,pp_nonlocal12_high_per_res,0.4920108914375305
CP_density3_XGB,puf12_r123_r5678_r5loop6788,pp_nonlocal24_high_per_res,0.0
CP_density3_XGB,puf12_r123_r567_r567_r678,pp_nonlocal4_high_per_res,0.5081230401992798
CP_density3_XGB,puf12_r123_r567_r567_r678,pp_nonlocal12_high_per_res,0.4918769896030426
CP_density3_XGB,puf12_r123_r567_r567_r678,pp_nonlocal24_high_per_res,0.0
CP_density3_XGB,puf12_r123_r567_r5loop67_loopr678,pp_nonlocal4_high_per_res,0.5081230401992798
CP_density3_XGB,puf12_r123_r567_r5loop67_loopr678,pp_nonlocal12_high_per_res,0.4918769896030426
CP_density3_XGB,puf12_r123_r567_r5loop67_loopr678,pp_nonlocal24_high_per_res,0.0
CP_density3_XGB,puf12_r123_r567_r5loop67_r678,pp_nonlocal4_high_per_res,0.5079891085624695
CP_density3_XGB,puf12_r123_r567_r5loop67_r678,pp_nonlocal12_high_per_res,0.4920108914375305
CP_density3_XGB,puf12_r123_r567_r5loop67_r678,pp_nonlocal24_high_per_res,0.0
CP_density3_XGB,puf12_r123_r567_r6loopr7_r5678,pp_nonlocal4_high_per_res,0.5079891085624695
CP_density3_XGB,puf12_r123_r567_r6loopr7_r5678,pp_nonlocal12_high_per_res,0.4920108914375305
CP_density3_XGB,puf12_r123_r567_r6loopr7_r5678,pp_nonlocal24_high_per_res,0.0
CP_density3_XGB,puf12_r123_r567_r6loopr7_r5loop678,pp_nonlocal4_high_per_res,0.5079891085624695
CP_density3_XGB,puf12_r123_r567_r6loopr7_r5loop678,pp_nonlocal12_high_per_res,0.4920108914375305
CP_density3_XGB,puf12_r123_r567_r6loopr7_r5loop678,pp_nonlocal24_high_per_res,0.0
CP_density3_XGB,puf12_r123_r567_r6r7_r5678,pp_nonlocal4_high_per_res,0.32063889503479004
CP_density3_XGB,puf12_r123_r567_r6r7_r5678,pp_nonlocal12_high_per_res,0.320853054523468
CP_density3_XGB,puf12_r123_r567_r6r7_r5678,pp_nonlocal24_high_per_res,0.35850799083709717
CP_density3_XGB,puf_12_loopr4loopr4,pp_nonlocal4_high_per_res,0.5079891085624695
CP_density3_XGB,puf_12_loopr4loopr4,pp_nonlocal12_high_per_res,0.4920108914375305
CP_density3_XGB,puf_12_loopr4loopr4,pp_nonlocal24_high_per_res,0.0
CP_density3_XGB,puf_12_loopr4r4,pp_nonlocal4_high_per_res,0.5079891085624695
CP_density3_XGB,puf_12_loopr4r4,pp_nonlocal12_high_per_res,0.4920108914375305
CP_density3_XGB,puf_12_loopr4r4,pp_nonlocal24_high_per_res,0.0
CP_density3_XGB,puf_12_r4loopr4,pp_nonlocal4_high_per_res,0.5079891085624695
CP_density3_XGB,puf_12_r4loopr4,pp_nonlocal12_high_per_res,0.4920108914375305
CP_density3_XGB,puf_12_r4loopr4,pp_nonlocal24_high_per_res,0.0
CP_density3_XGB,puf_12_r4r4,pp_nonlocal4_high_per_res,0.5079891085624695
CP_density3_XGB,puf_12_r4r4,pp_nonlocal12_high_per_res,0.4920108914375305
CP_density3_XGB,puf_12_r4r4,pp_nonlocal24_high_per_res,0.0
CP_density3_XGB,1_130_r123_r567_r567_r67_no_loop_8,pp_nonlocal4_high_per_res,0.5081230401992798
CP_density3_XGB,1_130_r123_r567_r567_r67_no_loop_8,pp_nonlocal12_high_per_res,0.4918769896030426
CP_density3_XGB,1_130_r123_r567_r567_r67_no_loop_8,pp_nonlocal24_high_per_res,0.0
CP_density3_XGB,2_130_r123_r567_r5loop67_r678,pp_nonlocal4_high_per_res,0.5079891085624695
CP_density3_XGB,2_130_r123_r567_r5loop67_r678,pp_nonlocal12_high_per_res,0.4920108914375305
CP_density3_XGB,2_130_r123_r567_r5loop67_r678,pp_nonlocal24_high_per_res,0.0
CP_density3_XGB,3_130_r123_r567_r56loop7_r678,pp_nonlocal4_high_per_res,0.5079891085624695
CP_density3_XGB,3_130_r123_r567_r56loop7_r678,pp_nonlocal12_high_per_res,0.4920108914375305
CP_density3_XGB,3_130_r123_r567_r56loop7_r678,pp_nonlocal24_high_per_res,0.0
CP_density3_XGB,4_130_r123_r567_r567_rloop678,pp_nonlocal4_high_per_res,0.3285909593105316
CP_density3_XGB,4_130_r123_r567_r567_rloop678,pp_nonlocal12_high_per_res,0.3588883578777313
CP_density3_XGB,4_130_r123_r567_r567_rloop678,pp_nonlocal24_high_per_res,0.3125205934047699
CP_density3_XGB,5_130_r123_r567_r567_r6loop78,pp_nonlocal4_high_per_res,0.5079891085624695
CP_density3_XGB,5_130_r123_r567_r567_r6loop78,pp_nonlocal12_high_per_res,0.4920108914375305
CP_density3_XGB,5_130_r123_r567_r567_r6loop78,pp_nonlocal24_high_per_res,0.0
CP_density3_XGB,7_130_r123_r567_r567_rloop67loop8,pp_nonlocal4_high_per_res,0.5079137086868286
CP_density3_XGB,7_130_r123_r567_r567_rloop67loop8,pp_nonlocal12_high_per_res,0.492086261510849
CP_density3_XGB,7_130_r123_r567_r567_rloop67loop8,pp_nonlocal24_high_per_res,0.0
CP_density3_XGB,8_130_r123_r567_r567_r6loop7loop8,pp_nonlocal4_high_per_res,0.5650402307510376
CP_density3_XGB,8_130_r123_r567_r567_r6loop7loop8,pp_nonlocal12_high_per_res,0.4349597990512848
CP_density3_XGB,8_130_r123_r567_r567_r6loop7loop8,pp_nonlocal24_high_per_res,0.0
CP_density3_XGB,12_130_r123456654loop328,pp_nonlocal4_high_per_res,0.33416399359703064
CP_density3_XGB,12_130_r123456654loop328,pp_nonlocal12_high_per_res,0.3424195349216461
CP_density3_XGB,12_130_r123456654loop328,pp_nonlocal24_high_per_res,0.32341647148132324
CP_density3_XGB,13_130_r12345665432loop8,pp_nonlocal4_high_per_res,0.5079891085624695
CP_density3_XGB,13_130_r12345665432loop8,pp_nonlocal12_high_per_res,0.4920108914375305
CP_density3_XGB,13_130_r12345665432loop8,pp_nonlocal24_high_per_res,0.0
CP_density3_XGB,14_130_r123456734loop568,pp_nonlocal4_high_per_res,0.5079891085624695
CP_density3_XGB,14_130_r123456734loop568,pp_nonlocal12_high_per_res,0.4920108914375305
CP_density3_XGB,14_130_r123456734loop568,pp_nonlocal24_high_per_res,0.0
CP_density3_XGB,15_130_r12345673456loop8,pp_nonlocal4_high_per_res,0.5079891085624695
CP_density3_XGB,15_130_r12345673456loop8,pp_nonlocal12_high_per_res,0.4920108914375305
CP_density3_XGB,15_130_r12345673456loop8,pp_nonlocal24_high_per_res,0.0
CP_density3_XGB,16_130_r12365673156loop8,pp_nonlocal4_high_per_res,0.5079891085624695
CP_density3_XGB,16_130_r12365673156loop8,pp_nonlocal12_high_per_res,0.4920108914375305
CP_density3_XGB,16_130_r12365673156loop8,pp_nonlocal24_high_per_res,0.0
CP_summary14_RF,puf12_r123_r5678_r56788,pr_cp_sum,0.03755498588320076
CP_summary14_RF,puf12_r123_r5678_r56788,pr_cp_per_nt,0.034082653266421306
CP_summary14_RF,puf12_r123_r5678_r56788,pr_top20_mean,0.018808121476947704
CP_summary14_RF,puf12_r123_r5678_r56788,pr_rna_max_mean,0.05730967019657162
CP_summary14_RF,puf12_r123_r5678_r56788,pr_rna_max_min,0.0030536042094964546
CP_summary14_RF,puf12_r123_r5678_r56788,pr_rna_coverage_05,0.02352272720354456
CP_summary14_RF,puf12_r123_r5678_r56788,pr_protein_coverage_05,0.018624523602905323
CP_summary14_RF,puf12_r123_r5678_r56788,pr_high_contacts_per_nt,0.02093658273976266
CP_summary14_RF,puf12_r123_r5678_r56788,pp_nonlocal4_per_res,0.057699834043811044
CP_summary14_RF,puf12_r123_r5678_r56788,pp_nonlocal4_high_per_res,0.19573556405602788
CP_summary14_RF,puf12_r123_r5678_r56788,pp_nonlocal12_per_res,0.0846811430487087
CP_summary14_RF,puf12_r123_r5678_r56788,pp_nonlocal12_high_per_res,0.1749878348752547
CP_summary14_RF,puf12_r123_r5678_r56788,pp_nonlocal24_per_res,0.055506613866893144
CP_summary14_RF,puf12_r123_r5678_r56788,pp_nonlocal24_high_per_res,0.2174961415304541
CP_summary14_RF,puf12_r123_r5678_r5loop6788,pr_cp_sum,0.037554488074002974
CP_summary14_RF,puf12_r123_r5678_r5loop6788,pr_cp_per_nt,0.0311666453668618
CP_summary14_RF,puf12_r123_r5678_r5loop6788,pr_top20_mean,0.01911006200853769
CP_summary14_RF,puf12_r123_r5678_r5loop6788,pr_rna_max_mean,0.05347856321960052
CP_summary14_RF,puf12_r123_r5678_r5loop6788,pr_rna_max_min,0.0026299623513194926
CP_summary14_RF,puf12_r123_r5678_r5loop6788,pr_rna_coverage_05,0.037379423401936965
CP_summary14_RF,puf12_r123_r5678_r5loop6788,pr_protein_coverage_05,0.017934778062781254
CP_summary14_RF,puf12_r123_r5678_r5loop6788,pr_high_contacts_per_nt,0.023541020586179247
CP_summary14_RF,puf12_r123_r5678_r5loop6788,pp_nonlocal4_per_res,0.05659987549916636
CP_summary14_RF,puf12_r123_r5678_r5loop6788,pp_nonlocal4_high_per_res,0.19655074889028074
CP_summary14_RF,puf12_r123_r5678_r5loop6788,pp_nonlocal12_per_res,0.0839307400951807
CP_summary14_RF,puf12_r123_r5678_r5loop6788,pp_nonlocal12_high_per_res,0.17594785051659817
CP_summary14_RF,puf12_r123_r5678_r5loop6788,pp_nonlocal24_per_res,0.051263224281382296
CP_summary14_RF,puf12_r123_r5678_r5loop6788,pp_nonlocal24_high_per_res,0.21291261764617184
CP_summary14_RF,puf12_r123_r567_r567_r678,pr_cp_sum,0.03426028896197702
CP_summary14_RF,puf12_r123_r567_r567_r678,pr_cp_per_nt,0.023276705452890803
CP_summary14_RF,puf12_r123_r567_r567_r678,pr_top20_mean,0.016187710322642147
CP_summary14_RF,puf12_r123_r567_r567_r678,pr_rna_max_mean,0.05137056011538454
CP_summary14_RF,puf12_r123_r567_r567_r678,pr_rna_max_min,0.01038682359635376
CP_summary14_RF,puf12_r123_r567_r567_r678,pr_rna_coverage_05,0.04045577168786191
CP_summary14_RF,puf12_r123_r567_r567_r678,pr_protein_coverage_05,0.03339424438592654
CP_summary14_RF,puf12_r123_r567_r567_r678,pr_high_contacts_per_nt,0.03216148846929224
CP_summary14_RF,puf12_r123_r567_r567_r678,pp_nonlocal4_per_res,0.0623796569885493
CP_summary14_RF,puf12_r123_r567_r567_r678,pp_nonlocal4_high_per_res,0.20244030282920858
CP_summary14_RF,puf12_r123_r567_r567_r678,pp_nonlocal12_per_res,0.08077567807735803
CP_summary14_RF,puf12_r123_r567_r567_r678,pp_nonlocal12_high_per_res,0.1782939841858527
CP_summary14_RF,puf12_r123_r567_r567_r678,pp_nonlocal24_per_res,0.044897096457034054
CP_summary14_RF,puf12_r123_r567_r567_r678,pp_nonlocal24_high_per_res,0.18971968846966822
CP_summary14_RF,puf12_r123_r567_r5loop67_loopr678,pr_cp_sum,0.022824280120986248
CP_summary14_RF,puf12_r123_r567_r5loop67_loopr678,pr_cp_per_nt,0.01877885365720384
CP_summary14_RF,puf12_r123_r567_r5loop67_loopr678,pr_top20_mean,0.025606711866708074
CP_summary14_RF,puf12_r123_r567_r5loop67_loopr678,pr_rna_max_mean,0.10788702831753441
CP_summary14_RF,puf12_r123_r567_r5loop67_loopr678,pr_rna_max_min,0.0014567387587084493
CP_summary14_RF,puf12_r123_r567_r5loop67_loopr678,pr_rna_coverage_05,0.0731178531211084
CP_summary14_RF,puf12_r123_r567_r5loop67_loopr678,pr_protein_coverage_05,0.023170456111319255
CP_summary14_RF,puf12_r123_r567_r5loop67_loopr678,pr_high_contacts_per_nt,0.00919363498041856
CP_summary14_RF,puf12_r123_r567_r5loop67_loopr678,pp_nonlocal4_per_res,0.04487219382411833
CP_summary14_RF,puf12_r123_r567_r5loop67_loopr678,pp_nonlocal4_high_per_res,0.20297294059087367
CP_summary14_RF,puf12_r123_r567_r5loop67_loopr678,pp_nonlocal12_per_res,0.07187675927084634
CP_summary14_RF,puf12_r123_r567_r5loop67_loopr678,pp_nonlocal12_high_per_res,0.18745159703041278
CP_summary14_RF,puf12_r123_r567_r5loop67_loopr678,pp_nonlocal24_per_res,0.03650861050480171
CP_summary14_RF,puf12_r123_r567_r5loop67_loopr678,pp_nonlocal24_high_per_res,0.17428234184495994
CP_summary14_RF,puf12_r123_r567_r5loop67_r678,pr_cp_sum,0.03682248521457998
CP_summary14_RF,puf12_r123_r567_r5loop67_r678,pr_cp_per_nt,0.030696858153688323
CP_summary14_RF,puf12_r123_r567_r5loop67_r678,pr_top20_mean,0.0172117315866269
CP_summary14_RF,puf12_r123_r567_r5loop67_r678,pr_rna_max_mean,0.048395860181424756
CP_summary14_RF,puf12_r123_r567_r5loop67_r678,pr_rna_max_min,0.004332707900162144
CP_summary14_RF,puf12_r123_r567_r5loop67_r678,pr_rna_coverage_05,0.02761404234144122
CP_summary14_RF,puf12_r123_r567_r5loop67_r678,pr_protein_coverage_05,0.016698858726344773
CP_summary14_RF,puf12_r123_r567_r5loop67_r678,pr_high_contacts_per_nt,0.008290445025078504
CP_summary14_RF,puf12_r123_r567_r5loop67_r678,pp_nonlocal4_per_res,0.05882048570137783
CP_summary14_RF,puf12_r123_r567_r5loop67_r678,pp_nonlocal4_high_per_res,0.1973573152887062
CP_summary14_RF,puf12_r123_r567_r5loop67_r678,pp_nonlocal12_per_res,0.09162976714567221
CP_summary14_RF,puf12_r123_r567_r5loop67_r678,pp_nonlocal12_high_per_res,0.18042654005547565
CP_summary14_RF,puf12_r123_r567_r5loop67_r678,pp_nonlocal24_per_res,0.06334923935174157
CP_summary14_RF,puf12_r123_r567_r5loop67_r678,pp_nonlocal24_high_per_res,0.21835366332768008
CP_summary14_RF,puf12_r123_r567_r6loopr7_r5678,pr_cp_sum,0.04046303690955936
CP_summary14_RF,puf12_r123_r567_r6loopr7_r5678,pr_cp_per_nt,0.035168959618143314
CP_summary14_RF,puf12_r123_r567_r6loopr7_r5678,pr_top20_mean,0.017598580638494263
CP_summary14_RF,puf12_r123_r567_r6loopr7_r5678,pr_rna_max_mean,0.049032292958126805
CP_summary14_RF,puf12_r123_r567_r6loopr7_r5678,pr_rna_max_min,0.0046703400774867196
CP_summary14_RF,puf12_r123_r567_r6loopr7_r5678,pr_rna_coverage_05,0.02699483314284824
CP_summary14_RF,puf12_r123_r567_r6loopr7_r5678,pr_protein_coverage_05,0.019893110189219777
CP_summary14_RF,puf12_r123_r567_r6loopr7_r5678,pr_high_contacts_per_nt,0.004828052495000801
CP_summary14_RF,puf12_r123_r567_r6loopr7_r5678,pp_nonlocal4_per_res,0.06151420278537861
CP_summary14_RF,puf12_r123_r567_r6loopr7_r5678,pp_nonlocal4_high_per_res,0.20578128516625552
CP_summary14_RF,puf12_r123_r567_r6loopr7_r5678,pp_nonlocal12_per_res,0.07846688684905484
CP_summary14_RF,puf12_r123_r567_r6loopr7_r5678,pp_nonlocal12_high_per_res,0.18110148753859293
CP_summary14_RF,puf12_r123_r567_r6loopr7_r5678,pp_nonlocal24_per_res,0.05319098388954992
CP_summary14_RF,puf12_r123_r567_r6loopr7_r5678,pp_nonlocal24_high_per_res,0.22129594774228875
CP_summary14_RF,puf12_r123_r567_r6loopr7_r5loop678,pr_cp_sum,0.03847726932680331
CP_summary14_RF,puf12_r123_r567_r6loopr7_r5loop678,pr_cp_per_nt,0.03562561358845503
CP_summary14_RF,puf12_r123_r567_r6loopr7_r5loop678,pr_top20_mean,0.017598580638494267
CP_summary14_RF,puf12_r123_r567_r6loopr7_r5loop678,pr_rna_max_mean,0.049324312783674336
CP_summary14_RF,puf12_r123_r567_r6loopr7_r5loop678,pr_rna_max_min,0.002768615229820361
CP_summary14_RF,puf12_r123_r567_r6loopr7_r5loop678,pr_rna_coverage_05,0.02521770181526126
CP_summary14_RF,puf12_r123_r567_r6loopr7_r5loop678,pr_protein_coverage_05,0.019726808552359507
CP_summary14_RF,puf12_r123_r567_r6loopr7_r5loop678,pr_high_contacts_per_nt,0.007997876172224052
CP_summary14_RF,puf12_r123_r567_r6loopr7_r5loop678,pp_nonlocal4_per_res,0.06111704254301931
CP_summary14_RF,puf12_r123_r567_r6loopr7_r5loop678,pp_nonlocal4_high_per_res,0.20650702450718006
CP_summary14_RF,puf12_r123_r567_r6loopr7_r5loop678,pp_nonlocal12_per_res,0.08131153737249922
CP_summary14_RF,puf12_r123_r567_r6loopr7_r5loop678,pp_nonlocal12_high_per_res,0.1847815706829618
CP_summary14_RF,puf12_r123_r567_r6loopr7_r5loop678,pp_nonlocal24_per_res,0.05068616165317282
CP_summary14_RF,puf12_r123_r567_r6loopr7_r5loop678,pp_nonlocal24_high_per_res,0.21885988513407473
CP_summary14_RF,puf12_r123_r567_r6r7_r5678,pr_cp_sum,0.06798624975973895
CP_summary14_RF,puf12_r123_r567_r6r7_r5678,pr_cp_per_nt,0.06042926333524801
CP_summary14_RF,puf12_r123_r567_r6r7_r5678,pr_top20_mean,0.020683260324504626
CP_summary14_RF,puf12_r123_r567_r6r7_r5678,pr_rna_max_mean,0.032884686068258055
CP_summary14_RF,puf12_r123_r567_r6r7_r5678,pr_rna_max_min,0.0009735947918539521
CP_summary14_RF,puf12_r123_r567_r6r7_r5678,pr_rna_coverage_05,0.02365418193140175
CP_summary14_RF,puf12_r123_r567_r6r7_r5678,pr_protein_coverage_05,0.019650933203883204
CP_summary14_RF,puf12_r123_r567_r6r7_r5678,pr_high_contacts_per_nt,0.013247077482585136
CP_summary14_RF,puf12_r123_r567_r6r7_r5678,pp_nonlocal4_per_res,0.033805360849618424
CP_summary14_RF,puf12_r123_r567_r6r7_r5678,pp_nonlocal4_high_per_res,0.16042056834403878
CP_summary14_RF,puf12_r123_r567_r6r7_r5678,pp_nonlocal12_per_res,0.10754003362286439
CP_summary14_RF,puf12_r123_r567_r6r7_r5678,pp_nonlocal12_high_per_res,0.15120753958612776
CP_summary14_RF,puf12_r123_r567_r6r7_r5678,pp_nonlocal24_per_res,0.07625051334752139
CP_summary14_RF,puf12_r123_r567_r6r7_r5678,pp_nonlocal24_high_per_res,0.23126673735235556
CP_summary14_RF,puf_12_loopr4loopr4,pr_cp_sum,0.045026612978359686
CP_summary14_RF,puf_12_loopr4loopr4,pr_cp_per_nt,0.03323454505451001
CP_summary14_RF,puf_12_loopr4loopr4,pr_top20_mean,0.02314390123717615
CP_summary14_RF,puf_12_loopr4loopr4,pr_rna_max_mean,0.05323737101919399
CP_summary14_RF,puf_12_loopr4loopr4,pr_rna_max_min,0.006470692900845791
CP_summary14_RF,puf_12_loopr4loopr4,pr_rna_coverage_05,0.03284666949393001
CP_summary14_RF,puf_12_loopr4loopr4,pr_protein_coverage_05,0.019997349689874096
CP_summary14_RF,puf_12_loopr4loopr4,pr_high_contacts_per_nt,0.012684848574217625
CP_summary14_RF,puf_12_loopr4loopr4,pp_nonlocal4_per_res,0.045922622356708645
CP_summary14_RF,puf_12_loopr4loopr4,pp_nonlocal4_high_per_res,0.19794134311172956
CP_summary14_RF,puf_12_loopr4loopr4,pp_nonlocal12_per_res,0.0760887838392064
CP_summary14_RF,puf_12_loopr4loopr4,pp_nonlocal12_high_per_res,0.18522799090858774
CP_summary14_RF,puf_12_loopr4loopr4,pp_nonlocal24_per_res,0.05571687057292638
CP_summary14_RF,puf_12_loopr4loopr4,pp_nonlocal24_high_per_res,0.21246039826273394
CP_summary14_RF,puf_12_loopr4r4,pr_cp_sum,0.045642109248909206
CP_summary14_RF,puf_12_loopr4r4,pr_cp_per_nt,0.03674000146479045
CP_summary14_RF,puf_12_loopr4r4,pr_top20_mean,0.026411511990573754
CP_summary14_RF,puf_12_loopr4r4,pr_rna_max_mean,0.05380599299164518
CP_summary14_RF,puf_12_loopr4r4,pr_rna_max_min,0.006369332943326152
CP_summary14_RF,puf_12_loopr4r4,pr_rna_coverage_05,0.02721608804175039
CP_summary14_RF,puf_12_loopr4r4,pr_protein_coverage_05,0.021630308518678622
CP_summary14_RF,puf_12_loopr4r4,pr_high_contacts_per_nt,0.011743362300096465
CP_summary14_RF,puf_12_loopr4r4,pp_nonlocal4_per_res,0.045922622356708645
CP_summary14_RF,puf_12_loopr4r4,pp_nonlocal4_high_per_res,0.19794134311172956
CP_summary14_RF,puf_12_loopr4r4,pp_nonlocal12_per_res,0.07082396749404238
CP_summary14_RF,puf_12_loopr4r4,pp_nonlocal12_high_per_res,0.18294623545659852
CP_summary14_RF,puf_12_loopr4r4,pp_nonlocal24_per_res,0.06081653507961517
CP_summary14_RF,puf_12_loopr4r4,pp_nonlocal24_high_per_res,0.21199058900153558
CP_summary14_RF,puf_12_r4loopr4,pr_cp_sum,0.04562142860404022
CP_summary14_RF,puf_12_r4loopr4,pr_cp_per_nt,0.03674000146479045
CP_summary14_RF,puf_12_r4loopr4,pr_top20_mean,0.02485586053507551
CP_summary14_RF,puf_12_r4loopr4,pr_rna_max_mean,0.05380599299164517
CP_summary14_RF,puf_12_r4loopr4,pr_rna_max_min,0.002990954564947776
CP_summary14_RF,puf_12_r4loopr4,pr_rna_coverage_05,0.03188701811986613
CP_summary14_RF,puf_12_r4loopr4,pr_protein_coverage_05,0.021630308518678625
CP_summary14_RF,puf_12_r4loopr4,pr_high_contacts_per_nt,0.011743362300096465
CP_summary14_RF,puf_12_r4loopr4,pp_nonlocal4_per_res,0.045922622356708645
CP_summary14_RF,puf_12_r4loopr4,pp_nonlocal4_high_per_res,0.19794134311172956
CP_summary14_RF,puf_12_r4loopr4,pp_nonlocal12_per_res,0.07367809402512951
CP_summary14_RF,puf_12_r4loopr4,pp_nonlocal12_high_per_res,0.1833213678736461
CP_summary14_RF,puf_12_r4loopr4,pp_nonlocal24_per_res,0.0568353358395557
CP_summary14_RF,puf_12_r4loopr4,pp_nonlocal24_high_per_res,0.21302630969409017
CP_summary14_RF,puf_12_r4r4,pr_cp_sum,0.04609405794905894
CP_summary14_RF,puf_12_r4r4,pr_cp_per_nt,0.03674000146479045
CP_summary14_RF,puf_12_r4r4,pr_top20_mean,0.026889075823877565
CP_summary14_RF,puf_12_r4r4,pr_rna_max_mean,0.05380599299164517
CP_summary14_RF,puf_12_r4r4,pr_rna_max_min,0.004129704759557615
CP_summary14_RF,puf_12_r4r4,pr_rna_coverage_05,0.02891231655694292
CP_summary14_RF,puf_12_r4r4,pr_protein_coverage_05,0.021630308518678622
CP_summary14_RF,puf_12_r4r4,pr_high_contacts_per_nt,0.012684848574217625
CP_summary14_RF,puf_12_r4r4,pp_nonlocal4_per_res,0.045922622356708645
CP_summary14_RF,puf_12_r4r4,pp_nonlocal4_high_per_res,0.19794134311172956
CP_summary14_RF,puf_12_r4r4,pp_nonlocal12_per_res,0.07367809402512951
CP_summary14_RF,puf_12_r4r4,pp_nonlocal12_high_per_res,0.18508836671239592
CP_summary14_RF,puf_12_r4r4,pp_nonlocal24_per_res,0.0568353358395557
CP_summary14_RF,puf_12_r4r4,pp_nonlocal24_high_per_res,0.2096479313157118
CP_summary14_RF,1_130_r123_r567_r567_r67_no_loop_8,pr_cp_sum,0.038355916336258115
CP_summary14_RF,1_130_r123_r567_r567_r67_no_loop_8,pr_cp_per_nt,0.04084343766296276
CP_summary14_RF,1_130_r123_r567_r567_r67_no_loop_8,pr_top20_mean,0.026497793806767728
CP_summary14_RF,1_130_r123_r567_r567_r67_no_loop_8,pr_rna_max_mean,0.04522089435110892
CP_summary14_RF,1_130_r123_r567_r567_r67_no_loop_8,pr_rna_max_min,0.0013069888616836422
CP_summary14_RF,1_130_r123_r567_r567_r67_no_loop_8,pr_rna_coverage_05,0.03940603351779114
CP_summary14_RF,1_130_r123_r567_r567_r67_no_loop_8,pr_protein_coverage_05,0.02790546477964303
CP_summary14_RF,1_130_r123_r567_r567_r67_no_loop_8,pr_high_contacts_per_nt,0.013182752574004475
CP_summary14_RF,1_130_r123_r567_r567_r67_no_loop_8,pp_nonlocal4_per_res,0.05879454320121426
CP_summary14_RF,1_130_r123_r567_r567_r67_no_loop_8,pp_nonlocal4_high_per_res,0.18793849995344455
CP_summary14_RF,1_130_r123_r567_r567_r67_no_loop_8,pp_nonlocal12_per_res,0.06703777534559843
CP_summary14_RF,1_130_r123_r567_r567_r67_no_loop_8,pp_nonlocal12_high_per_res,0.19346988541344845
CP_summary14_RF,1_130_r123_r567_r567_r67_no_loop_8,pp_nonlocal24_per_res,0.04980701402333566
CP_summary14_RF,1_130_r123_r567_r567_r67_no_loop_8,pp_nonlocal24_high_per_res,0.21023300017273885
CP_summary14_RF,2_130_r123_r567_r5loop67_r678,pr_cp_sum,0.03216149723807864
CP_summary14_RF,2_130_r123_r567_r5loop67_r678,pr_cp_per_nt,0.030139411411277576
CP_summary14_RF,2_130_r123_r567_r5loop67_r678,pr_top20_mean,0.02192905343292115
CP_summary14_RF,2_130_r123_r567_r5loop67_r678,pr_rna_max_mean,0.04575108082147674
CP_summary14_RF,2_130_r123_r567_r5loop67_r678,pr_rna_max_min,0.0014433360064528466
CP_summary14_RF,2_130_r123_r567_r5loop67_r678,pr_rna_coverage_05,0.030044139503718783
CP_summary14_RF,2_130_r123_r567_r5loop67_r678,pr_protein_coverage_05,0.02181020500578214
CP_summary14_RF,2_130_r123_r567_r5loop67_r678,pr_high_contacts_per_nt,0.009463248360371379
CP_summary14_RF,2_130_r123_r567_r5loop67_r678,pp_nonlocal4_per_res,0.056982856402065005
CP_summary14_RF,2_130_r123_r567_r5loop67_r678,pp_nonlocal4_high_per_res,0.20877301719414224
CP_summary14_RF,2_130_r123_r567_r5loop67_r678,pp_nonlocal12_per_res,0.09025256540977428
CP_summary14_RF,2_130_r123_r567_r5loop67_r678,pp_nonlocal12_high_per_res,0.17556687079243088
CP_summary14_RF,2_130_r123_r567_r5loop67_r678,pp_nonlocal24_per_res,0.06949641576719745
CP_summary14_RF,2_130_r123_r567_r5loop67_r678,pp_nonlocal24_high_per_res,0.20618630265431093
CP_summary14_RF,3_130_r123_r567_r56loop7_r678,pr_cp_sum,0.0371376975520978
CP_summary14_RF,3_130_r123_r567_r56loop7_r678,pr_cp_per_nt,0.027748269440065466
CP_summary14_RF,3_130_r123_r567_r56loop7_r678,pr_top20_mean,0.026227183115609648
CP_summary14_RF,3_130_r123_r567_r56loop7_r678,pr_rna_max_mean,0.04572395238167935
CP_summary14_RF,3_130_r123_r567_r56loop7_r678,pr_rna_max_min,0.0014433360064528466
CP_summary14_RF,3_130_r123_r567_r56loop7_r678,pr_rna_coverage_05,0.030282513889278783
CP_summary14_RF,3_130_r123_r567_r56loop7_r678,pr_protein_coverage_05,0.02633887861334488
CP_summary14_RF,3_130_r123_r567_r56loop7_r678,pr_high_contacts_per_nt,0.014485422247138035
CP_summary14_RF,3_130_r123_r567_r56loop7_r678,pp_nonlocal4_per_res,0.044305411497652054
CP_summary14_RF,3_130_r123_r567_r56loop7_r678,pp_nonlocal4_high_per_res,0.20976305579397847
CP_summary14_RF,3_130_r123_r567_r56loop7_r678,pp_nonlocal12_per_res,0.0803608450392099
CP_summary14_RF,3_130_r123_r567_r56loop7_r678,pp_nonlocal12_high_per_res,0.17655815081188667
CP_summary14_RF,3_130_r123_r567_r56loop7_r678,pp_nonlocal24_per_res,0.06525502669746697
CP_summary14_RF,3_130_r123_r567_r56loop7_r678,pp_nonlocal24_high_per_res,0.2143702569141392
CP_summary14_RF,4_130_r123_r567_r567_rloop678,pr_cp_sum,0.040611817553003055
CP_summary14_RF,4_130_r123_r567_r567_rloop678,pr_cp_per_nt,0.032534486351969455
CP_summary14_RF,4_130_r123_r567_r567_rloop678,pr_top20_mean,0.013853594435885812
CP_summary14_RF,4_130_r123_r567_r567_rloop678,pr_rna_max_mean,0.03273928277123581
CP_summary14_RF,4_130_r123_r567_r567_rloop678,pr_rna_max_min,0.0022710932780053155
CP_summary14_RF,4_130_r123_r567_r567_rloop678,pr_rna_coverage_05,0.03835130981834214
CP_summary14_RF,4_130_r123_r567_r567_rloop678,pr_protein_coverage_05,0.0203181390779637
CP_summary14_RF,4_130_r123_r567_r567_rloop678,pr_high_contacts_per_nt,0.01116294731189927
CP_summary14_RF,4_130_r123_r567_r567_rloop678,pp_nonlocal4_per_res,0.05169025671659298
CP_summary14_RF,4_130_r123_r567_r567_rloop678,pp_nonlocal4_high_per_res,0.19014631119500905
CP_summary14_RF,4_130_r123_r567_r567_rloop678,pp_nonlocal12_per_res,0.08664101569914773
CP_summary14_RF,4_130_r123_r567_r567_rloop678,pp_nonlocal12_high_per_res,0.1910996524893877
CP_summary14_RF,4_130_r123_r567_r567_rloop678,pp_nonlocal24_per_res,0.05916906057007407
CP_summary14_RF,4_130_r123_r567_r567_rloop678,pp_nonlocal24_high_per_res,0.22941103273148378
CP_summary14_RF,5_130_r123_r567_r567_r6loop78,pr_cp_sum,0.03206502165423551
CP_summary14_RF,5_130_r123_r567_r567_r6loop78,pr_cp_per_nt,0.030494780784995595
CP_summary14_RF,5_130_r123_r567_r567_r6loop78,pr_top20_mean,0.02485266722691314
CP_summary14_RF,5_130_r123_r567_r567_r6loop78,pr_rna_max_mean,0.047426656533638055
CP_summary14_RF,5_130_r123_r567_r567_r6loop78,pr_rna_max_min,0.004589337901311988
CP_summary14_RF,5_130_r123_r567_r567_r6loop78,pr_rna_coverage_05,0.045447792648254694
CP_summary14_RF,5_130_r123_r567_r567_r6loop78,pr_protein_coverage_05,0.01554125269273064
CP_summary14_RF,5_130_r123_r567_r567_r6loop78,pr_high_contacts_per_nt,0.014458087865299998
CP_summary14_RF,5_130_r123_r567_r567_r6loop78,pp_nonlocal4_per_res,0.05504025024798444
CP_summary14_RF,5_130_r123_r567_r567_r6loop78,pp_nonlocal4_high_per_res,0.201729123030799
CP_summary14_RF,5_130_r123_r567_r567_r6loop78,pp_nonlocal12_per_res,0.07775844855204384
CP_summary14_RF,5_130_r123_r567_r567_r6loop78,pp_nonlocal12_high_per_res,0.17629239140811684
CP_summary14_RF,5_130_r123_r567_r567_r6loop78,pp_nonlocal24_per_res,0.056508868924163194
CP_summary14_RF,5_130_r123_r567_r567_r6loop78,pp_nonlocal24_high_per_res,0.21779532052951314
CP_summary14_RF,7_130_r123_r567_r567_rloop67loop8,pr_cp_sum,0.027984627704630477
CP_summary14_RF,7_130_r123_r567_r567_rloop67loop8,pr_cp_per_nt,0.021813410903405484
CP_summary14_RF,7_130_r123_r567_r567_rloop67loop8,pr_top20_mean,0.015677638694193162
CP_summary14_RF,7_130_r123_r567_r567_rloop67loop8,pr_rna_max_mean,0.03614492447191174
CP_summary14_RF,7_130_r123_r567_r567_rloop67loop8,pr_rna_max_min,0.004366129792774612
CP_summary14_RF,7_130_r123_r567_r567_rloop67loop8,pr_rna_coverage_05,0.04206701328561403
CP_summary14_RF,7_130_r123_r567_r567_rloop67loop8,pr_protein_coverage_05,0.015660107703604632
CP_summary14_RF,7_130_r123_r567_r567_rloop67loop8,pr_high_contacts_per_nt,0.006678537875542311
CP_summary14_RF,7_130_r123_r567_r567_rloop67loop8,pp_nonlocal4_per_res,0.05277072125087542
CP_summary14_RF,7_130_r123_r567_r567_rloop67loop8,pp_nonlocal4_high_per_res,0.20985814571343464
CP_summary14_RF,7_130_r123_r567_r567_rloop67loop8,pp_nonlocal12_per_res,0.08031514984482105
CP_summary14_RF,7_130_r123_r567_r567_rloop67loop8,pp_nonlocal12_high_per_res,0.19837001891649983
CP_summary14_RF,7_130_r123_r567_r567_rloop67loop8,pp_nonlocal24_per_res,0.060349920598520915
CP_summary14_RF,7_130_r123_r567_r567_rloop67loop8,pp_nonlocal24_high_per_res,0.2279436532441717
CP_summary14_RF,8_130_r123_r567_r567_r6loop7loop8,pr_cp_sum,0.032683311731575355
CP_summary14_RF,8_130_r123_r567_r567_r6loop7loop8,pr_cp_per_nt,0.030633331226702153
CP_summary14_RF,8_130_r123_r567_r567_r6loop7loop8,pr_top20_mean,0.027553637231119723
CP_summary14_RF,8_130_r123_r567_r567_r6loop7loop8,pr_rna_max_mean,0.05007476062171348
CP_summary14_RF,8_130_r123_r567_r567_r6loop7loop8,pr_rna_max_min,0.006692936447994678
CP_summary14_RF,8_130_r123_r567_r567_r6loop7loop8,pr_rna_coverage_05,0.04307170483483663
CP_summary14_RF,8_130_r123_r567_r567_r6loop7loop8,pr_protein_coverage_05,0.014318979785455767
CP_summary14_RF,8_130_r123_r567_r567_r6loop7loop8,pr_high_contacts_per_nt,0.018453152697630995
CP_summary14_RF,8_130_r123_r567_r567_r6loop7loop8,pp_nonlocal4_per_res,0.053989130576080666
CP_summary14_RF,8_130_r123_r567_r567_r6loop7loop8,pp_nonlocal4_high_per_res,0.2458851370340403
CP_summary14_RF,8_130_r123_r567_r567_r6loop7loop8,pp_nonlocal12_per_res,0.07181899398119494
CP_summary14_RF,8_130_r123_r567_r567_r6loop7loop8,pp_nonlocal12_high_per_res,0.16331414910017658
CP_summary14_RF,8_130_r123_r567_r567_r6loop7loop8,pp_nonlocal24_per_res,0.04529465185904011
CP_summary14_RF,8_130_r123_r567_r567_r6loop7loop8,pp_nonlocal24_high_per_res,0.1962161228724386
CP_summary14_RF,12_130_r123456654loop328,pr_cp_sum,0.035416131656169476
CP_summary14_RF,12_130_r123456654loop328,pr_cp_per_nt,0.041931809973195906
CP_summary14_RF,12_130_r123456654loop328,pr_top20_mean,0.028149023230338126
CP_summary14_RF,12_130_r123456654loop328,pr_rna_max_mean,0.0415594768312296
CP_summary14_RF,12_130_r123456654loop328,pr_rna_max_min,0.006074517069157809
CP_summary14_RF,12_130_r123456654loop328,pr_rna_coverage_05,0.03306917317226554
CP_summary14_RF,12_130_r123456654loop328,pr_protein_coverage_05,0.019320479861481606
CP_summary14_RF,12_130_r123456654loop328,pr_high_contacts_per_nt,0.014424878135416395
CP_summary14_RF,12_130_r123456654loop328,pp_nonlocal4_per_res,0.047176351417275796
CP_summary14_RF,12_130_r123456654loop328,pp_nonlocal4_high_per_res,0.1981148894115816
CP_summary14_RF,12_130_r123456654loop328,pp_nonlocal12_per_res,0.07845073038051638
CP_summary14_RF,12_130_r123456654loop328,pp_nonlocal12_high_per_res,0.17259965510724296
CP_summary14_RF,12_130_r123456654loop328,pp_nonlocal24_per_res,0.055568075288350165
CP_summary14_RF,12_130_r123456654loop328,pp_nonlocal24_high_per_res,0.22814480846577861
CP_summary14_RF,13_130_r12345665432loop8,pr_cp_sum,0.03458693692049211
CP_summary14_RF,13_130_r12345665432loop8,pr_cp_per_nt,0.04335761490031607
CP_summary14_RF,13_130_r12345665432loop8,pr_top20_mean,0.027806496172572207
CP_summary14_RF,13_130_r12345665432loop8,pr_rna_max_mean,0.044351349660558675
CP_summary14_RF,13_130_r12345665432loop8,pr_rna_max_min,0.008776258258975394
CP_summary14_RF,13_130_r12345665432loop8,pr_rna_coverage_05,0.03553322401828574
CP_summary14_RF,13_130_r12345665432loop8,pr_protein_coverage_05,0.019499804158069397
CP_summary14_RF,13_130_r12345665432loop8,pr_high_contacts_per_nt,0.02104117186213364
CP_summary14_RF,13_130_r12345665432loop8,pp_nonlocal4_per_res,0.05582653185176983
CP_summary14_RF,13_130_r12345665432loop8,pp_nonlocal4_high_per_res,0.19803477165332525
CP_summary14_RF,13_130_r12345665432loop8,pp_nonlocal12_per_res,0.07621242549124196
CP_summary14_RF,13_130_r12345665432loop8,pp_nonlocal12_high_per_res,0.18409682225042195
CP_summary14_RF,13_130_r12345665432loop8,pp_nonlocal24_per_res,0.04248279365201408
CP_summary14_RF,13_130_r12345665432loop8,pp_nonlocal24_high_per_res,0.2083937991498238
CP_summary14_RF,14_130_r123456734loop568,pr_cp_sum,0.034586936920492105
CP_summary14_RF,14_130_r123456734loop568,pr_cp_per_nt,0.04335761490031606
CP_summary14_RF,14_130_r123456734loop568,pr_top20_mean,0.0278064961725722
CP_summary14_RF,14_130_r123456734loop568,pr_rna_max_mean,0.04435134966055867
CP_summary14_RF,14_130_r123456734loop568,pr_rna_max_min,0.008776258258975392
CP_summary14_RF,14_130_r123456734loop568,pr_rna_coverage_05,0.03553322401828572
CP_summary14_RF,14_130_r123456734loop568,pr_protein_coverage_05,0.019499804158069393
CP_summary14_RF,14_130_r123456734loop568,pr_high_contacts_per_nt,0.021041171862133636
CP_summary14_RF,14_130_r123456734loop568,pp_nonlocal4_per_res,0.05582653185176981
CP_summary14_RF,14_130_r123456734loop568,pp_nonlocal4_high_per_res,0.1980347716533252
CP_summary14_RF,14_130_r123456734loop568,pp_nonlocal12_per_res,0.07621242549124195
CP_summary14_RF,14_130_r123456734loop568,pp_nonlocal12_high_per_res,0.18413317396818957
CP_summary14_RF,14_130_r123456734loop568,pp_nonlocal24_per_res,0.04248279365201407
CP_summary14_RF,14_130_r123456734loop568,pp_nonlocal24_high_per_res,0.20835744743205614
CP_summary14_RF,15_130_r12345673456loop8,pr_cp_sum,0.034586936920492105
CP_summary14_RF,15_130_r12345673456loop8,pr_cp_per_nt,0.04335761490031606
CP_summary14_RF,15_130_r12345673456loop8,pr_top20_mean,0.0278064961725722
CP_summary14_RF,15_130_r12345673456loop8,pr_rna_max_mean,0.04435134966055867
CP_summary14_RF,15_130_r12345673456loop8,pr_rna_max_min,0.008776258258975392
CP_summary14_RF,15_130_r12345673456loop8,pr_rna_coverage_05,0.03553322401828572
CP_summary14_RF,15_130_r12345673456loop8,pr_protein_coverage_05,0.019499804158069393
CP_summary14_RF,15_130_r12345673456loop8,pr_high_contacts_per_nt,0.021041171862133636
CP_summary14_RF,15_130_r12345673456loop8,pp_nonlocal4_per_res,0.05791663705606186
CP_summary14_RF,15_130_r12345673456loop8,pp_nonlocal4_high_per_res,0.1980347716533252
CP_summary14_RF,15_130_r12345673456loop8,pp_nonlocal12_per_res,0.0741223202869499
CP_summary14_RF,15_130_r12345673456loop8,pp_nonlocal12_high_per_res,0.18413317396818957
CP_summary14_RF,15_130_r12345673456loop8,pp_nonlocal24_per_res,0.04248279365201407
CP_summary14_RF,15_130_r12345673456loop8,pp_nonlocal24_high_per_res,0.20835744743205614
CP_summary14_RF,16_130_r12365673156loop8,pr_cp_sum,0.03458693692049211
CP_summary14_RF,16_130_r12365673156loop8,pr_cp_per_nt,0.04335761490031607
CP_summary14_RF,16_130_r12365673156loop8,pr_top20_mean,0.024093706512743503
CP_summary14_RF,16_130_r12365673156loop8,pr_rna_max_mean,0.04337825089099818
CP_summary14_RF,16_130_r12365673156loop8,pr_rna_max_min,0.010010826160209962
CP_summary14_RF,16_130_r12365673156loop8,pr_rna_coverage_05,0.03553322401828573
CP_summary14_RF,16_130_r12365673156loop8,pr_protein_coverage_05,0.01902465129161218
CP_summary14_RF,16_130_r12365673156loop8,pr_high_contacts_per_nt,0.021041171862133633
CP_summary14_RF,16_130_r12365673156loop8,pp_nonlocal4_per_res,0.05610797457044463
CP_summary14_RF,16_130_r12365673156loop8,pp_nonlocal4_high_per_res,0.19827170892729956
CP_summary14_RF,16_130_r12365673156loop8,pp_nonlocal12_per_res,0.07834486095701076
CP_summary14_RF,16_130_r12365673156loop8,pp_nonlocal12_high_per_res,0.18076617060118622
CP_summary14_RF,16_130_r12365673156loop8,pp_nonlocal24_per_res,0.044940352927755174
CP_summary14_RF,16_130_r12365673156loop8,pp_nonlocal24_high_per_res,0.21054254945951237
CP_summary14_XGB,puf12_r123_r5678_r56788,pr_cp_sum,0.0
CP_summary14_XGB,puf12_r123_r5678_r56788,pr_cp_per_nt,0.0
CP_summary14_XGB,puf12_r123_r5678_r56788,pr_top20_mean,0.0
CP_summary14_XGB,puf12_r123_r5678_r56788,pr_rna_max_mean,0.0
CP_summary14_XGB,puf12_r123_r5678_r56788,pr_rna_max_min,0.0
CP_summary14_XGB,puf12_r123_r5678_r56788,pr_rna_coverage_05,0.0
CP_summary14_XGB,puf12_r123_r5678_r56788,pr_protein_coverage_05,0.0
CP_summary14_XGB,puf12_r123_r5678_r56788,pr_high_contacts_per_nt,0.0
CP_summary14_XGB,puf12_r123_r5678_r56788,pp_nonlocal4_per_res,0.0
CP_summary14_XGB,puf12_r123_r5678_r56788,pp_nonlocal4_high_per_res,0.3296482563018799
CP_summary14_XGB,puf12_r123_r5678_r56788,pp_nonlocal12_per_res,0.0
CP_summary14_XGB,puf12_r123_r5678_r56788,pp_nonlocal12_high_per_res,0.3398604691028595
CP_summary14_XGB,puf12_r123_r5678_r56788,pp_nonlocal24_per_res,0.0
CP_summary14_XGB,puf12_r123_r5678_r56788,pp_nonlocal24_high_per_res,0.33049124479293823
CP_summary14_XGB,puf12_r123_r5678_r5loop6788,pr_cp_sum,0.0
CP_summary14_XGB,puf12_r123_r5678_r5loop6788,pr_cp_per_nt,0.0
CP_summary14_XGB,puf12_r123_r5678_r5loop6788,pr_top20_mean,0.0
CP_summary14_XGB,puf12_r123_r5678_r5loop6788,pr_rna_max_mean,0.0
CP_summary14_XGB,puf12_r123_r5678_r5loop6788,pr_rna_max_min,0.0
CP_summary14_XGB,puf12_r123_r5678_r5loop6788,pr_rna_coverage_05,0.0
CP_summary14_XGB,puf12_r123_r5678_r5loop6788,pr_protein_coverage_05,0.0
CP_summary14_XGB,puf12_r123_r5678_r5loop6788,pr_high_contacts_per_nt,0.0
CP_summary14_XGB,puf12_r123_r5678_r5loop6788,pp_nonlocal4_per_res,0.0
CP_summary14_XGB,puf12_r123_r5678_r5loop6788,pp_nonlocal4_high_per_res,0.3296482563018799
CP_summary14_XGB,puf12_r123_r5678_r5loop6788,pp_nonlocal12_per_res,0.0
CP_summary14_XGB,puf12_r123_r5678_r5loop6788,pp_nonlocal12_high_per_res,0.3398604691028595
CP_summary14_XGB,puf12_r123_r5678_r5loop6788,pp_nonlocal24_per_res,0.0
CP_summary14_XGB,puf12_r123_r5678_r5loop6788,pp_nonlocal24_high_per_res,0.33049124479293823
CP_summary14_XGB,puf12_r123_r567_r567_r678,pr_cp_sum,0.0
CP_summary14_XGB,puf12_r123_r567_r567_r678,pr_cp_per_nt,0.0
CP_summary14_XGB,puf12_r123_r567_r567_r678,pr_top20_mean,0.0
CP_summary14_XGB,puf12_r123_r567_r567_r678,pr_rna_max_mean,0.0
CP_summary14_XGB,puf12_r123_r567_r567_r678,pr_rna_max_min,0.0
CP_summary14_XGB,puf12_r123_r567_r567_r678,pr_rna_coverage_05,0.0
CP_summary14_XGB,puf12_r123_r567_r567_r678,pr_protein_coverage_05,0.0
CP_summary14_XGB,puf12_r123_r567_r567_r678,pr_high_contacts_per_nt,0.0
CP_summary14_XGB,puf12_r123_r567_r567_r678,pp_nonlocal4_per_res,0.0
CP_summary14_XGB,puf12_r123_r567_r567_r678,pp_nonlocal4_high_per_res,0.3281096816062927
CP_summary14_XGB,puf12_r123_r567_r567_r678,pp_nonlocal12_per_res,0.0
CP_summary14_XGB,puf12_r123_r567_r567_r678,pp_nonlocal12_high_per_res,0.3386588394641876
CP_summary14_XGB,puf12_r123_r567_r567_r678,pp_nonlocal24_per_res,0.0
CP_summary14_XGB,puf12_r123_r567_r567_r678,pp_nonlocal24_high_per_res,0.33323150873184204
CP_summary14_XGB,puf12_r123_r567_r5loop67_loopr678,pr_cp_sum,0.0
CP_summary14_XGB,puf12_r123_r567_r5loop67_loopr678,pr_cp_per_nt,0.0
CP_summary14_XGB,puf12_r123_r567_r5loop67_loopr678,pr_top20_mean,0.0
CP_summary14_XGB,puf12_r123_r567_r5loop67_loopr678,pr_rna_max_mean,0.09207241237163544
CP_summary14_XGB,puf12_r123_r567_r5loop67_loopr678,pr_rna_max_min,0.0
CP_summary14_XGB,puf12_r123_r567_r5loop67_loopr678,pr_rna_coverage_05,0.0
CP_summary14_XGB,puf12_r123_r567_r5loop67_loopr678,pr_protein_coverage_05,0.0
CP_summary14_XGB,puf12_r123_r567_r5loop67_loopr678,pr_high_contacts_per_nt,0.0
CP_summary14_XGB,puf12_r123_r567_r5loop67_loopr678,pp_nonlocal4_per_res,0.0
CP_summary14_XGB,puf12_r123_r567_r5loop67_loopr678,pp_nonlocal4_high_per_res,0.29664182662963867
CP_summary14_XGB,puf12_r123_r567_r5loop67_loopr678,pp_nonlocal12_per_res,0.0
CP_summary14_XGB,puf12_r123_r567_r5loop67_loopr678,pp_nonlocal12_high_per_res,0.22516591846942902
CP_summary14_XGB,puf12_r123_r567_r5loop67_loopr678,pp_nonlocal24_per_res,0.0
CP_summary14_XGB,puf12_r123_r567_r5loop67_loopr678,pp_nonlocal24_high_per_res,0.38611987233161926
CP_summary14_XGB,puf12_r123_r567_r5loop67_r678,pr_cp_sum,0.0
CP_summary14_XGB,puf12_r123_r567_r5loop67_r678,pr_cp_per_nt,0.0
CP_summary14_XGB,puf12_r123_r567_r5loop67_r678,pr_top20_mean,0.0
CP_summary14_XGB,puf12_r123_r567_r5loop67_r678,pr_rna_max_mean,0.0
CP_summary14_XGB,puf12_r123_r567_r5loop67_r678,pr_rna_max_min,0.0
CP_summary14_XGB,puf12_r123_r567_r5loop67_r678,pr_rna_coverage_05,0.0
CP_summary14_XGB,puf12_r123_r567_r5loop67_r678,pr_protein_coverage_05,0.0
CP_summary14_XGB,puf12_r123_r567_r5loop67_r678,pr_high_contacts_per_nt,0.0
CP_summary14_XGB,puf12_r123_r567_r5loop67_r678,pp_nonlocal4_per_res,0.0
CP_summary14_XGB,puf12_r123_r567_r5loop67_r678,pp_nonlocal4_high_per_res,0.3296482563018799
CP_summary14_XGB,puf12_r123_r567_r5loop67_r678,pp_nonlocal12_per_res,0.0
CP_summary14_XGB,puf12_r123_r567_r5loop67_r678,pp_nonlocal12_high_per_res,0.3398604691028595
CP_summary14_XGB,puf12_r123_r567_r5loop67_r678,pp_nonlocal24_per_res,0.0
CP_summary14_XGB,puf12_r123_r567_r5loop67_r678,pp_nonlocal24_high_per_res,0.33049124479293823
CP_summary14_XGB,puf12_r123_r567_r6loopr7_r5678,pr_cp_sum,0.0
CP_summary14_XGB,puf12_r123_r567_r6loopr7_r5678,pr_cp_per_nt,0.0
CP_summary14_XGB,puf12_r123_r567_r6loopr7_r5678,pr_top20_mean,0.0
CP_summary14_XGB,puf12_r123_r567_r6loopr7_r5678,pr_rna_max_mean,0.0
CP_summary14_XGB,puf12_r123_r567_r6loopr7_r5678,pr_rna_max_min,0.0
CP_summary14_XGB,puf12_r123_r567_r6loopr7_r5678,pr_rna_coverage_05,0.0
CP_summary14_XGB,puf12_r123_r567_r6loopr7_r5678,pr_protein_coverage_05,0.0
CP_summary14_XGB,puf12_r123_r567_r6loopr7_r5678,pr_high_contacts_per_nt,0.0
CP_summary14_XGB,puf12_r123_r567_r6loopr7_r5678,pp_nonlocal4_per_res,0.0
CP_summary14_XGB,puf12_r123_r567_r6loopr7_r5678,pp_nonlocal4_high_per_res,0.3296482563018799
CP_summary14_XGB,puf12_r123_r567_r6loopr7_r5678,pp_nonlocal12_per_res,0.0
CP_summary14_XGB,puf12_r123_r567_r6loopr7_r5678,pp_nonlocal12_high_per_res,0.3398604691028595
CP_summary14_XGB,puf12_r123_r567_r6loopr7_r5678,pp_nonlocal24_per_res,0.0
CP_summary14_XGB,puf12_r123_r567_r6loopr7_r5678,pp_nonlocal24_high_per_res,0.33049124479293823
CP_summary14_XGB,puf12_r123_r567_r6loopr7_r5loop678,pr_cp_sum,0.0
CP_summary14_XGB,puf12_r123_r567_r6loopr7_r5loop678,pr_cp_per_nt,0.0
CP_summary14_XGB,puf12_r123_r567_r6loopr7_r5loop678,pr_top20_mean,0.0
CP_summary14_XGB,puf12_r123_r567_r6loopr7_r5loop678,pr_rna_max_mean,0.0
CP_summary14_XGB,puf12_r123_r567_r6loopr7_r5loop678,pr_rna_max_min,0.0
CP_summary14_XGB,puf12_r123_r567_r6loopr7_r5loop678,pr_rna_coverage_05,0.0
CP_summary14_XGB,puf12_r123_r567_r6loopr7_r5loop678,pr_protein_coverage_05,0.0
CP_summary14_XGB,puf12_r123_r567_r6loopr7_r5loop678,pr_high_contacts_per_nt,0.0
CP_summary14_XGB,puf12_r123_r567_r6loopr7_r5loop678,pp_nonlocal4_per_res,0.0
CP_summary14_XGB,puf12_r123_r567_r6loopr7_r5loop678,pp_nonlocal4_high_per_res,0.3296482563018799
CP_summary14_XGB,puf12_r123_r567_r6loopr7_r5loop678,pp_nonlocal12_per_res,0.0
CP_summary14_XGB,puf12_r123_r567_r6loopr7_r5loop678,pp_nonlocal12_high_per_res,0.3398604691028595
CP_summary14_XGB,puf12_r123_r567_r6loopr7_r5loop678,pp_nonlocal24_per_res,0.0
CP_summary14_XGB,puf12_r123_r567_r6loopr7_r5loop678,pp_nonlocal24_high_per_res,0.33049124479293823
CP_summary14_XGB,puf12_r123_r567_r6r7_r5678,pr_cp_sum,0.082933709025383
CP_summary14_XGB,puf12_r123_r567_r6r7_r5678,pr_cp_per_nt,0.0
CP_summary14_XGB,puf12_r123_r567_r6r7_r5678,pr_top20_mean,0.0
CP_summary14_XGB,puf12_r123_r567_r6r7_r5678,pr_rna_max_mean,0.0
CP_summary14_XGB,puf12_r123_r567_r6r7_r5678,pr_rna_max_min,0.0
CP_summary14_XGB,puf12_r123_r567_r6r7_r5678,pr_rna_coverage_05,0.0
CP_summary14_XGB,puf12_r123_r567_r6r7_r5678,pr_protein_coverage_05,0.0
CP_summary14_XGB,puf12_r123_r567_r6r7_r5678,pr_high_contacts_per_nt,0.0
CP_summary14_XGB,puf12_r123_r567_r6r7_r5678,pp_nonlocal4_per_res,0.0
CP_summary14_XGB,puf12_r123_r567_r6r7_r5678,pp_nonlocal4_high_per_res,0.2856353521347046
CP_summary14_XGB,puf12_r123_r567_r6r7_r5678,pp_nonlocal12_per_res,0.0
CP_summary14_XGB,puf12_r123_r567_r6r7_r5678,pp_nonlocal12_high_per_res,0.32252445816993713
CP_summary14_XGB,puf12_r123_r567_r6r7_r5678,pp_nonlocal24_per_res,0.0
CP_summary14_XGB,puf12_r123_r567_r6r7_r5678,pp_nonlocal24_high_per_res,0.30890652537345886
CP_summary14_XGB,puf_12_loopr4loopr4,pr_cp_sum,0.0
CP_summary14_XGB,puf_12_loopr4loopr4,pr_cp_per_nt,0.0
CP_summary14_XGB,puf_12_loopr4loopr4,pr_top20_mean,0.0
CP_summary14_XGB,puf_12_loopr4loopr4,pr_rna_max_mean,0.0
CP_summary14_XGB,puf_12_loopr4loopr4,pr_rna_max_min,0.0
CP_summary14_XGB,puf_12_loopr4loopr4,pr_rna_coverage_05,0.0
CP_summary14_XGB,puf_12_loopr4loopr4,pr_protein_coverage_05,0.0
CP_summary14_XGB,puf_12_loopr4loopr4,pr_high_contacts_per_nt,0.0
CP_summary14_XGB,puf_12_loopr4loopr4,pp_nonlocal4_per_res,0.0
CP_summary14_XGB,puf_12_loopr4loopr4,pp_nonlocal4_high_per_res,0.3296482563018799
CP_summary14_XGB,puf_12_loopr4loopr4,pp_nonlocal12_per_res,0.0
CP_summary14_XGB,puf_12_loopr4loopr4,pp_nonlocal12_high_per_res,0.3398604691028595
CP_summary14_XGB,puf_12_loopr4loopr4,pp_nonlocal24_per_res,0.0
CP_summary14_XGB,puf_12_loopr4loopr4,pp_nonlocal24_high_per_res,0.33049124479293823
CP_summary14_XGB,puf_12_loopr4r4,pr_cp_sum,0.0
CP_summary14_XGB,puf_12_loopr4r4,pr_cp_per_nt,0.0
CP_summary14_XGB,puf_12_loopr4r4,pr_top20_mean,0.0
CP_summary14_XGB,puf_12_loopr4r4,pr_rna_max_mean,0.0
CP_summary14_XGB,puf_12_loopr4r4,pr_rna_max_min,0.0
CP_summary14_XGB,puf_12_loopr4r4,pr_rna_coverage_05,0.0
CP_summary14_XGB,puf_12_loopr4r4,pr_protein_coverage_05,0.0
CP_summary14_XGB,puf_12_loopr4r4,pr_high_contacts_per_nt,0.0
CP_summary14_XGB,puf_12_loopr4r4,pp_nonlocal4_per_res,0.0
CP_summary14_XGB,puf_12_loopr4r4,pp_nonlocal4_high_per_res,0.3296482563018799
CP_summary14_XGB,puf_12_loopr4r4,pp_nonlocal12_per_res,0.0
CP_summary14_XGB,puf_12_loopr4r4,pp_nonlocal12_high_per_res,0.3398604691028595
CP_summary14_XGB,puf_12_loopr4r4,pp_nonlocal24_per_res,0.0
CP_summary14_XGB,puf_12_loopr4r4,pp_nonlocal24_high_per_res,0.33049124479293823
CP_summary14_XGB,puf_12_r4loopr4,pr_cp_sum,0.0
CP_summary14_XGB,puf_12_r4loopr4,pr_cp_per_nt,0.0
CP_summary14_XGB,puf_12_r4loopr4,pr_top20_mean,0.0
CP_summary14_XGB,puf_12_r4loopr4,pr_rna_max_mean,0.0
CP_summary14_XGB,puf_12_r4loopr4,pr_rna_max_min,0.0
CP_summary14_XGB,puf_12_r4loopr4,pr_rna_coverage_05,0.0
CP_summary14_XGB,puf_12_r4loopr4,pr_protein_coverage_05,0.0
CP_summary14_XGB,puf_12_r4loopr4,pr_high_contacts_per_nt,0.0
CP_summary14_XGB,puf_12_r4loopr4,pp_nonlocal4_per_res,0.0
CP_summary14_XGB,puf_12_r4loopr4,pp_nonlocal4_high_per_res,0.3296482563018799
CP_summary14_XGB,puf_12_r4loopr4,pp_nonlocal12_per_res,0.0
CP_summary14_XGB,puf_12_r4loopr4,pp_nonlocal12_high_per_res,0.3398604691028595
CP_summary14_XGB,puf_12_r4loopr4,pp_nonlocal24_per_res,0.0
CP_summary14_XGB,puf_12_r4loopr4,pp_nonlocal24_high_per_res,0.33049124479293823
CP_summary14_XGB,puf_12_r4r4,pr_cp_sum,0.0
CP_summary14_XGB,puf_12_r4r4,pr_cp_per_nt,0.0
CP_summary14_XGB,puf_12_r4r4,pr_top20_mean,0.0
CP_summary14_XGB,puf_12_r4r4,pr_rna_max_mean,0.0
CP_summary14_XGB,puf_12_r4r4,pr_rna_max_min,0.0
CP_summary14_XGB,puf_12_r4r4,pr_rna_coverage_05,0.0
CP_summary14_XGB,puf_12_r4r4,pr_protein_coverage_05,0.0
CP_summary14_XGB,puf_12_r4r4,pr_high_contacts_per_nt,0.0
CP_summary14_XGB,puf_12_r4r4,pp_nonlocal4_per_res,0.0
CP_summary14_XGB,puf_12_r4r4,pp_nonlocal4_high_per_res,0.3296482563018799
CP_summary14_XGB,puf_12_r4r4,pp_nonlocal12_per_res,0.0
CP_summary14_XGB,puf_12_r4r4,pp_nonlocal12_high_per_res,0.3398604691028595
CP_summary14_XGB,puf_12_r4r4,pp_nonlocal24_per_res,0.0
CP_summary14_XGB,puf_12_r4r4,pp_nonlocal24_high_per_res,0.33049124479293823
CP_summary14_XGB,1_130_r123_r567_r567_r67_no_loop_8,pr_cp_sum,0.0
CP_summary14_XGB,1_130_r123_r567_r567_r67_no_loop_8,pr_cp_per_nt,0.0
CP_summary14_XGB,1_130_r123_r567_r567_r67_no_loop_8,pr_top20_mean,0.0
CP_summary14_XGB,1_130_r123_r567_r567_r67_no_loop_8,pr_rna_max_mean,0.0
CP_summary14_XGB,1_130_r123_r567_r567_r67_no_loop_8,pr_rna_max_min,0.0
CP_summary14_XGB,1_130_r123_r567_r567_r67_no_loop_8,pr_rna_coverage_05,0.0
CP_summary14_XGB,1_130_r123_r567_r567_r67_no_loop_8,pr_protein_coverage_05,0.0
CP_summary14_XGB,1_130_r123_r567_r567_r67_no_loop_8,pr_high_contacts_per_nt,0.0
CP_summary14_XGB,1_130_r123_r567_r567_r67_no_loop_8,pp_nonlocal4_per_res,0.0
CP_summary14_XGB,1_130_r123_r567_r567_r67_no_loop_8,pp_nonlocal4_high_per_res,0.3281096816062927
CP_summary14_XGB,1_130_r123_r567_r567_r67_no_loop_8,pp_nonlocal12_per_res,0.0
CP_summary14_XGB,1_130_r123_r567_r567_r67_no_loop_8,pp_nonlocal12_high_per_res,0.3386588394641876
CP_summary14_XGB,1_130_r123_r567_r567_r67_no_loop_8,pp_nonlocal24_per_res,0.0
CP_summary14_XGB,1_130_r123_r567_r567_r67_no_loop_8,pp_nonlocal24_high_per_res,0.33323150873184204
CP_summary14_XGB,2_130_r123_r567_r5loop67_r678,pr_cp_sum,0.0
CP_summary14_XGB,2_130_r123_r567_r5loop67_r678,pr_cp_per_nt,0.0
CP_summary14_XGB,2_130_r123_r567_r5loop67_r678,pr_top20_mean,0.0
CP_summary14_XGB,2_130_r123_r567_r5loop67_r678,pr_rna_max_mean,0.0
CP_summary14_XGB,2_130_r123_r567_r5loop67_r678,pr_rna_max_min,0.0
CP_summary14_XGB,2_130_r123_r567_r5loop67_r678,pr_rna_coverage_05,0.0
CP_summary14_XGB,2_130_r123_r567_r5loop67_r678,pr_protein_coverage_05,0.0
CP_summary14_XGB,2_130_r123_r567_r5loop67_r678,pr_high_contacts_per_nt,0.0
CP_summary14_XGB,2_130_r123_r567_r5loop67_r678,pp_nonlocal4_per_res,0.0
CP_summary14_XGB,2_130_r123_r567_r5loop67_r678,pp_nonlocal4_high_per_res,0.3296482563018799
CP_summary14_XGB,2_130_r123_r567_r5loop67_r678,pp_nonlocal12_per_res,0.0
CP_summary14_XGB,2_130_r123_r567_r5loop67_r678,pp_nonlocal12_high_per_res,0.3398604691028595
CP_summary14_XGB,2_130_r123_r567_r5loop67_r678,pp_nonlocal24_per_res,0.0
CP_summary14_XGB,2_130_r123_r567_r5loop67_r678,pp_nonlocal24_high_per_res,0.33049124479293823
CP_summary14_XGB,3_130_r123_r567_r56loop7_r678,pr_cp_sum,0.0
CP_summary14_XGB,3_130_r123_r567_r56loop7_r678,pr_cp_per_nt,0.0
CP_summary14_XGB,3_130_r123_r567_r56loop7_r678,pr_top20_mean,0.0
CP_summary14_XGB,3_130_r123_r567_r56loop7_r678,pr_rna_max_mean,0.0
CP_summary14_XGB,3_130_r123_r567_r56loop7_r678,pr_rna_max_min,0.0
CP_summary14_XGB,3_130_r123_r567_r56loop7_r678,pr_rna_coverage_05,0.0
CP_summary14_XGB,3_130_r123_r567_r56loop7_r678,pr_protein_coverage_05,0.0
CP_summary14_XGB,3_130_r123_r567_r56loop7_r678,pr_high_contacts_per_nt,0.0
CP_summary14_XGB,3_130_r123_r567_r56loop7_r678,pp_nonlocal4_per_res,0.0
CP_summary14_XGB,3_130_r123_r567_r56loop7_r678,pp_nonlocal4_high_per_res,0.3296482563018799
CP_summary14_XGB,3_130_r123_r567_r56loop7_r678,pp_nonlocal12_per_res,0.0
CP_summary14_XGB,3_130_r123_r567_r56loop7_r678,pp_nonlocal12_high_per_res,0.3398604691028595
CP_summary14_XGB,3_130_r123_r567_r56loop7_r678,pp_nonlocal24_per_res,0.0
CP_summary14_XGB,3_130_r123_r567_r56loop7_r678,pp_nonlocal24_high_per_res,0.33049124479293823
CP_summary14_XGB,4_130_r123_r567_r567_rloop678,pr_cp_sum,0.0
CP_summary14_XGB,4_130_r123_r567_r567_rloop678,pr_cp_per_nt,0.0
CP_summary14_XGB,4_130_r123_r567_r567_rloop678,pr_top20_mean,0.0
CP_summary14_XGB,4_130_r123_r567_r567_rloop678,pr_rna_max_mean,0.0
CP_summary14_XGB,4_130_r123_r567_r567_rloop678,pr_rna_max_min,0.0
CP_summary14_XGB,4_130_r123_r567_r567_rloop678,pr_rna_coverage_05,0.0
CP_summary14_XGB,4_130_r123_r567_r567_rloop678,pr_protein_coverage_05,0.0
CP_summary14_XGB,4_130_r123_r567_r567_rloop678,pr_high_contacts_per_nt,0.0
CP_summary14_XGB,4_130_r123_r567_r567_rloop678,pp_nonlocal4_per_res,0.0
CP_summary14_XGB,4_130_r123_r567_r567_rloop678,pp_nonlocal4_high_per_res,0.2910833954811096
CP_summary14_XGB,4_130_r123_r567_r567_rloop678,pp_nonlocal12_per_res,0.0
CP_summary14_XGB,4_130_r123_r567_r567_rloop678,pp_nonlocal12_high_per_res,0.4194962978363037
CP_summary14_XGB,4_130_r123_r567_r567_rloop678,pp_nonlocal24_per_res,0.0
CP_summary14_XGB,4_130_r123_r567_r567_rloop678,pp_nonlocal24_high_per_res,0.28942030668258667
CP_summary14_XGB,5_130_r123_r567_r567_r6loop78,pr_cp_sum,0.0
CP_summary14_XGB,5_130_r123_r567_r567_r6loop78,pr_cp_per_nt,0.0
CP_summary14_XGB,5_130_r123_r567_r567_r6loop78,pr_top20_mean,0.0
CP_summary14_XGB,5_130_r123_r567_r567_r6loop78,pr_rna_max_mean,0.0
CP_summary14_XGB,5_130_r123_r567_r567_r6loop78,pr_rna_max_min,0.0
CP_summary14_XGB,5_130_r123_r567_r567_r6loop78,pr_rna_coverage_05,0.0
CP_summary14_XGB,5_130_r123_r567_r567_r6loop78,pr_protein_coverage_05,0.0
CP_summary14_XGB,5_130_r123_r567_r567_r6loop78,pr_high_contacts_per_nt,0.0
CP_summary14_XGB,5_130_r123_r567_r567_r6loop78,pp_nonlocal4_per_res,0.0
CP_summary14_XGB,5_130_r123_r567_r567_r6loop78,pp_nonlocal4_high_per_res,0.3296482563018799
CP_summary14_XGB,5_130_r123_r567_r567_r6loop78,pp_nonlocal12_per_res,0.0
CP_summary14_XGB,5_130_r123_r567_r567_r6loop78,pp_nonlocal12_high_per_res,0.3398604691028595
CP_summary14_XGB,5_130_r123_r567_r567_r6loop78,pp_nonlocal24_per_res,0.0
CP_summary14_XGB,5_130_r123_r567_r567_r6loop78,pp_nonlocal24_high_per_res,0.33049124479293823
CP_summary14_XGB,7_130_r123_r567_r567_rloop67loop8,pr_cp_sum,0.0
CP_summary14_XGB,7_130_r123_r567_r567_rloop67loop8,pr_cp_per_nt,0.0
CP_summary14_XGB,7_130_r123_r567_r567_rloop67loop8,pr_top20_mean,0.0
CP_summary14_XGB,7_130_r123_r567_r567_rloop67loop8,pr_rna_max_mean,0.0
CP_summary14_XGB,7_130_r123_r567_r567_rloop67loop8,pr_rna_max_min,0.0
CP_summary14_XGB,7_130_r123_r567_r567_rloop67loop8,pr_rna_coverage_05,0.0
CP_summary14_XGB,7_130_r123_r567_r567_rloop67loop8,pr_protein_coverage_05,0.0
CP_summary14_XGB,7_130_r123_r567_r567_rloop67loop8,pr_high_contacts_per_nt,0.0
CP_summary14_XGB,7_130_r123_r567_r567_rloop67loop8,pp_nonlocal4_per_res,0.0
CP_summary14_XGB,7_130_r123_r567_r567_rloop67loop8,pp_nonlocal4_high_per_res,0.3285878300666809
CP_summary14_XGB,7_130_r123_r567_r567_rloop67loop8,pp_nonlocal12_per_res,0.0
CP_summary14_XGB,7_130_r123_r567_r567_rloop67loop8,pp_nonlocal12_high_per_res,0.33881303668022156
CP_summary14_XGB,7_130_r123_r567_r567_rloop67loop8,pp_nonlocal24_per_res,0.0
CP_summary14_XGB,7_130_r123_r567_r567_rloop67loop8,pp_nonlocal24_high_per_res,0.3325991630554199
CP_summary14_XGB,8_130_r123_r567_r567_r6loop7loop8,pr_cp_sum,0.0
CP_summary14_XGB,8_130_r123_r567_r567_r6loop7loop8,pr_cp_per_nt,0.0
CP_summary14_XGB,8_130_r123_r567_r567_r6loop7loop8,pr_top20_mean,0.0
CP_summary14_XGB,8_130_r123_r567_r567_r6loop7loop8,pr_rna_max_mean,0.0
CP_summary14_XGB,8_130_r123_r567_r567_r6loop7loop8,pr_rna_max_min,0.0
CP_summary14_XGB,8_130_r123_r567_r567_r6loop7loop8,pr_rna_coverage_05,0.0
CP_summary14_XGB,8_130_r123_r567_r567_r6loop7loop8,pr_protein_coverage_05,0.0
CP_summary14_XGB,8_130_r123_r567_r567_r6loop7loop8,pr_high_contacts_per_nt,0.0
CP_summary14_XGB,8_130_r123_r567_r567_r6loop7loop8,pp_nonlocal4_per_res,0.0
CP_summary14_XGB,8_130_r123_r567_r567_r6loop7loop8,pp_nonlocal4_high_per_res,0.3272381126880646
CP_summary14_XGB,8_130_r123_r567_r567_r6loop7loop8,pp_nonlocal12_per_res,0.0
CP_summary14_XGB,8_130_r123_r567_r567_r6loop7loop8,pp_nonlocal12_high_per_res,0.37938639521598816
CP_summary14_XGB,8_130_r123_r567_r567_r6loop7loop8,pp_nonlocal24_per_res,0.0
CP_summary14_XGB,8_130_r123_r567_r567_r6loop7loop8,pp_nonlocal24_high_per_res,0.2933754622936249
CP_summary14_XGB,12_130_r123456654loop328,pr_cp_sum,0.0
CP_summary14_XGB,12_130_r123456654loop328,pr_cp_per_nt,0.0
CP_summary14_XGB,12_130_r123456654loop328,pr_top20_mean,0.0
CP_summary14_XGB,12_130_r123456654loop328,pr_rna_max_mean,0.0
CP_summary14_XGB,12_130_r123456654loop328,pr_rna_max_min,0.0
CP_summary14_XGB,12_130_r123456654loop328,pr_rna_coverage_05,0.0
CP_summary14_XGB,12_130_r123456654loop328,pr_protein_coverage_05,0.0
CP_summary14_XGB,12_130_r123456654loop328,pr_high_contacts_per_nt,0.0
CP_summary14_XGB,12_130_r123456654loop328,pp_nonlocal4_per_res,0.0
CP_summary14_XGB,12_130_r123456654loop328,pp_nonlocal4_high_per_res,0.33696651458740234
CP_summary14_XGB,12_130_r123456654loop328,pp_nonlocal12_per_res,0.0
CP_summary14_XGB,12_130_r123456654loop328,pp_nonlocal12_high_per_res,0.35913562774658203
CP_summary14_XGB,12_130_r123456654loop328,pp_nonlocal24_per_res,0.0
CP_summary14_XGB,12_130_r123456654loop328,pp_nonlocal24_high_per_res,0.3038978576660156
CP_summary14_XGB,13_130_r12345665432loop8,pr_cp_sum,0.0
CP_summary14_XGB,13_130_r12345665432loop8,pr_cp_per_nt,0.0
CP_summary14_XGB,13_130_r12345665432loop8,pr_top20_mean,0.0
CP_summary14_XGB,13_130_r12345665432loop8,pr_rna_max_mean,0.0
CP_summary14_XGB,13_130_r12345665432loop8,pr_rna_max_min,0.0
CP_summary14_XGB,13_130_r12345665432loop8,pr_rna_coverage_05,0.0
CP_summary14_XGB,13_130_r12345665432loop8,pr_protein_coverage_05,0.0
CP_summary14_XGB,13_130_r12345665432loop8,pr_high_contacts_per_nt,0.0
CP_summary14_XGB,13_130_r12345665432loop8,pp_nonlocal4_per_res,0.0
CP_summary14_XGB,13_130_r12345665432loop8,pp_nonlocal4_high_per_res,0.3296482563018799
CP_summary14_XGB,13_130_r12345665432loop8,pp_nonlocal12_per_res,0.0
CP_summary14_XGB,13_130_r12345665432loop8,pp_nonlocal12_high_per_res,0.3398604691028595
CP_summary14_XGB,13_130_r12345665432loop8,pp_nonlocal24_per_res,0.0
CP_summary14_XGB,13_130_r12345665432loop8,pp_nonlocal24_high_per_res,0.33049124479293823
CP_summary14_XGB,14_130_r123456734loop568,pr_cp_sum,0.0
CP_summary14_XGB,14_130_r123456734loop568,pr_cp_per_nt,0.0
CP_summary14_XGB,14_130_r123456734loop568,pr_top20_mean,0.0
CP_summary14_XGB,14_130_r123456734loop568,pr_rna_max_mean,0.0
CP_summary14_XGB,14_130_r123456734loop568,pr_rna_max_min,0.0
CP_summary14_XGB,14_130_r123456734loop568,pr_rna_coverage_05,0.0
CP_summary14_XGB,14_130_r123456734loop568,pr_protein_coverage_05,0.0
CP_summary14_XGB,14_130_r123456734loop568,pr_high_contacts_per_nt,0.0
CP_summary14_XGB,14_130_r123456734loop568,pp_nonlocal4_per_res,0.0
CP_summary14_XGB,14_130_r123456734loop568,pp_nonlocal4_high_per_res,0.3296482563018799
CP_summary14_XGB,14_130_r123456734loop568,pp_nonlocal12_per_res,0.0
CP_summary14_XGB,14_130_r123456734loop568,pp_nonlocal12_high_per_res,0.3398604691028595
CP_summary14_XGB,14_130_r123456734loop568,pp_nonlocal24_per_res,0.0
CP_summary14_XGB,14_130_r123456734loop568,pp_nonlocal24_high_per_res,0.33049124479293823
CP_summary14_XGB,15_130_r12345673456loop8,pr_cp_sum,0.0
CP_summary14_XGB,15_130_r12345673456loop8,pr_cp_per_nt,0.0
CP_summary14_XGB,15_130_r12345673456loop8,pr_top20_mean,0.0
CP_summary14_XGB,15_130_r12345673456loop8,pr_rna_max_mean,0.0
CP_summary14_XGB,15_130_r12345673456loop8,pr_rna_max_min,0.0
CP_summary14_XGB,15_130_r12345673456loop8,pr_rna_coverage_05,0.0
CP_summary14_XGB,15_130_r12345673456loop8,pr_protein_coverage_05,0.0
CP_summary14_XGB,15_130_r12345673456loop8,pr_high_contacts_per_nt,0.0
CP_summary14_XGB,15_130_r12345673456loop8,pp_nonlocal4_per_res,0.0
CP_summary14_XGB,15_130_r12345673456loop8,pp_nonlocal4_high_per_res,0.3296482563018799
CP_summary14_XGB,15_130_r12345673456loop8,pp_nonlocal12_per_res,0.0
CP_summary14_XGB,15_130_r12345673456loop8,pp_nonlocal12_high_per_res,0.3398604691028595
CP_summary14_XGB,15_130_r12345673456loop8,pp_nonlocal24_per_res,0.0
CP_summary14_XGB,15_130_r12345673456loop8,pp_nonlocal24_high_per_res,0.33049124479293823
CP_summary14_XGB,16_130_r12365673156loop8,pr_cp_sum,0.0
CP_summary14_XGB,16_130_r12365673156loop8,pr_cp_per_nt,0.0
CP_summary14_XGB,16_130_r12365673156loop8,pr_top20_mean,0.0
CP_summary14_XGB,16_130_r12365673156loop8,pr_rna_max_mean,0.0
CP_summary14_XGB,16_130_r12365673156loop8,pr_rna_max_min,0.0
CP_summary14_XGB,16_130_r12365673156loop8,pr_rna_coverage_05,0.0
CP_summary14_XGB,16_130_r12365673156loop8,pr_protein_coverage_05,0.0
CP_summary14_XGB,16_130_r12365673156loop8,pr_high_contacts_per_nt,0.0
CP_summary14_XGB,16_130_r12365673156loop8,pp_nonlocal4_per_res,0.0
CP_summary14_XGB,16_130_r12365673156loop8,pp_nonlocal4_high_per_res,0.3296482563018799
CP_summary14_XGB,16_130_r12365673156loop8,pp_nonlocal12_per_res,0.0
CP_summary14_XGB,16_130_r12365673156loop8,pp_nonlocal12_high_per_res,0.3398604691028595
CP_summary14_XGB,16_130_r12365673156loop8,pp_nonlocal24_per_res,0.0
CP_summary14_XGB,16_130_r12365673156loop8,pp_nonlocal24_high_per_res,0.33049124479293823
CP_structure17_RF,puf12_r123_r5678_r56788,pr_cp_sum,0.0266139485579297
CP_structure17_RF,puf12_r123_r5678_r56788,pr_cp_per_nt,0.0314939457641833
CP_structure17_RF,puf12_r123_r5678_r56788,pr_top20_mean,0.011511095237788413
CP_structure17_RF,puf12_r123_r5678_r56788,pr_rna_max_mean,0.027285045282064435
CP_structure17_RF,puf12_r123_r5678_r56788,pr_rna_max_min,0.008376165257911208
CP_structure17_RF,puf12_r123_r5678_r56788,pr_rna_coverage_05,0.012858347232370214
CP_structure17_RF,puf12_r123_r5678_r56788,pr_protein_coverage_05,0.013894817184255752
CP_structure17_RF,puf12_r123_r5678_r56788,pr_high_contacts_per_nt,0.02060758045387734
CP_structure17_RF,puf12_r123_r5678_r56788,pp_nonlocal4_per_res,0.03130388152548441
CP_structure17_RF,puf12_r123_r5678_r56788,pp_nonlocal4_high_per_res,0.14423323091525891
CP_structure17_RF,puf12_r123_r5678_r56788,pp_nonlocal12_per_res,0.06052169785125117
CP_structure17_RF,puf12_r123_r5678_r56788,pp_nonlocal12_high_per_res,0.15994442855573598
CP_structure17_RF,puf12_r123_r5678_r56788,pp_nonlocal24_per_res,0.0414667175035615
CP_structure17_RF,puf12_r123_r5678_r56788,pp_nonlocal24_high_per_res,0.167410730624491
CP_structure17_RF,puf12_r123_r5678_r56788,plddt_protein_mean,0.11235411637486035
CP_structure17_RF,puf12_r123_r5678_r56788,pae_contact_weighted,0.10179910498763857
CP_structure17_RF,puf12_r123_r5678_r56788,Rg_full_length_normalized,0.028325146691337608
CP_structure17_RF,puf12_r123_r5678_r5loop6788,pr_cp_sum,0.02661394855792971
CP_structure17_RF,puf12_r123_r5678_r5loop6788,pr_cp_per_nt,0.0316887984843782
CP_structure17_RF,puf12_r123_r5678_r5loop6788,pr_top20_mean,0.011511095237788416
CP_structure17_RF,puf12_r123_r5678_r5loop6788,pr_rna_max_mean,0.025784532607163426
CP_structure17_RF,puf12_r123_r5678_r5loop6788,pr_rna_max_min,0.008622975092956339
CP_structure17_RF,puf12_r123_r5678_r5loop6788,pr_rna_coverage_05,0.02182021142884812
CP_structure17_RF,puf12_r123_r5678_r5loop6788,pr_protein_coverage_05,0.012260294177300863
CP_structure17_RF,puf12_r123_r5678_r5loop6788,pr_high_contacts_per_nt,0.020967642700619647
CP_structure17_RF,puf12_r123_r5678_r5loop6788,pp_nonlocal4_per_res,0.031303881525484425
CP_structure17_RF,puf12_r123_r5678_r5loop6788,pp_nonlocal4_high_per_res,0.1424427417682368
CP_structure17_RF,puf12_r123_r5678_r5loop6788,pp_nonlocal12_per_res,0.062224866675002564
CP_structure17_RF,puf12_r123_r5678_r5loop6788,pp_nonlocal12_high_per_res,0.15587631377965663
CP_structure17_RF,puf12_r123_r5678_r5loop6788,pp_nonlocal24_per_res,0.043254054303257114
CP_structure17_RF,puf12_r123_r5678_r5loop6788,pp_nonlocal24_high_per_res,0.16655448101391432
CP_structure17_RF,puf12_r123_r5678_r5loop6788,plddt_protein_mean,0.10857856457552408
CP_structure17_RF,puf12_r123_r5678_r5loop6788,pae_contact_weighted,0.10217045138060192
CP_structure17_RF,puf12_r123_r5678_r5loop6788,Rg_full_length_normalized,0.028325146691337618
CP_structure17_RF,puf12_r123_r567_r567_r678,pr_cp_sum,0.02948649778883314
CP_structure17_RF,puf12_r123_r567_r567_r678,pr_cp_per_nt,0.03514787891153558
CP_structure17_RF,puf12_r123_r567_r567_r678,pr_top20_mean,0.01499294130515127
CP_structure17_RF,puf12_r123_r567_r567_r678,pr_rna_max_mean,0.03007177828588489
CP_structure17_RF,puf12_r123_r567_r567_r678,pr_rna_max_min,0.00941641308165682
CP_structure17_RF,puf12_r123_r567_r567_r678,pr_rna_coverage_05,0.008569902921443226
CP_structure17_RF,puf12_r123_r567_r567_r678,pr_protein_coverage_05,0.024565438485815622
CP_structure17_RF,puf12_r123_r567_r567_r678,pr_high_contacts_per_nt,0.03035147545370771
CP_structure17_RF,puf12_r123_r567_r567_r678,pp_nonlocal4_per_res,0.04096826457613895
CP_structure17_RF,puf12_r123_r567_r567_r678,pp_nonlocal4_high_per_res,0.15060379717127162
CP_structure17_RF,puf12_r123_r567_r567_r678,pp_nonlocal12_per_res,0.060689825482340386
CP_structure17_RF,puf12_r123_r567_r567_r678,pp_nonlocal12_high_per_res,0.15012986747079635
CP_structure17_RF,puf12_r123_r567_r567_r678,pp_nonlocal24_per_res,0.048004117678555135
CP_structure17_RF,puf12_r123_r567_r567_r678,pp_nonlocal24_high_per_res,0.17643583079672898
CP_structure17_RF,puf12_r123_r567_r567_r678,plddt_protein_mean,0.07389627071681835
CP_structure17_RF,puf12_r123_r567_r567_r678,pae_contact_weighted,0.08811062229651803
CP_structure17_RF,puf12_r123_r567_r567_r678,Rg_full_length_normalized,0.02855907757680403
CP_structure17_RF,puf12_r123_r567_r5loop67_loopr678,pr_cp_sum,0.010955330247764402
CP_structure17_RF,puf12_r123_r567_r5loop67_loopr678,pr_cp_per_nt,0.01108468289913631
CP_structure17_RF,puf12_r123_r567_r5loop67_loopr678,pr_top20_mean,0.019842057776777527
CP_structure17_RF,puf12_r123_r567_r5loop67_loopr678,pr_rna_max_mean,0.07942858302720358
CP_structure17_RF,puf12_r123_r567_r5loop67_loopr678,pr_rna_max_min,0.0015078363950748333
CP_structure17_RF,puf12_r123_r567_r5loop67_loopr678,pr_rna_coverage_05,0.02884898456923343
CP_structure17_RF,puf12_r123_r567_r5loop67_loopr678,pr_protein_coverage_05,0.009050782270247516
CP_structure17_RF,puf12_r123_r567_r5loop67_loopr678,pr_high_contacts_per_nt,0.0031202038339924413
CP_structure17_RF,puf12_r123_r567_r5loop67_loopr678,pp_nonlocal4_per_res,0.010236362382656291
CP_structure17_RF,puf12_r123_r567_r5loop67_loopr678,pp_nonlocal4_high_per_res,0.09978209743841267
CP_structure17_RF,puf12_r123_r567_r5loop67_loopr678,pp_nonlocal12_per_res,0.05999735817417285
CP_structure17_RF,puf12_r123_r567_r5loop67_loopr678,pp_nonlocal12_high_per_res,0.1335129232634564
CP_structure17_RF,puf12_r123_r567_r5loop67_loopr678,pp_nonlocal24_per_res,0.014146675541661847
CP_structure17_RF,puf12_r123_r567_r5loop67_loopr678,pp_nonlocal24_high_per_res,0.09718958724752602
CP_structure17_RF,puf12_r123_r567_r5loop67_loopr678,plddt_protein_mean,0.20915553826382155
CP_structure17_RF,puf12_r123_r567_r5loop67_loopr678,pae_contact_weighted,0.20307855405603584
CP_structure17_RF,puf12_r123_r567_r5loop67_loopr678,Rg_full_length_normalized,0.009062442612826462
CP_structure17_RF,puf12_r123_r567_r5loop67_r678,pr_cp_sum,0.022568370255297787
CP_structure17_RF,puf12_r123_r567_r5loop67_r678,pr_cp_per_nt,0.027891195227167504
CP_structure17_RF,puf12_r123_r567_r5loop67_r678,pr_top20_mean,0.008852576929752307
CP_structure17_RF,puf12_r123_r567_r5loop67_r678,pr_rna_max_mean,0.029733582316580204
CP_structure17_RF,puf12_r123_r567_r5loop67_r678,pr_rna_max_min,0.009559153536141937
CP_structure17_RF,puf12_r123_r567_r5loop67_r678,pr_rna_coverage_05,0.01488274571217137
CP_structure17_RF,puf12_r123_r567_r5loop67_r678,pr_protein_coverage_05,0.011388617641272252
CP_structure17_RF,puf12_r123_r567_r5loop67_r678,pr_high_contacts_per_nt,0.013451012355539298
CP_structure17_RF,puf12_r123_r567_r5loop67_r678,pp_nonlocal4_per_res,0.03226983046119763
CP_structure17_RF,puf12_r123_r567_r5loop67_r678,pp_nonlocal4_high_per_res,0.1558618835647541
CP_structure17_RF,puf12_r123_r567_r5loop67_r678,pp_nonlocal12_per_res,0.08420723958996681
CP_structure17_RF,puf12_r123_r567_r5loop67_r678,pp_nonlocal12_high_per_res,0.152577643345101
CP_structure17_RF,puf12_r123_r567_r5loop67_r678,pp_nonlocal24_per_res,0.04008557815776952
CP_structure17_RF,puf12_r123_r567_r5loop67_r678,pp_nonlocal24_high_per_res,0.1762353729637434
CP_structure17_RF,puf12_r123_r567_r5loop67_r678,plddt_protein_mean,0.11470461756955352
CP_structure17_RF,puf12_r123_r567_r5loop67_r678,pae_contact_weighted,0.08539046598573262
CP_structure17_RF,puf12_r123_r567_r5loop67_r678,Rg_full_length_normalized,0.020340114388258695
CP_structure17_RF,puf12_r123_r567_r6loopr7_r5678,pr_cp_sum,0.023259727764584934
CP_structure17_RF,puf12_r123_r567_r6loopr7_r5678,pr_cp_per_nt,0.030343069120236436
CP_structure17_RF,puf12_r123_r567_r6loopr7_r5678,pr_top20_mean,0.009064338223476636
CP_structure17_RF,puf12_r123_r567_r6loopr7_r5678,pr_rna_max_mean,0.029523805681372195
CP_structure17_RF,puf12_r123_r567_r6loopr7_r5678,pr_rna_max_min,0.006087737869604318
CP_structure17_RF,puf12_r123_r567_r6loopr7_r5678,pr_rna_coverage_05,0.015357875139474644
CP_structure17_RF,puf12_r123_r567_r6loopr7_r5678,pr_protein_coverage_05,0.012487350370765472
CP_structure17_RF,puf12_r123_r567_r6loopr7_r5678,pr_high_contacts_per_nt,0.013190649143577399
CP_structure17_RF,puf12_r123_r567_r6loopr7_r5678,pp_nonlocal4_per_res,0.03475983012617041
CP_structure17_RF,puf12_r123_r567_r6loopr7_r5678,pp_nonlocal4_high_per_res,0.15933053607767172
CP_structure17_RF,puf12_r123_r567_r6loopr7_r5678,pp_nonlocal12_per_res,0.06329660440658158
CP_structure17_RF,puf12_r123_r567_r6loopr7_r5678,pp_nonlocal12_high_per_res,0.1574734181301666
CP_structure17_RF,puf12_r123_r567_r6loopr7_r5678,pp_nonlocal24_per_res,0.03861975850821334
CP_structure17_RF,puf12_r123_r567_r6loopr7_r5678,pp_nonlocal24_high_per_res,0.18579098035854838
CP_structure17_RF,puf12_r123_r567_r6loopr7_r5678,plddt_protein_mean,0.11343476164618975
CP_structure17_RF,puf12_r123_r567_r6loopr7_r5678,pae_contact_weighted,0.08769370050069532
CP_structure17_RF,puf12_r123_r567_r6loopr7_r5678,Rg_full_length_normalized,0.020285856932670848
CP_structure17_RF,puf12_r123_r567_r6loopr7_r5loop678,pr_cp_sum,0.022940952339413016
CP_structure17_RF,puf12_r123_r567_r6loopr7_r5loop678,pr_cp_per_nt,0.02739673150684054
CP_structure17_RF,puf12_r123_r567_r6loopr7_r5loop678,pr_top20_mean,0.00841646002457803
CP_structure17_RF,puf12_r123_r567_r6loopr7_r5loop678,pr_rna_max_mean,0.03191710079805829
CP_structure17_RF,puf12_r123_r567_r6loopr7_r5loop678,pr_rna_max_min,0.004072535332332488
CP_structure17_RF,puf12_r123_r567_r6loopr7_r5loop678,pr_rna_coverage_05,0.015357875139474644
CP_structure17_RF,puf12_r123_r567_r6loopr7_r5loop678,pr_protein_coverage_05,0.0134103504472889
CP_structure17_RF,puf12_r123_r567_r6loopr7_r5loop678,pr_high_contacts_per_nt,0.016788910835921666
CP_structure17_RF,puf12_r123_r567_r6loopr7_r5loop678,pp_nonlocal4_per_res,0.029546327993900768
CP_structure17_RF,puf12_r123_r567_r6loopr7_r5loop678,pp_nonlocal4_high_per_res,0.16189089200075957
CP_structure17_RF,puf12_r123_r567_r6loopr7_r5loop678,pp_nonlocal12_per_res,0.06899954229506892
CP_structure17_RF,puf12_r123_r567_r6loopr7_r5loop678,pp_nonlocal12_high_per_res,0.16324280465711485
CP_structure17_RF,puf12_r123_r567_r6loopr7_r5loop678,pp_nonlocal24_per_res,0.03454989503027858
CP_structure17_RF,puf12_r123_r567_r6loopr7_r5loop678,pp_nonlocal24_high_per_res,0.18294764027222582
CP_structure17_RF,puf12_r123_r567_r6loopr7_r5loop678,plddt_protein_mean,0.1150245080568834
CP_structure17_RF,puf12_r123_r567_r6loopr7_r5loop678,pae_contact_weighted,0.08113140107876589
CP_structure17_RF,puf12_r123_r567_r6loopr7_r5loop678,Rg_full_length_normalized,0.022366072191094623
CP_structure17_RF,puf12_r123_r567_r6r7_r5678,pr_cp_sum,0.057396921100808546
CP_structure17_RF,puf12_r123_r567_r6r7_r5678,pr_cp_per_nt,0.05904531901645207
CP_structure17_RF,puf12_r123_r567_r6r7_r5678,pr_top20_mean,0.009596455956729172
CP_structure17_RF,puf12_r123_r567_r6r7_r5678,pr_rna_max_mean,0.029366872827616068
CP_structure17_RF,puf12_r123_r567_r6r7_r5678,pr_rna_max_min,0.001551080758882981
CP_structure17_RF,puf12_r123_r567_r6r7_r5678,pr_rna_coverage_05,0.006472364621224179
CP_structure17_RF,puf12_r123_r567_r6r7_r5678,pr_protein_coverage_05,0.012570865292724423
CP_structure17_RF,puf12_r123_r567_r6r7_r5678,pr_high_contacts_per_nt,0.016915900731251682
CP_structure17_RF,puf12_r123_r567_r6r7_r5678,pp_nonlocal4_per_res,0.020918357789437198
CP_structure17_RF,puf12_r123_r567_r6r7_r5678,pp_nonlocal4_high_per_res,0.11613946810885256
CP_structure17_RF,puf12_r123_r567_r6r7_r5678,pp_nonlocal12_per_res,0.08188947094217988
CP_structure17_RF,puf12_r123_r567_r6r7_r5678,pp_nonlocal12_high_per_res,0.17259180638332716
CP_structure17_RF,puf12_r123_r567_r6r7_r5678,pp_nonlocal24_per_res,0.06185449640360232
CP_structure17_RF,puf12_r123_r567_r6r7_r5678,pp_nonlocal24_high_per_res,0.20623059009297115
CP_structure17_RF,puf12_r123_r567_r6r7_r5678,plddt_protein_mean,0.07624782063630847
CP_structure17_RF,puf12_r123_r567_r6r7_r5678,pae_contact_weighted,0.04846826862587088
CP_structure17_RF,puf12_r123_r567_r6r7_r5678,Rg_full_length_normalized,0.022743940711761387
CP_structure17_RF,puf_12_loopr4loopr4,pr_cp_sum,0.029502635399805265
CP_structure17_RF,puf_12_loopr4loopr4,pr_cp_per_nt,0.0346892295663515
CP_structure17_RF,puf_12_loopr4loopr4,pr_top20_mean,0.009576325216917314
CP_structure17_RF,puf_12_loopr4loopr4,pr_rna_max_mean,0.028924198506431794
CP_structure17_RF,puf_12_loopr4loopr4,pr_rna_max_min,0.013685213843159428
CP_structure17_RF,puf_12_loopr4loopr4,pr_rna_coverage_05,0.016418777943004937
CP_structure17_RF,puf_12_loopr4loopr4,pr_protein_coverage_05,0.016034324421454055
CP_structure17_RF,puf_12_loopr4loopr4,pr_high_contacts_per_nt,0.014015576751648967
CP_structure17_RF,puf_12_loopr4loopr4,pp_nonlocal4_per_res,0.030260977798945467
CP_structure17_RF,puf_12_loopr4loopr4,pp_nonlocal4_high_per_res,0.14734355747891534
CP_structure17_RF,puf_12_loopr4loopr4,pp_nonlocal12_per_res,0.05309701444070196
CP_structure17_RF,puf_12_loopr4loopr4,pp_nonlocal12_high_per_res,0.17202900188498887
CP_structure17_RF,puf_12_loopr4loopr4,pp_nonlocal24_per_res,0.028687556017179993
CP_structure17_RF,puf_12_loopr4loopr4,pp_nonlocal24_high_per_res,0.16974389385109834
CP_structure17_RF,puf_12_loopr4loopr4,plddt_protein_mean,0.12841050107719168
CP_structure17_RF,puf_12_loopr4loopr4,pae_contact_weighted,0.09087048853416899
CP_structure17_RF,puf_12_loopr4loopr4,Rg_full_length_normalized,0.016710727268035994
CP_structure17_RF,puf_12_loopr4r4,pr_cp_sum,0.029502635399805265
CP_structure17_RF,puf_12_loopr4r4,pr_cp_per_nt,0.0346892295663515
CP_structure17_RF,puf_12_loopr4r4,pr_top20_mean,0.0069412668665368524
CP_structure17_RF,puf_12_loopr4r4,pr_rna_max_mean,0.028481158158200993
CP_structure17_RF,puf_12_loopr4r4,pr_rna_max_min,0.011073774205384964
CP_structure17_RF,puf_12_loopr4r4,pr_rna_coverage_05,0.014301792575069
CP_structure17_RF,puf_12_loopr4r4,pr_protein_coverage_05,0.016184391941732188
CP_structure17_RF,puf_12_loopr4r4,pr_high_contacts_per_nt,0.01537768156202964
CP_structure17_RF,puf_12_loopr4r4,pp_nonlocal4_per_res,0.030260977798945467
CP_structure17_RF,puf_12_loopr4r4,pp_nonlocal4_high_per_res,0.15215569784061173
CP_structure17_RF,puf_12_loopr4r4,pp_nonlocal12_per_res,0.04714053783334466
CP_structure17_RF,puf_12_loopr4r4,pp_nonlocal12_high_per_res,0.17179230777208757
CP_structure17_RF,puf_12_loopr4r4,pp_nonlocal24_per_res,0.039141904599015745
CP_structure17_RF,puf_12_loopr4r4,pp_nonlocal24_high_per_res,0.16752156660424306
CP_structure17_RF,puf_12_loopr4r4,plddt_protein_mean,0.12587362498782015
CP_structure17_RF,puf_12_loopr4r4,pae_contact_weighted,0.09285072502078516
CP_structure17_RF,puf_12_loopr4r4,Rg_full_length_normalized,0.016710727268035994
CP_structure17_RF,puf_12_r4loopr4,pr_cp_sum,0.027320789238859545
CP_structure17_RF,puf_12_r4loopr4,pr_cp_per_nt,0.034640396063289086
CP_structure17_RF,puf_12_r4loopr4,pr_top20_mean,0.007653325078595065
CP_structure17_RF,puf_12_r4loopr4,pr_rna_max_mean,0.030853367323888426
CP_structure17_RF,puf_12_r4loopr4,pr_rna_max_min,0.011073774205384966
CP_structure17_RF,puf_12_r4loopr4,pr_rna_coverage_05,0.01649228212369222
CP_structure17_RF,puf_12_r4loopr4,pr_protein_coverage_05,0.01618439194173219
CP_structure17_RF,puf_12_r4loopr4,pr_high_contacts_per_nt,0.01401557675164897
CP_structure17_RF,puf_12_r4loopr4,pp_nonlocal4_per_res,0.030309811302007897
CP_structure17_RF,puf_12_r4loopr4,pp_nonlocal4_high_per_res,0.14446486659181432
CP_structure17_RF,puf_12_r4loopr4,pp_nonlocal12_per_res,0.051687110125793946
CP_structure17_RF,puf_12_r4loopr4,pp_nonlocal12_high_per_res,0.1763647159729958
CP_structure17_RF,puf_12_r4loopr4,pp_nonlocal24_per_res,0.028632187971648286
CP_structure17_RF,puf_12_r4loopr4,pp_nonlocal24_high_per_res,0.17175467652902593
CP_structure17_RF,puf_12_r4loopr4,plddt_protein_mean,0.1289495263378828
CP_structure17_RF,puf_12_r4loopr4,pae_contact_weighted,0.09171679822544987
CP_structure17_RF,puf_12_r4loopr4,Rg_full_length_normalized,0.017886404216290775
CP_structure17_RF,puf_12_r4r4,pr_cp_sum,0.029024450936865454
CP_structure17_RF,puf_12_r4r4,pr_cp_per_nt,0.034640396063289086
CP_structure17_RF,puf_12_r4r4,pr_top20_mean,0.00944965429427912
CP_structure17_RF,puf_12_r4r4,pr_rna_max_mean,0.028481158158200997
CP_structure17_RF,puf_12_r4r4,pr_rna_max_min,0.009755629452640727
CP_structure17_RF,puf_12_r4r4,pr_rna_coverage_05,0.01649228212369222
CP_structure17_RF,puf_12_r4r4,pr_protein_coverage_05,0.014826610917820837
CP_structure17_RF,puf_12_r4r4,pr_high_contacts_per_nt,0.015203462597781473
CP_structure17_RF,puf_12_r4r4,pp_nonlocal4_per_res,0.030309811302007893
CP_structure17_RF,puf_12_r4r4,pp_nonlocal4_high_per_res,0.14749911935107873
CP_structure17_RF,puf_12_r4r4,pp_nonlocal12_per_res,0.05068094091310299
CP_structure17_RF,puf_12_r4r4,pp_nonlocal12_high_per_res,0.17535854676030485
CP_structure17_RF,puf_12_r4r4,pp_nonlocal24_per_res,0.029663770796709357
CP_structure17_RF,puf_12_r4r4,pp_nonlocal24_high_per_res,0.1687204237697615
CP_structure17_RF,puf_12_r4r4,plddt_protein_mean,0.13029015267850916
CP_structure17_RF,puf_12_r4r4,pae_contact_weighted,0.09188669340322872
CP_structure17_RF,puf_12_r4r4,Rg_full_length_normalized,0.01771689648072695
CP_structure17_RF,1_130_r123_r567_r567_r67_no_loop_8,pr_cp_sum,0.01766496197064473
CP_structure17_RF,1_130_r123_r567_r567_r67_no_loop_8,pr_cp_per_nt,0.029703526248962223
CP_structure17_RF,1_130_r123_r567_r567_r67_no_loop_8,pr_top20_mean,0.012336742753108487
CP_structure17_RF,1_130_r123_r567_r567_r67_no_loop_8,pr_rna_max_mean,0.028022632854319027
CP_structure17_RF,1_130_r123_r567_r567_r67_no_loop_8,pr_rna_max_min,0.005621176408594573
CP_structure17_RF,1_130_r123_r567_r567_r67_no_loop_8,pr_rna_coverage_05,0.019370328539166575
CP_structure17_RF,1_130_r123_r567_r567_r67_no_loop_8,pr_protein_coverage_05,0.027085111017654956
CP_structure17_RF,1_130_r123_r567_r567_r67_no_loop_8,pr_high_contacts_per_nt,0.014136655472706072
CP_structure17_RF,1_130_r123_r567_r567_r67_no_loop_8,pp_nonlocal4_per_res,0.028662974070677485
CP_structure17_RF,1_130_r123_r567_r567_r67_no_loop_8,pp_nonlocal4_high_per_res,0.1500736917078904
CP_structure17_RF,1_130_r123_r567_r567_r67_no_loop_8,pp_nonlocal12_per_res,0.059029680230484556
CP_structure17_RF,1_130_r123_r567_r567_r67_no_loop_8,pp_nonlocal12_high_per_res,0.17712028366652766
CP_structure17_RF,1_130_r123_r567_r567_r67_no_loop_8,pp_nonlocal24_per_res,0.028917999243107964
CP_structure17_RF,1_130_r123_r567_r567_r67_no_loop_8,pp_nonlocal24_high_per_res,0.18824484745342218
CP_structure17_RF,1_130_r123_r567_r567_r67_no_loop_8,plddt_protein_mean,0.11488839932174524
CP_structure17_RF,1_130_r123_r567_r567_r67_no_loop_8,pae_contact_weighted,0.07457483410051648
CP_structure17_RF,1_130_r123_r567_r567_r67_no_loop_8,Rg_full_length_normalized,0.024546154940471524
CP_structure17_RF,2_130_r123_r567_r5loop67_r678,pr_cp_sum,0.014271805676580186
CP_structure17_RF,2_130_r123_r567_r5loop67_r678,pr_cp_per_nt,0.03002581648544193
CP_structure17_RF,2_130_r123_r567_r5loop67_r678,pr_top20_mean,0.008965325536412702
CP_structure17_RF,2_130_r123_r567_r5loop67_r678,pr_rna_max_mean,0.02312283147239991
CP_structure17_RF,2_130_r123_r567_r5loop67_r678,pr_rna_max_min,0.0008431406905122671
CP_structure17_RF,2_130_r123_r567_r5loop67_r678,pr_rna_coverage_05,0.015302328220260319
CP_structure17_RF,2_130_r123_r567_r5loop67_r678,pr_protein_coverage_05,0.014719564000413297
CP_structure17_RF,2_130_r123_r567_r5loop67_r678,pr_high_contacts_per_nt,0.012037111054165404
CP_structure17_RF,2_130_r123_r567_r5loop67_r678,pp_nonlocal4_per_res,0.03508728091314178
CP_structure17_RF,2_130_r123_r567_r5loop67_r678,pp_nonlocal4_high_per_res,0.1339789976643933
CP_structure17_RF,2_130_r123_r567_r5loop67_r678,pp_nonlocal12_per_res,0.07552114111576107
CP_structure17_RF,2_130_r123_r567_r5loop67_r678,pp_nonlocal12_high_per_res,0.1814203643350377
CP_structure17_RF,2_130_r123_r567_r5loop67_r678,pp_nonlocal24_per_res,0.037092872109457824
CP_structure17_RF,2_130_r123_r567_r5loop67_r678,pp_nonlocal24_high_per_res,0.17732939654193272
CP_structure17_RF,2_130_r123_r567_r5loop67_r678,plddt_protein_mean,0.13024918692994567
CP_structure17_RF,2_130_r123_r567_r5loop67_r678,pae_contact_weighted,0.08897879483108954
CP_structure17_RF,2_130_r123_r567_r5loop67_r678,Rg_full_length_normalized,0.021054042423054496
CP_structure17_RF,3_130_r123_r567_r56loop7_r678,pr_cp_sum,0.01633720665778618
CP_structure17_RF,3_130_r123_r567_r56loop7_r678,pr_cp_per_nt,0.032409807453912955
CP_structure17_RF,3_130_r123_r567_r56loop7_r678,pr_top20_mean,0.010852891980077274
CP_structure17_RF,3_130_r123_r567_r56loop7_r678,pr_rna_max_mean,0.028391060702999276
CP_structure17_RF,3_130_r123_r567_r56loop7_r678,pr_rna_max_min,0.0020270269210012244
CP_structure17_RF,3_130_r123_r567_r56loop7_r678,pr_rna_coverage_05,0.014971749707863623
CP_structure17_RF,3_130_r123_r567_r56loop7_r678,pr_protein_coverage_05,0.016871079298811983
CP_structure17_RF,3_130_r123_r567_r56loop7_r678,pr_high_contacts_per_nt,0.010853224823676443
CP_structure17_RF,3_130_r123_r567_r56loop7_r678,pp_nonlocal4_per_res,0.031951789565175276
CP_structure17_RF,3_130_r123_r567_r56loop7_r678,pp_nonlocal4_high_per_res,0.13747790180885128
CP_structure17_RF,3_130_r123_r567_r56loop7_r678,pp_nonlocal12_per_res,0.0697757306494686
CP_structure17_RF,3_130_r123_r567_r56loop7_r678,pp_nonlocal12_high_per_res,0.17783041462979846
CP_structure17_RF,3_130_r123_r567_r56loop7_r678,pp_nonlocal24_per_res,0.03030738335488069
CP_structure17_RF,3_130_r123_r567_r56loop7_r678,pp_nonlocal24_high_per_res,0.17615170195297591
CP_structure17_RF,3_130_r123_r567_r56loop7_r678,plddt_protein_mean,0.12633779490535801
CP_structure17_RF,3_130_r123_r567_r56loop7_r678,pae_contact_weighted,0.09292027496215446
CP_structure17_RF,3_130_r123_r567_r56loop7_r678,Rg_full_length_normalized,0.02453296062520829
CP_structure17_RF,4_130_r123_r567_r567_rloop678,pr_cp_sum,0.016834101729219484
CP_structure17_RF,4_130_r123_r567_r567_rloop678,pr_cp_per_nt,0.038445403529352336
CP_structure17_RF,4_130_r123_r567_r567_rloop678,pr_top20_mean,0.008503046908143646
CP_structure17_RF,4_130_r123_r567_r567_rloop678,pr_rna_max_mean,0.02270179698442913
CP_structure17_RF,4_130_r123_r567_r567_rloop678,pr_rna_max_min,0.000774705015034579
CP_structure17_RF,4_130_r123_r567_r567_rloop678,pr_rna_coverage_05,0.017374475196877064
CP_structure17_RF,4_130_r123_r567_r567_rloop678,pr_protein_coverage_05,0.015977335356195565
CP_structure17_RF,4_130_r123_r567_r567_rloop678,pr_high_contacts_per_nt,0.011775807954656948
CP_structure17_RF,4_130_r123_r567_r567_rloop678,pp_nonlocal4_per_res,0.03527825981197462
CP_structure17_RF,4_130_r123_r567_r567_rloop678,pp_nonlocal4_high_per_res,0.11835878548795642
CP_structure17_RF,4_130_r123_r567_r567_rloop678,pp_nonlocal12_per_res,0.07303232686273697
CP_structure17_RF,4_130_r123_r567_r567_rloop678,pp_nonlocal12_high_per_res,0.20564040459173769
CP_structure17_RF,4_130_r123_r567_r567_rloop678,pp_nonlocal24_per_res,0.02514753660255764
CP_structure17_RF,4_130_r123_r567_r567_rloop678,pp_nonlocal24_high_per_res,0.1839482551778841
CP_structure17_RF,4_130_r123_r567_r567_rloop678,plddt_protein_mean,0.1210956044333446
CP_structure17_RF,4_130_r123_r567_r567_rloop678,pae_contact_weighted,0.08413123515408275
CP_structure17_RF,4_130_r123_r567_r567_rloop678,Rg_full_length_normalized,0.02098091920381661
CP_structure17_RF,5_130_r123_r567_r567_r6loop78,pr_cp_sum,0.01776613986030358
CP_structure17_RF,5_130_r123_r567_r567_r6loop78,pr_cp_per_nt,0.036388308720784926
CP_structure17_RF,5_130_r123_r567_r567_r6loop78,pr_top20_mean,0.008680373383253155
CP_structure17_RF,5_130_r123_r567_r567_r6loop78,pr_rna_max_mean,0.044823158635561605
CP_structure17_RF,5_130_r123_r567_r567_r6loop78,pr_rna_max_min,0.002909378325629638
CP_structure17_RF,5_130_r123_r567_r567_r6loop78,pr_rna_coverage_05,0.015412074532151255
CP_structure17_RF,5_130_r123_r567_r567_r6loop78,pr_protein_coverage_05,0.015664953706221674
CP_structure17_RF,5_130_r123_r567_r567_r6loop78,pr_high_contacts_per_nt,0.01014535841141122
CP_structure17_RF,5_130_r123_r567_r567_r6loop78,pp_nonlocal4_per_res,0.03891518435226035
CP_structure17_RF,5_130_r123_r567_r567_r6loop78,pp_nonlocal4_high_per_res,0.14571783662487411
CP_structure17_RF,5_130_r123_r567_r567_r6loop78,pp_nonlocal12_per_res,0.06000724083928635
CP_structure17_RF,5_130_r123_r567_r567_r6loop78,pp_nonlocal12_high_per_res,0.1757792955847193
CP_structure17_RF,5_130_r123_r567_r567_r6loop78,pp_nonlocal24_per_res,0.03142095809944219
CP_structure17_RF,5_130_r123_r567_r567_r6loop78,pp_nonlocal24_high_per_res,0.16877089789197255
CP_structure17_RF,5_130_r123_r567_r567_r6loop78,plddt_protein_mean,0.1255189985831841
CP_structure17_RF,5_130_r123_r567_r567_r6loop78,pae_contact_weighted,0.08922953631824106
CP_structure17_RF,5_130_r123_r567_r567_r6loop78,Rg_full_length_normalized,0.012850306130702854
CP_structure17_RF,7_130_r123_r567_r567_rloop67loop8,pr_cp_sum,0.011373209094470831
CP_structure17_RF,7_130_r123_r567_r567_rloop67loop8,pr_cp_per_nt,0.025768236258776615
CP_structure17_RF,7_130_r123_r567_r567_rloop67loop8,pr_top20_mean,0.008664929030859761
CP_structure17_RF,7_130_r123_r567_r567_rloop67loop8,pr_rna_max_mean,0.03399627441684634
CP_structure17_RF,7_130_r123_r567_r567_rloop67loop8,pr_rna_max_min,0.00018209108819454225
CP_structure17_RF,7_130_r123_r567_r567_rloop67loop8,pr_rna_coverage_05,0.012300364886234653
CP_structure17_RF,7_130_r123_r567_r567_rloop67loop8,pr_protein_coverage_05,0.0146395473465752
CP_structure17_RF,7_130_r123_r567_r567_rloop67loop8,pr_high_contacts_per_nt,0.0018706177235518098
CP_structure17_RF,7_130_r123_r567_r567_rloop67loop8,pp_nonlocal4_per_res,0.034963386129879155
CP_structure17_RF,7_130_r123_r567_r567_rloop67loop8,pp_nonlocal4_high_per_res,0.17100989164662755
CP_structure17_RF,7_130_r123_r567_r567_rloop67loop8,pp_nonlocal12_per_res,0.06230436073518855
CP_structure17_RF,7_130_r123_r567_r567_rloop67loop8,pp_nonlocal12_high_per_res,0.19176282256118332
CP_structure17_RF,7_130_r123_r567_r567_rloop67loop8,pp_nonlocal24_per_res,0.03733287305277748
CP_structure17_RF,7_130_r123_r567_r567_rloop67loop8,pp_nonlocal24_high_per_res,0.17358225991458984
CP_structure17_RF,7_130_r123_r567_r567_rloop67loop8,plddt_protein_mean,0.11664872001691395
CP_structure17_RF,7_130_r123_r567_r567_rloop67loop8,pae_contact_weighted,0.08712755963224231
CP_structure17_RF,7_130_r123_r567_r567_rloop67loop8,Rg_full_length_normalized,0.0164728564650881
CP_structure17_RF,8_130_r123_r567_r567_r6loop7loop8,pr_cp_sum,0.01711363731688301
CP_structure17_RF,8_130_r123_r567_r567_r6loop7loop8,pr_cp_per_nt,0.035007249479473125
CP_structure17_RF,8_130_r123_r567_r567_r6loop7loop8,pr_top20_mean,0.010707921702191717
CP_structure17_RF,8_130_r123_r567_r567_r6loop7loop8,pr_rna_max_mean,0.05524219779510649
CP_structure17_RF,8_130_r123_r567_r567_r6loop7loop8,pr_rna_max_min,0.0015601269748128379
CP_structure17_RF,8_130_r123_r567_r567_r6loop7loop8,pr_rna_coverage_05,0.013688117795508607
CP_structure17_RF,8_130_r123_r567_r567_r6loop7loop8,pr_protein_coverage_05,0.018368469271461983
CP_structure17_RF,8_130_r123_r567_r567_r6loop7loop8,pr_high_contacts_per_nt,0.010177552385529776
CP_structure17_RF,8_130_r123_r567_r567_r6loop7loop8,pp_nonlocal4_per_res,0.03603243496555123
CP_structure17_RF,8_130_r123_r567_r567_r6loop7loop8,pp_nonlocal4_high_per_res,0.1870724277783481
CP_structure17_RF,8_130_r123_r567_r567_r6loop7loop8,pp_nonlocal12_per_res,0.04954616592413109
CP_structure17_RF,8_130_r123_r567_r567_r6loop7loop8,pp_nonlocal12_high_per_res,0.15995648906142657
CP_structure17_RF,8_130_r123_r567_r567_r6loop7loop8,pp_nonlocal24_per_res,0.03681119574718586
CP_structure17_RF,8_130_r123_r567_r567_r6loop7loop8,pp_nonlocal24_high_per_res,0.15250317085518705
CP_structure17_RF,8_130_r123_r567_r567_r6loop7loop8,plddt_protein_mean,0.12225712544228723
CP_structure17_RF,8_130_r123_r567_r567_r6loop7loop8,pae_contact_weighted,0.0793051400791929
CP_structure17_RF,8_130_r123_r567_r567_r6loop7loop8,Rg_full_length_normalized,0.014650577425722473
CP_structure17_RF,12_130_r123456654loop328,pr_cp_sum,0.016808518683911144
CP_structure17_RF,12_130_r123456654loop328,pr_cp_per_nt,0.03237520997086571
CP_structure17_RF,12_130_r123456654loop328,pr_top20_mean,0.00945846217784851
CP_structure17_RF,12_130_r123456654loop328,pr_rna_max_mean,0.04268372625347437
CP_structure17_RF,12_130_r123456654loop328,pr_rna_max_min,0.0011842691598471424
CP_structure17_RF,12_130_r123456654loop328,pr_rna_coverage_05,0.008996374660993926
CP_structure17_RF,12_130_r123456654loop328,pr_protein_coverage_05,0.01905405000105942
CP_structure17_RF,12_130_r123456654loop328,pr_high_contacts_per_nt,0.005021170442014566
CP_structure17_RF,12_130_r123456654loop328,pp_nonlocal4_per_res,0.027363375245899053
CP_structure17_RF,12_130_r123456654loop328,pp_nonlocal4_high_per_res,0.13739683719961343
CP_structure17_RF,12_130_r123456654loop328,pp_nonlocal12_per_res,0.053345963308369965
CP_structure17_RF,12_130_r123456654loop328,pp_nonlocal12_high_per_res,0.16029590809717187
CP_structure17_RF,12_130_r123456654loop328,pp_nonlocal24_per_res,0.05573150940181828
CP_structure17_RF,12_130_r123456654loop328,pp_nonlocal24_high_per_res,0.19797606088771108
CP_structure17_RF,12_130_r123456654loop328,plddt_protein_mean,0.13258021636680423
CP_structure17_RF,12_130_r123456654loop328,pae_contact_weighted,0.08279302878178142
CP_structure17_RF,12_130_r123456654loop328,Rg_full_length_normalized,0.016935319360815864
CP_structure17_RF,13_130_r12345665432loop8,pr_cp_sum,0.017624483593069295
CP_structure17_RF,13_130_r12345665432loop8,pr_cp_per_nt,0.031204342761746485
CP_structure17_RF,13_130_r12345665432loop8,pr_top20_mean,0.011161938825366705
CP_structure17_RF,13_130_r12345665432loop8,pr_rna_max_mean,0.040758941099844015
CP_structure17_RF,13_130_r12345665432loop8,pr_rna_max_min,0.0026817381898429997
CP_structure17_RF,13_130_r12345665432loop8,pr_rna_coverage_05,0.0093269671205412
CP_structure17_RF,13_130_r12345665432loop8,pr_protein_coverage_05,0.016462803718474014
CP_structure17_RF,13_130_r12345665432loop8,pr_high_contacts_per_nt,0.013926711901401928
CP_structure17_RF,13_130_r12345665432loop8,pp_nonlocal4_per_res,0.028461921602101037
CP_structure17_RF,13_130_r12345665432loop8,pp_nonlocal4_high_per_res,0.15705966274205108
CP_structure17_RF,13_130_r12345665432loop8,pp_nonlocal12_per_res,0.0506098890373015
CP_structure17_RF,13_130_r12345665432loop8,pp_nonlocal12_high_per_res,0.15839247667853712
CP_structure17_RF,13_130_r12345665432loop8,pp_nonlocal24_per_res,0.04571647123738039
CP_structure17_RF,13_130_r12345665432loop8,pp_nonlocal24_high_per_res,0.18086038104964505
CP_structure17_RF,13_130_r12345665432loop8,plddt_protein_mean,0.1423254055245411
CP_structure17_RF,13_130_r12345665432loop8,pae_contact_weighted,0.07476108934412821
CP_structure17_RF,13_130_r12345665432loop8,Rg_full_length_normalized,0.018664775574028007
CP_structure17_RF,14_130_r123456734loop568,pr_cp_sum,0.017624483593069295
CP_structure17_RF,14_130_r123456734loop568,pr_cp_per_nt,0.031204342761746485
CP_structure17_RF,14_130_r123456734loop568,pr_top20_mean,0.009612058296275998
CP_structure17_RF,14_130_r123456734loop568,pr_rna_max_mean,0.04075894109984402
CP_structure17_RF,14_130_r123456734loop568,pr_rna_max_min,0.0026817381898429997
CP_structure17_RF,14_130_r123456734loop568,pr_rna_coverage_05,0.006978992568978436
CP_structure17_RF,14_130_r123456734loop568,pr_protein_coverage_05,0.017452347145994387
CP_structure17_RF,14_130_r123456734loop568,pr_high_contacts_per_nt,0.014822903637288321
CP_structure17_RF,14_130_r123456734loop568,pp_nonlocal4_per_res,0.028126083049056408
CP_structure17_RF,14_130_r123456734loop568,pp_nonlocal4_high_per_res,0.15705966274205108
CP_structure17_RF,14_130_r123456734loop568,pp_nonlocal12_per_res,0.0506098890373015
CP_structure17_RF,14_130_r123456734loop568,pp_nonlocal12_high_per_res,0.15506182502930138
CP_structure17_RF,14_130_r123456734loop568,pp_nonlocal24_per_res,0.04302424573860858
CP_structure17_RF,14_130_r123456734loop568,pp_nonlocal24_high_per_res,0.18419103269888076
CP_structure17_RF,14_130_r123456734loop568,plddt_protein_mean,0.14247798887841773
CP_structure17_RF,14_130_r123456734loop568,pae_contact_weighted,0.07476108934412821
CP_structure17_RF,14_130_r123456734loop568,Rg_full_length_normalized,0.023552376189214536
CP_structure17_RF,15_130_r12345673456loop8,pr_cp_sum,0.01762448359306929
CP_structure17_RF,15_130_r12345673456loop8,pr_cp_per_nt,0.03120434276174648
CP_structure17_RF,15_130_r12345673456loop8,pr_top20_mean,0.011161938825366704
CP_structure17_RF,15_130_r12345673456loop8,pr_rna_max_mean,0.03976944972430721
CP_structure17_RF,15_130_r12345673456loop8,pr_rna_max_min,0.001098031709229301
CP_structure17_RF,15_130_r12345673456loop8,pr_rna_coverage_05,0.00828150875954519
CP_structure17_RF,15_130_r12345673456loop8,pr_protein_coverage_05,0.01772831664379489
CP_structure17_RF,15_130_r12345673456loop8,pr_high_contacts_per_nt,0.016606200523677988
CP_structure17_RF,15_130_r12345673456loop8,pp_nonlocal4_per_res,0.029259772535452727
CP_structure17_RF,15_130_r12345673456loop8,pp_nonlocal4_high_per_res,0.15369265937504767
CP_structure17_RF,15_130_r12345673456loop8,pp_nonlocal12_per_res,0.050603544217839046
CP_structure17_RF,15_130_r12345673456loop8,pp_nonlocal12_high_per_res,0.1568387770962286
CP_structure17_RF,15_130_r12345673456loop8,pp_nonlocal24_per_res,0.04402196627490156
CP_structure17_RF,15_130_r12345673456loop8,pp_nonlocal24_high_per_res,0.18755803606588412
CP_structure17_RF,15_130_r12345673456loop8,plddt_protein_mean,0.1407010368114905
CP_structure17_RF,15_130_r12345673456loop8,pae_contact_weighted,0.0747610893441282
CP_structure17_RF,15_130_r12345673456loop8,Rg_full_length_normalized,0.019088845738290536
CP_structure17_RF,16_130_r12365673156loop8,pr_cp_sum,0.017624483593069295
CP_structure17_RF,16_130_r12365673156loop8,pr_cp_per_nt,0.03120434276174649
CP_structure17_RF,16_130_r12365673156loop8,pr_top20_mean,0.008628767210864748
CP_structure17_RF,16_130_r12365673156loop8,pr_rna_max_mean,0.03976944972430722
CP_structure17_RF,16_130_r12365673156loop8,pr_rna_max_min,0.0031138881153463544
CP_structure17_RF,16_130_r12365673156loop8,pr_rna_coverage_05,0.01164851212654856
CP_structure17_RF,16_130_r12365673156loop8,pr_protein_coverage_05,0.017728316643794893
CP_structure17_RF,16_130_r12365673156loop8,pr_high_contacts_per_nt,0.015825685074852366
CP_structure17_RF,16_130_r12365673156loop8,pp_nonlocal4_per_res,0.029259772535452734
CP_structure17_RF,16_130_r12365673156loop8,pp_nonlocal4_high_per_res,0.15041872157069525
CP_structure17_RF,16_130_r12365673156loop8,pp_nonlocal12_per_res,0.04901983773722536
CP_structure17_RF,16_130_r12365673156loop8,pp_nonlocal12_high_per_res,0.15674571153357766
CP_structure17_RF,16_130_r12365673156loop8,pp_nonlocal24_per_res,0.04402196627490157
CP_structure17_RF,16_130_r12365673156loop8,pp_nonlocal24_high_per_res,0.19158061323363731
CP_structure17_RF,16_130_r12365673156loop8,plddt_protein_mean,0.13955999678156158
CP_structure17_RF,16_130_r12365673156loop8,pae_contact_weighted,0.07476108934412821
CP_structure17_RF,16_130_r12365673156loop8,Rg_full_length_normalized,0.01908884573829054
CP_structure17_XGB,puf12_r123_r5678_r56788,pr_cp_sum,0.0
CP_structure17_XGB,puf12_r123_r5678_r56788,pr_cp_per_nt,0.0
CP_structure17_XGB,puf12_r123_r5678_r56788,pr_top20_mean,0.0
CP_structure17_XGB,puf12_r123_r5678_r56788,pr_rna_max_mean,0.0
CP_structure17_XGB,puf12_r123_r5678_r56788,pr_rna_max_min,0.0
CP_structure17_XGB,puf12_r123_r5678_r56788,pr_rna_coverage_05,0.0
CP_structure17_XGB,puf12_r123_r5678_r56788,pr_protein_coverage_05,0.0
CP_structure17_XGB,puf12_r123_r5678_r56788,pr_high_contacts_per_nt,0.0
CP_structure17_XGB,puf12_r123_r5678_r56788,pp_nonlocal4_per_res,0.0
CP_structure17_XGB,puf12_r123_r5678_r56788,pp_nonlocal4_high_per_res,0.2339855581521988
CP_structure17_XGB,puf12_r123_r5678_r56788,pp_nonlocal12_per_res,0.0
CP_structure17_XGB,puf12_r123_r5678_r56788,pp_nonlocal12_high_per_res,0.22561049461364746
CP_structure17_XGB,puf12_r123_r5678_r56788,pp_nonlocal24_per_res,0.0
CP_structure17_XGB,puf12_r123_r5678_r56788,pp_nonlocal24_high_per_res,0.3672483265399933
CP_structure17_XGB,puf12_r123_r5678_r56788,plddt_protein_mean,0.0873689353466034
CP_structure17_XGB,puf12_r123_r5678_r56788,pae_contact_weighted,0.08578667044639587
CP_structure17_XGB,puf12_r123_r5678_r56788,Rg_full_length_normalized,0.0
CP_structure17_XGB,puf12_r123_r5678_r5loop6788,pr_cp_sum,0.0
CP_structure17_XGB,puf12_r123_r5678_r5loop6788,pr_cp_per_nt,0.0
CP_structure17_XGB,puf12_r123_r5678_r5loop6788,pr_top20_mean,0.0
CP_structure17_XGB,puf12_r123_r5678_r5loop6788,pr_rna_max_mean,0.0
CP_structure17_XGB,puf12_r123_r5678_r5loop6788,pr_rna_max_min,0.0
CP_structure17_XGB,puf12_r123_r5678_r5loop6788,pr_rna_coverage_05,0.0
CP_structure17_XGB,puf12_r123_r5678_r5loop6788,pr_protein_coverage_05,0.0
CP_structure17_XGB,puf12_r123_r5678_r5loop6788,pr_high_contacts_per_nt,0.0
CP_structure17_XGB,puf12_r123_r5678_r5loop6788,pp_nonlocal4_per_res,0.0
CP_structure17_XGB,puf12_r123_r5678_r5loop6788,pp_nonlocal4_high_per_res,0.2339855581521988
CP_structure17_XGB,puf12_r123_r5678_r5loop6788,pp_nonlocal12_per_res,0.0
CP_structure17_XGB,puf12_r123_r5678_r5loop6788,pp_nonlocal12_high_per_res,0.22561049461364746
CP_structure17_XGB,puf12_r123_r5678_r5loop6788,pp_nonlocal24_per_res,0.0
CP_structure17_XGB,puf12_r123_r5678_r5loop6788,pp_nonlocal24_high_per_res,0.3672483265399933
CP_structure17_XGB,puf12_r123_r5678_r5loop6788,plddt_protein_mean,0.0873689353466034
CP_structure17_XGB,puf12_r123_r5678_r5loop6788,pae_contact_weighted,0.08578667044639587
CP_structure17_XGB,puf12_r123_r5678_r5loop6788,Rg_full_length_normalized,0.0
CP_structure17_XGB,puf12_r123_r567_r567_r678,pr_cp_sum,0.0
CP_structure17_XGB,puf12_r123_r567_r567_r678,pr_cp_per_nt,0.0
CP_structure17_XGB,puf12_r123_r567_r567_r678,pr_top20_mean,0.0
CP_structure17_XGB,puf12_r123_r567_r567_r678,pr_rna_max_mean,0.0
CP_structure17_XGB,puf12_r123_r567_r567_r678,pr_rna_max_min,0.0
CP_structure17_XGB,puf12_r123_r567_r567_r678,pr_rna_coverage_05,0.0
CP_structure17_XGB,puf12_r123_r567_r567_r678,pr_protein_coverage_05,0.0
CP_structure17_XGB,puf12_r123_r567_r567_r678,pr_high_contacts_per_nt,0.0
CP_structure17_XGB,puf12_r123_r567_r567_r678,pp_nonlocal4_per_res,0.0
CP_structure17_XGB,puf12_r123_r567_r567_r678,pp_nonlocal4_high_per_res,0.27285027503967285
CP_structure17_XGB,puf12_r123_r567_r567_r678,pp_nonlocal12_per_res,0.0
CP_structure17_XGB,puf12_r123_r567_r567_r678,pp_nonlocal12_high_per_res,0.266940712928772
CP_structure17_XGB,puf12_r123_r567_r567_r678,pp_nonlocal24_per_res,0.0
CP_structure17_XGB,puf12_r123_r567_r567_r678,pp_nonlocal24_high_per_res,0.29438140988349915
CP_structure17_XGB,puf12_r123_r567_r567_r678,plddt_protein_mean,0.16582757234573364
CP_structure17_XGB,puf12_r123_r567_r567_r678,pae_contact_weighted,0.0
CP_structure17_XGB,puf12_r123_r567_r567_r678,Rg_full_length_normalized,0.0
CP_structure17_XGB,puf12_r123_r567_r5loop67_loopr678,pr_cp_sum,0.0
CP_structure17_XGB,puf12_r123_r567_r5loop67_loopr678,pr_cp_per_nt,0.0
CP_structure17_XGB,puf12_r123_r567_r5loop67_loopr678,pr_top20_mean,0.0
CP_structure17_XGB,puf12_r123_r567_r5loop67_loopr678,pr_rna_max_mean,0.0
CP_structure17_XGB,puf12_r123_r567_r5loop67_loopr678,pr_rna_max_min,0.0
CP_structure17_XGB,puf12_r123_r567_r5loop67_loopr678,pr_rna_coverage_05,0.0
CP_structure17_XGB,puf12_r123_r567_r5loop67_loopr678,pr_protein_coverage_05,0.0
CP_structure17_XGB,puf12_r123_r567_r5loop67_loopr678,pr_high_contacts_per_nt,0.0
CP_structure17_XGB,puf12_r123_r567_r5loop67_loopr678,pp_nonlocal4_per_res,0.0
CP_structure17_XGB,puf12_r123_r567_r5loop67_loopr678,pp_nonlocal4_high_per_res,0.44555482268333435
CP_structure17_XGB,puf12_r123_r567_r5loop67_loopr678,pp_nonlocal12_per_res,0.0
CP_structure17_XGB,puf12_r123_r567_r5loop67_loopr678,pp_nonlocal12_high_per_res,0.11058146506547928
CP_structure17_XGB,puf12_r123_r567_r5loop67_loopr678,pp_nonlocal24_per_res,0.0
CP_structure17_XGB,puf12_r123_r567_r5loop67_loopr678,pp_nonlocal24_high_per_res,0.0
CP_structure17_XGB,puf12_r123_r567_r5loop67_loopr678,plddt_protein_mean,0.22514724731445312
CP_structure17_XGB,puf12_r123_r567_r5loop67_loopr678,pae_contact_weighted,0.21871650218963623
CP_structure17_XGB,puf12_r123_r567_r5loop67_loopr678,Rg_full_length_normalized,0.0
CP_structure17_XGB,puf12_r123_r567_r5loop67_r678,pr_cp_sum,0.0
CP_structure17_XGB,puf12_r123_r567_r5loop67_r678,pr_cp_per_nt,0.0
CP_structure17_XGB,puf12_r123_r567_r5loop67_r678,pr_top20_mean,0.0
CP_structure17_XGB,puf12_r123_r567_r5loop67_r678,pr_rna_max_mean,0.0
CP_structure17_XGB,puf12_r123_r567_r5loop67_r678,pr_rna_max_min,0.0
CP_structure17_XGB,puf12_r123_r567_r5loop67_r678,pr_rna_coverage_05,0.0
CP_structure17_XGB,puf12_r123_r567_r5loop67_r678,pr_protein_coverage_05,0.0
CP_structure17_XGB,puf12_r123_r567_r5loop67_r678,pr_high_contacts_per_nt,0.0
CP_structure17_XGB,puf12_r123_r567_r5loop67_r678,pp_nonlocal4_per_res,0.0
CP_structure17_XGB,puf12_r123_r567_r5loop67_r678,pp_nonlocal4_high_per_res,0.2339855581521988
CP_structure17_XGB,puf12_r123_r567_r5loop67_r678,pp_nonlocal12_per_res,0.0
CP_structure17_XGB,puf12_r123_r567_r5loop67_r678,pp_nonlocal12_high_per_res,0.22561049461364746
CP_structure17_XGB,puf12_r123_r567_r5loop67_r678,pp_nonlocal24_per_res,0.0
CP_structure17_XGB,puf12_r123_r567_r5loop67_r678,pp_nonlocal24_high_per_res,0.3672483265399933
CP_structure17_XGB,puf12_r123_r567_r5loop67_r678,plddt_protein_mean,0.0873689353466034
CP_structure17_XGB,puf12_r123_r567_r5loop67_r678,pae_contact_weighted,0.08578667044639587
CP_structure17_XGB,puf12_r123_r567_r5loop67_r678,Rg_full_length_normalized,0.0
CP_structure17_XGB,puf12_r123_r567_r6loopr7_r5678,pr_cp_sum,0.0
CP_structure17_XGB,puf12_r123_r567_r6loopr7_r5678,pr_cp_per_nt,0.0
CP_structure17_XGB,puf12_r123_r567_r6loopr7_r5678,pr_top20_mean,0.0
CP_structure17_XGB,puf12_r123_r567_r6loopr7_r5678,pr_rna_max_mean,0.0
CP_structure17_XGB,puf12_r123_r567_r6loopr7_r5678,pr_rna_max_min,0.0
CP_structure17_XGB,puf12_r123_r567_r6loopr7_r5678,pr_rna_coverage_05,0.0
CP_structure17_XGB,puf12_r123_r567_r6loopr7_r5678,pr_protein_coverage_05,0.0
CP_structure17_XGB,puf12_r123_r567_r6loopr7_r5678,pr_high_contacts_per_nt,0.0
CP_structure17_XGB,puf12_r123_r567_r6loopr7_r5678,pp_nonlocal4_per_res,0.0
CP_structure17_XGB,puf12_r123_r567_r6loopr7_r5678,pp_nonlocal4_high_per_res,0.2339855581521988
CP_structure17_XGB,puf12_r123_r567_r6loopr7_r5678,pp_nonlocal12_per_res,0.0
CP_structure17_XGB,puf12_r123_r567_r6loopr7_r5678,pp_nonlocal12_high_per_res,0.22561049461364746
CP_structure17_XGB,puf12_r123_r567_r6loopr7_r5678,pp_nonlocal24_per_res,0.0
CP_structure17_XGB,puf12_r123_r567_r6loopr7_r5678,pp_nonlocal24_high_per_res,0.3672483265399933
CP_structure17_XGB,puf12_r123_r567_r6loopr7_r5678,plddt_protein_mean,0.0873689353466034
CP_structure17_XGB,puf12_r123_r567_r6loopr7_r5678,pae_contact_weighted,0.08578667044639587
CP_structure17_XGB,puf12_r123_r567_r6loopr7_r5678,Rg_full_length_normalized,0.0
CP_structure17_XGB,puf12_r123_r567_r6loopr7_r5loop678,pr_cp_sum,0.0
CP_structure17_XGB,puf12_r123_r567_r6loopr7_r5loop678,pr_cp_per_nt,0.0
CP_structure17_XGB,puf12_r123_r567_r6loopr7_r5loop678,pr_top20_mean,0.0
CP_structure17_XGB,puf12_r123_r567_r6loopr7_r5loop678,pr_rna_max_mean,0.0
CP_structure17_XGB,puf12_r123_r567_r6loopr7_r5loop678,pr_rna_max_min,0.0
CP_structure17_XGB,puf12_r123_r567_r6loopr7_r5loop678,pr_rna_coverage_05,0.0
CP_structure17_XGB,puf12_r123_r567_r6loopr7_r5loop678,pr_protein_coverage_05,0.0
CP_structure17_XGB,puf12_r123_r567_r6loopr7_r5loop678,pr_high_contacts_per_nt,0.0
CP_structure17_XGB,puf12_r123_r567_r6loopr7_r5loop678,pp_nonlocal4_per_res,0.0
CP_structure17_XGB,puf12_r123_r567_r6loopr7_r5loop678,pp_nonlocal4_high_per_res,0.2339855581521988
CP_structure17_XGB,puf12_r123_r567_r6loopr7_r5loop678,pp_nonlocal12_per_res,0.0
CP_structure17_XGB,puf12_r123_r567_r6loopr7_r5loop678,pp_nonlocal12_high_per_res,0.22561049461364746
CP_structure17_XGB,puf12_r123_r567_r6loopr7_r5loop678,pp_nonlocal24_per_res,0.0
CP_structure17_XGB,puf12_r123_r567_r6loopr7_r5loop678,pp_nonlocal24_high_per_res,0.3672483265399933
CP_structure17_XGB,puf12_r123_r567_r6loopr7_r5loop678,plddt_protein_mean,0.0873689353466034
CP_structure17_XGB,puf12_r123_r567_r6loopr7_r5loop678,pae_contact_weighted,0.08578667044639587
CP_structure17_XGB,puf12_r123_r567_r6loopr7_r5loop678,Rg_full_length_normalized,0.0
CP_structure17_XGB,puf12_r123_r567_r6r7_r5678,pr_cp_sum,0.09991684556007385
CP_structure17_XGB,puf12_r123_r567_r6r7_r5678,pr_cp_per_nt,0.05517645552754402
CP_structure17_XGB,puf12_r123_r567_r6r7_r5678,pr_top20_mean,0.0
CP_structure17_XGB,puf12_r123_r567_r6r7_r5678,pr_rna_max_mean,0.0
CP_structure17_XGB,puf12_r123_r567_r6r7_r5678,pr_rna_max_min,0.0
CP_structure17_XGB,puf12_r123_r567_r6r7_r5678,pr_rna_coverage_05,0.0
CP_structure17_XGB,puf12_r123_r567_r6r7_r5678,pr_protein_coverage_05,0.0
CP_structure17_XGB,puf12_r123_r567_r6r7_r5678,pr_high_contacts_per_nt,0.0
CP_structure17_XGB,puf12_r123_r567_r6r7_r5678,pp_nonlocal4_per_res,0.0
CP_structure17_XGB,puf12_r123_r567_r6r7_r5678,pp_nonlocal4_high_per_res,0.3239859938621521
CP_structure17_XGB,puf12_r123_r567_r6r7_r5678,pp_nonlocal12_per_res,0.0
CP_structure17_XGB,puf12_r123_r567_r6r7_r5678,pp_nonlocal12_high_per_res,0.2688935399055481
CP_structure17_XGB,puf12_r123_r567_r6r7_r5678,pp_nonlocal24_per_res,0.0
CP_structure17_XGB,puf12_r123_r567_r6r7_r5678,pp_nonlocal24_high_per_res,0.25202715396881104
CP_structure17_XGB,puf12_r123_r567_r6r7_r5678,plddt_protein_mean,0.0
CP_structure17_XGB,puf12_r123_r567_r6r7_r5678,pae_contact_weighted,0.0
CP_structure17_XGB,puf12_r123_r567_r6r7_r5678,Rg_full_length_normalized,0.0
CP_structure17_XGB,puf_12_loopr4loopr4,pr_cp_sum,0.0
CP_structure17_XGB,puf_12_loopr4loopr4,pr_cp_per_nt,0.0
CP_structure17_XGB,puf_12_loopr4loopr4,pr_top20_mean,0.0
CP_structure17_XGB,puf_12_loopr4loopr4,pr_rna_max_mean,0.0
CP_structure17_XGB,puf_12_loopr4loopr4,pr_rna_max_min,0.0
CP_structure17_XGB,puf_12_loopr4loopr4,pr_rna_coverage_05,0.0
CP_structure17_XGB,puf_12_loopr4loopr4,pr_protein_coverage_05,0.0
CP_structure17_XGB,puf_12_loopr4loopr4,pr_high_contacts_per_nt,0.0
CP_structure17_XGB,puf_12_loopr4loopr4,pp_nonlocal4_per_res,0.0
CP_structure17_XGB,puf_12_loopr4loopr4,pp_nonlocal4_high_per_res,0.2339855581521988
CP_structure17_XGB,puf_12_loopr4loopr4,pp_nonlocal12_per_res,0.0
CP_structure17_XGB,puf_12_loopr4loopr4,pp_nonlocal12_high_per_res,0.22561049461364746
CP_structure17_XGB,puf_12_loopr4loopr4,pp_nonlocal24_per_res,0.0
CP_structure17_XGB,puf_12_loopr4loopr4,pp_nonlocal24_high_per_res,0.3672483265399933
CP_structure17_XGB,puf_12_loopr4loopr4,plddt_protein_mean,0.0873689353466034
CP_structure17_XGB,puf_12_loopr4loopr4,pae_contact_weighted,0.08578667044639587
CP_structure17_XGB,puf_12_loopr4loopr4,Rg_full_length_normalized,0.0
CP_structure17_XGB,puf_12_loopr4r4,pr_cp_sum,0.0
CP_structure17_XGB,puf_12_loopr4r4,pr_cp_per_nt,0.0
CP_structure17_XGB,puf_12_loopr4r4,pr_top20_mean,0.0
CP_structure17_XGB,puf_12_loopr4r4,pr_rna_max_mean,0.0
CP_structure17_XGB,puf_12_loopr4r4,pr_rna_max_min,0.0
CP_structure17_XGB,puf_12_loopr4r4,pr_rna_coverage_05,0.0
CP_structure17_XGB,puf_12_loopr4r4,pr_protein_coverage_05,0.0
CP_structure17_XGB,puf_12_loopr4r4,pr_high_contacts_per_nt,0.0
CP_structure17_XGB,puf_12_loopr4r4,pp_nonlocal4_per_res,0.0
CP_structure17_XGB,puf_12_loopr4r4,pp_nonlocal4_high_per_res,0.2339855581521988
CP_structure17_XGB,puf_12_loopr4r4,pp_nonlocal12_per_res,0.0
CP_structure17_XGB,puf_12_loopr4r4,pp_nonlocal12_high_per_res,0.22561049461364746
CP_structure17_XGB,puf_12_loopr4r4,pp_nonlocal24_per_res,0.0
CP_structure17_XGB,puf_12_loopr4r4,pp_nonlocal24_high_per_res,0.3672483265399933
CP_structure17_XGB,puf_12_loopr4r4,plddt_protein_mean,0.0873689353466034
CP_structure17_XGB,puf_12_loopr4r4,pae_contact_weighted,0.08578667044639587
CP_structure17_XGB,puf_12_loopr4r4,Rg_full_length_normalized,0.0
CP_structure17_XGB,puf_12_r4loopr4,pr_cp_sum,0.0
CP_structure17_XGB,puf_12_r4loopr4,pr_cp_per_nt,0.0
CP_structure17_XGB,puf_12_r4loopr4,pr_top20_mean,0.0
CP_structure17_XGB,puf_12_r4loopr4,pr_rna_max_mean,0.0
CP_structure17_XGB,puf_12_r4loopr4,pr_rna_max_min,0.0
CP_structure17_XGB,puf_12_r4loopr4,pr_rna_coverage_05,0.0
CP_structure17_XGB,puf_12_r4loopr4,pr_protein_coverage_05,0.0
CP_structure17_XGB,puf_12_r4loopr4,pr_high_contacts_per_nt,0.0
CP_structure17_XGB,puf_12_r4loopr4,pp_nonlocal4_per_res,0.0
CP_structure17_XGB,puf_12_r4loopr4,pp_nonlocal4_high_per_res,0.2339855581521988
CP_structure17_XGB,puf_12_r4loopr4,pp_nonlocal12_per_res,0.0
CP_structure17_XGB,puf_12_r4loopr4,pp_nonlocal12_high_per_res,0.22561049461364746
CP_structure17_XGB,puf_12_r4loopr4,pp_nonlocal24_per_res,0.0
CP_structure17_XGB,puf_12_r4loopr4,pp_nonlocal24_high_per_res,0.3672483265399933
CP_structure17_XGB,puf_12_r4loopr4,plddt_protein_mean,0.0873689353466034
CP_structure17_XGB,puf_12_r4loopr4,pae_contact_weighted,0.08578667044639587
CP_structure17_XGB,puf_12_r4loopr4,Rg_full_length_normalized,0.0
CP_structure17_XGB,puf_12_r4r4,pr_cp_sum,0.0
CP_structure17_XGB,puf_12_r4r4,pr_cp_per_nt,0.0
CP_structure17_XGB,puf_12_r4r4,pr_top20_mean,0.0
CP_structure17_XGB,puf_12_r4r4,pr_rna_max_mean,0.0
CP_structure17_XGB,puf_12_r4r4,pr_rna_max_min,0.0
CP_structure17_XGB,puf_12_r4r4,pr_rna_coverage_05,0.0
CP_structure17_XGB,puf_12_r4r4,pr_protein_coverage_05,0.0
CP_structure17_XGB,puf_12_r4r4,pr_high_contacts_per_nt,0.0
CP_structure17_XGB,puf_12_r4r4,pp_nonlocal4_per_res,0.0
CP_structure17_XGB,puf_12_r4r4,pp_nonlocal4_high_per_res,0.2339855581521988
CP_structure17_XGB,puf_12_r4r4,pp_nonlocal12_per_res,0.0
CP_structure17_XGB,puf_12_r4r4,pp_nonlocal12_high_per_res,0.22561049461364746
CP_structure17_XGB,puf_12_r4r4,pp_nonlocal24_per_res,0.0
CP_structure17_XGB,puf_12_r4r4,pp_nonlocal24_high_per_res,0.3672483265399933
CP_structure17_XGB,puf_12_r4r4,plddt_protein_mean,0.0873689353466034
CP_structure17_XGB,puf_12_r4r4,pae_contact_weighted,0.08578667044639587
CP_structure17_XGB,puf_12_r4r4,Rg_full_length_normalized,0.0
CP_structure17_XGB,1_130_r123_r567_r567_r67_no_loop_8,pr_cp_sum,0.0
CP_structure17_XGB,1_130_r123_r567_r567_r67_no_loop_8,pr_cp_per_nt,0.0
CP_structure17_XGB,1_130_r123_r567_r567_r67_no_loop_8,pr_top20_mean,0.0
CP_structure17_XGB,1_130_r123_r567_r567_r67_no_loop_8,pr_rna_max_mean,0.0
CP_structure17_XGB,1_130_r123_r567_r567_r67_no_loop_8,pr_rna_max_min,0.0
CP_structure17_XGB,1_130_r123_r567_r567_r67_no_loop_8,pr_rna_coverage_05,0.0
CP_structure17_XGB,1_130_r123_r567_r567_r67_no_loop_8,pr_protein_coverage_05,0.0
CP_structure17_XGB,1_130_r123_r567_r567_r67_no_loop_8,pr_high_contacts_per_nt,0.0
CP_structure17_XGB,1_130_r123_r567_r567_r67_no_loop_8,pp_nonlocal4_per_res,0.0
CP_structure17_XGB,1_130_r123_r567_r567_r67_no_loop_8,pp_nonlocal4_high_per_res,0.27285027503967285
CP_structure17_XGB,1_130_r123_r567_r567_r67_no_loop_8,pp_nonlocal12_per_res,0.0
CP_structure17_XGB,1_130_r123_r567_r567_r67_no_loop_8,pp_nonlocal12_high_per_res,0.266940712928772
CP_structure17_XGB,1_130_r123_r567_r567_r67_no_loop_8,pp_nonlocal24_per_res,0.0
CP_structure17_XGB,1_130_r123_r567_r567_r67_no_loop_8,pp_nonlocal24_high_per_res,0.29438140988349915
CP_structure17_XGB,1_130_r123_r567_r567_r67_no_loop_8,plddt_protein_mean,0.16582757234573364
CP_structure17_XGB,1_130_r123_r567_r567_r67_no_loop_8,pae_contact_weighted,0.0
CP_structure17_XGB,1_130_r123_r567_r567_r67_no_loop_8,Rg_full_length_normalized,0.0
CP_structure17_XGB,2_130_r123_r567_r5loop67_r678,pr_cp_sum,0.0
CP_structure17_XGB,2_130_r123_r567_r5loop67_r678,pr_cp_per_nt,0.0
CP_structure17_XGB,2_130_r123_r567_r5loop67_r678,pr_top20_mean,0.0
CP_structure17_XGB,2_130_r123_r567_r5loop67_r678,pr_rna_max_mean,0.0
CP_structure17_XGB,2_130_r123_r567_r5loop67_r678,pr_rna_max_min,0.0
CP_structure17_XGB,2_130_r123_r567_r5loop67_r678,pr_rna_coverage_05,0.0
CP_structure17_XGB,2_130_r123_r567_r5loop67_r678,pr_protein_coverage_05,0.0
CP_structure17_XGB,2_130_r123_r567_r5loop67_r678,pr_high_contacts_per_nt,0.0
CP_structure17_XGB,2_130_r123_r567_r5loop67_r678,pp_nonlocal4_per_res,0.0
CP_structure17_XGB,2_130_r123_r567_r5loop67_r678,pp_nonlocal4_high_per_res,0.2339855581521988
CP_structure17_XGB,2_130_r123_r567_r5loop67_r678,pp_nonlocal12_per_res,0.0
CP_structure17_XGB,2_130_r123_r567_r5loop67_r678,pp_nonlocal12_high_per_res,0.22561049461364746
CP_structure17_XGB,2_130_r123_r567_r5loop67_r678,pp_nonlocal24_per_res,0.0
CP_structure17_XGB,2_130_r123_r567_r5loop67_r678,pp_nonlocal24_high_per_res,0.3672483265399933
CP_structure17_XGB,2_130_r123_r567_r5loop67_r678,plddt_protein_mean,0.0873689353466034
CP_structure17_XGB,2_130_r123_r567_r5loop67_r678,pae_contact_weighted,0.08578667044639587
CP_structure17_XGB,2_130_r123_r567_r5loop67_r678,Rg_full_length_normalized,0.0
CP_structure17_XGB,3_130_r123_r567_r56loop7_r678,pr_cp_sum,0.0
CP_structure17_XGB,3_130_r123_r567_r56loop7_r678,pr_cp_per_nt,0.0
CP_structure17_XGB,3_130_r123_r567_r56loop7_r678,pr_top20_mean,0.0
CP_structure17_XGB,3_130_r123_r567_r56loop7_r678,pr_rna_max_mean,0.0
CP_structure17_XGB,3_130_r123_r567_r56loop7_r678,pr_rna_max_min,0.0
CP_structure17_XGB,3_130_r123_r567_r56loop7_r678,pr_rna_coverage_05,0.0
CP_structure17_XGB,3_130_r123_r567_r56loop7_r678,pr_protein_coverage_05,0.0
CP_structure17_XGB,3_130_r123_r567_r56loop7_r678,pr_high_contacts_per_nt,0.0
CP_structure17_XGB,3_130_r123_r567_r56loop7_r678,pp_nonlocal4_per_res,0.0
CP_structure17_XGB,3_130_r123_r567_r56loop7_r678,pp_nonlocal4_high_per_res,0.2339855581521988
CP_structure17_XGB,3_130_r123_r567_r56loop7_r678,pp_nonlocal12_per_res,0.0
CP_structure17_XGB,3_130_r123_r567_r56loop7_r678,pp_nonlocal12_high_per_res,0.22561049461364746
CP_structure17_XGB,3_130_r123_r567_r56loop7_r678,pp_nonlocal24_per_res,0.0
CP_structure17_XGB,3_130_r123_r567_r56loop7_r678,pp_nonlocal24_high_per_res,0.3672483265399933
CP_structure17_XGB,3_130_r123_r567_r56loop7_r678,plddt_protein_mean,0.0873689353466034
CP_structure17_XGB,3_130_r123_r567_r56loop7_r678,pae_contact_weighted,0.08578667044639587
CP_structure17_XGB,3_130_r123_r567_r56loop7_r678,Rg_full_length_normalized,0.0
CP_structure17_XGB,4_130_r123_r567_r567_rloop678,pr_cp_sum,0.0
CP_structure17_XGB,4_130_r123_r567_r567_rloop678,pr_cp_per_nt,0.0
CP_structure17_XGB,4_130_r123_r567_r567_rloop678,pr_top20_mean,0.0
CP_structure17_XGB,4_130_r123_r567_r567_rloop678,pr_rna_max_mean,0.0
CP_structure17_XGB,4_130_r123_r567_r567_rloop678,pr_rna_max_min,0.0
CP_structure17_XGB,4_130_r123_r567_r567_rloop678,pr_rna_coverage_05,0.0
CP_structure17_XGB,4_130_r123_r567_r567_rloop678,pr_protein_coverage_05,0.0
CP_structure17_XGB,4_130_r123_r567_r567_rloop678,pr_high_contacts_per_nt,0.0
CP_structure17_XGB,4_130_r123_r567_r567_rloop678,pp_nonlocal4_per_res,0.0
CP_structure17_XGB,4_130_r123_r567_r567_rloop678,pp_nonlocal4_high_per_res,0.29122984409332275
CP_structure17_XGB,4_130_r123_r567_r567_rloop678,pp_nonlocal12_per_res,0.0
CP_structure17_XGB,4_130_r123_r567_r567_rloop678,pp_nonlocal12_high_per_res,0.28958797454833984
CP_structure17_XGB,4_130_r123_r567_r567_rloop678,pp_nonlocal24_per_res,0.0
CP_structure17_XGB,4_130_r123_r567_r567_rloop678,pp_nonlocal24_high_per_res,0.2925533950328827
CP_structure17_XGB,4_130_r123_r567_r567_rloop678,plddt_protein_mean,0.1266288310289383
CP_structure17_XGB,4_130_r123_r567_r567_rloop678,pae_contact_weighted,0.0
CP_structure17_XGB,4_130_r123_r567_r567_rloop678,Rg_full_length_normalized,0.0
CP_structure17_XGB,5_130_r123_r567_r567_r6loop78,pr_cp_sum,0.0
CP_structure17_XGB,5_130_r123_r567_r567_r6loop78,pr_cp_per_nt,0.0
CP_structure17_XGB,5_130_r123_r567_r567_r6loop78,pr_top20_mean,0.0
CP_structure17_XGB,5_130_r123_r567_r567_r6loop78,pr_rna_max_mean,0.0
CP_structure17_XGB,5_130_r123_r567_r567_r6loop78,pr_rna_max_min,0.0
CP_structure17_XGB,5_130_r123_r567_r567_r6loop78,pr_rna_coverage_05,0.0
CP_structure17_XGB,5_130_r123_r567_r567_r6loop78,pr_protein_coverage_05,0.0
CP_structure17_XGB,5_130_r123_r567_r567_r6loop78,pr_high_contacts_per_nt,0.0
CP_structure17_XGB,5_130_r123_r567_r567_r6loop78,pp_nonlocal4_per_res,0.0
CP_structure17_XGB,5_130_r123_r567_r567_r6loop78,pp_nonlocal4_high_per_res,0.2339855581521988
CP_structure17_XGB,5_130_r123_r567_r567_r6loop78,pp_nonlocal12_per_res,0.0
CP_structure17_XGB,5_130_r123_r567_r567_r6loop78,pp_nonlocal12_high_per_res,0.22561049461364746
CP_structure17_XGB,5_130_r123_r567_r567_r6loop78,pp_nonlocal24_per_res,0.0
CP_structure17_XGB,5_130_r123_r567_r567_r6loop78,pp_nonlocal24_high_per_res,0.3672483265399933
CP_structure17_XGB,5_130_r123_r567_r567_r6loop78,plddt_protein_mean,0.0873689353466034
CP_structure17_XGB,5_130_r123_r567_r567_r6loop78,pae_contact_weighted,0.08578667044639587
CP_structure17_XGB,5_130_r123_r567_r567_r6loop78,Rg_full_length_normalized,0.0
CP_structure17_XGB,7_130_r123_r567_r567_rloop67loop8,pr_cp_sum,0.0
CP_structure17_XGB,7_130_r123_r567_r567_rloop67loop8,pr_cp_per_nt,0.0
CP_structure17_XGB,7_130_r123_r567_r567_rloop67loop8,pr_top20_mean,0.0
CP_structure17_XGB,7_130_r123_r567_r567_rloop67loop8,pr_rna_max_mean,0.0
CP_structure17_XGB,7_130_r123_r567_r567_rloop67loop8,pr_rna_max_min,0.0
CP_structure17_XGB,7_130_r123_r567_r567_rloop67loop8,pr_rna_coverage_05,0.0
CP_structure17_XGB,7_130_r123_r567_r567_rloop67loop8,pr_protein_coverage_05,0.0
CP_structure17_XGB,7_130_r123_r567_r567_rloop67loop8,pr_high_contacts_per_nt,0.0
CP_structure17_XGB,7_130_r123_r567_r567_rloop67loop8,pp_nonlocal4_per_res,0.0
CP_structure17_XGB,7_130_r123_r567_r567_rloop67loop8,pp_nonlocal4_high_per_res,0.27235865592956543
CP_structure17_XGB,7_130_r123_r567_r567_rloop67loop8,pp_nonlocal12_per_res,0.0
CP_structure17_XGB,7_130_r123_r567_r567_rloop67loop8,pp_nonlocal12_high_per_res,0.26698434352874756
CP_structure17_XGB,7_130_r123_r567_r567_rloop67loop8,pp_nonlocal24_per_res,0.0
CP_structure17_XGB,7_130_r123_r567_r567_rloop67loop8,pp_nonlocal24_high_per_res,0.2914946675300598
CP_structure17_XGB,7_130_r123_r567_r567_rloop67loop8,plddt_protein_mean,0.1691623330116272
CP_structure17_XGB,7_130_r123_r567_r567_rloop67loop8,pae_contact_weighted,0.0
CP_structure17_XGB,7_130_r123_r567_r567_rloop67loop8,Rg_full_length_normalized,0.0
CP_structure17_XGB,8_130_r123_r567_r567_r6loop7loop8,pr_cp_sum,0.0
CP_structure17_XGB,8_130_r123_r567_r567_r6loop7loop8,pr_cp_per_nt,0.0
CP_structure17_XGB,8_130_r123_r567_r567_r6loop7loop8,pr_top20_mean,0.0
CP_structure17_XGB,8_130_r123_r567_r567_r6loop7loop8,pr_rna_max_mean,0.0
CP_structure17_XGB,8_130_r123_r567_r567_r6loop7loop8,pr_rna_max_min,0.0
CP_structure17_XGB,8_130_r123_r567_r567_r6loop7loop8,pr_rna_coverage_05,0.0
CP_structure17_XGB,8_130_r123_r567_r567_r6loop7loop8,pr_protein_coverage_05,0.0
CP_structure17_XGB,8_130_r123_r567_r567_r6loop7loop8,pr_high_contacts_per_nt,0.0
CP_structure17_XGB,8_130_r123_r567_r567_r6loop7loop8,pp_nonlocal4_per_res,0.0
CP_structure17_XGB,8_130_r123_r567_r567_r6loop7loop8,pp_nonlocal4_high_per_res,0.2601255476474762
CP_structure17_XGB,8_130_r123_r567_r567_r6loop7loop8,pp_nonlocal12_per_res,0.0
CP_structure17_XGB,8_130_r123_r567_r567_r6loop7loop8,pp_nonlocal12_high_per_res,0.1843130737543106
CP_structure17_XGB,8_130_r123_r567_r567_r6loop7loop8,pp_nonlocal24_per_res,0.0
CP_structure17_XGB,8_130_r123_r567_r567_r6loop7loop8,pp_nonlocal24_high_per_res,0.37017950415611267
CP_structure17_XGB,8_130_r123_r567_r567_r6loop7loop8,plddt_protein_mean,0.08132455497980118
CP_structure17_XGB,8_130_r123_r567_r567_r6loop7loop8,pae_contact_weighted,0.10405733436346054
CP_structure17_XGB,8_130_r123_r567_r567_r6loop7loop8,Rg_full_length_normalized,0.0
CP_structure17_XGB,12_130_r123456654loop328,pr_cp_sum,0.0
CP_structure17_XGB,12_130_r123456654loop328,pr_cp_per_nt,0.0
CP_structure17_XGB,12_130_r123456654loop328,pr_top20_mean,0.0
CP_structure17_XGB,12_130_r123456654loop328,pr_rna_max_mean,0.0
CP_structure17_XGB,12_130_r123456654loop328,pr_rna_max_min,0.0
CP_structure17_XGB,12_130_r123456654loop328,pr_rna_coverage_05,0.0
CP_structure17_XGB,12_130_r123456654loop328,pr_protein_coverage_05,0.0
CP_structure17_XGB,12_130_r123456654loop328,pr_high_contacts_per_nt,0.0
CP_structure17_XGB,12_130_r123456654loop328,pp_nonlocal4_per_res,0.0
CP_structure17_XGB,12_130_r123456654loop328,pp_nonlocal4_high_per_res,0.2656041979789734
CP_structure17_XGB,12_130_r123456654loop328,pp_nonlocal12_per_res,0.0
CP_structure17_XGB,12_130_r123456654loop328,pp_nonlocal12_high_per_res,0.25885501503944397
CP_structure17_XGB,12_130_r123456654loop328,pp_nonlocal24_per_res,0.0
CP_structure17_XGB,12_130_r123456654loop328,pp_nonlocal24_high_per_res,0.30037304759025574
CP_structure17_XGB,12_130_r123456654loop328,plddt_protein_mean,0.09746845811605453
CP_structure17_XGB,12_130_r123456654loop328,pae_contact_weighted,0.07769931107759476
CP_structure17_XGB,12_130_r123456654loop328,Rg_full_length_normalized,0.0
CP_structure17_XGB,13_130_r12345665432loop8,pr_cp_sum,0.0
CP_structure17_XGB,13_130_r12345665432loop8,pr_cp_per_nt,0.0
CP_structure17_XGB,13_130_r12345665432loop8,pr_top20_mean,0.0
CP_structure17_XGB,13_130_r12345665432loop8,pr_rna_max_mean,0.0
CP_structure17_XGB,13_130_r12345665432loop8,pr_rna_max_min,0.0
CP_structure17_XGB,13_130_r12345665432loop8,pr_rna_coverage_05,0.0
CP_structure17_XGB,13_130_r12345665432loop8,pr_protein_coverage_05,0.0
CP_structure17_XGB,13_130_r12345665432loop8,pr_high_contacts_per_nt,0.0
CP_structure17_XGB,13_130_r12345665432loop8,pp_nonlocal4_per_res,0.0
CP_structure17_XGB,13_130_r12345665432loop8,pp_nonlocal4_high_per_res,0.2339855581521988
CP_structure17_XGB,13_130_r12345665432loop8,pp_nonlocal12_per_res,0.0
CP_structure17_XGB,13_130_r12345665432loop8,pp_nonlocal12_high_per_res,0.22561049461364746
CP_structure17_XGB,13_130_r12345665432loop8,pp_nonlocal24_per_res,0.0
CP_structure17_XGB,13_130_r12345665432loop8,pp_nonlocal24_high_per_res,0.3672483265399933
CP_structure17_XGB,13_130_r12345665432loop8,plddt_protein_mean,0.0873689353466034
CP_structure17_XGB,13_130_r12345665432loop8,pae_contact_weighted,0.08578667044639587
CP_structure17_XGB,13_130_r12345665432loop8,Rg_full_length_normalized,0.0
CP_structure17_XGB,14_130_r123456734loop568,pr_cp_sum,0.0
CP_structure17_XGB,14_130_r123456734loop568,pr_cp_per_nt,0.0
CP_structure17_XGB,14_130_r123456734loop568,pr_top20_mean,0.0
CP_structure17_XGB,14_130_r123456734loop568,pr_rna_max_mean,0.0
CP_structure17_XGB,14_130_r123456734loop568,pr_rna_max_min,0.0
CP_structure17_XGB,14_130_r123456734loop568,pr_rna_coverage_05,0.0
CP_structure17_XGB,14_130_r123456734loop568,pr_protein_coverage_05,0.0
CP_structure17_XGB,14_130_r123456734loop568,pr_high_contacts_per_nt,0.0
CP_structure17_XGB,14_130_r123456734loop568,pp_nonlocal4_per_res,0.0
CP_structure17_XGB,14_130_r123456734loop568,pp_nonlocal4_high_per_res,0.2339855581521988
CP_structure17_XGB,14_130_r123456734loop568,pp_nonlocal12_per_res,0.0
CP_structure17_XGB,14_130_r123456734loop568,pp_nonlocal12_high_per_res,0.22561049461364746
CP_structure17_XGB,14_130_r123456734loop568,pp_nonlocal24_per_res,0.0
CP_structure17_XGB,14_130_r123456734loop568,pp_nonlocal24_high_per_res,0.3672483265399933
CP_structure17_XGB,14_130_r123456734loop568,plddt_protein_mean,0.0873689353466034
CP_structure17_XGB,14_130_r123456734loop568,pae_contact_weighted,0.08578667044639587
CP_structure17_XGB,14_130_r123456734loop568,Rg_full_length_normalized,0.0
CP_structure17_XGB,15_130_r12345673456loop8,pr_cp_sum,0.0
CP_structure17_XGB,15_130_r12345673456loop8,pr_cp_per_nt,0.0
CP_structure17_XGB,15_130_r12345673456loop8,pr_top20_mean,0.0
CP_structure17_XGB,15_130_r12345673456loop8,pr_rna_max_mean,0.0
CP_structure17_XGB,15_130_r12345673456loop8,pr_rna_max_min,0.0
CP_structure17_XGB,15_130_r12345673456loop8,pr_rna_coverage_05,0.0
CP_structure17_XGB,15_130_r12345673456loop8,pr_protein_coverage_05,0.0
CP_structure17_XGB,15_130_r12345673456loop8,pr_high_contacts_per_nt,0.0
CP_structure17_XGB,15_130_r12345673456loop8,pp_nonlocal4_per_res,0.0
CP_structure17_XGB,15_130_r12345673456loop8,pp_nonlocal4_high_per_res,0.2339855581521988
CP_structure17_XGB,15_130_r12345673456loop8,pp_nonlocal12_per_res,0.0
CP_structure17_XGB,15_130_r12345673456loop8,pp_nonlocal12_high_per_res,0.22561049461364746
CP_structure17_XGB,15_130_r12345673456loop8,pp_nonlocal24_per_res,0.0
CP_structure17_XGB,15_130_r12345673456loop8,pp_nonlocal24_high_per_res,0.3672483265399933
CP_structure17_XGB,15_130_r12345673456loop8,plddt_protein_mean,0.0873689353466034
CP_structure17_XGB,15_130_r12345673456loop8,pae_contact_weighted,0.08578667044639587
CP_structure17_XGB,15_130_r12345673456loop8,Rg_full_length_normalized,0.0
CP_structure17_XGB,16_130_r12365673156loop8,pr_cp_sum,0.0
CP_structure17_XGB,16_130_r12365673156loop8,pr_cp_per_nt,0.0
CP_structure17_XGB,16_130_r12365673156loop8,pr_top20_mean,0.0
CP_structure17_XGB,16_130_r12365673156loop8,pr_rna_max_mean,0.0
CP_structure17_XGB,16_130_r12365673156loop8,pr_rna_max_min,0.0
CP_structure17_XGB,16_130_r12365673156loop8,pr_rna_coverage_05,0.0
CP_structure17_XGB,16_130_r12365673156loop8,pr_protein_coverage_05,0.0
CP_structure17_XGB,16_130_r12365673156loop8,pr_high_contacts_per_nt,0.0
CP_structure17_XGB,16_130_r12365673156loop8,pp_nonlocal4_per_res,0.0
CP_structure17_XGB,16_130_r12365673156loop8,pp_nonlocal4_high_per_res,0.2339855581521988
CP_structure17_XGB,16_130_r12365673156loop8,pp_nonlocal12_per_res,0.0
CP_structure17_XGB,16_130_r12365673156loop8,pp_nonlocal12_high_per_res,0.22561049461364746
CP_structure17_XGB,16_130_r12365673156loop8,pp_nonlocal24_per_res,0.0
CP_structure17_XGB,16_130_r12365673156loop8,pp_nonlocal24_high_per_res,0.3672483265399933
CP_structure17_XGB,16_130_r12365673156loop8,plddt_protein_mean,0.0873689353466034
CP_structure17_XGB,16_130_r12365673156loop8,pae_contact_weighted,0.08578667044639587
CP_structure17_XGB,16_130_r12365673156loop8,Rg_full_length_normalized,0.0
