C388_threshold,model,validation,construct,rate,y,score
0.05,CP3_LR,LOCO,P4-R5-ETD,0.0,0,0.39852514766300573
0.05,CP3_LR,LOCO,P4-R5-SHE,0.616825,1,0.24788082325204416
0.05,CP3_LR,LOCO,P4-R5-SHE+P7-R5-SHE,0.7531399999999999,1,0.25147890452789395
0.05,CP3_LR,LOCO,P4-R5-SNE,0.7430950000000001,1,0.6291459492697641
0.05,CP3_LR,LOCO,P4-R5-SNE+P7-R5-SNE,0.80335,1,0.20267507531130255
0.05,CP3_LR,LOCO,P4-R5-SWD+P7-R5-SWD,0.518925,1,0.5577719320647198
0.05,CP3_LR,LOCO,P4-R5-THE+P7-R5-THE,0.68814,1,0.6048914609174162
0.05,CP3_LR,LOCO,P4-R5-YTH+P7-R5-YTH,0.0,0,0.3438440717769254
0.05,CP3_LR,LOCO,P4-R5-YYE+P7-P5-YYE,0.0866649999999999,1,0.5123809426373871
0.05,CP3_LR,LOCO,P5-R6-AYE,0.55629,1,0.7817676915138375
0.05,CP3_LR,LOCO,P5-R6-DFE,0.32484,1,0.3954759807606593
0.05,CP3_LR,LOCO,P5-R6-FWD,0.37332,1,0.4690359912686829
0.05,CP3_LR,LOCO,P5-R6-LRD,0.23336,1,0.8262767402269635
0.05,CP3_LR,LOCO,P5-R6-NYE,0.57387,1,0.4375305256663551
0.05,CP3_LR,LOCO,P5-R6-SFE,0.6291599999999999,1,0.6434659021778718
0.05,CP3_LR,LOCO,P5-R6-SWD,0.666435,1,0.5411205497779343
0.05,CP3_LR,LOCO,P5-R6-SYQ,0.591215,1,0.5840557650616439
0.05,CP3_LR,LOCO,P5-R6-THN,0.529215,1,0.4568465401614449
0.05,CP3_LR,LOCO,P5-R6-TTE,0.348885,1,0.4611017600245591
0.05,CP3_LR,LOCO,P5-R6-TWD,0.59784,1,0.7882348736506026
0.05,CP3_LR,LOCO,P5-R6-TYE,0.44306,1,0.48028205067423035
0.05,CP3_LR,LOCO,P5-R6-VFN,0.5554349999999999,1,0.6607497106882508
0.05,CP3_LR,LOCO,P6-R7-MHQ,0.2532999999999999,1,0.17668604183248238
0.05,CP3_LR,LOCO,P6-R7-QFW,0.67784,1,0.8670572715906212
0.05,CP3_LR,LOCO,P6-R7-QRW,0.60431,1,0.7083317798462201
0.05,CP3_LR,LOCO,P6-R7-TRQ,0.657745,1,0.5833925876891526
0.05,CP3_LR,LOCO,P6-R7-WFD,0.70041,1,0.5645523125437328
0.05,CP3_LR,LOCO,P6-R7-WFQ,0.651535,1,0.560638701437247
0.05,CP3_LR,LOCO,P7-R5-SYVIRR,0.79377,1,0.5263338557193099
0.05,CP3_LR,LOCO,P8-R6-GVE,0.658565,1,0.5548579376229434
0.05,CP3_LR,LOCO,PUF12-9,0.7256100000000001,1,0.5044637481400035
0.05,CP3_LR,mutation_group_out,P4-R5-ETD,0.0,0,0.38946894442688773
0.05,CP3_LR,mutation_group_out,P4-R5-SHE,0.616825,1,0.2545313106914378
0.05,CP3_LR,mutation_group_out,P4-R5-SHE+P7-R5-SHE,0.7531399999999999,1,0.2570733192594144
0.05,CP3_LR,mutation_group_out,P4-R5-SNE,0.7430950000000001,1,0.6378019370602027
0.05,CP3_LR,mutation_group_out,P4-R5-SNE+P7-R5-SNE,0.80335,1,0.2211264811491468
0.05,CP3_LR,mutation_group_out,P4-R5-SWD+P7-R5-SWD,0.518925,1,0.521109685846248
0.05,CP3_LR,mutation_group_out,P4-R5-THE+P7-R5-THE,0.68814,1,0.5722595673971057
0.05,CP3_LR,mutation_group_out,P4-R5-YTH+P7-R5-YTH,0.0,0,0.31715504178266163
0.05,CP3_LR,mutation_group_out,P4-R5-YYE+P7-P5-YYE,0.0866649999999999,1,0.47825535714894196
0.05,CP3_LR,mutation_group_out,P5-R6-AYE,0.55629,1,0.677094539572988
0.05,CP3_LR,mutation_group_out,P5-R6-DFE,0.32484,1,0.4488840868917609
0.05,CP3_LR,mutation_group_out,P5-R6-FWD,0.37332,1,0.49141944111377533
0.05,CP3_LR,mutation_group_out,P5-R6-LRD,0.23336,1,0.7020184499049604
0.05,CP3_LR,mutation_group_out,P5-R6-NYE,0.57387,1,0.4761594201378452
0.05,CP3_LR,mutation_group_out,P5-R6-SFE,0.6291599999999999,1,0.5967666142731758
0.05,CP3_LR,mutation_group_out,P5-R6-SWD,0.666435,1,0.5308220278824244
0.05,CP3_LR,mutation_group_out,P5-R6-SYQ,0.591215,1,0.561639805296795
0.05,CP3_LR,mutation_group_out,P5-R6-THN,0.529215,1,0.4811042407451936
0.05,CP3_LR,mutation_group_out,P5-R6-TTE,0.348885,1,0.4837092034533188
0.05,CP3_LR,mutation_group_out,P5-R6-TWD,0.59784,1,0.6711149513648833
0.05,CP3_LR,mutation_group_out,P5-R6-TYE,0.44306,1,0.501741952814869
0.05,CP3_LR,mutation_group_out,P5-R6-VFN,0.5554349999999999,1,0.6001487308277529
0.05,CP3_LR,mutation_group_out,P6-R7-MHQ,0.2532999999999999,1,0.21534661512175307
0.05,CP3_LR,mutation_group_out,P6-R7-QFW,0.67784,1,0.8531498750976552
0.05,CP3_LR,mutation_group_out,P6-R7-QRW,0.60431,1,0.7138844564193267
0.05,CP3_LR,mutation_group_out,P6-R7-TRQ,0.657745,1,0.5947177039261612
0.05,CP3_LR,mutation_group_out,P6-R7-WFD,0.70041,1,0.5732159916654431
0.05,CP3_LR,mutation_group_out,P6-R7-WFQ,0.651535,1,0.5709376903417236
0.05,CP3_LR,mutation_group_out,P7-R5-SYVIRR,0.79377,1,0.5263338557193099
0.05,CP3_LR,mutation_group_out,P8-R6-GVE,0.658565,1,0.5548579376229434
0.05,CP3_LR,mutation_group_out,PUF12-9,0.7256100000000001,1,0.5044637481400035
0.05,CP_Structure9_LR,LOCO,P4-R5-ETD,0.0,0,0.5124667402888201
0.05,CP_Structure9_LR,LOCO,P4-R5-SHE,0.616825,1,0.5663140657065856
0.05,CP_Structure9_LR,LOCO,P4-R5-SHE+P7-R5-SHE,0.7531399999999999,1,0.3848515835888915
0.05,CP_Structure9_LR,LOCO,P4-R5-SNE,0.7430950000000001,1,0.7547301514484731
0.05,CP_Structure9_LR,LOCO,P4-R5-SNE+P7-R5-SNE,0.80335,1,0.40677578584372504
0.05,CP_Structure9_LR,LOCO,P4-R5-SWD+P7-R5-SWD,0.518925,1,0.45753997311714256
0.05,CP_Structure9_LR,LOCO,P4-R5-THE+P7-R5-THE,0.68814,1,0.8110590511076919
0.05,CP_Structure9_LR,LOCO,P4-R5-YTH+P7-R5-YTH,0.0,0,0.14789938804729102
0.05,CP_Structure9_LR,LOCO,P4-R5-YYE+P7-P5-YYE,0.0866649999999999,1,0.561245819404238
0.05,CP_Structure9_LR,LOCO,P5-R6-AYE,0.55629,1,0.8503585554786085
0.05,CP_Structure9_LR,LOCO,P5-R6-DFE,0.32484,1,0.5368600964566542
0.05,CP_Structure9_LR,LOCO,P5-R6-FWD,0.37332,1,0.5036920374017595
0.05,CP_Structure9_LR,LOCO,P5-R6-LRD,0.23336,1,0.3223035854347109
0.05,CP_Structure9_LR,LOCO,P5-R6-NYE,0.57387,1,0.47944801449610175
0.05,CP_Structure9_LR,LOCO,P5-R6-SFE,0.6291599999999999,1,0.7405746035161113
0.05,CP_Structure9_LR,LOCO,P5-R6-SWD,0.666435,1,0.6991965060950556
0.05,CP_Structure9_LR,LOCO,P5-R6-SYQ,0.591215,1,0.688045241135803
0.05,CP_Structure9_LR,LOCO,P5-R6-THN,0.529215,1,0.5903905028604255
0.05,CP_Structure9_LR,LOCO,P5-R6-TTE,0.348885,1,0.5241229460612563
0.05,CP_Structure9_LR,LOCO,P5-R6-TWD,0.59784,1,0.6406635809149951
0.05,CP_Structure9_LR,LOCO,P5-R6-TYE,0.44306,1,0.6089089275544207
0.05,CP_Structure9_LR,LOCO,P5-R6-VFN,0.5554349999999999,1,0.5210689420845578
0.05,CP_Structure9_LR,LOCO,P6-R7-MHQ,0.2532999999999999,1,0.14049839214001753
0.05,CP_Structure9_LR,LOCO,P6-R7-QFW,0.67784,1,0.7419805654119818
0.05,CP_Structure9_LR,LOCO,P6-R7-QRW,0.60431,1,0.6378134433091501
0.05,CP_Structure9_LR,LOCO,P6-R7-TRQ,0.657745,1,0.6028970560003908
0.05,CP_Structure9_LR,LOCO,P6-R7-WFD,0.70041,1,0.4852719845031049
0.05,CP_Structure9_LR,LOCO,P6-R7-WFQ,0.651535,1,0.4410591889023153
0.05,CP_Structure9_LR,LOCO,P7-R5-SYVIRR,0.79377,1,0.4613961258453302
0.05,CP_Structure9_LR,LOCO,P8-R6-GVE,0.658565,1,0.8064571628390124
0.05,CP_Structure9_LR,LOCO,PUF12-9,0.7256100000000001,1,0.4751614351088306
0.05,CP_Structure9_LR,mutation_group_out,P4-R5-ETD,0.0,0,0.5199573862622523
0.05,CP_Structure9_LR,mutation_group_out,P4-R5-SHE,0.616825,1,0.767463252174011
0.05,CP_Structure9_LR,mutation_group_out,P4-R5-SHE+P7-R5-SHE,0.7531399999999999,1,0.28590990290946017
0.05,CP_Structure9_LR,mutation_group_out,P4-R5-SNE,0.7430950000000001,1,0.7751825567665654
0.05,CP_Structure9_LR,mutation_group_out,P4-R5-SNE+P7-R5-SNE,0.80335,1,0.2850284996945809
0.05,CP_Structure9_LR,mutation_group_out,P4-R5-SWD+P7-R5-SWD,0.518925,1,0.45553947503106623
0.05,CP_Structure9_LR,mutation_group_out,P4-R5-THE+P7-R5-THE,0.68814,1,0.6562178954173709
0.05,CP_Structure9_LR,mutation_group_out,P4-R5-YTH+P7-R5-YTH,0.0,0,0.17480525329373833
0.05,CP_Structure9_LR,mutation_group_out,P4-R5-YYE+P7-P5-YYE,0.0866649999999999,1,0.48005248006909773
0.05,CP_Structure9_LR,mutation_group_out,P5-R6-AYE,0.55629,1,0.7706342649502989
0.05,CP_Structure9_LR,mutation_group_out,P5-R6-DFE,0.32484,1,0.56471452959565
0.05,CP_Structure9_LR,mutation_group_out,P5-R6-FWD,0.37332,1,0.4846244286242645
0.05,CP_Structure9_LR,mutation_group_out,P5-R6-LRD,0.23336,1,0.3103511599439212
0.05,CP_Structure9_LR,mutation_group_out,P5-R6-NYE,0.57387,1,0.4984739620608782
0.05,CP_Structure9_LR,mutation_group_out,P5-R6-SFE,0.6291599999999999,1,0.6964364673707286
0.05,CP_Structure9_LR,mutation_group_out,P5-R6-SWD,0.666435,1,0.6749213281286524
0.05,CP_Structure9_LR,mutation_group_out,P5-R6-SYQ,0.591215,1,0.6523301859390959
0.05,CP_Structure9_LR,mutation_group_out,P5-R6-THN,0.529215,1,0.5717016694179068
0.05,CP_Structure9_LR,mutation_group_out,P5-R6-TTE,0.348885,1,0.5062176759960776
0.05,CP_Structure9_LR,mutation_group_out,P5-R6-TWD,0.59784,1,0.5071967359412656
0.05,CP_Structure9_LR,mutation_group_out,P5-R6-TYE,0.44306,1,0.6206166910060857
0.05,CP_Structure9_LR,mutation_group_out,P5-R6-VFN,0.5554349999999999,1,0.5651872788634333
0.05,CP_Structure9_LR,mutation_group_out,P6-R7-MHQ,0.2532999999999999,1,0.16300043635650963
0.05,CP_Structure9_LR,mutation_group_out,P6-R7-QFW,0.67784,1,0.7062091713571488
0.05,CP_Structure9_LR,mutation_group_out,P6-R7-QRW,0.60431,1,0.6125021477590533
0.05,CP_Structure9_LR,mutation_group_out,P6-R7-TRQ,0.657745,1,0.5743345057185556
0.05,CP_Structure9_LR,mutation_group_out,P6-R7-WFD,0.70041,1,0.4629988470890584
0.05,CP_Structure9_LR,mutation_group_out,P6-R7-WFQ,0.651535,1,0.40442213327640875
0.05,CP_Structure9_LR,mutation_group_out,P7-R5-SYVIRR,0.79377,1,0.4613961258453302
0.05,CP_Structure9_LR,mutation_group_out,P8-R6-GVE,0.658565,1,0.8064571628390124
0.05,CP_Structure9_LR,mutation_group_out,PUF12-9,0.7256100000000001,1,0.4751614351088306
0.05,CP3_RF,LOCO,P4-R5-ETD,0.0,0,0.8354145614947136
0.05,CP3_RF,LOCO,P4-R5-SHE,0.616825,1,0.2670210928924794
0.05,CP3_RF,LOCO,P4-R5-SHE+P7-R5-SHE,0.7531399999999999,1,0.2768456542959881
0.05,CP3_RF,LOCO,P4-R5-SNE,0.7430950000000001,1,1.0
0.05,CP3_RF,LOCO,P4-R5-SNE+P7-R5-SNE,0.80335,1,0.26319386764933717
0.05,CP3_RF,LOCO,P4-R5-SWD+P7-R5-SWD,0.518925,1,1.0
0.05,CP3_RF,LOCO,P4-R5-THE+P7-R5-THE,0.68814,1,1.0
0.05,CP3_RF,LOCO,P4-R5-YTH+P7-R5-YTH,0.0,0,0.39737871600265257
0.05,CP3_RF,LOCO,P4-R5-YYE+P7-P5-YYE,0.0866649999999999,1,0.9823847167325428
0.05,CP3_RF,LOCO,P5-R6-AYE,0.55629,1,1.0
0.05,CP3_RF,LOCO,P5-R6-DFE,0.32484,1,0.6833086390599397
0.05,CP3_RF,LOCO,P5-R6-FWD,0.37332,1,0.9915151515151516
0.05,CP3_RF,LOCO,P5-R6-LRD,0.23336,1,1.0
0.05,CP3_RF,LOCO,P5-R6-NYE,0.57387,1,0.3363700872994461
0.05,CP3_RF,LOCO,P5-R6-SFE,0.6291599999999999,1,1.0
0.05,CP3_RF,LOCO,P5-R6-SWD,0.666435,1,1.0
0.05,CP3_RF,LOCO,P5-R6-SYQ,0.591215,1,1.0
0.05,CP3_RF,LOCO,P5-R6-THN,0.529215,1,0.890972336892151
0.05,CP3_RF,LOCO,P5-R6-TTE,0.348885,1,0.7178292722125815
0.05,CP3_RF,LOCO,P5-R6-TWD,0.59784,1,1.0
0.05,CP3_RF,LOCO,P5-R6-TYE,0.44306,1,1.0
0.05,CP3_RF,LOCO,P5-R6-VFN,0.5554349999999999,1,1.0
0.05,CP3_RF,LOCO,P6-R7-MHQ,0.2532999999999999,1,0.26543985445154705
0.05,CP3_RF,LOCO,P6-R7-QFW,0.67784,1,1.0
0.05,CP3_RF,LOCO,P6-R7-QRW,0.60431,1,1.0
0.05,CP3_RF,LOCO,P6-R7-TRQ,0.657745,1,0.9825670498084291
0.05,CP3_RF,LOCO,P6-R7-WFD,0.70041,1,1.0
0.05,CP3_RF,LOCO,P6-R7-WFQ,0.651535,1,0.9806896551724138
0.05,CP3_RF,LOCO,P7-R5-SYVIRR,0.79377,1,0.9628714733542318
0.05,CP3_RF,LOCO,P8-R6-GVE,0.658565,1,0.972526645768025
0.05,CP3_RF,LOCO,PUF12-9,0.7256100000000001,1,1.0
0.05,CP3_RF,mutation_group_out,P4-R5-ETD,0.0,0,0.8718620844671899
0.05,CP3_RF,mutation_group_out,P4-R5-SHE,0.616825,1,0.42792218732639925
0.05,CP3_RF,mutation_group_out,P4-R5-SHE+P7-R5-SHE,0.7531399999999999,1,0.3664309282021289
0.05,CP3_RF,mutation_group_out,P4-R5-SNE,0.7430950000000001,1,0.9908474576271186
0.05,CP3_RF,mutation_group_out,P4-R5-SNE+P7-R5-SNE,0.80335,1,0.3664309282021289
0.05,CP3_RF,mutation_group_out,P4-R5-SWD+P7-R5-SWD,0.518925,1,0.9905882352941177
0.05,CP3_RF,mutation_group_out,P4-R5-THE+P7-R5-THE,0.68814,1,1.0
0.05,CP3_RF,mutation_group_out,P4-R5-YTH+P7-R5-YTH,0.0,0,0.3664309282021289
0.05,CP3_RF,mutation_group_out,P4-R5-YYE+P7-P5-YYE,0.0866649999999999,1,0.9542508347636138
0.05,CP3_RF,mutation_group_out,P5-R6-AYE,0.55629,1,1.0
0.05,CP3_RF,mutation_group_out,P5-R6-DFE,0.32484,1,0.3238362455009897
0.05,CP3_RF,mutation_group_out,P5-R6-FWD,0.37332,1,0.7228481128141331
0.05,CP3_RF,mutation_group_out,P5-R6-LRD,0.23336,1,1.0
0.05,CP3_RF,mutation_group_out,P5-R6-NYE,0.57387,1,0.3710331295399791
0.05,CP3_RF,mutation_group_out,P5-R6-SFE,0.6291599999999999,1,1.0
0.05,CP3_RF,mutation_group_out,P5-R6-SWD,0.666435,1,0.9688298368298369
0.05,CP3_RF,mutation_group_out,P5-R6-SYQ,0.591215,1,0.9927272727272728
0.05,CP3_RF,mutation_group_out,P5-R6-THN,0.529215,1,0.7144270601825542
0.05,CP3_RF,mutation_group_out,P5-R6-TTE,0.348885,1,0.6257850949090098
0.05,CP3_RF,mutation_group_out,P5-R6-TWD,0.59784,1,1.0
0.05,CP3_RF,mutation_group_out,P5-R6-TYE,0.44306,1,0.9422439782439784
0.05,CP3_RF,mutation_group_out,P5-R6-VFN,0.5554349999999999,1,1.0
0.05,CP3_RF,mutation_group_out,P6-R7-MHQ,0.2532999999999999,1,0.29969348431864173
0.05,CP3_RF,mutation_group_out,P6-R7-QFW,0.67784,1,1.0
0.05,CP3_RF,mutation_group_out,P6-R7-QRW,0.60431,1,1.0
0.05,CP3_RF,mutation_group_out,P6-R7-TRQ,0.657745,1,0.9542340165378522
0.05,CP3_RF,mutation_group_out,P6-R7-WFD,0.70041,1,1.0
0.05,CP3_RF,mutation_group_out,P6-R7-WFQ,0.651535,1,0.9542340165378522
0.05,CP3_RF,mutation_group_out,P7-R5-SYVIRR,0.79377,1,0.9628714733542318
0.05,CP3_RF,mutation_group_out,P8-R6-GVE,0.658565,1,0.972526645768025
0.05,CP3_RF,mutation_group_out,PUF12-9,0.7256100000000001,1,1.0
0.05,CP_Structure9_RF,LOCO,P4-R5-ETD,0.0,0,0.9713118279569892
0.05,CP_Structure9_RF,LOCO,P4-R5-SHE,0.616825,1,0.4441395358131722
0.05,CP_Structure9_RF,LOCO,P4-R5-SHE+P7-R5-SHE,0.7531399999999999,1,0.44515697767363727
0.05,CP_Structure9_RF,LOCO,P4-R5-SNE,0.7430950000000001,1,0.9387101230086712
0.05,CP_Structure9_RF,LOCO,P4-R5-SNE+P7-R5-SNE,0.80335,1,0.42212277756187
0.05,CP_Structure9_RF,LOCO,P4-R5-SWD+P7-R5-SWD,0.518925,1,0.9000973359354757
0.05,CP_Structure9_RF,LOCO,P4-R5-THE+P7-R5-THE,0.68814,1,1.0
0.05,CP_Structure9_RF,LOCO,P4-R5-YTH+P7-R5-YTH,0.0,0,0.4323991441737976
0.05,CP_Structure9_RF,LOCO,P4-R5-YYE+P7-P5-YYE,0.0866649999999999,1,0.8661077157452245
0.05,CP_Structure9_RF,LOCO,P5-R6-AYE,0.55629,1,0.9660633971291867
0.05,CP_Structure9_RF,LOCO,P5-R6-DFE,0.32484,1,0.7273143616781289
0.05,CP_Structure9_RF,LOCO,P5-R6-FWD,0.37332,1,0.8903648809696654
0.05,CP_Structure9_RF,LOCO,P5-R6-LRD,0.23336,1,0.7953412928357896
0.05,CP_Structure9_RF,LOCO,P5-R6-NYE,0.57387,1,0.4164972218348402
0.05,CP_Structure9_RF,LOCO,P5-R6-SFE,0.6291599999999999,1,1.0
0.05,CP_Structure9_RF,LOCO,P5-R6-SWD,0.666435,1,0.9906666666666666
0.05,CP_Structure9_RF,LOCO,P5-R6-SYQ,0.591215,1,1.0
0.05,CP_Structure9_RF,LOCO,P5-R6-THN,0.529215,1,0.9102399494973318
0.05,CP_Structure9_RF,LOCO,P5-R6-TTE,0.348885,1,0.7454814037416106
0.05,CP_Structure9_RF,LOCO,P5-R6-TWD,0.59784,1,0.894250468660067
0.05,CP_Structure9_RF,LOCO,P5-R6-TYE,0.44306,1,0.9906666666666666
0.05,CP_Structure9_RF,LOCO,P5-R6-VFN,0.5554349999999999,1,0.813234539534712
0.05,CP_Structure9_RF,LOCO,P6-R7-MHQ,0.2532999999999999,1,0.34768062794814936
0.05,CP_Structure9_RF,LOCO,P6-R7-QFW,0.67784,1,0.868874868563746
0.05,CP_Structure9_RF,LOCO,P6-R7-QRW,0.60431,1,0.8923942006269592
0.05,CP_Structure9_RF,LOCO,P6-R7-TRQ,0.657745,1,0.9312337164750957
0.05,CP_Structure9_RF,LOCO,P6-R7-WFD,0.70041,1,0.8658488937117806
0.05,CP_Structure9_RF,LOCO,P6-R7-WFQ,0.651535,1,0.8816878662306792
0.05,CP_Structure9_RF,LOCO,P7-R5-SYVIRR,0.79377,1,0.8757841477743102
0.05,CP_Structure9_RF,LOCO,P8-R6-GVE,0.658565,1,0.9728448275862069
0.05,CP_Structure9_RF,LOCO,PUF12-9,0.7256100000000001,1,0.906506154700282
0.05,CP_Structure9_RF,mutation_group_out,P4-R5-ETD,0.0,0,0.9720689655172414
0.05,CP_Structure9_RF,mutation_group_out,P4-R5-SHE,0.616825,1,0.9071847290640395
0.05,CP_Structure9_RF,mutation_group_out,P4-R5-SHE+P7-R5-SHE,0.7531399999999999,1,0.4198184106768326
0.05,CP_Structure9_RF,mutation_group_out,P4-R5-SNE,0.7430950000000001,1,0.9421838657810823
0.05,CP_Structure9_RF,mutation_group_out,P4-R5-SNE+P7-R5-SNE,0.80335,1,0.4198184106768326
0.05,CP_Structure9_RF,mutation_group_out,P4-R5-SWD+P7-R5-SWD,0.518925,1,0.9460662269679071
0.05,CP_Structure9_RF,mutation_group_out,P4-R5-THE+P7-R5-THE,0.68814,1,0.9917241379310344
0.05,CP_Structure9_RF,mutation_group_out,P4-R5-YTH+P7-R5-YTH,0.0,0,0.3738425346898577
0.05,CP_Structure9_RF,mutation_group_out,P4-R5-YYE+P7-P5-YYE,0.0866649999999999,1,0.9181724033910648
0.05,CP_Structure9_RF,mutation_group_out,P5-R6-AYE,0.55629,1,0.931052059052059
0.05,CP_Structure9_RF,mutation_group_out,P5-R6-DFE,0.32484,1,0.6832563666548574
0.05,CP_Structure9_RF,mutation_group_out,P5-R6-FWD,0.37332,1,0.5524485477108158
0.05,CP_Structure9_RF,mutation_group_out,P5-R6-LRD,0.23336,1,0.6771704769377455
0.05,CP_Structure9_RF,mutation_group_out,P5-R6-NYE,0.57387,1,0.41774699470585686
0.05,CP_Structure9_RF,mutation_group_out,P5-R6-SFE,0.6291599999999999,1,0.931052059052059
0.05,CP_Structure9_RF,mutation_group_out,P5-R6-SWD,0.666435,1,0.92182128982129
0.05,CP_Structure9_RF,mutation_group_out,P5-R6-SYQ,0.591215,1,0.931052059052059
0.05,CP_Structure9_RF,mutation_group_out,P5-R6-THN,0.529215,1,0.7644871028948816
0.05,CP_Structure9_RF,mutation_group_out,P5-R6-TTE,0.348885,1,0.731754058161837
0.05,CP_Structure9_RF,mutation_group_out,P5-R6-TWD,0.59784,1,0.7070080380694241
0.05,CP_Structure9_RF,mutation_group_out,P5-R6-TYE,0.44306,1,0.92182128982129
0.05,CP_Structure9_RF,mutation_group_out,P5-R6-VFN,0.5554349999999999,1,0.8361181230309023
0.05,CP_Structure9_RF,mutation_group_out,P6-R7-MHQ,0.2532999999999999,1,0.29236729491668395
0.05,CP_Structure9_RF,mutation_group_out,P6-R7-QFW,0.67784,1,0.7103277347861368
0.05,CP_Structure9_RF,mutation_group_out,P6-R7-QRW,0.60431,1,0.7811112983415205
0.05,CP_Structure9_RF,mutation_group_out,P6-R7-TRQ,0.657745,1,0.7725927798230019
0.05,CP_Structure9_RF,mutation_group_out,P6-R7-WFD,0.70041,1,0.7173981051565071
0.05,CP_Structure9_RF,mutation_group_out,P6-R7-WFQ,0.651535,1,0.6825774713509418
0.05,CP_Structure9_RF,mutation_group_out,P7-R5-SYVIRR,0.79377,1,0.8757841477743102
0.05,CP_Structure9_RF,mutation_group_out,P8-R6-GVE,0.658565,1,0.9728448275862069
0.05,CP_Structure9_RF,mutation_group_out,PUF12-9,0.7256100000000001,1,0.906506154700282
0.1,CP3_LR,LOCO,P4-R5-ETD,0.0,0,0.4206601267572281
0.1,CP3_LR,LOCO,P4-R5-SHE,0.616825,1,0.26686989778286585
0.1,CP3_LR,LOCO,P4-R5-SHE+P7-R5-SHE,0.7531399999999999,1,0.2785647643558902
0.1,CP3_LR,LOCO,P4-R5-SNE,0.7430950000000001,1,0.5566973309480419
0.1,CP3_LR,LOCO,P4-R5-SNE+P7-R5-SNE,0.80335,1,0.23476974159517924
0.1,CP3_LR,LOCO,P4-R5-SWD+P7-R5-SWD,0.518925,1,0.5363744473359066
0.1,CP3_LR,LOCO,P4-R5-THE+P7-R5-THE,0.68814,1,0.5845171419601344
0.1,CP3_LR,LOCO,P4-R5-YTH+P7-R5-YTH,0.0,0,0.3977504268579271
0.1,CP3_LR,LOCO,P4-R5-YYE+P7-P5-YYE,0.0866649999999999,0,0.5123809426373871
0.1,CP3_LR,LOCO,P5-R6-AYE,0.55629,1,0.7299679273869122
0.1,CP3_LR,LOCO,P5-R6-DFE,0.32484,1,0.41925453488692205
0.1,CP3_LR,LOCO,P5-R6-FWD,0.37332,1,0.4742678756584177
0.1,CP3_LR,LOCO,P5-R6-LRD,0.23336,1,0.7821420272657041
0.1,CP3_LR,LOCO,P5-R6-NYE,0.57387,1,0.44375466150341814
0.1,CP3_LR,LOCO,P5-R6-SFE,0.6291599999999999,1,0.6014450939414419
0.1,CP3_LR,LOCO,P5-R6-SWD,0.666435,1,0.5359947739582779
0.1,CP3_LR,LOCO,P5-R6-SYQ,0.591215,1,0.5545949305843764
0.1,CP3_LR,LOCO,P5-R6-THN,0.529215,1,0.4741823815567126
0.1,CP3_LR,LOCO,P5-R6-TTE,0.348885,1,0.47951839189499545
0.1,CP3_LR,LOCO,P5-R6-TWD,0.59784,1,0.7623657083975527
0.1,CP3_LR,LOCO,P5-R6-TYE,0.44306,1,0.4734016552144818
0.1,CP3_LR,LOCO,P5-R6-VFN,0.5554349999999999,1,0.634021811361077
0.1,CP3_LR,LOCO,P6-R7-MHQ,0.2532999999999999,1,0.22051771625352704
0.1,CP3_LR,LOCO,P6-R7-QFW,0.67784,1,0.8322746090459978
0.1,CP3_LR,LOCO,P6-R7-QRW,0.60431,1,0.667019285244861
0.1,CP3_LR,LOCO,P6-R7-TRQ,0.657745,1,0.5287109404345368
0.1,CP3_LR,LOCO,P6-R7-WFD,0.70041,1,0.566403464223965
0.1,CP3_LR,LOCO,P6-R7-WFQ,0.651535,1,0.517546144193351
0.1,CP3_LR,LOCO,P7-R5-SYVIRR,0.79377,1,0.47420970791529493
0.1,CP3_LR,LOCO,P8-R6-GVE,0.658565,1,0.4713440846956922
0.1,CP3_LR,LOCO,PUF12-9,0.7256100000000001,1,0.49548734080316675
0.1,CP3_LR,mutation_group_out,P4-R5-ETD,0.0,0,0.41009656857222304
0.1,CP3_LR,mutation_group_out,P4-R5-SHE,0.616825,1,0.28593460765704976
0.1,CP3_LR,mutation_group_out,P4-R5-SHE+P7-R5-SHE,0.7531399999999999,1,0.2570733192594144
0.1,CP3_LR,mutation_group_out,P4-R5-SNE,0.7430950000000001,1,0.5322117280500187
0.1,CP3_LR,mutation_group_out,P4-R5-SNE+P7-R5-SNE,0.80335,1,0.2211264811491468
0.1,CP3_LR,mutation_group_out,P4-R5-SWD+P7-R5-SWD,0.518925,1,0.521109685846248
0.1,CP3_LR,mutation_group_out,P4-R5-THE+P7-R5-THE,0.68814,1,0.5722595673971057
0.1,CP3_LR,mutation_group_out,P4-R5-YTH+P7-R5-YTH,0.0,0,0.31715504178266163
0.1,CP3_LR,mutation_group_out,P4-R5-YYE+P7-P5-YYE,0.0866649999999999,0,0.47825535714894196
0.1,CP3_LR,mutation_group_out,P5-R6-AYE,0.55629,1,0.6290232204604319
0.1,CP3_LR,mutation_group_out,P5-R6-DFE,0.32484,1,0.4680917824480201
0.1,CP3_LR,mutation_group_out,P5-R6-FWD,0.37332,1,0.49633517067956673
0.1,CP3_LR,mutation_group_out,P5-R6-LRD,0.23336,1,0.6530445150648037
0.1,CP3_LR,mutation_group_out,P5-R6-NYE,0.57387,1,0.48428714030983827
0.1,CP3_LR,mutation_group_out,P5-R6-SFE,0.6291599999999999,1,0.5651890777463777
0.1,CP3_LR,mutation_group_out,P5-R6-SWD,0.666435,1,0.5256174849938808
0.1,CP3_LR,mutation_group_out,P5-R6-SYQ,0.591215,1,0.5410816099897244
0.1,CP3_LR,mutation_group_out,P5-R6-THN,0.529215,1,0.4931357330643829
0.1,CP3_LR,mutation_group_out,P5-R6-TTE,0.348885,1,0.4947541087453596
0.1,CP3_LR,mutation_group_out,P5-R6-TWD,0.59784,1,0.6361373003099019
0.1,CP3_LR,mutation_group_out,P5-R6-TYE,0.44306,1,0.4995349084563342
0.1,CP3_LR,mutation_group_out,P5-R6-VFN,0.5554349999999999,1,0.5758249260876512
0.1,CP3_LR,mutation_group_out,P6-R7-MHQ,0.2532999999999999,1,0.2698983008143258
0.1,CP3_LR,mutation_group_out,P6-R7-QFW,0.67784,1,0.8153136407738565
0.1,CP3_LR,mutation_group_out,P6-R7-QRW,0.60431,1,0.6714475458280975
0.1,CP3_LR,mutation_group_out,P6-R7-TRQ,0.657745,1,0.5404662316367569
0.1,CP3_LR,mutation_group_out,P6-R7-WFD,0.70041,1,0.5731561026702807
0.1,CP3_LR,mutation_group_out,P6-R7-WFQ,0.651535,1,0.526971051515438
0.1,CP3_LR,mutation_group_out,P7-R5-SYVIRR,0.79377,1,0.47420970791529493
0.1,CP3_LR,mutation_group_out,P8-R6-GVE,0.658565,1,0.4713440846956922
0.1,CP3_LR,mutation_group_out,PUF12-9,0.7256100000000001,1,0.49548734080316675
0.1,CP_Structure9_LR,LOCO,P4-R5-ETD,0.0,0,0.47933766294109403
0.1,CP_Structure9_LR,LOCO,P4-R5-SHE,0.616825,1,0.6186031917818866
0.1,CP_Structure9_LR,LOCO,P4-R5-SHE+P7-R5-SHE,0.7531399999999999,1,0.47437455231218983
0.1,CP_Structure9_LR,LOCO,P4-R5-SNE,0.7430950000000001,1,0.7399484170943814
0.1,CP_Structure9_LR,LOCO,P4-R5-SNE+P7-R5-SNE,0.80335,1,0.4779151790159583
0.1,CP_Structure9_LR,LOCO,P4-R5-SWD+P7-R5-SWD,0.518925,1,0.4654323119612484
0.1,CP_Structure9_LR,LOCO,P4-R5-THE+P7-R5-THE,0.68814,1,0.6415202870322915
0.1,CP_Structure9_LR,LOCO,P4-R5-YTH+P7-R5-YTH,0.0,0,0.2976201423758084
0.1,CP_Structure9_LR,LOCO,P4-R5-YYE+P7-P5-YYE,0.0866649999999999,0,0.561245819404238
0.1,CP_Structure9_LR,LOCO,P5-R6-AYE,0.55629,1,0.7788984042473598
0.1,CP_Structure9_LR,LOCO,P5-R6-DFE,0.32484,1,0.5073561587736605
0.1,CP_Structure9_LR,LOCO,P5-R6-FWD,0.37332,1,0.33804873008018943
0.1,CP_Structure9_LR,LOCO,P5-R6-LRD,0.23336,1,0.38360840620402586
0.1,CP_Structure9_LR,LOCO,P5-R6-NYE,0.57387,1,0.36556125601099265
0.1,CP_Structure9_LR,LOCO,P5-R6-SFE,0.6291599999999999,1,0.6097605643935826
0.1,CP_Structure9_LR,LOCO,P5-R6-SWD,0.666435,1,0.7636828260646801
0.1,CP_Structure9_LR,LOCO,P5-R6-SYQ,0.591215,1,0.5827414265192418
0.1,CP_Structure9_LR,LOCO,P5-R6-THN,0.529215,1,0.5494996910855906
0.1,CP_Structure9_LR,LOCO,P5-R6-TTE,0.348885,1,0.4820072976970867
0.1,CP_Structure9_LR,LOCO,P5-R6-TWD,0.59784,1,0.5664361310382523
0.1,CP_Structure9_LR,LOCO,P5-R6-TYE,0.44306,1,0.5809235364148473
0.1,CP_Structure9_LR,LOCO,P5-R6-VFN,0.5554349999999999,1,0.7590042882437316
0.1,CP_Structure9_LR,LOCO,P6-R7-MHQ,0.2532999999999999,1,0.24004001681179665
0.1,CP_Structure9_LR,LOCO,P6-R7-QFW,0.67784,1,0.7643765600787301
0.1,CP_Structure9_LR,LOCO,P6-R7-QRW,0.60431,1,0.6777825173654578
0.1,CP_Structure9_LR,LOCO,P6-R7-TRQ,0.657745,1,0.5530306589502035
0.1,CP_Structure9_LR,LOCO,P6-R7-WFD,0.70041,1,0.5019672374828162
0.1,CP_Structure9_LR,LOCO,P6-R7-WFQ,0.651535,1,0.5223334313804813
0.1,CP_Structure9_LR,LOCO,P7-R5-SYVIRR,0.79377,1,0.342985933432963
0.1,CP_Structure9_LR,LOCO,P8-R6-GVE,0.658565,1,0.8701316018377068
0.1,CP_Structure9_LR,LOCO,PUF12-9,0.7256100000000001,1,0.5871661684342886
0.1,CP_Structure9_LR,mutation_group_out,P4-R5-ETD,0.0,0,0.4888858147858403
0.1,CP_Structure9_LR,mutation_group_out,P4-R5-SHE,0.616825,1,0.7415493319499935
0.1,CP_Structure9_LR,mutation_group_out,P4-R5-SHE+P7-R5-SHE,0.7531399999999999,1,0.28590990290946017
0.1,CP_Structure9_LR,mutation_group_out,P4-R5-SNE,0.7430950000000001,1,0.7471731324130567
0.1,CP_Structure9_LR,mutation_group_out,P4-R5-SNE+P7-R5-SNE,0.80335,1,0.2850284996945809
0.1,CP_Structure9_LR,mutation_group_out,P4-R5-SWD+P7-R5-SWD,0.518925,1,0.45553947503106623
0.1,CP_Structure9_LR,mutation_group_out,P4-R5-THE+P7-R5-THE,0.68814,1,0.6562178954173709
0.1,CP_Structure9_LR,mutation_group_out,P4-R5-YTH+P7-R5-YTH,0.0,0,0.17480525329373833
0.1,CP_Structure9_LR,mutation_group_out,P4-R5-YYE+P7-P5-YYE,0.0866649999999999,0,0.48005248006909773
0.1,CP_Structure9_LR,mutation_group_out,P5-R6-AYE,0.55629,1,0.6785260471686282
0.1,CP_Structure9_LR,mutation_group_out,P5-R6-DFE,0.32484,1,0.5210759039844228
0.1,CP_Structure9_LR,mutation_group_out,P5-R6-FWD,0.37332,1,0.3398124316716507
0.1,CP_Structure9_LR,mutation_group_out,P5-R6-LRD,0.23336,1,0.3561174796088667
0.1,CP_Structure9_LR,mutation_group_out,P5-R6-NYE,0.57387,1,0.39024368092069306
0.1,CP_Structure9_LR,mutation_group_out,P5-R6-SFE,0.6291599999999999,1,0.5698504334422374
0.1,CP_Structure9_LR,mutation_group_out,P5-R6-SWD,0.666435,1,0.7023219088626399
0.1,CP_Structure9_LR,mutation_group_out,P5-R6-SYQ,0.591215,1,0.546529011346187
0.1,CP_Structure9_LR,mutation_group_out,P5-R6-THN,0.529215,1,0.5216786712011245
0.1,CP_Structure9_LR,mutation_group_out,P5-R6-TTE,0.348885,1,0.4586676799812663
0.1,CP_Structure9_LR,mutation_group_out,P5-R6-TWD,0.59784,1,0.43657878619213014
0.1,CP_Structure9_LR,mutation_group_out,P5-R6-TYE,0.44306,1,0.579864663414446
0.1,CP_Structure9_LR,mutation_group_out,P5-R6-VFN,0.5554349999999999,1,0.7220266911093853
0.1,CP_Structure9_LR,mutation_group_out,P6-R7-MHQ,0.2532999999999999,1,0.2618209986830951
0.1,CP_Structure9_LR,mutation_group_out,P6-R7-QFW,0.67784,1,0.7365486869139876
0.1,CP_Structure9_LR,mutation_group_out,P6-R7-QRW,0.60431,1,0.6535341376025242
0.1,CP_Structure9_LR,mutation_group_out,P6-R7-TRQ,0.657745,1,0.5340517964913204
0.1,CP_Structure9_LR,mutation_group_out,P6-R7-WFD,0.70041,1,0.4913621996822122
0.1,CP_Structure9_LR,mutation_group_out,P6-R7-WFQ,0.651535,1,0.48556262540455464
0.1,CP_Structure9_LR,mutation_group_out,P7-R5-SYVIRR,0.79377,1,0.342985933432963
0.1,CP_Structure9_LR,mutation_group_out,P8-R6-GVE,0.658565,1,0.8701316018377068
0.1,CP_Structure9_LR,mutation_group_out,PUF12-9,0.7256100000000001,1,0.5871661684342886
0.1,CP3_RF,LOCO,P4-R5-ETD,0.0,0,0.9734677419354838
0.1,CP3_RF,LOCO,P4-R5-SHE,0.616825,1,0.355868235035828
0.1,CP3_RF,LOCO,P4-R5-SHE+P7-R5-SHE,0.7531399999999999,1,0.3932951212167976
0.1,CP3_RF,LOCO,P4-R5-SNE,0.7430950000000001,1,0.7075710819942254
0.1,CP3_RF,LOCO,P4-R5-SNE+P7-R5-SNE,0.80335,1,0.35583195072843543
0.1,CP3_RF,LOCO,P4-R5-SWD+P7-R5-SWD,0.518925,1,0.9722955465587044
0.1,CP3_RF,LOCO,P4-R5-THE+P7-R5-THE,0.68814,1,1.0
0.1,CP3_RF,LOCO,P4-R5-YTH+P7-R5-YTH,0.0,0,0.2761114226354035
0.1,CP3_RF,LOCO,P4-R5-YYE+P7-P5-YYE,0.0866649999999999,0,0.9823847167325428
0.1,CP3_RF,LOCO,P5-R6-AYE,0.55629,1,1.0
0.1,CP3_RF,LOCO,P5-R6-DFE,0.32484,1,0.8238346706583173
0.1,CP3_RF,LOCO,P5-R6-FWD,0.37332,1,0.945770029522549
0.1,CP3_RF,LOCO,P5-R6-LRD,0.23336,1,1.0
0.1,CP3_RF,LOCO,P5-R6-NYE,0.57387,1,0.7007929126440551
0.1,CP3_RF,LOCO,P5-R6-SFE,0.6291599999999999,1,1.0
0.1,CP3_RF,LOCO,P5-R6-SWD,0.666435,1,0.9828181818181818
0.1,CP3_RF,LOCO,P5-R6-SYQ,0.591215,1,1.0
0.1,CP3_RF,LOCO,P5-R6-THN,0.529215,1,0.8960425198609353
0.1,CP3_RF,LOCO,P5-R6-TTE,0.348885,1,0.8605115855492516
0.1,CP3_RF,LOCO,P5-R6-TWD,0.59784,1,1.0
0.1,CP3_RF,LOCO,P5-R6-TYE,0.44306,1,0.9180304243656265
0.1,CP3_RF,LOCO,P5-R6-VFN,0.5554349999999999,1,1.0
0.1,CP3_RF,LOCO,P6-R7-MHQ,0.2532999999999999,1,0.3977108909948558
0.1,CP3_RF,LOCO,P6-R7-QFW,0.67784,1,1.0
0.1,CP3_RF,LOCO,P6-R7-QRW,0.60431,1,1.0
0.1,CP3_RF,LOCO,P6-R7-TRQ,0.657745,1,0.6737687016585278
0.1,CP3_RF,LOCO,P6-R7-WFD,0.70041,1,0.9743503836317138
0.1,CP3_RF,LOCO,P6-R7-WFQ,0.651535,1,0.6186406458294168
0.1,CP3_RF,LOCO,P7-R5-SYVIRR,0.79377,1,0.4668732607073538
0.1,CP3_RF,LOCO,P8-R6-GVE,0.658565,1,0.6581378677712562
0.1,CP3_RF,LOCO,PUF12-9,0.7256100000000001,1,0.8922828093809801
0.1,CP3_RF,mutation_group_out,P4-R5-ETD,0.0,0,0.9483280773551597
0.1,CP3_RF,mutation_group_out,P4-R5-SHE,0.616825,1,0.3967480291922398
0.1,CP3_RF,mutation_group_out,P4-R5-SHE+P7-R5-SHE,0.7531399999999999,1,0.3664309282021289
0.1,CP3_RF,mutation_group_out,P4-R5-SNE,0.7430950000000001,1,0.9819114106884929
0.1,CP3_RF,mutation_group_out,P4-R5-SNE+P7-R5-SNE,0.80335,1,0.3664309282021289
0.1,CP3_RF,mutation_group_out,P4-R5-SWD+P7-R5-SWD,0.518925,1,0.9905882352941177
0.1,CP3_RF,mutation_group_out,P4-R5-THE+P7-R5-THE,0.68814,1,1.0
0.1,CP3_RF,mutation_group_out,P4-R5-YTH+P7-R5-YTH,0.0,0,0.3664309282021289
0.1,CP3_RF,mutation_group_out,P4-R5-YYE+P7-P5-YYE,0.0866649999999999,0,0.9542508347636138
0.1,CP3_RF,mutation_group_out,P5-R6-AYE,0.55629,1,0.9931818181818182
0.1,CP3_RF,mutation_group_out,P5-R6-DFE,0.32484,1,0.34221069229850043
0.1,CP3_RF,mutation_group_out,P5-R6-FWD,0.37332,1,0.4587447065298833
0.1,CP3_RF,mutation_group_out,P5-R6-LRD,0.23336,1,0.9931818181818182
0.1,CP3_RF,mutation_group_out,P5-R6-NYE,0.57387,1,0.3508910470314867
0.1,CP3_RF,mutation_group_out,P5-R6-SFE,0.6291599999999999,1,0.9931818181818182
0.1,CP3_RF,mutation_group_out,P5-R6-SWD,0.666435,1,0.5912456744035692
0.1,CP3_RF,mutation_group_out,P5-R6-SYQ,0.591215,1,0.9931818181818182
0.1,CP3_RF,mutation_group_out,P5-R6-THN,0.529215,1,0.4587447065298833
0.1,CP3_RF,mutation_group_out,P5-R6-TTE,0.348885,1,0.447407710192887
0.1,CP3_RF,mutation_group_out,P5-R6-TWD,0.59784,1,0.9931818181818182
0.1,CP3_RF,mutation_group_out,P5-R6-TYE,0.44306,1,0.5447738129317078
0.1,CP3_RF,mutation_group_out,P5-R6-VFN,0.5554349999999999,1,0.9931818181818182
0.1,CP3_RF,mutation_group_out,P6-R7-MHQ,0.2532999999999999,1,0.4775250373931311
0.1,CP3_RF,mutation_group_out,P6-R7-QFW,0.67784,1,1.0
0.1,CP3_RF,mutation_group_out,P6-R7-QRW,0.60431,1,1.0
0.1,CP3_RF,mutation_group_out,P6-R7-TRQ,0.657745,1,0.6092847879569062
0.1,CP3_RF,mutation_group_out,P6-R7-WFD,0.70041,1,1.0
0.1,CP3_RF,mutation_group_out,P6-R7-WFQ,0.651535,1,0.6092847879569062
0.1,CP3_RF,mutation_group_out,P7-R5-SYVIRR,0.79377,1,0.4668732607073538
0.1,CP3_RF,mutation_group_out,P8-R6-GVE,0.658565,1,0.6581378677712562
0.1,CP3_RF,mutation_group_out,PUF12-9,0.7256100000000001,1,0.8922828093809801
0.1,CP_Structure9_RF,LOCO,P4-R5-ETD,0.0,0,1.0
0.1,CP_Structure9_RF,LOCO,P4-R5-SHE,0.616825,1,0.6508769616743233
0.1,CP_Structure9_RF,LOCO,P4-R5-SHE+P7-R5-SHE,0.7531399999999999,1,0.697687659634907
0.1,CP_Structure9_RF,LOCO,P4-R5-SNE,0.7430950000000001,1,0.9377499499098377
0.1,CP_Structure9_RF,LOCO,P4-R5-SNE+P7-R5-SNE,0.80335,1,0.7199842322646439
0.1,CP_Structure9_RF,LOCO,P4-R5-SWD+P7-R5-SWD,0.518925,1,0.8285247958161812
0.1,CP_Structure9_RF,LOCO,P4-R5-THE+P7-R5-THE,0.68814,1,0.9672727272727272
0.1,CP_Structure9_RF,LOCO,P4-R5-YTH+P7-R5-YTH,0.0,0,0.42807421979375065
0.1,CP_Structure9_RF,LOCO,P4-R5-YYE+P7-P5-YYE,0.0866649999999999,0,0.8661077157452245
0.1,CP_Structure9_RF,LOCO,P5-R6-AYE,0.55629,1,0.9578260188087775
0.1,CP_Structure9_RF,LOCO,P5-R6-DFE,0.32484,1,0.9316661742024134
0.1,CP_Structure9_RF,LOCO,P5-R6-FWD,0.37332,1,0.7665785253009865
0.1,CP_Structure9_RF,LOCO,P5-R6-LRD,0.23336,1,0.6975830801488696
0.1,CP_Structure9_RF,LOCO,P5-R6-NYE,0.57387,1,0.49334016668990155
0.1,CP_Structure9_RF,LOCO,P5-R6-SFE,0.6291599999999999,1,0.9754545454545455
0.1,CP_Structure9_RF,LOCO,P5-R6-SWD,0.666435,1,1.0
0.1,CP_Structure9_RF,LOCO,P5-R6-SYQ,0.591215,1,0.9918181818181818
0.1,CP_Structure9_RF,LOCO,P5-R6-THN,0.529215,1,0.9590388928912168
0.1,CP_Structure9_RF,LOCO,P5-R6-TTE,0.348885,1,0.8794984871384254
0.1,CP_Structure9_RF,LOCO,P5-R6-TWD,0.59784,1,0.7357801045335153
0.1,CP_Structure9_RF,LOCO,P5-R6-TYE,0.44306,1,0.9902173913043478
0.1,CP_Structure9_RF,LOCO,P5-R6-VFN,0.5554349999999999,1,0.9567665782493369
0.1,CP_Structure9_RF,LOCO,P6-R7-MHQ,0.2532999999999999,1,0.5226138368766174
0.1,CP_Structure9_RF,LOCO,P6-R7-QFW,0.67784,1,0.8494942394060402
0.1,CP_Structure9_RF,LOCO,P6-R7-QRW,0.60431,1,0.9725263157894737
0.1,CP_Structure9_RF,LOCO,P6-R7-TRQ,0.657745,1,0.9167218045112783
0.1,CP_Structure9_RF,LOCO,P6-R7-WFD,0.70041,1,0.7561217662856944
0.1,CP_Structure9_RF,LOCO,P6-R7-WFQ,0.651535,1,0.7653623923317804
0.1,CP_Structure9_RF,LOCO,P7-R5-SYVIRR,0.79377,1,0.5359632916147694
0.1,CP_Structure9_RF,LOCO,P8-R6-GVE,0.658565,1,0.8993227293198142
0.1,CP_Structure9_RF,LOCO,PUF12-9,0.7256100000000001,1,0.9540016852476018
0.1,CP_Structure9_RF,mutation_group_out,P4-R5-ETD,0.0,0,0.9913333333333333
0.1,CP_Structure9_RF,mutation_group_out,P4-R5-SHE,0.616825,1,0.8844055812834881
0.1,CP_Structure9_RF,mutation_group_out,P4-R5-SHE+P7-R5-SHE,0.7531399999999999,1,0.4198184106768326
0.1,CP_Structure9_RF,mutation_group_out,P4-R5-SNE,0.7430950000000001,1,0.9719163763066202
0.1,CP_Structure9_RF,mutation_group_out,P4-R5-SNE+P7-R5-SNE,0.80335,1,0.4198184106768326
0.1,CP_Structure9_RF,mutation_group_out,P4-R5-SWD+P7-R5-SWD,0.518925,1,0.9460662269679071
0.1,CP_Structure9_RF,mutation_group_out,P4-R5-THE+P7-R5-THE,0.68814,1,0.9917241379310344
0.1,CP_Structure9_RF,mutation_group_out,P4-R5-YTH+P7-R5-YTH,0.0,0,0.3738425346898577
0.1,CP_Structure9_RF,mutation_group_out,P4-R5-YYE+P7-P5-YYE,0.0866649999999999,0,0.9181724033910648
0.1,CP_Structure9_RF,mutation_group_out,P5-R6-AYE,0.55629,1,0.8561540399133554
0.1,CP_Structure9_RF,mutation_group_out,P5-R6-DFE,0.32484,1,0.7958566742854667
0.1,CP_Structure9_RF,mutation_group_out,P5-R6-FWD,0.37332,1,0.3238944320013376
0.1,CP_Structure9_RF,mutation_group_out,P5-R6-LRD,0.23336,1,0.5783394221858519
0.1,CP_Structure9_RF,mutation_group_out,P5-R6-NYE,0.57387,1,0.35519087798927984
0.1,CP_Structure9_RF,mutation_group_out,P5-R6-SFE,0.6291599999999999,1,0.8561540399133554
0.1,CP_Structure9_RF,mutation_group_out,P5-R6-SWD,0.666435,1,0.7842301459538575
0.1,CP_Structure9_RF,mutation_group_out,P5-R6-SYQ,0.591215,1,0.8561540399133554
0.1,CP_Structure9_RF,mutation_group_out,P5-R6-THN,0.529215,1,0.7106037723274836
0.1,CP_Structure9_RF,mutation_group_out,P5-R6-TTE,0.348885,1,0.6374597105069514
0.1,CP_Structure9_RF,mutation_group_out,P5-R6-TWD,0.59784,1,0.45592203352777827
0.1,CP_Structure9_RF,mutation_group_out,P5-R6-TYE,0.44306,1,0.7847203420322889
0.1,CP_Structure9_RF,mutation_group_out,P5-R6-VFN,0.5554349999999999,1,0.9595238095238098
0.1,CP_Structure9_RF,mutation_group_out,P6-R7-MHQ,0.2532999999999999,1,0.3742779631666261
0.1,CP_Structure9_RF,mutation_group_out,P6-R7-QFW,0.67784,1,0.7739214140398567
0.1,CP_Structure9_RF,mutation_group_out,P6-R7-QRW,0.60431,1,0.8761120678132981
0.1,CP_Structure9_RF,mutation_group_out,P6-R7-TRQ,0.657745,1,0.7479552258354423
0.1,CP_Structure9_RF,mutation_group_out,P6-R7-WFD,0.70041,1,0.7416516373780355
0.1,CP_Structure9_RF,mutation_group_out,P6-R7-WFQ,0.651535,1,0.5553800447727957
0.1,CP_Structure9_RF,mutation_group_out,P7-R5-SYVIRR,0.79377,1,0.5359632916147694
0.1,CP_Structure9_RF,mutation_group_out,P8-R6-GVE,0.658565,1,0.8993227293198142
0.1,CP_Structure9_RF,mutation_group_out,PUF12-9,0.7256100000000001,1,0.9540016852476018
0.25,CP3_LR,LOCO,P4-R5-ETD,0.0,0,0.5231164036289571
0.25,CP3_LR,LOCO,P4-R5-SHE,0.616825,1,0.48636852486774634
0.25,CP3_LR,LOCO,P4-R5-SHE+P7-R5-SHE,0.7531399999999999,1,0.4806534919712293
0.25,CP3_LR,LOCO,P4-R5-SNE,0.7430950000000001,1,0.51088879334706
0.25,CP3_LR,LOCO,P4-R5-SNE+P7-R5-SNE,0.80335,1,0.46982316824864023
0.25,CP3_LR,LOCO,P4-R5-SWD+P7-R5-SWD,0.518925,1,0.5068085345949093
0.25,CP3_LR,LOCO,P4-R5-THE+P7-R5-THE,0.68814,1,0.49772065420044903
0.25,CP3_LR,LOCO,P4-R5-YTH+P7-R5-YTH,0.0,0,0.5575014318294573
0.25,CP3_LR,LOCO,P4-R5-YYE+P7-P5-YYE,0.0866649999999999,0,0.533531923281458
0.25,CP3_LR,LOCO,P5-R6-AYE,0.55629,1,0.48755155816739887
0.25,CP3_LR,LOCO,P5-R6-DFE,0.32484,1,0.4859328028414491
0.25,CP3_LR,LOCO,P5-R6-FWD,0.37332,1,0.4962881110830743
0.25,CP3_LR,LOCO,P5-R6-LRD,0.23336,0,0.7821420272657041
0.25,CP3_LR,LOCO,P5-R6-NYE,0.57387,1,0.5006290813293046
0.25,CP3_LR,LOCO,P5-R6-SFE,0.6291599999999999,1,0.5015731388648881
0.25,CP3_LR,LOCO,P5-R6-SWD,0.666435,1,0.4972835700750821
0.25,CP3_LR,LOCO,P5-R6-SYQ,0.591215,1,0.5049672626187455
0.25,CP3_LR,LOCO,P5-R6-THN,0.529215,1,0.4910282334630244
0.25,CP3_LR,LOCO,P5-R6-TTE,0.348885,1,0.48114379860661777
0.25,CP3_LR,LOCO,P5-R6-TWD,0.59784,1,0.47308728062796085
0.25,CP3_LR,LOCO,P5-R6-TYE,0.44306,1,0.5005904148805752
0.25,CP3_LR,LOCO,P5-R6-VFN,0.5554349999999999,1,0.498096160748337
0.25,CP3_LR,LOCO,P6-R7-MHQ,0.2532999999999999,1,0.4553153259017323
0.25,CP3_LR,LOCO,P6-R7-QFW,0.67784,1,0.45372093419830156
0.25,CP3_LR,LOCO,P6-R7-QRW,0.60431,1,0.49080524714467727
0.25,CP3_LR,LOCO,P6-R7-TRQ,0.657745,1,0.5096956658031894
0.25,CP3_LR,LOCO,P6-R7-WFD,0.70041,1,0.49162939364987523
0.25,CP3_LR,LOCO,P6-R7-WFQ,0.651535,1,0.5020564010956182
0.25,CP3_LR,LOCO,P7-R5-SYVIRR,0.79377,1,0.5103178658551127
0.25,CP3_LR,LOCO,P8-R6-GVE,0.658565,1,0.5078657344322218
0.25,CP3_LR,LOCO,PUF12-9,0.7256100000000001,1,0.5034296048255649
0.25,CP3_LR,mutation_group_out,P4-R5-ETD,0.0,0,0.5200939389313864
0.25,CP3_LR,mutation_group_out,P4-R5-SHE,0.616825,1,0.5435547040195134
0.25,CP3_LR,mutation_group_out,P4-R5-SHE+P7-R5-SHE,0.7531399999999999,1,0.6020125799477583
0.25,CP3_LR,mutation_group_out,P4-R5-SNE,0.7430950000000001,1,0.4977813203789636
0.25,CP3_LR,mutation_group_out,P4-R5-SNE+P7-R5-SNE,0.80335,1,0.6135757042414833
0.25,CP3_LR,mutation_group_out,P4-R5-SWD+P7-R5-SWD,0.518925,1,0.515611944086874
0.25,CP3_LR,mutation_group_out,P4-R5-THE+P7-R5-THE,0.68814,1,0.48333087396195507
0.25,CP3_LR,mutation_group_out,P4-R5-YTH+P7-R5-YTH,0.0,0,0.5630504695261578
0.25,CP3_LR,mutation_group_out,P4-R5-YYE+P7-P5-YYE,0.0866649999999999,0,0.548814681837531
0.25,CP3_LR,mutation_group_out,P5-R6-AYE,0.55629,1,0.6290232204604319
0.25,CP3_LR,mutation_group_out,P5-R6-DFE,0.32484,1,0.4680917824480201
0.25,CP3_LR,mutation_group_out,P5-R6-FWD,0.37332,1,0.49633517067956673
0.25,CP3_LR,mutation_group_out,P5-R6-LRD,0.23336,0,0.6530445150648037
0.25,CP3_LR,mutation_group_out,P5-R6-NYE,0.57387,1,0.48428714030983827
0.25,CP3_LR,mutation_group_out,P5-R6-SFE,0.6291599999999999,1,0.5651890777463777
0.25,CP3_LR,mutation_group_out,P5-R6-SWD,0.666435,1,0.5256174849938808
0.25,CP3_LR,mutation_group_out,P5-R6-SYQ,0.591215,1,0.5410816099897244
0.25,CP3_LR,mutation_group_out,P5-R6-THN,0.529215,1,0.4931357330643829
0.25,CP3_LR,mutation_group_out,P5-R6-TTE,0.348885,1,0.4947541087453596
0.25,CP3_LR,mutation_group_out,P5-R6-TWD,0.59784,1,0.6361373003099019
0.25,CP3_LR,mutation_group_out,P5-R6-TYE,0.44306,1,0.4995349084563342
0.25,CP3_LR,mutation_group_out,P5-R6-VFN,0.5554349999999999,1,0.5758249260876512
0.25,CP3_LR,mutation_group_out,P6-R7-MHQ,0.2532999999999999,1,0.5079860988218586
0.25,CP3_LR,mutation_group_out,P6-R7-QFW,0.67784,1,0.45535531464387496
0.25,CP3_LR,mutation_group_out,P6-R7-QRW,0.60431,1,0.4787867096039658
0.25,CP3_LR,mutation_group_out,P6-R7-TRQ,0.657745,1,0.513717218970927
0.25,CP3_LR,mutation_group_out,P6-R7-WFD,0.70041,1,0.4862691047462732
0.25,CP3_LR,mutation_group_out,P6-R7-WFQ,0.651535,1,0.5027532521875976
0.25,CP3_LR,mutation_group_out,P7-R5-SYVIRR,0.79377,1,0.5103178658551127
0.25,CP3_LR,mutation_group_out,P8-R6-GVE,0.658565,1,0.5078657344322218
0.25,CP3_LR,mutation_group_out,PUF12-9,0.7256100000000001,1,0.5034296048255649
0.25,CP_Structure9_LR,LOCO,P4-R5-ETD,0.0,0,0.541831902430714
0.25,CP_Structure9_LR,LOCO,P4-R5-SHE,0.616825,1,0.7993496427173769
0.25,CP_Structure9_LR,LOCO,P4-R5-SHE+P7-R5-SHE,0.7531399999999999,1,0.6051500239464589
0.25,CP_Structure9_LR,LOCO,P4-R5-SNE,0.7430950000000001,1,0.735021723304973
0.25,CP_Structure9_LR,LOCO,P4-R5-SNE+P7-R5-SNE,0.80335,1,0.6424370311324945
0.25,CP_Structure9_LR,LOCO,P4-R5-SWD+P7-R5-SWD,0.518925,1,0.44454756935415624
0.25,CP_Structure9_LR,LOCO,P4-R5-THE+P7-R5-THE,0.68814,1,0.6294967542816409
0.25,CP_Structure9_LR,LOCO,P4-R5-YTH+P7-R5-YTH,0.0,0,0.11423547419943533
0.25,CP_Structure9_LR,LOCO,P4-R5-YYE+P7-P5-YYE,0.0866649999999999,0,0.6179606078476874
0.25,CP_Structure9_LR,LOCO,P5-R6-AYE,0.55629,1,0.7520803050382264
0.25,CP_Structure9_LR,LOCO,P5-R6-DFE,0.32484,1,0.6000796297450909
0.25,CP_Structure9_LR,LOCO,P5-R6-FWD,0.37332,1,0.34623785486587383
0.25,CP_Structure9_LR,LOCO,P5-R6-LRD,0.23336,0,0.38360840620402586
0.25,CP_Structure9_LR,LOCO,P5-R6-NYE,0.57387,1,0.42882325569913193
0.25,CP_Structure9_LR,LOCO,P5-R6-SFE,0.6291599999999999,1,0.6555406521098516
0.25,CP_Structure9_LR,LOCO,P5-R6-SWD,0.666435,1,0.7865590490979345
0.25,CP_Structure9_LR,LOCO,P5-R6-SYQ,0.591215,1,0.621921231879489
0.25,CP_Structure9_LR,LOCO,P5-R6-THN,0.529215,1,0.5763410339320713
0.25,CP_Structure9_LR,LOCO,P5-R6-TTE,0.348885,1,0.46549250017234
0.25,CP_Structure9_LR,LOCO,P5-R6-TWD,0.59784,1,0.32841334498280156
0.25,CP_Structure9_LR,LOCO,P5-R6-TYE,0.44306,1,0.662956867522642
0.25,CP_Structure9_LR,LOCO,P5-R6-VFN,0.5554349999999999,1,0.6838965812974439
0.25,CP_Structure9_LR,LOCO,P6-R7-MHQ,0.2532999999999999,1,0.3661998828167508
0.25,CP_Structure9_LR,LOCO,P6-R7-QFW,0.67784,1,0.484859058727349
0.25,CP_Structure9_LR,LOCO,P6-R7-QRW,0.60431,1,0.599448627549867
0.25,CP_Structure9_LR,LOCO,P6-R7-TRQ,0.657745,1,0.6060006773077853
0.25,CP_Structure9_LR,LOCO,P6-R7-WFD,0.70041,1,0.45232311284259114
0.25,CP_Structure9_LR,LOCO,P6-R7-WFQ,0.651535,1,0.47299987467757587
0.25,CP_Structure9_LR,LOCO,P7-R5-SYVIRR,0.79377,1,0.38429251289005545
0.25,CP_Structure9_LR,LOCO,P8-R6-GVE,0.658565,1,0.8341951688532443
0.25,CP_Structure9_LR,LOCO,PUF12-9,0.7256100000000001,1,0.6046721879985864
0.25,CP_Structure9_LR,mutation_group_out,P4-R5-ETD,0.0,0,0.5572929097085086
0.25,CP_Structure9_LR,mutation_group_out,P4-R5-SHE,0.616825,1,0.8642086751942019
0.25,CP_Structure9_LR,mutation_group_out,P4-R5-SHE+P7-R5-SHE,0.7531399999999999,1,0.5112097996990618
0.25,CP_Structure9_LR,mutation_group_out,P4-R5-SNE,0.7430950000000001,1,0.746053213301898
0.25,CP_Structure9_LR,mutation_group_out,P4-R5-SNE+P7-R5-SNE,0.80335,1,0.5585010464256741
0.25,CP_Structure9_LR,mutation_group_out,P4-R5-SWD+P7-R5-SWD,0.518925,1,0.43398060706643027
0.25,CP_Structure9_LR,mutation_group_out,P4-R5-THE+P7-R5-THE,0.68814,1,0.6980055710821816
0.25,CP_Structure9_LR,mutation_group_out,P4-R5-YTH+P7-R5-YTH,0.0,0,0.08424035929973908
0.25,CP_Structure9_LR,mutation_group_out,P4-R5-YYE+P7-P5-YYE,0.0866649999999999,0,0.5703490359502049
0.25,CP_Structure9_LR,mutation_group_out,P5-R6-AYE,0.55629,1,0.6785260471686282
0.25,CP_Structure9_LR,mutation_group_out,P5-R6-DFE,0.32484,1,0.5210759039844228
0.25,CP_Structure9_LR,mutation_group_out,P5-R6-FWD,0.37332,1,0.3398124316716507
0.25,CP_Structure9_LR,mutation_group_out,P5-R6-LRD,0.23336,0,0.3561174796088667
0.25,CP_Structure9_LR,mutation_group_out,P5-R6-NYE,0.57387,1,0.39024368092069306
0.25,CP_Structure9_LR,mutation_group_out,P5-R6-SFE,0.6291599999999999,1,0.5698504334422374
0.25,CP_Structure9_LR,mutation_group_out,P5-R6-SWD,0.666435,1,0.7023219088626399
0.25,CP_Structure9_LR,mutation_group_out,P5-R6-SYQ,0.591215,1,0.546529011346187
0.25,CP_Structure9_LR,mutation_group_out,P5-R6-THN,0.529215,1,0.5216786712011245
0.25,CP_Structure9_LR,mutation_group_out,P5-R6-TTE,0.348885,1,0.4586676799812663
0.25,CP_Structure9_LR,mutation_group_out,P5-R6-TWD,0.59784,1,0.43657878619213014
0.25,CP_Structure9_LR,mutation_group_out,P5-R6-TYE,0.44306,1,0.579864663414446
0.25,CP_Structure9_LR,mutation_group_out,P5-R6-VFN,0.5554349999999999,1,0.7220266911093853
0.25,CP_Structure9_LR,mutation_group_out,P6-R7-MHQ,0.2532999999999999,1,0.3962698536742897
0.25,CP_Structure9_LR,mutation_group_out,P6-R7-QFW,0.67784,1,0.450438733649989
0.25,CP_Structure9_LR,mutation_group_out,P6-R7-QRW,0.60431,1,0.5405383760896225
0.25,CP_Structure9_LR,mutation_group_out,P6-R7-TRQ,0.657745,1,0.5665965431849194
0.25,CP_Structure9_LR,mutation_group_out,P6-R7-WFD,0.70041,1,0.423762007566467
0.25,CP_Structure9_LR,mutation_group_out,P6-R7-WFQ,0.651535,1,0.42526363001782147
0.25,CP_Structure9_LR,mutation_group_out,P7-R5-SYVIRR,0.79377,1,0.38429251289005545
0.25,CP_Structure9_LR,mutation_group_out,P8-R6-GVE,0.658565,1,0.8341951688532443
0.25,CP_Structure9_LR,mutation_group_out,PUF12-9,0.7256100000000001,1,0.6046721879985864
0.25,CP3_RF,LOCO,P4-R5-ETD,0.0,0,0.8562135768847393
0.25,CP3_RF,LOCO,P4-R5-SHE,0.616825,1,0.4337163285352833
0.25,CP3_RF,LOCO,P4-R5-SHE+P7-R5-SHE,0.7531399999999999,1,0.47121363501443886
0.25,CP3_RF,LOCO,P4-R5-SNE,0.7430950000000001,1,0.610422388939729
0.25,CP3_RF,LOCO,P4-R5-SNE+P7-R5-SNE,0.80335,1,0.4135190368770655
0.25,CP3_RF,LOCO,P4-R5-SWD+P7-R5-SWD,0.518925,1,0.8337826030997857
0.25,CP3_RF,LOCO,P4-R5-THE+P7-R5-THE,0.68814,1,0.8871450838849083
0.25,CP3_RF,LOCO,P4-R5-YTH+P7-R5-YTH,0.0,0,0.4674066777962142
0.25,CP3_RF,LOCO,P4-R5-YYE+P7-P5-YYE,0.0866649999999999,0,0.9084696988309934
0.25,CP3_RF,LOCO,P5-R6-AYE,0.55629,1,0.5756789993757093
0.25,CP3_RF,LOCO,P5-R6-DFE,0.32484,1,0.7571456050405928
0.25,CP3_RF,LOCO,P5-R6-FWD,0.37332,1,0.8789262764608182
0.25,CP3_RF,LOCO,P5-R6-LRD,0.23336,0,1.0
0.25,CP3_RF,LOCO,P5-R6-NYE,0.57387,1,0.6305356305483736
0.25,CP3_RF,LOCO,P5-R6-SFE,0.6291599999999999,1,0.8466322201707208
0.25,CP3_RF,LOCO,P5-R6-SWD,0.666435,1,0.898898436768265
0.25,CP3_RF,LOCO,P5-R6-SYQ,0.591215,1,0.8967605846304129
0.25,CP3_RF,LOCO,P5-R6-THN,0.529215,1,0.8308126110590622
0.25,CP3_RF,LOCO,P5-R6-TTE,0.348885,1,0.7922954007563969
0.25,CP3_RF,LOCO,P5-R6-TWD,0.59784,1,0.5959700232695885
0.25,CP3_RF,LOCO,P5-R6-TYE,0.44306,1,0.8472763908395532
0.25,CP3_RF,LOCO,P5-R6-VFN,0.5554349999999999,1,0.8333814022032429
0.25,CP3_RF,LOCO,P6-R7-MHQ,0.2532999999999999,1,0.47967455383154084
0.25,CP3_RF,LOCO,P6-R7-QFW,0.67784,1,0.5850975510588646
0.25,CP3_RF,LOCO,P6-R7-QRW,0.60431,1,0.7575320176452439
0.25,CP3_RF,LOCO,P6-R7-TRQ,0.657745,1,0.5584265417114042
0.25,CP3_RF,LOCO,P6-R7-WFD,0.70041,1,0.880223322811892
0.25,CP3_RF,LOCO,P6-R7-WFQ,0.651535,1,0.5279218838516051
0.25,CP3_RF,LOCO,P7-R5-SYVIRR,0.79377,1,0.43565393801820185
0.25,CP3_RF,LOCO,P8-R6-GVE,0.658565,1,0.6408263648859315
0.25,CP3_RF,LOCO,PUF12-9,0.7256100000000001,1,0.8421093112375857
0.25,CP3_RF,mutation_group_out,P4-R5-ETD,0.0,0,0.8835644575033189
0.25,CP3_RF,mutation_group_out,P4-R5-SHE,0.616825,1,0.5546103053447584
0.25,CP3_RF,mutation_group_out,P4-R5-SHE+P7-R5-SHE,0.7531399999999999,1,0.47384004647813244
0.25,CP3_RF,mutation_group_out,P4-R5-SNE,0.7430950000000001,1,0.7947744761879154
0.25,CP3_RF,mutation_group_out,P4-R5-SNE+P7-R5-SNE,0.80335,1,0.47384004647813244
0.25,CP3_RF,mutation_group_out,P4-R5-SWD+P7-R5-SWD,0.518925,1,0.9544913576933902
0.25,CP3_RF,mutation_group_out,P4-R5-THE+P7-R5-THE,0.68814,1,0.9633375115395441
0.25,CP3_RF,mutation_group_out,P4-R5-YTH+P7-R5-YTH,0.0,0,0.46532152795961396
0.25,CP3_RF,mutation_group_out,P4-R5-YYE+P7-P5-YYE,0.0866649999999999,0,0.9283840061396534
0.25,CP3_RF,mutation_group_out,P5-R6-AYE,0.55629,1,0.9931818181818182
0.25,CP3_RF,mutation_group_out,P5-R6-DFE,0.32484,1,0.34221069229850043
0.25,CP3_RF,mutation_group_out,P5-R6-FWD,0.37332,1,0.4587447065298833
0.25,CP3_RF,mutation_group_out,P5-R6-LRD,0.23336,0,0.9931818181818182
0.25,CP3_RF,mutation_group_out,P5-R6-NYE,0.57387,1,0.3508910470314867
0.25,CP3_RF,mutation_group_out,P5-R6-SFE,0.6291599999999999,1,0.9931818181818182
0.25,CP3_RF,mutation_group_out,P5-R6-SWD,0.666435,1,0.5912456744035692
0.25,CP3_RF,mutation_group_out,P5-R6-SYQ,0.591215,1,0.9931818181818182
0.25,CP3_RF,mutation_group_out,P5-R6-THN,0.529215,1,0.4587447065298833
0.25,CP3_RF,mutation_group_out,P5-R6-TTE,0.348885,1,0.447407710192887
0.25,CP3_RF,mutation_group_out,P5-R6-TWD,0.59784,1,0.9931818181818182
0.25,CP3_RF,mutation_group_out,P5-R6-TYE,0.44306,1,0.5447738129317078
0.25,CP3_RF,mutation_group_out,P5-R6-VFN,0.5554349999999999,1,0.9931818181818182
0.25,CP3_RF,mutation_group_out,P6-R7-MHQ,0.2532999999999999,1,0.5650332149560893
0.25,CP3_RF,mutation_group_out,P6-R7-QFW,0.67784,1,0.5773430870578745
0.25,CP3_RF,mutation_group_out,P6-R7-QRW,0.60431,1,0.6489356409271763
0.25,CP3_RF,mutation_group_out,P6-R7-TRQ,0.657745,1,0.5297258080446704
0.25,CP3_RF,mutation_group_out,P6-R7-WFD,0.70041,1,0.8820015885420915
0.25,CP3_RF,mutation_group_out,P6-R7-WFQ,0.651535,1,0.5338574207980527
0.25,CP3_RF,mutation_group_out,P7-R5-SYVIRR,0.79377,1,0.43565393801820185
0.25,CP3_RF,mutation_group_out,P8-R6-GVE,0.658565,1,0.6408263648859315
0.25,CP3_RF,mutation_group_out,PUF12-9,0.7256100000000001,1,0.8421093112375857
0.25,CP_Structure9_RF,LOCO,P4-R5-ETD,0.0,0,1.0
0.25,CP_Structure9_RF,LOCO,P4-R5-SHE,0.616825,1,0.8682380304160088
0.25,CP_Structure9_RF,LOCO,P4-R5-SHE+P7-R5-SHE,0.7531399999999999,1,0.8706850892395382
0.25,CP_Structure9_RF,LOCO,P4-R5-SNE,0.7430950000000001,1,0.9473394451724519
0.25,CP_Structure9_RF,LOCO,P4-R5-SNE+P7-R5-SNE,0.80335,1,0.8646080398385421
0.25,CP_Structure9_RF,LOCO,P4-R5-SWD+P7-R5-SWD,0.518925,1,0.6372318149440234
0.25,CP_Structure9_RF,LOCO,P4-R5-THE+P7-R5-THE,0.68814,1,0.9847058823529412
0.25,CP_Structure9_RF,LOCO,P4-R5-YTH+P7-R5-YTH,0.0,0,0.39724805708551925
0.25,CP_Structure9_RF,LOCO,P4-R5-YYE+P7-P5-YYE,0.0866649999999999,0,0.7475823225340491
0.25,CP_Structure9_RF,LOCO,P5-R6-AYE,0.55629,1,1.0
0.25,CP_Structure9_RF,LOCO,P5-R6-DFE,0.32484,1,0.921861612229619
0.25,CP_Structure9_RF,LOCO,P5-R6-FWD,0.37332,1,0.5637099074016008
0.25,CP_Structure9_RF,LOCO,P5-R6-LRD,0.23336,0,0.6975830801488696
0.25,CP_Structure9_RF,LOCO,P5-R6-NYE,0.57387,1,0.5014208005593299
0.25,CP_Structure9_RF,LOCO,P5-R6-SFE,0.6291599999999999,1,0.9923529411764705
0.25,CP_Structure9_RF,LOCO,P5-R6-SWD,0.666435,1,1.0
0.25,CP_Structure9_RF,LOCO,P5-R6-SYQ,0.591215,1,0.9923529411764705
0.25,CP_Structure9_RF,LOCO,P5-R6-THN,0.529215,1,0.9927777777777778
0.25,CP_Structure9_RF,LOCO,P5-R6-TTE,0.348885,1,0.9306973199907982
0.25,CP_Structure9_RF,LOCO,P5-R6-TWD,0.59784,1,0.29609986614962036
0.25,CP_Structure9_RF,LOCO,P5-R6-TYE,0.44306,1,1.0
0.25,CP_Structure9_RF,LOCO,P5-R6-VFN,0.5554349999999999,1,0.9290534141396881
0.25,CP_Structure9_RF,LOCO,P6-R7-MHQ,0.2532999999999999,1,0.7146937078258785
0.25,CP_Structure9_RF,LOCO,P6-R7-QFW,0.67784,1,0.5795432382402244
0.25,CP_Structure9_RF,LOCO,P6-R7-QRW,0.60431,1,0.9473133329050586
0.25,CP_Structure9_RF,LOCO,P6-R7-TRQ,0.657745,1,0.9487723909346936
0.25,CP_Structure9_RF,LOCO,P6-R7-WFD,0.70041,1,0.5306432969496938
0.25,CP_Structure9_RF,LOCO,P6-R7-WFQ,0.651535,1,0.7635301150886177
0.25,CP_Structure9_RF,LOCO,P7-R5-SYVIRR,0.79377,1,0.5120574691038751
0.25,CP_Structure9_RF,LOCO,P8-R6-GVE,0.658565,1,0.9197828004911688
0.25,CP_Structure9_RF,LOCO,PUF12-9,0.7256100000000001,1,0.9464757139085745
0.25,CP_Structure9_RF,mutation_group_out,P4-R5-ETD,0.0,0,0.9910714285714286
0.25,CP_Structure9_RF,mutation_group_out,P4-R5-SHE,0.616825,1,0.9149950058309296
0.25,CP_Structure9_RF,mutation_group_out,P4-R5-SHE+P7-R5-SHE,0.7531399999999999,1,0.7002800018914392
0.25,CP_Structure9_RF,mutation_group_out,P4-R5-SNE,0.7430950000000001,1,0.974942396313364
0.25,CP_Structure9_RF,mutation_group_out,P4-R5-SNE+P7-R5-SNE,0.80335,1,0.7094800018914392
0.25,CP_Structure9_RF,mutation_group_out,P4-R5-SWD+P7-R5-SWD,0.518925,1,0.6725364789453059
0.25,CP_Structure9_RF,mutation_group_out,P4-R5-THE+P7-R5-THE,0.68814,1,1.0
0.25,CP_Structure9_RF,mutation_group_out,P4-R5-YTH+P7-R5-YTH,0.0,0,0.36686618884306177
0.25,CP_Structure9_RF,mutation_group_out,P4-R5-YYE+P7-P5-YYE,0.0866649999999999,0,0.6522790453787212
0.25,CP_Structure9_RF,mutation_group_out,P5-R6-AYE,0.55629,1,0.8561540399133554
0.25,CP_Structure9_RF,mutation_group_out,P5-R6-DFE,0.32484,1,0.7958566742854667
0.25,CP_Structure9_RF,mutation_group_out,P5-R6-FWD,0.37332,1,0.3238944320013376
0.25,CP_Structure9_RF,mutation_group_out,P5-R6-LRD,0.23336,0,0.5783394221858519
0.25,CP_Structure9_RF,mutation_group_out,P5-R6-NYE,0.57387,1,0.35519087798927984
0.25,CP_Structure9_RF,mutation_group_out,P5-R6-SFE,0.6291599999999999,1,0.8561540399133554
0.25,CP_Structure9_RF,mutation_group_out,P5-R6-SWD,0.666435,1,0.7842301459538575
0.25,CP_Structure9_RF,mutation_group_out,P5-R6-SYQ,0.591215,1,0.8561540399133554
0.25,CP_Structure9_RF,mutation_group_out,P5-R6-THN,0.529215,1,0.7106037723274836
0.25,CP_Structure9_RF,mutation_group_out,P5-R6-TTE,0.348885,1,0.6374597105069514
0.25,CP_Structure9_RF,mutation_group_out,P5-R6-TWD,0.59784,1,0.45592203352777827
0.25,CP_Structure9_RF,mutation_group_out,P5-R6-TYE,0.44306,1,0.7847203420322889
0.25,CP_Structure9_RF,mutation_group_out,P5-R6-VFN,0.5554349999999999,1,0.9595238095238098
0.25,CP_Structure9_RF,mutation_group_out,P6-R7-MHQ,0.2532999999999999,1,0.4770290624376313
0.25,CP_Structure9_RF,mutation_group_out,P6-R7-QFW,0.67784,1,0.44569056204549573
0.25,CP_Structure9_RF,mutation_group_out,P6-R7-QRW,0.60431,1,0.8281484898712193
0.25,CP_Structure9_RF,mutation_group_out,P6-R7-TRQ,0.657745,1,0.7992504321498511
0.25,CP_Structure9_RF,mutation_group_out,P6-R7-WFD,0.70041,1,0.4649668619523113
0.25,CP_Structure9_RF,mutation_group_out,P6-R7-WFQ,0.651535,1,0.42168006448655804
0.25,CP_Structure9_RF,mutation_group_out,P7-R5-SYVIRR,0.79377,1,0.5120574691038751
0.25,CP_Structure9_RF,mutation_group_out,P8-R6-GVE,0.658565,1,0.9197828004911688
0.25,CP_Structure9_RF,mutation_group_out,PUF12-9,0.7256100000000001,1,0.9464757139085745
0.3,CP3_LR,LOCO,P4-R5-ETD,0.0,0,0.46554649204304815
0.3,CP3_LR,LOCO,P4-R5-SHE,0.616825,1,0.3960079663855607
0.3,CP3_LR,LOCO,P4-R5-SHE+P7-R5-SHE,0.7531399999999999,1,0.39020114260873834
0.3,CP3_LR,LOCO,P4-R5-SNE,0.7430950000000001,1,0.554980521041549
0.3,CP3_LR,LOCO,P4-R5-SNE+P7-R5-SNE,0.80335,1,0.3602810328090701
0.3,CP3_LR,LOCO,P4-R5-SWD+P7-R5-SWD,0.518925,1,0.5208958046347781
0.3,CP3_LR,LOCO,P4-R5-THE+P7-R5-THE,0.68814,1,0.5266063747394607
0.3,CP3_LR,LOCO,P4-R5-YTH+P7-R5-YTH,0.0,0,0.44844000495014785
0.3,CP3_LR,LOCO,P4-R5-YYE+P7-P5-YYE,0.0866649999999999,0,0.5297680286948994
0.3,CP3_LR,LOCO,P5-R6-AYE,0.55629,1,0.5892862824472109
0.3,CP3_LR,LOCO,P5-R6-DFE,0.32484,1,0.44357228926871106
0.3,CP3_LR,LOCO,P5-R6-FWD,0.37332,1,0.47897877592465
0.3,CP3_LR,LOCO,P5-R6-LRD,0.23336,0,0.8419368011680678
0.3,CP3_LR,LOCO,P5-R6-NYE,0.57387,1,0.47388992145592707
0.3,CP3_LR,LOCO,P5-R6-SFE,0.6291599999999999,1,0.5458985023333658
0.3,CP3_LR,LOCO,P5-R6-SWD,0.666435,1,0.5038413354268511
0.3,CP3_LR,LOCO,P5-R6-SYQ,0.591215,1,0.5280322762893143
0.3,CP3_LR,LOCO,P5-R6-THN,0.529215,1,0.468866599062355
0.3,CP3_LR,LOCO,P5-R6-TTE,0.348885,1,0.45984319535036544
0.3,CP3_LR,LOCO,P5-R6-TWD,0.59784,1,0.5765661156951255
0.3,CP3_LR,LOCO,P5-R6-TYE,0.44306,1,0.4880361253868644
0.3,CP3_LR,LOCO,P5-R6-VFN,0.5554349999999999,1,0.5475932235824097
0.3,CP3_LR,LOCO,P6-R7-MHQ,0.2532999999999999,0,0.4553153259017323
0.3,CP3_LR,LOCO,P6-R7-QFW,0.67784,1,0.6045735852325662
0.3,CP3_LR,LOCO,P6-R7-QRW,0.60431,1,0.5591500372724851
0.3,CP3_LR,LOCO,P6-R7-TRQ,0.657745,1,0.5358834473456721
0.3,CP3_LR,LOCO,P6-R7-WFD,0.70041,1,0.5053884877290257
0.3,CP3_LR,LOCO,P6-R7-WFQ,0.651535,1,0.5186717848674351
0.3,CP3_LR,LOCO,P7-R5-SYVIRR,0.79377,1,0.5185278768447318
0.3,CP3_LR,LOCO,P8-R6-GVE,0.658565,1,0.5301290231527026
0.3,CP3_LR,LOCO,PUF12-9,0.7256100000000001,1,0.4990125163792262
0.3,CP3_LR,mutation_group_out,P4-R5-ETD,0.0,0,0.46017386767560287
0.3,CP3_LR,mutation_group_out,P4-R5-SHE,0.616825,1,0.42467721569405825
0.3,CP3_LR,mutation_group_out,P4-R5-SHE+P7-R5-SHE,0.7531399999999999,1,0.42272914813983137
0.3,CP3_LR,mutation_group_out,P4-R5-SNE,0.7430950000000001,1,0.5448771241384145
0.3,CP3_LR,mutation_group_out,P4-R5-SNE+P7-R5-SNE,0.80335,1,0.4033704858604927
0.3,CP3_LR,mutation_group_out,P4-R5-SWD+P7-R5-SWD,0.518925,1,0.51530176511336
0.3,CP3_LR,mutation_group_out,P4-R5-THE+P7-R5-THE,0.68814,1,0.50952600801555
0.3,CP3_LR,mutation_group_out,P4-R5-YTH+P7-R5-YTH,0.0,0,0.42439112507011467
0.3,CP3_LR,mutation_group_out,P4-R5-YYE+P7-P5-YYE,0.0866649999999999,0,0.5202872422343514
0.3,CP3_LR,mutation_group_out,P5-R6-AYE,0.55629,1,0.7080419475656213
0.3,CP3_LR,mutation_group_out,P5-R6-DFE,0.32484,1,0.4491024141502952
0.3,CP3_LR,mutation_group_out,P5-R6-FWD,0.37332,1,0.4959786037043602
0.3,CP3_LR,mutation_group_out,P5-R6-LRD,0.23336,0,0.741525012680563
0.3,CP3_LR,mutation_group_out,P5-R6-NYE,0.57387,1,0.47592497882221707
0.3,CP3_LR,mutation_group_out,P5-R6-SFE,0.6291599999999999,1,0.6104907979924096
0.3,CP3_LR,mutation_group_out,P5-R6-SWD,0.666435,1,0.5441021080764199
0.3,CP3_LR,mutation_group_out,P5-R6-SYQ,0.591215,1,0.57088091779864
0.3,CP3_LR,mutation_group_out,P5-R6-THN,0.529215,1,0.48974564613831084
0.3,CP3_LR,mutation_group_out,P5-R6-TTE,0.348885,1,0.49311736217010654
0.3,CP3_LR,mutation_group_out,P5-R6-TWD,0.59784,1,0.7158049297708197
0.3,CP3_LR,mutation_group_out,P5-R6-TYE,0.44306,1,0.5022128114442139
0.3,CP3_LR,mutation_group_out,P5-R6-VFN,0.5554349999999999,1,0.6253142334109312
0.3,CP3_LR,mutation_group_out,P6-R7-MHQ,0.2532999999999999,0,0.5079860988218586
0.3,CP3_LR,mutation_group_out,P6-R7-QFW,0.67784,1,0.45535531464387496
0.3,CP3_LR,mutation_group_out,P6-R7-QRW,0.60431,1,0.4787867096039658
0.3,CP3_LR,mutation_group_out,P6-R7-TRQ,0.657745,1,0.513717218970927
0.3,CP3_LR,mutation_group_out,P6-R7-WFD,0.70041,1,0.4862691047462732
0.3,CP3_LR,mutation_group_out,P6-R7-WFQ,0.651535,1,0.5027532521875976
0.3,CP3_LR,mutation_group_out,P7-R5-SYVIRR,0.79377,1,0.5185278768447318
0.3,CP3_LR,mutation_group_out,P8-R6-GVE,0.658565,1,0.5301290231527026
0.3,CP3_LR,mutation_group_out,PUF12-9,0.7256100000000001,1,0.4990125163792262
0.3,CP_Structure9_LR,LOCO,P4-R5-ETD,0.0,0,0.4704261225877595
0.3,CP_Structure9_LR,LOCO,P4-R5-SHE,0.616825,1,0.7495018756921358
0.3,CP_Structure9_LR,LOCO,P4-R5-SHE+P7-R5-SHE,0.7531399999999999,1,0.5112798269755631
0.3,CP_Structure9_LR,LOCO,P4-R5-SNE,0.7430950000000001,1,0.7846630199601801
0.3,CP_Structure9_LR,LOCO,P4-R5-SNE+P7-R5-SNE,0.80335,1,0.575430851406801
0.3,CP_Structure9_LR,LOCO,P4-R5-SWD+P7-R5-SWD,0.518925,1,0.39336650550088936
0.3,CP_Structure9_LR,LOCO,P4-R5-THE+P7-R5-THE,0.68814,1,0.6842260946862585
0.3,CP_Structure9_LR,LOCO,P4-R5-YTH+P7-R5-YTH,0.0,0,0.07362647670304046
0.3,CP_Structure9_LR,LOCO,P4-R5-YYE+P7-P5-YYE,0.0866649999999999,0,0.6611555396886366
0.3,CP_Structure9_LR,LOCO,P5-R6-AYE,0.55629,1,0.799233832251988
0.3,CP_Structure9_LR,LOCO,P5-R6-DFE,0.32484,1,0.6051560578382297
0.3,CP_Structure9_LR,LOCO,P5-R6-FWD,0.37332,1,0.386571537898479
0.3,CP_Structure9_LR,LOCO,P5-R6-LRD,0.23336,0,0.47888642947574006
0.3,CP_Structure9_LR,LOCO,P5-R6-NYE,0.57387,1,0.4034790060801742
0.3,CP_Structure9_LR,LOCO,P5-R6-SFE,0.6291599999999999,1,0.7101192323371437
0.3,CP_Structure9_LR,LOCO,P5-R6-SWD,0.666435,1,0.7882248251057138
0.3,CP_Structure9_LR,LOCO,P5-R6-SYQ,0.591215,1,0.6611311252595571
0.3,CP_Structure9_LR,LOCO,P5-R6-THN,0.529215,1,0.6172514945870008
0.3,CP_Structure9_LR,LOCO,P5-R6-TTE,0.348885,1,0.4266604494033881
0.3,CP_Structure9_LR,LOCO,P5-R6-TWD,0.59784,1,0.42322891085340825
0.3,CP_Structure9_LR,LOCO,P5-R6-TYE,0.44306,1,0.6348742822455595
0.3,CP_Structure9_LR,LOCO,P5-R6-VFN,0.5554349999999999,1,0.6497095887800329
0.3,CP_Structure9_LR,LOCO,P6-R7-MHQ,0.2532999999999999,0,0.3661998828167508
0.3,CP_Structure9_LR,LOCO,P6-R7-QFW,0.67784,1,0.5997789926546345
0.3,CP_Structure9_LR,LOCO,P6-R7-QRW,0.60431,1,0.6748962275325047
0.3,CP_Structure9_LR,LOCO,P6-R7-TRQ,0.657745,1,0.6341480526202841
0.3,CP_Structure9_LR,LOCO,P6-R7-WFD,0.70041,1,0.4540542372659423
0.3,CP_Structure9_LR,LOCO,P6-R7-WFQ,0.651535,1,0.4232883078553243
0.3,CP_Structure9_LR,LOCO,P7-R5-SYVIRR,0.79377,1,0.40606431340851096
0.3,CP_Structure9_LR,LOCO,P8-R6-GVE,0.658565,1,0.8328909980088857
0.3,CP_Structure9_LR,LOCO,PUF12-9,0.7256100000000001,1,0.5821402785706367
0.3,CP_Structure9_LR,mutation_group_out,P4-R5-ETD,0.0,0,0.48233372521438
0.3,CP_Structure9_LR,mutation_group_out,P4-R5-SHE,0.616825,1,0.7958317381533259
0.3,CP_Structure9_LR,mutation_group_out,P4-R5-SHE+P7-R5-SHE,0.7531399999999999,1,0.4307297486572287
0.3,CP_Structure9_LR,mutation_group_out,P4-R5-SNE,0.7430950000000001,1,0.7918039683382032
0.3,CP_Structure9_LR,mutation_group_out,P4-R5-SNE+P7-R5-SNE,0.80335,1,0.5083030515703439
0.3,CP_Structure9_LR,mutation_group_out,P4-R5-SWD+P7-R5-SWD,0.518925,1,0.3820302688696688
0.3,CP_Structure9_LR,mutation_group_out,P4-R5-THE+P7-R5-THE,0.68814,1,0.7463028659729571
0.3,CP_Structure9_LR,mutation_group_out,P4-R5-YTH+P7-R5-YTH,0.0,0,0.06309913766672001
0.3,CP_Structure9_LR,mutation_group_out,P4-R5-YYE+P7-P5-YYE,0.0866649999999999,0,0.6198467108686923
0.3,CP_Structure9_LR,mutation_group_out,P5-R6-AYE,0.55629,1,0.7350522484631447
0.3,CP_Structure9_LR,mutation_group_out,P5-R6-DFE,0.32484,1,0.5392679877487079
0.3,CP_Structure9_LR,mutation_group_out,P5-R6-FWD,0.37332,1,0.3897115518547303
0.3,CP_Structure9_LR,mutation_group_out,P5-R6-LRD,0.23336,0,0.4527465171540163
0.3,CP_Structure9_LR,mutation_group_out,P5-R6-NYE,0.57387,1,0.38635528847226214
0.3,CP_Structure9_LR,mutation_group_out,P5-R6-SFE,0.6291599999999999,1,0.632983001892149
0.3,CP_Structure9_LR,mutation_group_out,P5-R6-SWD,0.666435,1,0.7109815024996999
0.3,CP_Structure9_LR,mutation_group_out,P5-R6-SYQ,0.591215,1,0.5951372414781583
0.3,CP_Structure9_LR,mutation_group_out,P5-R6-THN,0.529215,1,0.5667155703832774
0.3,CP_Structure9_LR,mutation_group_out,P5-R6-TTE,0.348885,1,0.4401219389330768
0.3,CP_Structure9_LR,mutation_group_out,P5-R6-TWD,0.59784,1,0.541486407315274
0.3,CP_Structure9_LR,mutation_group_out,P5-R6-TYE,0.44306,1,0.5656675979521002
0.3,CP_Structure9_LR,mutation_group_out,P5-R6-VFN,0.5554349999999999,1,0.7153348757460033
0.3,CP_Structure9_LR,mutation_group_out,P6-R7-MHQ,0.2532999999999999,0,0.3962698536742897
0.3,CP_Structure9_LR,mutation_group_out,P6-R7-QFW,0.67784,1,0.450438733649989
0.3,CP_Structure9_LR,mutation_group_out,P6-R7-QRW,0.60431,1,0.5405383760896225
0.3,CP_Structure9_LR,mutation_group_out,P6-R7-TRQ,0.657745,1,0.5665965431849194
0.3,CP_Structure9_LR,mutation_group_out,P6-R7-WFD,0.70041,1,0.423762007566467
0.3,CP_Structure9_LR,mutation_group_out,P6-R7-WFQ,0.651535,1,0.42526363001782147
0.3,CP_Structure9_LR,mutation_group_out,P7-R5-SYVIRR,0.79377,1,0.40606431340851096
0.3,CP_Structure9_LR,mutation_group_out,P8-R6-GVE,0.658565,1,0.8328909980088857
0.3,CP_Structure9_LR,mutation_group_out,PUF12-9,0.7256100000000001,1,0.5821402785706367
0.3,CP3_RF,LOCO,P4-R5-ETD,0.0,0,0.9329996885634669
0.3,CP3_RF,LOCO,P4-R5-SHE,0.616825,1,0.21649702243136482
0.3,CP3_RF,LOCO,P4-R5-SHE+P7-R5-SHE,0.7531399999999999,1,0.22440737596671836
0.3,CP3_RF,LOCO,P4-R5-SNE,0.7430950000000001,1,0.7075353934688974
0.3,CP3_RF,LOCO,P4-R5-SNE+P7-R5-SNE,0.80335,1,0.22646123127930562
0.3,CP3_RF,LOCO,P4-R5-SWD+P7-R5-SWD,0.518925,1,0.9346868082274088
0.3,CP3_RF,LOCO,P4-R5-THE+P7-R5-THE,0.68814,1,0.9398055393987715
0.3,CP3_RF,LOCO,P4-R5-YTH+P7-R5-YTH,0.0,0,0.2824134379602312
0.3,CP3_RF,LOCO,P4-R5-YYE+P7-P5-YYE,0.0866649999999999,0,0.9620945479641131
0.3,CP3_RF,LOCO,P5-R6-AYE,0.55629,1,0.5710810429324893
0.3,CP3_RF,LOCO,P5-R6-DFE,0.32484,1,0.831898796801714
0.3,CP3_RF,LOCO,P5-R6-FWD,0.37332,1,0.9345591727186456
0.3,CP3_RF,LOCO,P5-R6-LRD,0.23336,0,1.0
0.3,CP3_RF,LOCO,P5-R6-NYE,0.57387,1,0.6204353526219171
0.3,CP3_RF,LOCO,P5-R6-SFE,0.6291599999999999,1,0.8895321305048638
0.3,CP3_RF,LOCO,P5-R6-SWD,0.666435,1,0.9354512119533571
0.3,CP3_RF,LOCO,P5-R6-SYQ,0.591215,1,0.9401198627470079
0.3,CP3_RF,LOCO,P5-R6-THN,0.529215,1,0.8932440196776527
0.3,CP3_RF,LOCO,P5-R6-TTE,0.348885,1,0.8092018730987413
0.3,CP3_RF,LOCO,P5-R6-TWD,0.59784,1,0.5836869602204352
0.3,CP3_RF,LOCO,P5-R6-TYE,0.44306,1,0.9216477551444655
0.3,CP3_RF,LOCO,P5-R6-VFN,0.5554349999999999,1,0.8525711002350101
0.3,CP3_RF,LOCO,P6-R7-MHQ,0.2532999999999999,0,0.47967455383154084
0.3,CP3_RF,LOCO,P6-R7-QFW,0.67784,1,0.5483292684554294
0.3,CP3_RF,LOCO,P6-R7-QRW,0.60431,1,0.75345030533074
0.3,CP3_RF,LOCO,P6-R7-TRQ,0.657745,1,0.762617967660817
0.3,CP3_RF,LOCO,P6-R7-WFD,0.70041,1,0.9146505853456653
0.3,CP3_RF,LOCO,P6-R7-WFQ,0.651535,1,0.6587620157039299
0.3,CP3_RF,LOCO,P7-R5-SYVIRR,0.79377,1,0.5501390407475015
0.3,CP3_RF,LOCO,P8-R6-GVE,0.658565,1,0.5775087064457004
0.3,CP3_RF,LOCO,PUF12-9,0.7256100000000001,1,0.9269914971527874
0.3,CP3_RF,mutation_group_out,P4-R5-ETD,0.0,0,0.9507557128114403
0.3,CP3_RF,mutation_group_out,P4-R5-SHE,0.616825,1,0.2728858359144672
0.3,CP3_RF,mutation_group_out,P4-R5-SHE+P7-R5-SHE,0.7531399999999999,1,0.23897544268342824
0.3,CP3_RF,mutation_group_out,P4-R5-SNE,0.7430950000000001,1,0.8697298081287852
0.3,CP3_RF,mutation_group_out,P4-R5-SNE+P7-R5-SNE,0.80335,1,0.23897544268342824
0.3,CP3_RF,mutation_group_out,P4-R5-SWD+P7-R5-SWD,0.518925,1,0.9916981132075472
0.3,CP3_RF,mutation_group_out,P4-R5-THE+P7-R5-THE,0.68814,1,0.9838409703504044
0.3,CP3_RF,mutation_group_out,P4-R5-YTH+P7-R5-YTH,0.0,0,0.26196899107052496
0.3,CP3_RF,mutation_group_out,P4-R5-YYE+P7-P5-YYE,0.0866649999999999,0,0.9407983158417922
0.3,CP3_RF,mutation_group_out,P5-R6-AYE,0.55629,1,0.9940000000000001
0.3,CP3_RF,mutation_group_out,P5-R6-DFE,0.32484,1,0.3346488363808024
0.3,CP3_RF,mutation_group_out,P5-R6-FWD,0.37332,1,0.4959359176401134
0.3,CP3_RF,mutation_group_out,P5-R6-LRD,0.23336,0,0.9940000000000001
0.3,CP3_RF,mutation_group_out,P5-R6-NYE,0.57387,1,0.3593588708740452
0.3,CP3_RF,mutation_group_out,P5-R6-SFE,0.6291599999999999,1,0.9940000000000001
0.3,CP3_RF,mutation_group_out,P5-R6-SWD,0.666435,1,0.6107535944077902
0.3,CP3_RF,mutation_group_out,P5-R6-SYQ,0.591215,1,0.9940000000000001
0.3,CP3_RF,mutation_group_out,P5-R6-THN,0.529215,1,0.4889359176401134
0.3,CP3_RF,mutation_group_out,P5-R6-TTE,0.348885,1,0.4753085131605349
0.3,CP3_RF,mutation_group_out,P5-R6-TWD,0.59784,1,0.9940000000000001
0.3,CP3_RF,mutation_group_out,P5-R6-TYE,0.44306,1,0.5740035944077903
0.3,CP3_RF,mutation_group_out,P5-R6-VFN,0.5554349999999999,1,0.9940000000000001
0.3,CP3_RF,mutation_group_out,P6-R7-MHQ,0.2532999999999999,0,0.5650332149560893
0.3,CP3_RF,mutation_group_out,P6-R7-QFW,0.67784,1,0.5773430870578745
0.3,CP3_RF,mutation_group_out,P6-R7-QRW,0.60431,1,0.6489356409271763
0.3,CP3_RF,mutation_group_out,P6-R7-TRQ,0.657745,1,0.5297258080446704
0.3,CP3_RF,mutation_group_out,P6-R7-WFD,0.70041,1,0.8820015885420915
0.3,CP3_RF,mutation_group_out,P6-R7-WFQ,0.651535,1,0.5338574207980527
0.3,CP3_RF,mutation_group_out,P7-R5-SYVIRR,0.79377,1,0.5501390407475015
0.3,CP3_RF,mutation_group_out,P8-R6-GVE,0.658565,1,0.5775087064457004
0.3,CP3_RF,mutation_group_out,PUF12-9,0.7256100000000001,1,0.9269914971527874
0.3,CP_Structure9_RF,LOCO,P4-R5-ETD,0.0,0,0.8430834759395366
0.3,CP_Structure9_RF,LOCO,P4-R5-SHE,0.616825,1,0.7989855169700745
0.3,CP_Structure9_RF,LOCO,P4-R5-SHE+P7-R5-SHE,0.7531399999999999,1,0.7804047513304853
0.3,CP_Structure9_RF,LOCO,P4-R5-SNE,0.7430950000000001,1,0.9840336134453781
0.3,CP_Structure9_RF,LOCO,P4-R5-SNE+P7-R5-SNE,0.80335,1,0.7894540896160664
0.3,CP_Structure9_RF,LOCO,P4-R5-SWD+P7-R5-SWD,0.518925,1,0.6411934481995223
0.3,CP_Structure9_RF,LOCO,P4-R5-THE+P7-R5-THE,0.68814,1,0.9507742257742258
0.3,CP_Structure9_RF,LOCO,P4-R5-YTH+P7-R5-YTH,0.0,0,0.27656806438776005
0.3,CP_Structure9_RF,LOCO,P4-R5-YYE+P7-P5-YYE,0.0866649999999999,0,0.8510942307764873
0.3,CP_Structure9_RF,LOCO,P5-R6-AYE,0.55629,1,0.948511904761905
0.3,CP_Structure9_RF,LOCO,P5-R6-DFE,0.32484,1,0.9506448412698413
0.3,CP_Structure9_RF,LOCO,P5-R6-FWD,0.37332,1,0.5668530580689053
0.3,CP_Structure9_RF,LOCO,P5-R6-LRD,0.23336,0,0.8174134124542057
0.3,CP_Structure9_RF,LOCO,P5-R6-NYE,0.57387,1,0.4468495365882812
0.3,CP_Structure9_RF,LOCO,P5-R6-SFE,0.6291599999999999,1,0.9866071428571429
0.3,CP_Structure9_RF,LOCO,P5-R6-SWD,0.666435,1,0.99375
0.3,CP_Structure9_RF,LOCO,P5-R6-SYQ,0.591215,1,0.9866071428571429
0.3,CP_Structure9_RF,LOCO,P5-R6-THN,0.529215,1,0.9763737922705314
0.3,CP_Structure9_RF,LOCO,P5-R6-TTE,0.348885,1,0.9086646495613887
0.3,CP_Structure9_RF,LOCO,P5-R6-TWD,0.59784,1,0.4759610746007807
0.3,CP_Structure9_RF,LOCO,P5-R6-TYE,0.44306,1,0.9944444444444445
0.3,CP_Structure9_RF,LOCO,P5-R6-VFN,0.5554349999999999,1,0.92979797979798
0.3,CP_Structure9_RF,LOCO,P6-R7-MHQ,0.2532999999999999,0,0.7146937078258785
0.3,CP_Structure9_RF,LOCO,P6-R7-QFW,0.67784,1,0.6537632498381126
0.3,CP_Structure9_RF,LOCO,P6-R7-QRW,0.60431,1,0.9424778693528694
0.3,CP_Structure9_RF,LOCO,P6-R7-TRQ,0.657745,1,0.9260253716871364
0.3,CP_Structure9_RF,LOCO,P6-R7-WFD,0.70041,1,0.5809323858570357
0.3,CP_Structure9_RF,LOCO,P6-R7-WFQ,0.651535,1,0.5137319497541006
0.3,CP_Structure9_RF,LOCO,P7-R5-SYVIRR,0.79377,1,0.48228708358257194
0.3,CP_Structure9_RF,LOCO,P8-R6-GVE,0.658565,1,0.9057584845388825
0.3,CP_Structure9_RF,LOCO,PUF12-9,0.7256100000000001,1,0.9332503076988371
0.3,CP_Structure9_RF,mutation_group_out,P4-R5-ETD,0.0,0,0.9098092843326885
0.3,CP_Structure9_RF,mutation_group_out,P4-R5-SHE,0.616825,1,0.8689676129426129
0.3,CP_Structure9_RF,mutation_group_out,P4-R5-SHE+P7-R5-SHE,0.7531399999999999,1,0.5746666003497853
0.3,CP_Structure9_RF,mutation_group_out,P4-R5-SNE,0.7430950000000001,1,0.9914285714285714
0.3,CP_Structure9_RF,mutation_group_out,P4-R5-SNE+P7-R5-SNE,0.80335,1,0.6126414958807431
0.3,CP_Structure9_RF,mutation_group_out,P4-R5-SWD+P7-R5-SWD,0.518925,1,0.6497633281394267
0.3,CP_Structure9_RF,mutation_group_out,P4-R5-THE+P7-R5-THE,0.68814,1,0.9842857142857142
0.3,CP_Structure9_RF,mutation_group_out,P4-R5-YTH+P7-R5-YTH,0.0,0,0.2304687693602985
0.3,CP_Structure9_RF,mutation_group_out,P4-R5-YYE+P7-P5-YYE,0.0866649999999999,0,0.7306597888389271
0.3,CP_Structure9_RF,mutation_group_out,P5-R6-AYE,0.55629,1,0.9321968379446639
0.3,CP_Structure9_RF,mutation_group_out,P5-R6-DFE,0.32484,1,0.7361275719793382
0.3,CP_Structure9_RF,mutation_group_out,P5-R6-FWD,0.37332,1,0.39684728946004455
0.3,CP_Structure9_RF,mutation_group_out,P5-R6-LRD,0.23336,0,0.6575824329477701
0.3,CP_Structure9_RF,mutation_group_out,P5-R6-NYE,0.57387,1,0.2907095860223411
0.3,CP_Structure9_RF,mutation_group_out,P5-R6-SFE,0.6291599999999999,1,0.9321968379446639
0.3,CP_Structure9_RF,mutation_group_out,P5-R6-SWD,0.666435,1,0.8221386519572097
0.3,CP_Structure9_RF,mutation_group_out,P5-R6-SYQ,0.591215,1,0.9487422924901187
0.3,CP_Structure9_RF,mutation_group_out,P5-R6-THN,0.529215,1,0.789957101706694
0.3,CP_Structure9_RF,mutation_group_out,P5-R6-TTE,0.348885,1,0.7523131971438239
0.3,CP_Structure9_RF,mutation_group_out,P5-R6-TWD,0.59784,1,0.6309643913275543
0.3,CP_Structure9_RF,mutation_group_out,P5-R6-TYE,0.44306,1,0.8305386519572098
0.3,CP_Structure9_RF,mutation_group_out,P5-R6-VFN,0.5554349999999999,1,0.9488089203067464
0.3,CP_Structure9_RF,mutation_group_out,P6-R7-MHQ,0.2532999999999999,0,0.4770290624376313
0.3,CP_Structure9_RF,mutation_group_out,P6-R7-QFW,0.67784,1,0.44569056204549573
0.3,CP_Structure9_RF,mutation_group_out,P6-R7-QRW,0.60431,1,0.8281484898712193
0.3,CP_Structure9_RF,mutation_group_out,P6-R7-TRQ,0.657745,1,0.7992504321498511
0.3,CP_Structure9_RF,mutation_group_out,P6-R7-WFD,0.70041,1,0.4649668619523113
0.3,CP_Structure9_RF,mutation_group_out,P6-R7-WFQ,0.651535,1,0.42168006448655804
0.3,CP_Structure9_RF,mutation_group_out,P7-R5-SYVIRR,0.79377,1,0.48228708358257194
0.3,CP_Structure9_RF,mutation_group_out,P8-R6-GVE,0.658565,1,0.9057584845388825
0.3,CP_Structure9_RF,mutation_group_out,PUF12-9,0.7256100000000001,1,0.9332503076988371
0.3368625,CP3_LR,LOCO,P4-R5-ETD,0.0,0,0.45305965726351094
0.3368625,CP3_LR,LOCO,P4-R5-SHE,0.616825,1,0.37415472496419516
0.3368625,CP3_LR,LOCO,P4-R5-SHE+P7-R5-SHE,0.7531399999999999,1,0.36687054248112505
0.3368625,CP3_LR,LOCO,P4-R5-SNE,0.7430950000000001,1,0.5717677648110299
0.3368625,CP3_LR,LOCO,P4-R5-SNE+P7-R5-SNE,0.80335,1,0.3314012442773816
0.3368625,CP3_LR,LOCO,P4-R5-SWD+P7-R5-SWD,0.518925,1,0.5256395132385198
0.3368625,CP3_LR,LOCO,P4-R5-THE+P7-R5-THE,0.68814,1,0.533042515379977
0.3368625,CP3_LR,LOCO,P4-R5-YTH+P7-R5-YTH,0.0,0,0.42454476894838594
0.3368625,CP3_LR,LOCO,P4-R5-YYE+P7-P5-YYE,0.0866649999999999,0,0.5303637400638608
0.3368625,CP3_LR,LOCO,P5-R6-AYE,0.55629,1,0.612568934604737
0.3368625,CP3_LR,LOCO,P5-R6-DFE,0.32484,0,0.44357228926871106
0.3368625,CP3_LR,LOCO,P5-R6-FWD,0.37332,1,0.4739673503292646
0.3368625,CP3_LR,LOCO,P5-R6-LRD,0.23336,0,0.8365286561252925
0.3368625,CP3_LR,LOCO,P5-R6-NYE,0.57387,1,0.4674213351479729
0.3368625,CP3_LR,LOCO,P5-R6-SFE,0.6291599999999999,1,0.5580580481144671
0.3368625,CP3_LR,LOCO,P5-R6-SWD,0.666435,1,0.5044543058901029
0.3368625,CP3_LR,LOCO,P5-R6-SYQ,0.591215,1,0.5351430679613657
0.3368625,CP3_LR,LOCO,P5-R6-THN,0.529215,1,0.4611521998322944
0.3368625,CP3_LR,LOCO,P5-R6-TTE,0.348885,1,0.4513478277385866
0.3368625,CP3_LR,LOCO,P5-R6-TWD,0.59784,1,0.5956511890246226
0.3368625,CP3_LR,LOCO,P5-R6-TYE,0.44306,1,0.4856731060700394
0.3368625,CP3_LR,LOCO,P5-R6-VFN,0.5554349999999999,1,0.5585881977771172
0.3368625,CP3_LR,LOCO,P6-R7-MHQ,0.2532999999999999,0,0.3958281720941155
0.3368625,CP3_LR,LOCO,P6-R7-QFW,0.67784,1,0.633247458622954
0.3368625,CP3_LR,LOCO,P6-R7-QRW,0.60431,1,0.57479795236518
0.3368625,CP3_LR,LOCO,P6-R7-TRQ,0.657745,1,0.5470977296169052
0.3368625,CP3_LR,LOCO,P6-R7-WFD,0.70041,1,0.506032360444952
0.3368625,CP3_LR,LOCO,P6-R7-WFQ,0.651535,1,0.5260369583624388
0.3368625,CP3_LR,LOCO,P7-R5-SYVIRR,0.79377,1,0.5263747543213422
0.3368625,CP3_LR,LOCO,P8-R6-GVE,0.658565,1,0.5443874921588304
0.3368625,CP3_LR,LOCO,PUF12-9,0.7256100000000001,1,0.4986470418457607
0.3368625,CP3_LR,mutation_group_out,P4-R5-ETD,0.0,0,0.446281908103022
0.3368625,CP3_LR,mutation_group_out,P4-R5-SHE,0.616825,1,0.39868935158320284
0.3368625,CP3_LR,mutation_group_out,P4-R5-SHE+P7-R5-SHE,0.7531399999999999,1,0.384207297920159
0.3368625,CP3_LR,mutation_group_out,P4-R5-SNE,0.7430950000000001,1,0.5627406610984121
0.3368625,CP3_LR,mutation_group_out,P4-R5-SNE+P7-R5-SNE,0.80335,1,0.35848164855109815
0.3368625,CP3_LR,mutation_group_out,P4-R5-SWD+P7-R5-SWD,0.518925,1,0.5179449618201033
0.3368625,CP3_LR,mutation_group_out,P4-R5-THE+P7-R5-THE,0.68814,1,0.5182587670411821
0.3368625,CP3_LR,mutation_group_out,P4-R5-YTH+P7-R5-YTH,0.0,0,0.39504852295330123
0.3368625,CP3_LR,mutation_group_out,P4-R5-YYE+P7-P5-YYE,0.0866649999999999,0,0.5163813971787606
0.3368625,CP3_LR,mutation_group_out,P5-R6-AYE,0.55629,1,0.7080419475656213
0.3368625,CP3_LR,mutation_group_out,P5-R6-DFE,0.32484,0,0.4491024141502952
0.3368625,CP3_LR,mutation_group_out,P5-R6-FWD,0.37332,1,0.4959786037043602
0.3368625,CP3_LR,mutation_group_out,P5-R6-LRD,0.23336,0,0.741525012680563
0.3368625,CP3_LR,mutation_group_out,P5-R6-NYE,0.57387,1,0.47592497882221707
0.3368625,CP3_LR,mutation_group_out,P5-R6-SFE,0.6291599999999999,1,0.6104907979924096
0.3368625,CP3_LR,mutation_group_out,P5-R6-SWD,0.666435,1,0.5441021080764199
0.3368625,CP3_LR,mutation_group_out,P5-R6-SYQ,0.591215,1,0.57088091779864
0.3368625,CP3_LR,mutation_group_out,P5-R6-THN,0.529215,1,0.48974564613831084
0.3368625,CP3_LR,mutation_group_out,P5-R6-TTE,0.348885,1,0.49311736217010654
0.3368625,CP3_LR,mutation_group_out,P5-R6-TWD,0.59784,1,0.7158049297708197
0.3368625,CP3_LR,mutation_group_out,P5-R6-TYE,0.44306,1,0.5022128114442139
0.3368625,CP3_LR,mutation_group_out,P5-R6-VFN,0.5554349999999999,1,0.6253142334109312
0.3368625,CP3_LR,mutation_group_out,P6-R7-MHQ,0.2532999999999999,0,0.45456023541140467
0.3368625,CP3_LR,mutation_group_out,P6-R7-QFW,0.67784,1,0.5056041429761642
0.3368625,CP3_LR,mutation_group_out,P6-R7-QRW,0.60431,1,0.5053892474145918
0.3368625,CP3_LR,mutation_group_out,P6-R7-TRQ,0.657745,1,0.5312075115083962
0.3368625,CP3_LR,mutation_group_out,P6-R7-WFD,0.70041,1,0.4875465174744494
0.3368625,CP3_LR,mutation_group_out,P6-R7-WFQ,0.651535,1,0.5141129374756227
0.3368625,CP3_LR,mutation_group_out,P7-R5-SYVIRR,0.79377,1,0.5263747543213422
0.3368625,CP3_LR,mutation_group_out,P8-R6-GVE,0.658565,1,0.5443874921588304
0.3368625,CP3_LR,mutation_group_out,PUF12-9,0.7256100000000001,1,0.4986470418457607
0.3368625,CP_Structure9_LR,LOCO,P4-R5-ETD,0.0,0,0.4355928196954168
0.3368625,CP_Structure9_LR,LOCO,P4-R5-SHE,0.616825,1,0.66306648643968
0.3368625,CP_Structure9_LR,LOCO,P4-R5-SHE+P7-R5-SHE,0.7531399999999999,1,0.4473282858256565
0.3368625,CP_Structure9_LR,LOCO,P4-R5-SNE,0.7430950000000001,1,0.7579217899662044
0.3368625,CP_Structure9_LR,LOCO,P4-R5-SNE+P7-R5-SNE,0.80335,1,0.47149411066932295
0.3368625,CP_Structure9_LR,LOCO,P4-R5-SWD+P7-R5-SWD,0.518925,1,0.41780232695569797
0.3368625,CP_Structure9_LR,LOCO,P4-R5-THE+P7-R5-THE,0.68814,1,0.6482194636598095
0.3368625,CP_Structure9_LR,LOCO,P4-R5-YTH+P7-R5-YTH,0.0,0,0.08776858408777773
0.3368625,CP_Structure9_LR,LOCO,P4-R5-YYE+P7-P5-YYE,0.0866649999999999,0,0.6019793090638534
0.3368625,CP_Structure9_LR,LOCO,P5-R6-AYE,0.55629,1,0.7945722748637482
0.3368625,CP_Structure9_LR,LOCO,P5-R6-DFE,0.32484,0,0.6051560578382297
0.3368625,CP_Structure9_LR,LOCO,P5-R6-FWD,0.37332,1,0.36507505084351155
0.3368625,CP_Structure9_LR,LOCO,P5-R6-LRD,0.23336,0,0.6081335277912951
0.3368625,CP_Structure9_LR,LOCO,P5-R6-NYE,0.57387,1,0.39240120734191797
0.3368625,CP_Structure9_LR,LOCO,P5-R6-SFE,0.6291599999999999,1,0.6889029711538902
0.3368625,CP_Structure9_LR,LOCO,P5-R6-SWD,0.666435,1,0.7469757606999354
0.3368625,CP_Structure9_LR,LOCO,P5-R6-SYQ,0.591215,1,0.6370192972924921
0.3368625,CP_Structure9_LR,LOCO,P5-R6-THN,0.529215,1,0.5558067287904562
0.3368625,CP_Structure9_LR,LOCO,P5-R6-TTE,0.348885,1,0.404986703446638
0.3368625,CP_Structure9_LR,LOCO,P5-R6-TWD,0.59784,1,0.45456774839269926
0.3368625,CP_Structure9_LR,LOCO,P5-R6-TYE,0.44306,1,0.6028866525468942
0.3368625,CP_Structure9_LR,LOCO,P5-R6-VFN,0.5554349999999999,1,0.6441128179774086
0.3368625,CP_Structure9_LR,LOCO,P6-R7-MHQ,0.2532999999999999,0,0.3686476909424205
0.3368625,CP_Structure9_LR,LOCO,P6-R7-QFW,0.67784,1,0.6309034606242317
0.3368625,CP_Structure9_LR,LOCO,P6-R7-QRW,0.60431,1,0.6563751335876544
0.3368625,CP_Structure9_LR,LOCO,P6-R7-TRQ,0.657745,1,0.6209841407014138
0.3368625,CP_Structure9_LR,LOCO,P6-R7-WFD,0.70041,1,0.4477613992390459
0.3368625,CP_Structure9_LR,LOCO,P6-R7-WFQ,0.651535,1,0.4426417644185527
0.3368625,CP_Structure9_LR,LOCO,P7-R5-SYVIRR,0.79377,1,0.41732307753639797
0.3368625,CP_Structure9_LR,LOCO,P8-R6-GVE,0.658565,1,0.7538171716760833
0.3368625,CP_Structure9_LR,LOCO,PUF12-9,0.7256100000000001,1,0.5575025998446256
0.3368625,CP_Structure9_LR,mutation_group_out,P4-R5-ETD,0.0,0,0.44409203075069464
0.3368625,CP_Structure9_LR,mutation_group_out,P4-R5-SHE,0.616825,1,0.691678752827143
0.3368625,CP_Structure9_LR,mutation_group_out,P4-R5-SHE+P7-R5-SHE,0.7531399999999999,1,0.35318308133724496
0.3368625,CP_Structure9_LR,mutation_group_out,P4-R5-SNE,0.7430950000000001,1,0.7529473405656845
0.3368625,CP_Structure9_LR,mutation_group_out,P4-R5-SNE+P7-R5-SNE,0.80335,1,0.3780594125922981
0.3368625,CP_Structure9_LR,mutation_group_out,P4-R5-SWD+P7-R5-SWD,0.518925,1,0.4176721089756776
0.3368625,CP_Structure9_LR,mutation_group_out,P4-R5-THE+P7-R5-THE,0.68814,1,0.676136889694133
0.3368625,CP_Structure9_LR,mutation_group_out,P4-R5-YTH+P7-R5-YTH,0.0,0,0.07876487316410814
0.3368625,CP_Structure9_LR,mutation_group_out,P4-R5-YYE+P7-P5-YYE,0.0866649999999999,0,0.5603253756530199
0.3368625,CP_Structure9_LR,mutation_group_out,P5-R6-AYE,0.55629,1,0.7350522484631447
0.3368625,CP_Structure9_LR,mutation_group_out,P5-R6-DFE,0.32484,0,0.5392679877487079
0.3368625,CP_Structure9_LR,mutation_group_out,P5-R6-FWD,0.37332,1,0.3897115518547303
0.3368625,CP_Structure9_LR,mutation_group_out,P5-R6-LRD,0.23336,0,0.4527465171540163
0.3368625,CP_Structure9_LR,mutation_group_out,P5-R6-NYE,0.57387,1,0.38635528847226214
0.3368625,CP_Structure9_LR,mutation_group_out,P5-R6-SFE,0.6291599999999999,1,0.632983001892149
0.3368625,CP_Structure9_LR,mutation_group_out,P5-R6-SWD,0.666435,1,0.7109815024996999
0.3368625,CP_Structure9_LR,mutation_group_out,P5-R6-SYQ,0.591215,1,0.5951372414781583
0.3368625,CP_Structure9_LR,mutation_group_out,P5-R6-THN,0.529215,1,0.5667155703832774
0.3368625,CP_Structure9_LR,mutation_group_out,P5-R6-TTE,0.348885,1,0.4401219389330768
0.3368625,CP_Structure9_LR,mutation_group_out,P5-R6-TWD,0.59784,1,0.541486407315274
0.3368625,CP_Structure9_LR,mutation_group_out,P5-R6-TYE,0.44306,1,0.5656675979521002
0.3368625,CP_Structure9_LR,mutation_group_out,P5-R6-VFN,0.5554349999999999,1,0.7153348757460033
0.3368625,CP_Structure9_LR,mutation_group_out,P6-R7-MHQ,0.2532999999999999,0,0.40005912352968814
0.3368625,CP_Structure9_LR,mutation_group_out,P6-R7-QFW,0.67784,1,0.4922880792472648
0.3368625,CP_Structure9_LR,mutation_group_out,P6-R7-QRW,0.60431,1,0.5309334290533613
0.3368625,CP_Structure9_LR,mutation_group_out,P6-R7-TRQ,0.657745,1,0.5622993074983431
0.3368625,CP_Structure9_LR,mutation_group_out,P6-R7-WFD,0.70041,1,0.4197808885495173
0.3368625,CP_Structure9_LR,mutation_group_out,P6-R7-WFQ,0.651535,1,0.44623534833671613
0.3368625,CP_Structure9_LR,mutation_group_out,P7-R5-SYVIRR,0.79377,1,0.41732307753639797
0.3368625,CP_Structure9_LR,mutation_group_out,P8-R6-GVE,0.658565,1,0.7538171716760833
0.3368625,CP_Structure9_LR,mutation_group_out,PUF12-9,0.7256100000000001,1,0.5575025998446256
0.3368625,CP3_RF,LOCO,P4-R5-ETD,0.0,0,0.6187572816222837
0.3368625,CP3_RF,LOCO,P4-R5-SHE,0.616825,1,0.22088156710852766
0.3368625,CP3_RF,LOCO,P4-R5-SHE+P7-R5-SHE,0.7531399999999999,1,0.2378818544029326
0.3368625,CP3_RF,LOCO,P4-R5-SNE,0.7430950000000001,1,0.6891401793345583
0.3368625,CP3_RF,LOCO,P4-R5-SNE+P7-R5-SNE,0.80335,1,0.23306085383647043
0.3368625,CP3_RF,LOCO,P4-R5-SWD+P7-R5-SWD,0.518925,1,0.8615439876913952
0.3368625,CP3_RF,LOCO,P4-R5-THE+P7-R5-THE,0.68814,1,0.9147188693125683
0.3368625,CP3_RF,LOCO,P4-R5-YTH+P7-R5-YTH,0.0,0,0.21727499046710125
0.3368625,CP3_RF,LOCO,P4-R5-YYE+P7-P5-YYE,0.0866649999999999,0,0.9887728937728937
0.3368625,CP3_RF,LOCO,P5-R6-AYE,0.55629,1,0.6102034687586472
0.3368625,CP3_RF,LOCO,P5-R6-DFE,0.32484,0,0.831898796801714
0.3368625,CP3_RF,LOCO,P5-R6-FWD,0.37332,1,0.8397123037472397
0.3368625,CP3_RF,LOCO,P5-R6-LRD,0.23336,0,1.0
0.3368625,CP3_RF,LOCO,P5-R6-NYE,0.57387,1,0.33919420213652096
0.3368625,CP3_RF,LOCO,P5-R6-SFE,0.6291599999999999,1,0.8902275109354612
0.3368625,CP3_RF,LOCO,P5-R6-SWD,0.666435,1,0.93158130824172
0.3368625,CP3_RF,LOCO,P5-R6-SYQ,0.591215,1,0.9322700855208863
0.3368625,CP3_RF,LOCO,P5-R6-THN,0.529215,1,0.7359827157161054
0.3368625,CP3_RF,LOCO,P5-R6-TTE,0.348885,1,0.5788003113710751
0.3368625,CP3_RF,LOCO,P5-R6-TWD,0.59784,1,0.6148296325591527
0.3368625,CP3_RF,LOCO,P5-R6-TYE,0.44306,1,0.7034461425506205
0.3368625,CP3_RF,LOCO,P5-R6-VFN,0.5554349999999999,1,0.8478233921001537
0.3368625,CP3_RF,LOCO,P6-R7-MHQ,0.2532999999999999,0,0.4611235420306676
0.3368625,CP3_RF,LOCO,P6-R7-QFW,0.67784,1,0.5820224157066671
0.3368625,CP3_RF,LOCO,P6-R7-QRW,0.60431,1,0.752263880699848
0.3368625,CP3_RF,LOCO,P6-R7-TRQ,0.657745,1,0.7795053004779284
0.3368625,CP3_RF,LOCO,P6-R7-WFD,0.70041,1,0.8768774003619606
0.3368625,CP3_RF,LOCO,P6-R7-WFQ,0.651535,1,0.7177496500845877
0.3368625,CP3_RF,LOCO,P7-R5-SYVIRR,0.79377,1,0.6396603667822081
0.3368625,CP3_RF,LOCO,P8-R6-GVE,0.658565,1,0.6717047588606887
0.3368625,CP3_RF,LOCO,PUF12-9,0.7256100000000001,1,0.81967364408623
0.3368625,CP3_RF,mutation_group_out,P4-R5-ETD,0.0,0,0.6353404757566586
0.3368625,CP3_RF,mutation_group_out,P4-R5-SHE,0.616825,1,0.2570149444713423
0.3368625,CP3_RF,mutation_group_out,P4-R5-SHE+P7-R5-SHE,0.7531399999999999,1,0.17586368523115736
0.3368625,CP3_RF,mutation_group_out,P4-R5-SNE,0.7430950000000001,1,0.7971573500105493
0.3368625,CP3_RF,mutation_group_out,P4-R5-SNE+P7-R5-SNE,0.80335,1,0.17586368523115736
0.3368625,CP3_RF,mutation_group_out,P4-R5-SWD+P7-R5-SWD,0.518925,1,0.9889914529914529
0.3368625,CP3_RF,mutation_group_out,P4-R5-THE+P7-R5-THE,0.68814,1,0.9817500736811081
0.3368625,CP3_RF,mutation_group_out,P4-R5-YTH+P7-R5-YTH,0.0,0,0.19062732159479373
0.3368625,CP3_RF,mutation_group_out,P4-R5-YYE+P7-P5-YYE,0.0866649999999999,0,0.9614672065482409
0.3368625,CP3_RF,mutation_group_out,P5-R6-AYE,0.55629,1,0.9940000000000001
0.3368625,CP3_RF,mutation_group_out,P5-R6-DFE,0.32484,0,0.3346488363808024
0.3368625,CP3_RF,mutation_group_out,P5-R6-FWD,0.37332,1,0.4959359176401134
0.3368625,CP3_RF,mutation_group_out,P5-R6-LRD,0.23336,0,0.9940000000000001
0.3368625,CP3_RF,mutation_group_out,P5-R6-NYE,0.57387,1,0.3593588708740452
0.3368625,CP3_RF,mutation_group_out,P5-R6-SFE,0.6291599999999999,1,0.9940000000000001
0.3368625,CP3_RF,mutation_group_out,P5-R6-SWD,0.666435,1,0.6107535944077902
0.3368625,CP3_RF,mutation_group_out,P5-R6-SYQ,0.591215,1,0.9940000000000001
0.3368625,CP3_RF,mutation_group_out,P5-R6-THN,0.529215,1,0.4889359176401134
0.3368625,CP3_RF,mutation_group_out,P5-R6-TTE,0.348885,1,0.4753085131605349
0.3368625,CP3_RF,mutation_group_out,P5-R6-TWD,0.59784,1,0.9940000000000001
0.3368625,CP3_RF,mutation_group_out,P5-R6-TYE,0.44306,1,0.5740035944077903
0.3368625,CP3_RF,mutation_group_out,P5-R6-VFN,0.5554349999999999,1,0.9940000000000001
0.3368625,CP3_RF,mutation_group_out,P6-R7-MHQ,0.2532999999999999,0,0.551938148782314
0.3368625,CP3_RF,mutation_group_out,P6-R7-QFW,0.67784,1,0.6220572640368714
0.3368625,CP3_RF,mutation_group_out,P6-R7-QRW,0.60431,1,0.6835493275289349
0.3368625,CP3_RF,mutation_group_out,P6-R7-TRQ,0.657745,1,0.5906074759852259
0.3368625,CP3_RF,mutation_group_out,P6-R7-WFD,0.70041,1,0.8474817249127388
0.3368625,CP3_RF,mutation_group_out,P6-R7-WFQ,0.651535,1,0.6114279888057387
0.3368625,CP3_RF,mutation_group_out,P7-R5-SYVIRR,0.79377,1,0.6396603667822081
0.3368625,CP3_RF,mutation_group_out,P8-R6-GVE,0.658565,1,0.6717047588606887
0.3368625,CP3_RF,mutation_group_out,PUF12-9,0.7256100000000001,1,0.81967364408623
0.3368625,CP_Structure9_RF,LOCO,P4-R5-ETD,0.0,0,0.6904141326117131
0.3368625,CP_Structure9_RF,LOCO,P4-R5-SHE,0.616825,1,0.6056161990056732
0.3368625,CP_Structure9_RF,LOCO,P4-R5-SHE+P7-R5-SHE,0.7531399999999999,1,0.5604087808199941
0.3368625,CP_Structure9_RF,LOCO,P4-R5-SNE,0.7430950000000001,1,0.9141028440666885
0.3368625,CP_Structure9_RF,LOCO,P4-R5-SNE+P7-R5-SNE,0.80335,1,0.5445819181812791
0.3368625,CP_Structure9_RF,LOCO,P4-R5-SWD+P7-R5-SWD,0.518925,1,0.7644303128420777
0.3368625,CP_Structure9_RF,LOCO,P4-R5-THE+P7-R5-THE,0.68814,1,0.9485575535575538
0.3368625,CP_Structure9_RF,LOCO,P4-R5-YTH+P7-R5-YTH,0.0,0,0.3459481059405437
0.3368625,CP_Structure9_RF,LOCO,P4-R5-YYE+P7-P5-YYE,0.0866649999999999,0,0.8777087577455227
0.3368625,CP_Structure9_RF,LOCO,P5-R6-AYE,0.55629,1,0.9199533146591969
0.3368625,CP_Structure9_RF,LOCO,P5-R6-DFE,0.32484,0,0.9506448412698413
0.3368625,CP_Structure9_RF,LOCO,P5-R6-FWD,0.37332,1,0.609933285312604
0.3368625,CP_Structure9_RF,LOCO,P5-R6-LRD,0.23336,0,0.9020774364524365
0.3368625,CP_Structure9_RF,LOCO,P5-R6-NYE,0.57387,1,0.34131056149447964
0.3368625,CP_Structure9_RF,LOCO,P5-R6-SFE,0.6291599999999999,1,0.9152640692640692
0.3368625,CP_Structure9_RF,LOCO,P5-R6-SWD,0.666435,1,0.9562077922077923
0.3368625,CP_Structure9_RF,LOCO,P5-R6-SYQ,0.591215,1,0.8500468975468977
0.3368625,CP_Structure9_RF,LOCO,P5-R6-THN,0.529215,1,0.7295256477531626
0.3368625,CP_Structure9_RF,LOCO,P5-R6-TTE,0.348885,1,0.5738864052147133
0.3368625,CP_Structure9_RF,LOCO,P5-R6-TWD,0.59784,1,0.5637276945994139
0.3368625,CP_Structure9_RF,LOCO,P5-R6-TYE,0.44306,1,0.923195613423235
0.3368625,CP_Structure9_RF,LOCO,P5-R6-VFN,0.5554349999999999,1,0.8978294385353209
0.3368625,CP_Structure9_RF,LOCO,P6-R7-MHQ,0.2532999999999999,0,0.48953769272221026
0.3368625,CP_Structure9_RF,LOCO,P6-R7-QFW,0.67784,1,0.6964694426107144
0.3368625,CP_Structure9_RF,LOCO,P6-R7-QRW,0.60431,1,0.835350224573849
0.3368625,CP_Structure9_RF,LOCO,P6-R7-TRQ,0.657745,1,0.7300097754711397
0.3368625,CP_Structure9_RF,LOCO,P6-R7-WFD,0.70041,1,0.6917095232606433
0.3368625,CP_Structure9_RF,LOCO,P6-R7-WFQ,0.651535,1,0.6024879061989454
0.3368625,CP_Structure9_RF,LOCO,P7-R5-SYVIRR,0.79377,1,0.5339808156087025
0.3368625,CP_Structure9_RF,LOCO,P8-R6-GVE,0.658565,1,0.8841561300308105
0.3368625,CP_Structure9_RF,LOCO,PUF12-9,0.7256100000000001,1,0.8871675383661802
0.3368625,CP_Structure9_RF,mutation_group_out,P4-R5-ETD,0.0,0,0.7606361906492809
0.3368625,CP_Structure9_RF,mutation_group_out,P4-R5-SHE,0.616825,1,0.6545387619358565
0.3368625,CP_Structure9_RF,mutation_group_out,P4-R5-SHE+P7-R5-SHE,0.7531399999999999,1,0.3162054118500207
0.3368625,CP_Structure9_RF,mutation_group_out,P4-R5-SNE,0.7430950000000001,1,0.8466949655737309
0.3368625,CP_Structure9_RF,mutation_group_out,P4-R5-SNE+P7-R5-SNE,0.80335,1,0.40088054932956074
0.3368625,CP_Structure9_RF,mutation_group_out,P4-R5-SWD+P7-R5-SWD,0.518925,1,0.8260496348195484
0.3368625,CP_Structure9_RF,mutation_group_out,P4-R5-THE+P7-R5-THE,0.68814,1,0.9927586206896553
0.3368625,CP_Structure9_RF,mutation_group_out,P4-R5-YTH+P7-R5-YTH,0.0,0,0.24965653976130453
0.3368625,CP_Structure9_RF,mutation_group_out,P4-R5-YYE+P7-P5-YYE,0.0866649999999999,0,0.8604767265374782
0.3368625,CP_Structure9_RF,mutation_group_out,P5-R6-AYE,0.55629,1,0.9321968379446639
0.3368625,CP_Structure9_RF,mutation_group_out,P5-R6-DFE,0.32484,0,0.7361275719793382
0.3368625,CP_Structure9_RF,mutation_group_out,P5-R6-FWD,0.37332,1,0.39684728946004455
0.3368625,CP_Structure9_RF,mutation_group_out,P5-R6-LRD,0.23336,0,0.6575824329477701
0.3368625,CP_Structure9_RF,mutation_group_out,P5-R6-NYE,0.57387,1,0.2907095860223411
0.3368625,CP_Structure9_RF,mutation_group_out,P5-R6-SFE,0.6291599999999999,1,0.9321968379446639
0.3368625,CP_Structure9_RF,mutation_group_out,P5-R6-SWD,0.666435,1,0.8221386519572097
0.3368625,CP_Structure9_RF,mutation_group_out,P5-R6-SYQ,0.591215,1,0.9487422924901187
0.3368625,CP_Structure9_RF,mutation_group_out,P5-R6-THN,0.529215,1,0.789957101706694
0.3368625,CP_Structure9_RF,mutation_group_out,P5-R6-TTE,0.348885,1,0.7523131971438239
0.3368625,CP_Structure9_RF,mutation_group_out,P5-R6-TWD,0.59784,1,0.6309643913275543
0.3368625,CP_Structure9_RF,mutation_group_out,P5-R6-TYE,0.44306,1,0.8305386519572098
0.3368625,CP_Structure9_RF,mutation_group_out,P5-R6-VFN,0.5554349999999999,1,0.9488089203067464
0.3368625,CP_Structure9_RF,mutation_group_out,P6-R7-MHQ,0.2532999999999999,0,0.3619463804928876
0.3368625,CP_Structure9_RF,mutation_group_out,P6-R7-QFW,0.67784,1,0.49938186116242406
0.3368625,CP_Structure9_RF,mutation_group_out,P6-R7-QRW,0.60431,1,0.6328129171482118
0.3368625,CP_Structure9_RF,mutation_group_out,P6-R7-TRQ,0.657745,1,0.5169778718190486
0.3368625,CP_Structure9_RF,mutation_group_out,P6-R7-WFD,0.70041,1,0.4989727356474162
0.3368625,CP_Structure9_RF,mutation_group_out,P6-R7-WFQ,0.651535,1,0.39449238986707025
0.3368625,CP_Structure9_RF,mutation_group_out,P7-R5-SYVIRR,0.79377,1,0.5339808156087025
0.3368625,CP_Structure9_RF,mutation_group_out,P8-R6-GVE,0.658565,1,0.8841561300308105
0.3368625,CP_Structure9_RF,mutation_group_out,PUF12-9,0.7256100000000001,1,0.8871675383661802
0.35000000000000003,CP3_LR,LOCO,P4-R5-ETD,0.0,0,0.44955052251027294
0.35000000000000003,CP3_LR,LOCO,P4-R5-SHE,0.616825,1,0.37351076158342567
0.35000000000000003,CP3_LR,LOCO,P4-R5-SHE+P7-R5-SHE,0.7531399999999999,1,0.36132616512498256
0.35000000000000003,CP3_LR,LOCO,P4-R5-SNE,0.7430950000000001,1,0.5873580587080304
0.35000000000000003,CP3_LR,LOCO,P4-R5-SNE+P7-R5-SNE,0.80335,1,0.3222745480517069
0.35000000000000003,CP3_LR,LOCO,P4-R5-SWD+P7-R5-SWD,0.518925,1,0.5304163427343321
0.35000000000000003,CP3_LR,LOCO,P4-R5-THE+P7-R5-THE,0.68814,1,0.5318587547981739
0.35000000000000003,CP3_LR,LOCO,P4-R5-YTH+P7-R5-YTH,0.0,0,0.4136499691833099
0.35000000000000003,CP3_LR,LOCO,P4-R5-YYE+P7-P5-YYE,0.0866649999999999,0,0.5352674258867849
0.35000000000000003,CP3_LR,LOCO,P5-R6-AYE,0.55629,1,0.6134791456794667
0.35000000000000003,CP3_LR,LOCO,P5-R6-DFE,0.32484,0,0.4343089325533291
0.35000000000000003,CP3_LR,LOCO,P5-R6-FWD,0.37332,1,0.4711639264538482
0.35000000000000003,CP3_LR,LOCO,P5-R6-LRD,0.23336,0,0.8090860574753377
0.35000000000000003,CP3_LR,LOCO,P5-R6-NYE,0.57387,1,0.4680515336468927
0.35000000000000003,CP3_LR,LOCO,P5-R6-SFE,0.6291599999999999,1,0.5616495311771105
0.35000000000000003,CP3_LR,LOCO,P5-R6-SWD,0.666435,1,0.5019805836285455
0.35000000000000003,CP3_LR,LOCO,P5-R6-SYQ,0.591215,1,0.5393215368206196
0.35000000000000003,CP3_LR,LOCO,P5-R6-THN,0.529215,1,0.4547061896435866
0.35000000000000003,CP3_LR,LOCO,P5-R6-TTE,0.348885,0,0.4513478277385866
0.35000000000000003,CP3_LR,LOCO,P5-R6-TWD,0.59784,1,0.5880431536686851
0.35000000000000003,CP3_LR,LOCO,P5-R6-TYE,0.44306,1,0.4864651019951821
0.35000000000000003,CP3_LR,LOCO,P5-R6-VFN,0.5554349999999999,1,0.5586573204069596
0.35000000000000003,CP3_LR,LOCO,P6-R7-MHQ,0.2532999999999999,0,0.3709935312380827
0.35000000000000003,CP3_LR,LOCO,P6-R7-QFW,0.67784,1,0.6241243793937369
0.35000000000000003,CP3_LR,LOCO,P6-R7-QRW,0.60431,1,0.5733560439232748
0.35000000000000003,CP3_LR,LOCO,P6-R7-TRQ,0.657745,1,0.558930795238165
0.35000000000000003,CP3_LR,LOCO,P6-R7-WFD,0.70041,1,0.49995139390725035
0.35000000000000003,CP3_LR,LOCO,P6-R7-WFQ,0.651535,1,0.5316919569887432
0.35000000000000003,CP3_LR,LOCO,P7-R5-SYVIRR,0.79377,1,0.5404826750026831
0.35000000000000003,CP3_LR,LOCO,P8-R6-GVE,0.658565,1,0.5649113192726206
0.35000000000000003,CP3_LR,LOCO,PUF12-9,0.7256100000000001,1,0.5008193194262328
0.35000000000000003,CP3_LR,mutation_group_out,P4-R5-ETD,0.0,0,0.44205399446644467
0.35000000000000003,CP3_LR,mutation_group_out,P4-R5-SHE,0.616825,1,0.39669448957206427
0.35000000000000003,CP3_LR,mutation_group_out,P4-R5-SHE+P7-R5-SHE,0.7531399999999999,1,0.3704736938952052
0.35000000000000003,CP3_LR,mutation_group_out,P4-R5-SNE,0.7430950000000001,1,0.5798147050321014
0.35000000000000003,CP3_LR,mutation_group_out,P4-R5-SNE+P7-R5-SNE,0.80335,1,0.34119960596773996
0.35000000000000003,CP3_LR,mutation_group_out,P4-R5-SWD+P7-R5-SWD,0.518925,1,0.5228726034724727
0.35000000000000003,CP3_LR,mutation_group_out,P4-R5-THE+P7-R5-THE,0.68814,1,0.519842390514596
0.35000000000000003,CP3_LR,mutation_group_out,P4-R5-YTH+P7-R5-YTH,0.0,0,0.38044136409009993
0.35000000000000003,CP3_LR,mutation_group_out,P4-R5-YYE+P7-P5-YYE,0.0866649999999999,0,0.5193449477349468
0.35000000000000003,CP3_LR,mutation_group_out,P5-R6-AYE,0.55629,1,0.7080419475656213
0.35000000000000003,CP3_LR,mutation_group_out,P5-R6-DFE,0.32484,0,0.4491024141502952
0.35000000000000003,CP3_LR,mutation_group_out,P5-R6-FWD,0.37332,1,0.4959786037043602
0.35000000000000003,CP3_LR,mutation_group_out,P5-R6-LRD,0.23336,0,0.741525012680563
0.35000000000000003,CP3_LR,mutation_group_out,P5-R6-NYE,0.57387,1,0.47592497882221707
0.35000000000000003,CP3_LR,mutation_group_out,P5-R6-SFE,0.6291599999999999,1,0.6104907979924096
0.35000000000000003,CP3_LR,mutation_group_out,P5-R6-SWD,0.666435,1,0.5441021080764199
0.35000000000000003,CP3_LR,mutation_group_out,P5-R6-SYQ,0.591215,1,0.57088091779864
0.35000000000000003,CP3_LR,mutation_group_out,P5-R6-THN,0.529215,1,0.48974564613831084
0.35000000000000003,CP3_LR,mutation_group_out,P5-R6-TTE,0.348885,0,0.49311736217010654
0.35000000000000003,CP3_LR,mutation_group_out,P5-R6-TWD,0.59784,1,0.7158049297708197
0.35000000000000003,CP3_LR,mutation_group_out,P5-R6-TYE,0.44306,1,0.5022128114442139
0.35000000000000003,CP3_LR,mutation_group_out,P5-R6-VFN,0.5554349999999999,1,0.6253142334109312
0.35000000000000003,CP3_LR,mutation_group_out,P6-R7-MHQ,0.2532999999999999,0,0.43553779360329453
0.35000000000000003,CP3_LR,mutation_group_out,P6-R7-QFW,0.67784,1,0.5057270645337835
0.35000000000000003,CP3_LR,mutation_group_out,P6-R7-QRW,0.60431,1,0.5074703461887028
0.35000000000000003,CP3_LR,mutation_group_out,P6-R7-TRQ,0.657745,1,0.5468619326304922
0.35000000000000003,CP3_LR,mutation_group_out,P6-R7-WFD,0.70041,1,0.4812486241409813
0.35000000000000003,CP3_LR,mutation_group_out,P6-R7-WFQ,0.651535,1,0.5220380123982996
0.35000000000000003,CP3_LR,mutation_group_out,P7-R5-SYVIRR,0.79377,1,0.5404826750026831
0.35000000000000003,CP3_LR,mutation_group_out,P8-R6-GVE,0.658565,1,0.5649113192726206
0.35000000000000003,CP3_LR,mutation_group_out,PUF12-9,0.7256100000000001,1,0.5008193194262328
0.35000000000000003,CP_Structure9_LR,LOCO,P4-R5-ETD,0.0,0,0.4367818004744349
0.35000000000000003,CP_Structure9_LR,LOCO,P4-R5-SHE,0.616825,1,0.6382905816659236
0.35000000000000003,CP_Structure9_LR,LOCO,P4-R5-SHE+P7-R5-SHE,0.7531399999999999,1,0.4230174953432581
0.35000000000000003,CP_Structure9_LR,LOCO,P4-R5-SNE,0.7430950000000001,1,0.749420583424844
0.35000000000000003,CP_Structure9_LR,LOCO,P4-R5-SNE+P7-R5-SNE,0.80335,1,0.4259820396199793
0.35000000000000003,CP_Structure9_LR,LOCO,P4-R5-SWD+P7-R5-SWD,0.518925,1,0.4259916147671533
0.35000000000000003,CP_Structure9_LR,LOCO,P4-R5-THE+P7-R5-THE,0.68814,1,0.5701072921865759
0.35000000000000003,CP_Structure9_LR,LOCO,P4-R5-YTH+P7-R5-YTH,0.0,0,0.09956691295185136
0.35000000000000003,CP_Structure9_LR,LOCO,P4-R5-YYE+P7-P5-YYE,0.0866649999999999,0,0.5666865297586877
0.35000000000000003,CP_Structure9_LR,LOCO,P5-R6-AYE,0.55629,1,0.7966285186551484
0.35000000000000003,CP_Structure9_LR,LOCO,P5-R6-DFE,0.32484,0,0.5832890468787442
0.35000000000000003,CP_Structure9_LR,LOCO,P5-R6-FWD,0.37332,1,0.33535796596617135
0.35000000000000003,CP_Structure9_LR,LOCO,P5-R6-LRD,0.23336,0,0.519581114193772
0.35000000000000003,CP_Structure9_LR,LOCO,P5-R6-NYE,0.57387,1,0.38193390832907154
0.35000000000000003,CP_Structure9_LR,LOCO,P5-R6-SFE,0.6291599999999999,1,0.6991593290696545
0.35000000000000003,CP_Structure9_LR,LOCO,P5-R6-SWD,0.666435,1,0.738500724944785
0.35000000000000003,CP_Structure9_LR,LOCO,P5-R6-SYQ,0.591215,1,0.6343029416896512
0.35000000000000003,CP_Structure9_LR,LOCO,P5-R6-THN,0.529215,1,0.51985279092145
0.35000000000000003,CP_Structure9_LR,LOCO,P5-R6-TTE,0.348885,0,0.404986703446638
0.35000000000000003,CP_Structure9_LR,LOCO,P5-R6-TWD,0.59784,1,0.4140490081361623
0.35000000000000003,CP_Structure9_LR,LOCO,P5-R6-TYE,0.44306,1,0.5976125728693336
0.35000000000000003,CP_Structure9_LR,LOCO,P5-R6-VFN,0.5554349999999999,1,0.6805648945835736
0.35000000000000003,CP_Structure9_LR,LOCO,P6-R7-MHQ,0.2532999999999999,0,0.30330096523771155
0.35000000000000003,CP_Structure9_LR,LOCO,P6-R7-QFW,0.67784,1,0.6330109934270961
0.35000000000000003,CP_Structure9_LR,LOCO,P6-R7-QRW,0.60431,1,0.6790124031459056
0.35000000000000003,CP_Structure9_LR,LOCO,P6-R7-TRQ,0.657745,1,0.6625116524848056
0.35000000000000003,CP_Structure9_LR,LOCO,P6-R7-WFD,0.70041,1,0.45078525562571936
0.35000000000000003,CP_Structure9_LR,LOCO,P6-R7-WFQ,0.651535,1,0.45145611793504087
0.35000000000000003,CP_Structure9_LR,LOCO,P7-R5-SYVIRR,0.79377,1,0.4758521398881631
0.35000000000000003,CP_Structure9_LR,LOCO,P8-R6-GVE,0.658565,1,0.8645322966541598
0.35000000000000003,CP_Structure9_LR,LOCO,PUF12-9,0.7256100000000001,1,0.5812478989933277
0.35000000000000003,CP_Structure9_LR,mutation_group_out,P4-R5-ETD,0.0,0,0.44392049683108487
0.35000000000000003,CP_Structure9_LR,mutation_group_out,P4-R5-SHE,0.616825,1,0.6614559047738654
0.35000000000000003,CP_Structure9_LR,mutation_group_out,P4-R5-SHE+P7-R5-SHE,0.7531399999999999,1,0.3326066167104309
0.35000000000000003,CP_Structure9_LR,mutation_group_out,P4-R5-SNE,0.7430950000000001,1,0.7414032418784879
0.35000000000000003,CP_Structure9_LR,mutation_group_out,P4-R5-SNE+P7-R5-SNE,0.80335,1,0.33443442549597546
0.35000000000000003,CP_Structure9_LR,mutation_group_out,P4-R5-SWD+P7-R5-SWD,0.518925,1,0.42969267819740253
0.35000000000000003,CP_Structure9_LR,mutation_group_out,P4-R5-THE+P7-R5-THE,0.68814,1,0.5746622173566764
0.35000000000000003,CP_Structure9_LR,mutation_group_out,P4-R5-YTH+P7-R5-YTH,0.0,0,0.09440033877467101
0.35000000000000003,CP_Structure9_LR,mutation_group_out,P4-R5-YYE+P7-P5-YYE,0.0866649999999999,0,0.5174841759002955
0.35000000000000003,CP_Structure9_LR,mutation_group_out,P5-R6-AYE,0.55629,1,0.7350522484631447
0.35000000000000003,CP_Structure9_LR,mutation_group_out,P5-R6-DFE,0.32484,0,0.5392679877487079
0.35000000000000003,CP_Structure9_LR,mutation_group_out,P5-R6-FWD,0.37332,1,0.3897115518547303
0.35000000000000003,CP_Structure9_LR,mutation_group_out,P5-R6-LRD,0.23336,0,0.4527465171540163
0.35000000000000003,CP_Structure9_LR,mutation_group_out,P5-R6-NYE,0.57387,1,0.38635528847226214
0.35000000000000003,CP_Structure9_LR,mutation_group_out,P5-R6-SFE,0.6291599999999999,1,0.632983001892149
0.35000000000000003,CP_Structure9_LR,mutation_group_out,P5-R6-SWD,0.666435,1,0.7109815024996999
0.35000000000000003,CP_Structure9_LR,mutation_group_out,P5-R6-SYQ,0.591215,1,0.5951372414781583
0.35000000000000003,CP_Structure9_LR,mutation_group_out,P5-R6-THN,0.529215,1,0.5667155703832774
0.35000000000000003,CP_Structure9_LR,mutation_group_out,P5-R6-TTE,0.348885,0,0.4401219389330768
0.35000000000000003,CP_Structure9_LR,mutation_group_out,P5-R6-TWD,0.59784,1,0.541486407315274
0.35000000000000003,CP_Structure9_LR,mutation_group_out,P5-R6-TYE,0.44306,1,0.5656675979521002
0.35000000000000003,CP_Structure9_LR,mutation_group_out,P5-R6-VFN,0.5554349999999999,1,0.7153348757460033
0.35000000000000003,CP_Structure9_LR,mutation_group_out,P6-R7-MHQ,0.2532999999999999,0,0.3414305655691967
0.35000000000000003,CP_Structure9_LR,mutation_group_out,P6-R7-QFW,0.67784,1,0.5081687131543376
0.35000000000000003,CP_Structure9_LR,mutation_group_out,P6-R7-QRW,0.60431,1,0.5677780014822789
0.35000000000000003,CP_Structure9_LR,mutation_group_out,P6-R7-TRQ,0.657745,1,0.6142940579940063
0.35000000000000003,CP_Structure9_LR,mutation_group_out,P6-R7-WFD,0.70041,1,0.42434972589853615
0.35000000000000003,CP_Structure9_LR,mutation_group_out,P6-R7-WFQ,0.651535,1,0.45229401994368407
0.35000000000000003,CP_Structure9_LR,mutation_group_out,P7-R5-SYVIRR,0.79377,1,0.4758521398881631
0.35000000000000003,CP_Structure9_LR,mutation_group_out,P8-R6-GVE,0.658565,1,0.8645322966541598
0.35000000000000003,CP_Structure9_LR,mutation_group_out,PUF12-9,0.7256100000000001,1,0.5812478989933277
0.35000000000000003,CP3_RF,LOCO,P4-R5-ETD,0.0,0,0.2801176766963784
0.35000000000000003,CP3_RF,LOCO,P4-R5-SHE,0.616825,1,0.21789099066671283
0.35000000000000003,CP3_RF,LOCO,P4-R5-SHE+P7-R5-SHE,0.7531399999999999,1,0.2538881051728978
0.35000000000000003,CP3_RF,LOCO,P4-R5-SNE,0.7430950000000001,1,0.7730961534371494
0.35000000000000003,CP3_RF,LOCO,P4-R5-SNE+P7-R5-SNE,0.80335,1,0.2322313504727018
0.35000000000000003,CP3_RF,LOCO,P4-R5-SWD+P7-R5-SWD,0.518925,1,0.851820715954591
0.35000000000000003,CP3_RF,LOCO,P4-R5-THE+P7-R5-THE,0.68814,1,0.8806941137444866
0.35000000000000003,CP3_RF,LOCO,P4-R5-YTH+P7-R5-YTH,0.0,0,0.2638801099801738
0.35000000000000003,CP3_RF,LOCO,P4-R5-YYE+P7-P5-YYE,0.0866649999999999,0,0.9922222222222223
0.35000000000000003,CP3_RF,LOCO,P5-R6-AYE,0.55629,1,0.6435209025554605
0.35000000000000003,CP3_RF,LOCO,P5-R6-DFE,0.32484,0,0.34909714342208803
0.35000000000000003,CP3_RF,LOCO,P5-R6-FWD,0.37332,1,0.8108327150904294
0.35000000000000003,CP3_RF,LOCO,P5-R6-LRD,0.23336,0,0.9963636363636365
0.35000000000000003,CP3_RF,LOCO,P5-R6-NYE,0.57387,1,0.6551720537610008
0.35000000000000003,CP3_RF,LOCO,P5-R6-SFE,0.6291599999999999,1,0.8919747099795958
0.35000000000000003,CP3_RF,LOCO,P5-R6-SWD,0.666435,1,0.8342377389699274
0.35000000000000003,CP3_RF,LOCO,P5-R6-SYQ,0.591215,1,0.9054811682426873
0.35000000000000003,CP3_RF,LOCO,P5-R6-THN,0.529215,1,0.2900263641501745
0.35000000000000003,CP3_RF,LOCO,P5-R6-TTE,0.348885,0,0.5788003113710751
0.35000000000000003,CP3_RF,LOCO,P5-R6-TWD,0.59784,1,0.6472812812753541
0.35000000000000003,CP3_RF,LOCO,P5-R6-TYE,0.44306,1,0.7544581011898469
0.35000000000000003,CP3_RF,LOCO,P5-R6-VFN,0.5554349999999999,1,0.8401159134790528
0.35000000000000003,CP3_RF,LOCO,P6-R7-MHQ,0.2532999999999999,0,0.4431137114421405
0.35000000000000003,CP3_RF,LOCO,P6-R7-QFW,0.67784,1,0.6228529712033182
0.35000000000000003,CP3_RF,LOCO,P6-R7-QRW,0.60431,1,0.7734950269385713
0.35000000000000003,CP3_RF,LOCO,P6-R7-TRQ,0.657745,1,0.8173359330409987
0.35000000000000003,CP3_RF,LOCO,P6-R7-WFD,0.70041,1,0.7801856101299048
0.35000000000000003,CP3_RF,LOCO,P6-R7-WFQ,0.651535,1,0.8058576862468544
0.35000000000000003,CP3_RF,LOCO,P7-R5-SYVIRR,0.79377,1,0.7630048949486605
0.35000000000000003,CP3_RF,LOCO,P8-R6-GVE,0.658565,1,0.76926191498978
0.35000000000000003,CP3_RF,LOCO,PUF12-9,0.7256100000000001,1,0.8028646318085637
0.35000000000000003,CP3_RF,mutation_group_out,P4-R5-ETD,0.0,0,0.31243515120307935
0.35000000000000003,CP3_RF,mutation_group_out,P4-R5-SHE,0.616825,1,0.20591633464509904
0.35000000000000003,CP3_RF,mutation_group_out,P4-R5-SHE+P7-R5-SHE,0.7531399999999999,1,0.13660144680456812
0.35000000000000003,CP3_RF,mutation_group_out,P4-R5-SNE,0.7430950000000001,1,0.8102393587161013
0.35000000000000003,CP3_RF,mutation_group_out,P4-R5-SNE+P7-R5-SNE,0.80335,1,0.13660144680456812
0.35000000000000003,CP3_RF,mutation_group_out,P4-R5-SWD+P7-R5-SWD,0.518925,1,1.0
0.35000000000000003,CP3_RF,mutation_group_out,P4-R5-THE+P7-R5-THE,0.68814,1,0.9793939393939394
0.35000000000000003,CP3_RF,mutation_group_out,P4-R5-YTH+P7-R5-YTH,0.0,0,0.13660144680456812
0.35000000000000003,CP3_RF,mutation_group_out,P4-R5-YYE+P7-P5-YYE,0.0866649999999999,0,0.9876190476190476
0.35000000000000003,CP3_RF,mutation_group_out,P5-R6-AYE,0.55629,1,0.9940000000000001
0.35000000000000003,CP3_RF,mutation_group_out,P5-R6-DFE,0.32484,0,0.3346488363808024
0.35000000000000003,CP3_RF,mutation_group_out,P5-R6-FWD,0.37332,1,0.4959359176401134
0.35000000000000003,CP3_RF,mutation_group_out,P5-R6-LRD,0.23336,0,0.9940000000000001
0.35000000000000003,CP3_RF,mutation_group_out,P5-R6-NYE,0.57387,1,0.3593588708740452
0.35000000000000003,CP3_RF,mutation_group_out,P5-R6-SFE,0.6291599999999999,1,0.9940000000000001
0.35000000000000003,CP3_RF,mutation_group_out,P5-R6-SWD,0.666435,1,0.6107535944077902
0.35000000000000003,CP3_RF,mutation_group_out,P5-R6-SYQ,0.591215,1,0.9940000000000001
0.35000000000000003,CP3_RF,mutation_group_out,P5-R6-THN,0.529215,1,0.4889359176401134
0.35000000000000003,CP3_RF,mutation_group_out,P5-R6-TTE,0.348885,0,0.4753085131605349
0.35000000000000003,CP3_RF,mutation_group_out,P5-R6-TWD,0.59784,1,0.9940000000000001
0.35000000000000003,CP3_RF,mutation_group_out,P5-R6-TYE,0.44306,1,0.5740035944077903
0.35000000000000003,CP3_RF,mutation_group_out,P5-R6-VFN,0.5554349999999999,1,0.9940000000000001
0.35000000000000003,CP3_RF,mutation_group_out,P6-R7-MHQ,0.2532999999999999,0,0.5141380239753608
0.35000000000000003,CP3_RF,mutation_group_out,P6-R7-QFW,0.67784,1,0.6513047439014593
0.35000000000000003,CP3_RF,mutation_group_out,P6-R7-QRW,0.60431,1,0.7137311296628676
0.35000000000000003,CP3_RF,mutation_group_out,P6-R7-TRQ,0.657745,1,0.6990399076887703
0.35000000000000003,CP3_RF,mutation_group_out,P6-R7-WFD,0.70041,1,0.7299329409196185
0.35000000000000003,CP3_RF,mutation_group_out,P6-R7-WFQ,0.651535,1,0.7173632781180233
0.35000000000000003,CP3_RF,mutation_group_out,P7-R5-SYVIRR,0.79377,1,0.7630048949486605
0.35000000000000003,CP3_RF,mutation_group_out,P8-R6-GVE,0.658565,1,0.76926191498978
0.35000000000000003,CP3_RF,mutation_group_out,PUF12-9,0.7256100000000001,1,0.8028646318085637
0.35000000000000003,CP_Structure9_RF,LOCO,P4-R5-ETD,0.0,0,0.5846793347352175
0.35000000000000003,CP_Structure9_RF,LOCO,P4-R5-SHE,0.616825,1,0.5930935571229007
0.35000000000000003,CP_Structure9_RF,LOCO,P4-R5-SHE+P7-R5-SHE,0.7531399999999999,1,0.514664002074445
0.35000000000000003,CP_Structure9_RF,LOCO,P4-R5-SNE,0.7430950000000001,1,0.9579612699264635
0.35000000000000003,CP_Structure9_RF,LOCO,P4-R5-SNE+P7-R5-SNE,0.80335,1,0.5510960169820397
0.35000000000000003,CP_Structure9_RF,LOCO,P4-R5-SWD+P7-R5-SWD,0.518925,1,0.7044335912748401
0.35000000000000003,CP_Structure9_RF,LOCO,P4-R5-THE+P7-R5-THE,0.68814,1,0.9357020941257912
0.35000000000000003,CP_Structure9_RF,LOCO,P4-R5-YTH+P7-R5-YTH,0.0,0,0.34612899813180165
0.35000000000000003,CP_Structure9_RF,LOCO,P4-R5-YYE+P7-P5-YYE,0.0866649999999999,0,0.8542504037181458
0.35000000000000003,CP_Structure9_RF,LOCO,P5-R6-AYE,0.55629,1,0.9037929620233679
0.35000000000000003,CP_Structure9_RF,LOCO,P5-R6-DFE,0.32484,0,0.8539821080879905
0.35000000000000003,CP_Structure9_RF,LOCO,P5-R6-FWD,0.37332,1,0.5070986152926448
0.35000000000000003,CP_Structure9_RF,LOCO,P5-R6-LRD,0.23336,0,0.880668886668887
0.35000000000000003,CP_Structure9_RF,LOCO,P5-R6-NYE,0.57387,1,0.5679579859332501
0.35000000000000003,CP_Structure9_RF,LOCO,P5-R6-SFE,0.6291599999999999,1,0.932112508336646
0.35000000000000003,CP_Structure9_RF,LOCO,P5-R6-SWD,0.666435,1,0.9279611603647712
0.35000000000000003,CP_Structure9_RF,LOCO,P5-R6-SYQ,0.591215,1,0.8320181287996518
0.35000000000000003,CP_Structure9_RF,LOCO,P5-R6-THN,0.529215,1,0.45491062519140774
0.35000000000000003,CP_Structure9_RF,LOCO,P5-R6-TTE,0.348885,0,0.5738864052147133
0.35000000000000003,CP_Structure9_RF,LOCO,P5-R6-TWD,0.59784,1,0.5237363012075735
0.35000000000000003,CP_Structure9_RF,LOCO,P5-R6-TYE,0.44306,1,0.9181922815683703
0.35000000000000003,CP_Structure9_RF,LOCO,P5-R6-VFN,0.5554349999999999,1,0.850109890593745
0.35000000000000003,CP_Structure9_RF,LOCO,P6-R7-MHQ,0.2532999999999999,0,0.4099954418215148
0.35000000000000003,CP_Structure9_RF,LOCO,P6-R7-QFW,0.67784,1,0.6955614702430915
0.35000000000000003,CP_Structure9_RF,LOCO,P6-R7-QRW,0.60431,1,0.8683569307721072
0.35000000000000003,CP_Structure9_RF,LOCO,P6-R7-TRQ,0.657745,1,0.8267672533066598
0.35000000000000003,CP_Structure9_RF,LOCO,P6-R7-WFD,0.70041,1,0.6459483795762984
0.35000000000000003,CP_Structure9_RF,LOCO,P6-R7-WFQ,0.651535,1,0.6074841366901285
0.35000000000000003,CP_Structure9_RF,LOCO,P7-R5-SYVIRR,0.79377,1,0.6763654669949828
0.35000000000000003,CP_Structure9_RF,LOCO,P8-R6-GVE,0.658565,1,0.904949472263463
0.35000000000000003,CP_Structure9_RF,LOCO,PUF12-9,0.7256100000000001,1,0.8644660493002507
0.35000000000000003,CP_Structure9_RF,mutation_group_out,P4-R5-ETD,0.0,0,0.58248968716387
0.35000000000000003,CP_Structure9_RF,mutation_group_out,P4-R5-SHE,0.616825,1,0.585760086086037
0.35000000000000003,CP_Structure9_RF,mutation_group_out,P4-R5-SHE+P7-R5-SHE,0.7531399999999999,1,0.21348631480420077
0.35000000000000003,CP_Structure9_RF,mutation_group_out,P4-R5-SNE,0.7430950000000001,1,0.9056114172984393
0.35000000000000003,CP_Structure9_RF,mutation_group_out,P4-R5-SNE+P7-R5-SNE,0.80335,1,0.2619911433090293
0.35000000000000003,CP_Structure9_RF,mutation_group_out,P4-R5-SWD+P7-R5-SWD,0.518925,1,0.8444567736185385
0.35000000000000003,CP_Structure9_RF,mutation_group_out,P4-R5-THE+P7-R5-THE,0.68814,1,0.9893333333333334
0.35000000000000003,CP_Structure9_RF,mutation_group_out,P4-R5-YTH+P7-R5-YTH,0.0,0,0.17715364115503096
0.35000000000000003,CP_Structure9_RF,mutation_group_out,P4-R5-YYE+P7-P5-YYE,0.0866649999999999,0,0.8902129370805842
0.35000000000000003,CP_Structure9_RF,mutation_group_out,P5-R6-AYE,0.55629,1,0.9321968379446639
0.35000000000000003,CP_Structure9_RF,mutation_group_out,P5-R6-DFE,0.32484,0,0.7361275719793382
0.35000000000000003,CP_Structure9_RF,mutation_group_out,P5-R6-FWD,0.37332,1,0.39684728946004455
0.35000000000000003,CP_Structure9_RF,mutation_group_out,P5-R6-LRD,0.23336,0,0.6575824329477701
0.35000000000000003,CP_Structure9_RF,mutation_group_out,P5-R6-NYE,0.57387,1,0.2907095860223411
0.35000000000000003,CP_Structure9_RF,mutation_group_out,P5-R6-SFE,0.6291599999999999,1,0.9321968379446639
0.35000000000000003,CP_Structure9_RF,mutation_group_out,P5-R6-SWD,0.666435,1,0.8221386519572097
0.35000000000000003,CP_Structure9_RF,mutation_group_out,P5-R6-SYQ,0.591215,1,0.9487422924901187
0.35000000000000003,CP_Structure9_RF,mutation_group_out,P5-R6-THN,0.529215,1,0.789957101706694
0.35000000000000003,CP_Structure9_RF,mutation_group_out,P5-R6-TTE,0.348885,0,0.7523131971438239
0.35000000000000003,CP_Structure9_RF,mutation_group_out,P5-R6-TWD,0.59784,1,0.6309643913275543
0.35000000000000003,CP_Structure9_RF,mutation_group_out,P5-R6-TYE,0.44306,1,0.8305386519572098
0.35000000000000003,CP_Structure9_RF,mutation_group_out,P5-R6-VFN,0.5554349999999999,1,0.9488089203067464
0.35000000000000003,CP_Structure9_RF,mutation_group_out,P6-R7-MHQ,0.2532999999999999,0,0.2639124793306241
0.35000000000000003,CP_Structure9_RF,mutation_group_out,P6-R7-QFW,0.67784,1,0.48709264569404664
0.35000000000000003,CP_Structure9_RF,mutation_group_out,P6-R7-QRW,0.60431,1,0.6697914604873274
0.35000000000000003,CP_Structure9_RF,mutation_group_out,P6-R7-TRQ,0.657745,1,0.6629618570843279
0.35000000000000003,CP_Structure9_RF,mutation_group_out,P6-R7-WFD,0.70041,1,0.4005240232588003
0.35000000000000003,CP_Structure9_RF,mutation_group_out,P6-R7-WFQ,0.651535,1,0.5106350259145781
0.35000000000000003,CP_Structure9_RF,mutation_group_out,P7-R5-SYVIRR,0.79377,1,0.6763654669949828
0.35000000000000003,CP_Structure9_RF,mutation_group_out,P8-R6-GVE,0.658565,1,0.904949472263463
0.35000000000000003,CP_Structure9_RF,mutation_group_out,PUF12-9,0.7256100000000001,1,0.8644660493002507
0.4,CP3_LR,LOCO,P4-R5-ETD,0.0,0,0.44430617707701653
0.4,CP3_LR,LOCO,P4-R5-SHE,0.616825,1,0.3629918279026892
0.4,CP3_LR,LOCO,P4-R5-SHE+P7-R5-SHE,0.7531399999999999,1,0.351571770546006
0.4,CP3_LR,LOCO,P4-R5-SNE,0.7430950000000001,1,0.5893796654021908
0.4,CP3_LR,LOCO,P4-R5-SNE+P7-R5-SNE,0.80335,1,0.3107881947369713
0.4,CP3_LR,LOCO,P4-R5-SWD+P7-R5-SWD,0.518925,1,0.5292302651219576
0.4,CP3_LR,LOCO,P4-R5-THE+P7-R5-THE,0.68814,1,0.5328520874005722
0.4,CP3_LR,LOCO,P4-R5-YTH+P7-R5-YTH,0.0,0,0.4062442595639307
0.4,CP3_LR,LOCO,P4-R5-YYE+P7-P5-YYE,0.0866649999999999,0,0.5323039904676928
0.4,CP3_LR,LOCO,P5-R6-AYE,0.55629,1,0.6194761284513841
0.4,CP3_LR,LOCO,P5-R6-DFE,0.32484,0,0.42983705714610626
0.4,CP3_LR,LOCO,P5-R6-FWD,0.37332,0,0.4711639264538482
0.4,CP3_LR,LOCO,P5-R6-LRD,0.23336,0,0.7971235613483937
0.4,CP3_LR,LOCO,P5-R6-NYE,0.57387,1,0.4635540366125994
0.4,CP3_LR,LOCO,P5-R6-SFE,0.6291599999999999,1,0.5641947101972974
0.4,CP3_LR,LOCO,P5-R6-SWD,0.666435,1,0.5010351450500089
0.4,CP3_LR,LOCO,P5-R6-SYQ,0.591215,1,0.5396372890258244
0.4,CP3_LR,LOCO,P5-R6-THN,0.529215,1,0.45138151440320473
0.4,CP3_LR,LOCO,P5-R6-TTE,0.348885,0,0.4493155266351577
0.4,CP3_LR,LOCO,P5-R6-TWD,0.59784,1,0.5920600348380497
0.4,CP3_LR,LOCO,P5-R6-TYE,0.44306,1,0.48423421339460804
0.4,CP3_LR,LOCO,P5-R6-VFN,0.5554349999999999,1,0.5602228631534557
0.4,CP3_LR,LOCO,P6-R7-MHQ,0.2532999999999999,0,0.3536785465465009
0.4,CP3_LR,LOCO,P6-R7-QFW,0.67784,1,0.6317235984063706
0.4,CP3_LR,LOCO,P6-R7-QRW,0.60431,1,0.5778170574645042
0.4,CP3_LR,LOCO,P6-R7-TRQ,0.657745,1,0.5597690058996098
0.4,CP3_LR,LOCO,P6-R7-WFD,0.70041,1,0.49924523911693014
0.4,CP3_LR,LOCO,P6-R7-WFQ,0.651535,1,0.5331303193918941
0.4,CP3_LR,LOCO,P7-R5-SYVIRR,0.79377,1,0.539674385562262
0.4,CP3_LR,LOCO,P8-R6-GVE,0.658565,1,0.5657200817332929
0.4,CP3_LR,LOCO,PUF12-9,0.7256100000000001,1,0.49855097464434717
0.4,CP3_LR,mutation_group_out,P4-R5-ETD,0.0,0,0.4356250473715783
0.4,CP3_LR,mutation_group_out,P4-R5-SHE,0.616825,1,0.3841667646707009
0.4,CP3_LR,mutation_group_out,P4-R5-SHE+P7-R5-SHE,0.7531399999999999,1,0.3523926028446903
0.4,CP3_LR,mutation_group_out,P4-R5-SNE,0.7430950000000001,1,0.5817433312018517
0.4,CP3_LR,mutation_group_out,P4-R5-SNE+P7-R5-SNE,0.80335,1,0.3216215610121681
0.4,CP3_LR,mutation_group_out,P4-R5-SWD+P7-R5-SWD,0.518925,1,0.5198791898020403
0.4,CP3_LR,mutation_group_out,P4-R5-THE+P7-R5-THE,0.68814,1,0.5223774069141333
0.4,CP3_LR,mutation_group_out,P4-R5-YTH+P7-R5-YTH,0.0,0,0.36802124888341675
0.4,CP3_LR,mutation_group_out,P4-R5-YYE+P7-P5-YYE,0.0866649999999999,0,0.5139056002423006
0.4,CP3_LR,mutation_group_out,P5-R6-AYE,0.55629,1,0.7080419475656213
0.4,CP3_LR,mutation_group_out,P5-R6-DFE,0.32484,0,0.4491024141502952
0.4,CP3_LR,mutation_group_out,P5-R6-FWD,0.37332,0,0.4959786037043602
0.4,CP3_LR,mutation_group_out,P5-R6-LRD,0.23336,0,0.741525012680563
0.4,CP3_LR,mutation_group_out,P5-R6-NYE,0.57387,1,0.47592497882221707
0.4,CP3_LR,mutation_group_out,P5-R6-SFE,0.6291599999999999,1,0.6104907979924096
0.4,CP3_LR,mutation_group_out,P5-R6-SWD,0.666435,1,0.5441021080764199
0.4,CP3_LR,mutation_group_out,P5-R6-SYQ,0.591215,1,0.57088091779864
0.4,CP3_LR,mutation_group_out,P5-R6-THN,0.529215,1,0.48974564613831084
0.4,CP3_LR,mutation_group_out,P5-R6-TTE,0.348885,0,0.49311736217010654
0.4,CP3_LR,mutation_group_out,P5-R6-TWD,0.59784,1,0.7158049297708197
0.4,CP3_LR,mutation_group_out,P5-R6-TYE,0.44306,1,0.5022128114442139
0.4,CP3_LR,mutation_group_out,P5-R6-VFN,0.5554349999999999,1,0.6253142334109312
0.4,CP3_LR,mutation_group_out,P6-R7-MHQ,0.2532999999999999,0,0.4218250755613259
0.4,CP3_LR,mutation_group_out,P6-R7-QFW,0.67784,1,0.5214581864268738
0.4,CP3_LR,mutation_group_out,P6-R7-QRW,0.60431,1,0.516148581838201
0.4,CP3_LR,mutation_group_out,P6-R7-TRQ,0.657745,1,0.5501022671495752
0.4,CP3_LR,mutation_group_out,P6-R7-WFD,0.70041,1,0.48186125071817965
0.4,CP3_LR,mutation_group_out,P6-R7-WFQ,0.651535,1,0.5255063038797277
0.4,CP3_LR,mutation_group_out,P7-R5-SYVIRR,0.79377,1,0.539674385562262
0.4,CP3_LR,mutation_group_out,P8-R6-GVE,0.658565,1,0.5657200817332929
0.4,CP3_LR,mutation_group_out,PUF12-9,0.7256100000000001,1,0.49855097464434717
0.4,CP_Structure9_LR,LOCO,P4-R5-ETD,0.0,0,0.4313239997004415
0.4,CP_Structure9_LR,LOCO,P4-R5-SHE,0.616825,1,0.6304088271557551
0.4,CP_Structure9_LR,LOCO,P4-R5-SHE+P7-R5-SHE,0.7531399999999999,1,0.4232010932263361
0.4,CP_Structure9_LR,LOCO,P4-R5-SNE,0.7430950000000001,1,0.7556476606263274
0.4,CP_Structure9_LR,LOCO,P4-R5-SNE+P7-R5-SNE,0.80335,1,0.4084690128880488
0.4,CP_Structure9_LR,LOCO,P4-R5-SWD+P7-R5-SWD,0.518925,1,0.4374959613479393
0.4,CP_Structure9_LR,LOCO,P4-R5-THE+P7-R5-THE,0.68814,1,0.493319950137379
0.4,CP_Structure9_LR,LOCO,P4-R5-YTH+P7-R5-YTH,0.0,0,0.10138512486352937
0.4,CP_Structure9_LR,LOCO,P4-R5-YYE+P7-P5-YYE,0.0866649999999999,0,0.45810751480213313
0.4,CP_Structure9_LR,LOCO,P5-R6-AYE,0.55629,1,0.7950251985441625
0.4,CP_Structure9_LR,LOCO,P5-R6-DFE,0.32484,0,0.5647486253303426
0.4,CP_Structure9_LR,LOCO,P5-R6-FWD,0.37332,0,0.33535796596617135
0.4,CP_Structure9_LR,LOCO,P5-R6-LRD,0.23336,0,0.4703787861287912
0.4,CP_Structure9_LR,LOCO,P5-R6-NYE,0.57387,1,0.3519778066056389
0.4,CP_Structure9_LR,LOCO,P5-R6-SFE,0.6291599999999999,1,0.6847750953099924
0.4,CP_Structure9_LR,LOCO,P5-R6-SWD,0.666435,1,0.7452637591734403
0.4,CP_Structure9_LR,LOCO,P5-R6-SYQ,0.591215,1,0.6158443083276313
0.4,CP_Structure9_LR,LOCO,P5-R6-THN,0.529215,1,0.4918819018441313
0.4,CP_Structure9_LR,LOCO,P5-R6-TTE,0.348885,0,0.3729765766596291
0.4,CP_Structure9_LR,LOCO,P5-R6-TWD,0.59784,1,0.37986206242494175
0.4,CP_Structure9_LR,LOCO,P5-R6-TYE,0.44306,1,0.6014063086091875
0.4,CP_Structure9_LR,LOCO,P5-R6-VFN,0.5554349999999999,1,0.7544982348744061
0.4,CP_Structure9_LR,LOCO,P6-R7-MHQ,0.2532999999999999,0,0.33812546654827447
0.4,CP_Structure9_LR,LOCO,P6-R7-QFW,0.67784,1,0.6538889233337719
0.4,CP_Structure9_LR,LOCO,P6-R7-QRW,0.60431,1,0.7125716663710578
0.4,CP_Structure9_LR,LOCO,P6-R7-TRQ,0.657745,1,0.6796403045781306
0.4,CP_Structure9_LR,LOCO,P6-R7-WFD,0.70041,1,0.4608609999708476
0.4,CP_Structure9_LR,LOCO,P6-R7-WFQ,0.651535,1,0.488254015477564
0.4,CP_Structure9_LR,LOCO,P7-R5-SYVIRR,0.79377,1,0.46432023380468024
0.4,CP_Structure9_LR,LOCO,P8-R6-GVE,0.658565,1,0.9190125749254968
0.4,CP_Structure9_LR,LOCO,PUF12-9,0.7256100000000001,1,0.6157885989788054
0.4,CP_Structure9_LR,mutation_group_out,P4-R5-ETD,0.0,0,0.4376900646292245
0.4,CP_Structure9_LR,mutation_group_out,P4-R5-SHE,0.616825,1,0.6496653574078136
0.4,CP_Structure9_LR,mutation_group_out,P4-R5-SHE+P7-R5-SHE,0.7531399999999999,1,0.3365929362527794
0.4,CP_Structure9_LR,mutation_group_out,P4-R5-SNE,0.7430950000000001,1,0.7473120742649724
0.4,CP_Structure9_LR,mutation_group_out,P4-R5-SNE+P7-R5-SNE,0.80335,1,0.3196053943079512
0.4,CP_Structure9_LR,mutation_group_out,P4-R5-SWD+P7-R5-SWD,0.518925,1,0.4406822516546787
0.4,CP_Structure9_LR,mutation_group_out,P4-R5-THE+P7-R5-THE,0.68814,1,0.4697450350543523
0.4,CP_Structure9_LR,mutation_group_out,P4-R5-YTH+P7-R5-YTH,0.0,0,0.10169351988333859
0.4,CP_Structure9_LR,mutation_group_out,P4-R5-YYE+P7-P5-YYE,0.0866649999999999,0,0.4050704168654687
0.4,CP_Structure9_LR,mutation_group_out,P5-R6-AYE,0.55629,1,0.7350522484631447
0.4,CP_Structure9_LR,mutation_group_out,P5-R6-DFE,0.32484,0,0.5392679877487079
0.4,CP_Structure9_LR,mutation_group_out,P5-R6-FWD,0.37332,0,0.3897115518547303
0.4,CP_Structure9_LR,mutation_group_out,P5-R6-LRD,0.23336,0,0.4527465171540163
0.4,CP_Structure9_LR,mutation_group_out,P5-R6-NYE,0.57387,1,0.38635528847226214
0.4,CP_Structure9_LR,mutation_group_out,P5-R6-SFE,0.6291599999999999,1,0.632983001892149
0.4,CP_Structure9_LR,mutation_group_out,P5-R6-SWD,0.666435,1,0.7109815024996999
0.4,CP_Structure9_LR,mutation_group_out,P5-R6-SYQ,0.591215,1,0.5951372414781583
0.4,CP_Structure9_LR,mutation_group_out,P5-R6-THN,0.529215,1,0.5667155703832774
0.4,CP_Structure9_LR,mutation_group_out,P5-R6-TTE,0.348885,0,0.4401219389330768
0.4,CP_Structure9_LR,mutation_group_out,P5-R6-TWD,0.59784,1,0.541486407315274
0.4,CP_Structure9_LR,mutation_group_out,P5-R6-TYE,0.44306,1,0.5656675979521002
0.4,CP_Structure9_LR,mutation_group_out,P5-R6-VFN,0.5554349999999999,1,0.7153348757460033
0.4,CP_Structure9_LR,mutation_group_out,P6-R7-MHQ,0.2532999999999999,0,0.37746965231525403
0.4,CP_Structure9_LR,mutation_group_out,P6-R7-QFW,0.67784,1,0.5378001105196929
0.4,CP_Structure9_LR,mutation_group_out,P6-R7-QRW,0.60431,1,0.6119127520663614
0.4,CP_Structure9_LR,mutation_group_out,P6-R7-TRQ,0.657745,1,0.6405676012629576
0.4,CP_Structure9_LR,mutation_group_out,P6-R7-WFD,0.70041,1,0.4420656306319558
0.4,CP_Structure9_LR,mutation_group_out,P6-R7-WFQ,0.651535,1,0.49598851369496777
0.4,CP_Structure9_LR,mutation_group_out,P7-R5-SYVIRR,0.79377,1,0.46432023380468024
0.4,CP_Structure9_LR,mutation_group_out,P8-R6-GVE,0.658565,1,0.9190125749254968
0.4,CP_Structure9_LR,mutation_group_out,PUF12-9,0.7256100000000001,1,0.6157885989788054
0.4,CP3_RF,LOCO,P4-R5-ETD,0.0,0,0.30036038972713863
0.4,CP3_RF,LOCO,P4-R5-SHE,0.616825,1,0.271007472677284
0.4,CP3_RF,LOCO,P4-R5-SHE+P7-R5-SHE,0.7531399999999999,1,0.29261614103613653
0.4,CP3_RF,LOCO,P4-R5-SNE,0.7430950000000001,1,0.8130007066422162
0.4,CP3_RF,LOCO,P4-R5-SNE+P7-R5-SNE,0.80335,1,0.27063287631360455
0.4,CP3_RF,LOCO,P4-R5-SWD+P7-R5-SWD,0.518925,1,0.7807767445636906
0.4,CP3_RF,LOCO,P4-R5-THE+P7-R5-THE,0.68814,1,0.8968191060516763
0.4,CP3_RF,LOCO,P4-R5-YTH+P7-R5-YTH,0.0,0,0.2811578993045204
0.4,CP3_RF,LOCO,P4-R5-YYE+P7-P5-YYE,0.0866649999999999,0,0.9725295638007347
0.4,CP3_RF,LOCO,P5-R6-AYE,0.55629,1,0.6581068231467739
0.4,CP3_RF,LOCO,P5-R6-DFE,0.32484,0,0.23055162162542442
0.4,CP3_RF,LOCO,P5-R6-FWD,0.37332,0,0.8108327150904294
0.4,CP3_RF,LOCO,P5-R6-LRD,0.23336,0,1.0
0.4,CP3_RF,LOCO,P5-R6-NYE,0.57387,1,0.26463682298111396
0.4,CP3_RF,LOCO,P5-R6-SFE,0.6291599999999999,1,0.9080083977429144
0.4,CP3_RF,LOCO,P5-R6-SWD,0.666435,1,0.7431794763040293
0.4,CP3_RF,LOCO,P5-R6-SYQ,0.591215,1,0.917893107709171
0.4,CP3_RF,LOCO,P5-R6-THN,0.529215,1,0.12179632310450351
0.4,CP3_RF,LOCO,P5-R6-TTE,0.348885,0,0.41010544923125175
0.4,CP3_RF,LOCO,P5-R6-TWD,0.59784,1,0.6590307959621741
0.4,CP3_RF,LOCO,P5-R6-TYE,0.44306,1,0.37535278278086587
0.4,CP3_RF,LOCO,P5-R6-VFN,0.5554349999999999,1,0.8495208238570023
0.4,CP3_RF,LOCO,P6-R7-MHQ,0.2532999999999999,0,0.533317338194519
0.4,CP3_RF,LOCO,P6-R7-QFW,0.67784,1,0.6346709305743182
0.4,CP3_RF,LOCO,P6-R7-QRW,0.60431,1,0.7959857025343566
0.4,CP3_RF,LOCO,P6-R7-TRQ,0.657745,1,0.8573050216121907
0.4,CP3_RF,LOCO,P6-R7-WFD,0.70041,1,0.6429864463466053
0.4,CP3_RF,LOCO,P6-R7-WFQ,0.651535,1,0.8954852823614682
0.4,CP3_RF,LOCO,P7-R5-SYVIRR,0.79377,1,0.8100210473296161
0.4,CP3_RF,LOCO,P8-R6-GVE,0.658565,1,0.8544091733562267
0.4,CP3_RF,LOCO,PUF12-9,0.7256100000000001,1,0.618372476376925
0.4,CP3_RF,mutation_group_out,P4-R5-ETD,0.0,0,0.28480865213218165
0.4,CP3_RF,mutation_group_out,P4-R5-SHE,0.616825,1,0.26058614115502676
0.4,CP3_RF,mutation_group_out,P4-R5-SHE+P7-R5-SHE,0.7531399999999999,1,0.1562592992685532
0.4,CP3_RF,mutation_group_out,P4-R5-SNE,0.7430950000000001,1,0.8540126776388387
0.4,CP3_RF,mutation_group_out,P4-R5-SNE+P7-R5-SNE,0.80335,1,0.1562592992685532
0.4,CP3_RF,mutation_group_out,P4-R5-SWD+P7-R5-SWD,0.518925,1,0.9536202505498992
0.4,CP3_RF,mutation_group_out,P4-R5-THE+P7-R5-THE,0.68814,1,0.9468345362641848
0.4,CP3_RF,mutation_group_out,P4-R5-YTH+P7-R5-YTH,0.0,0,0.16139443440368834
0.4,CP3_RF,mutation_group_out,P4-R5-YYE+P7-P5-YYE,0.0866649999999999,0,0.988656378492953
0.4,CP3_RF,mutation_group_out,P5-R6-AYE,0.55629,1,0.9940000000000001
0.4,CP3_RF,mutation_group_out,P5-R6-DFE,0.32484,0,0.3346488363808024
0.4,CP3_RF,mutation_group_out,P5-R6-FWD,0.37332,0,0.4959359176401134
0.4,CP3_RF,mutation_group_out,P5-R6-LRD,0.23336,0,0.9940000000000001
0.4,CP3_RF,mutation_group_out,P5-R6-NYE,0.57387,1,0.3593588708740452
0.4,CP3_RF,mutation_group_out,P5-R6-SFE,0.6291599999999999,1,0.9940000000000001
0.4,CP3_RF,mutation_group_out,P5-R6-SWD,0.666435,1,0.6107535944077902
0.4,CP3_RF,mutation_group_out,P5-R6-SYQ,0.591215,1,0.9940000000000001
0.4,CP3_RF,mutation_group_out,P5-R6-THN,0.529215,1,0.4889359176401134
0.4,CP3_RF,mutation_group_out,P5-R6-TTE,0.348885,0,0.4753085131605349
0.4,CP3_RF,mutation_group_out,P5-R6-TWD,0.59784,1,0.9940000000000001
0.4,CP3_RF,mutation_group_out,P5-R6-TYE,0.44306,1,0.5740035944077903
0.4,CP3_RF,mutation_group_out,P5-R6-VFN,0.5554349999999999,1,0.9940000000000001
0.4,CP3_RF,mutation_group_out,P6-R7-MHQ,0.2532999999999999,0,0.5849619049278039
0.4,CP3_RF,mutation_group_out,P6-R7-QFW,0.67784,1,0.6771165429814137
0.4,CP3_RF,mutation_group_out,P6-R7-QRW,0.60431,1,0.7385542036069629
0.4,CP3_RF,mutation_group_out,P6-R7-TRQ,0.657745,1,0.7868629217304347
0.4,CP3_RF,mutation_group_out,P6-R7-WFD,0.70041,1,0.6513859028567163
0.4,CP3_RF,mutation_group_out,P6-R7-WFQ,0.651535,1,0.8093737288810305
0.4,CP3_RF,mutation_group_out,P7-R5-SYVIRR,0.79377,1,0.8100210473296161
0.4,CP3_RF,mutation_group_out,P8-R6-GVE,0.658565,1,0.8544091733562267
0.4,CP3_RF,mutation_group_out,PUF12-9,0.7256100000000001,1,0.618372476376925
0.4,CP_Structure9_RF,LOCO,P4-R5-ETD,0.0,0,0.5598851386446824
0.4,CP_Structure9_RF,LOCO,P4-R5-SHE,0.616825,1,0.6715029233944045
0.4,CP_Structure9_RF,LOCO,P4-R5-SHE+P7-R5-SHE,0.7531399999999999,1,0.623873341060043
0.4,CP_Structure9_RF,LOCO,P4-R5-SNE,0.7430950000000001,1,0.926765902133642
0.4,CP_Structure9_RF,LOCO,P4-R5-SNE+P7-R5-SNE,0.80335,1,0.6287715514508738
0.4,CP_Structure9_RF,LOCO,P4-R5-SWD+P7-R5-SWD,0.518925,1,0.5889960191823758
0.4,CP_Structure9_RF,LOCO,P4-R5-THE+P7-R5-THE,0.68814,1,0.8830950925870217
0.4,CP_Structure9_RF,LOCO,P4-R5-YTH+P7-R5-YTH,0.0,0,0.3556194140890688
0.4,CP_Structure9_RF,LOCO,P4-R5-YYE+P7-P5-YYE,0.0866649999999999,0,0.7037348992294639
0.4,CP_Structure9_RF,LOCO,P5-R6-AYE,0.55629,1,0.9053675827567631
0.4,CP_Structure9_RF,LOCO,P5-R6-DFE,0.32484,0,0.9053784094676638
0.4,CP_Structure9_RF,LOCO,P5-R6-FWD,0.37332,0,0.5070986152926448
0.4,CP_Structure9_RF,LOCO,P5-R6-LRD,0.23336,0,0.8764843190785794
0.4,CP_Structure9_RF,LOCO,P5-R6-NYE,0.57387,1,0.19949746670157814
0.4,CP_Structure9_RF,LOCO,P5-R6-SFE,0.6291599999999999,1,0.926553222535324
0.4,CP_Structure9_RF,LOCO,P5-R6-SWD,0.666435,1,0.9390076560191344
0.4,CP_Structure9_RF,LOCO,P5-R6-SYQ,0.591215,1,0.789067072762957
0.4,CP_Structure9_RF,LOCO,P5-R6-THN,0.529215,1,0.4189721379692733
0.4,CP_Structure9_RF,LOCO,P5-R6-TTE,0.348885,0,0.5152250570059119
0.4,CP_Structure9_RF,LOCO,P5-R6-TWD,0.59784,1,0.41166861016104056
0.4,CP_Structure9_RF,LOCO,P5-R6-TYE,0.44306,1,0.8115769634284971
0.4,CP_Structure9_RF,LOCO,P5-R6-VFN,0.5554349999999999,1,0.9320182562211288
0.4,CP_Structure9_RF,LOCO,P6-R7-MHQ,0.2532999999999999,0,0.477915227647464
0.4,CP_Structure9_RF,LOCO,P6-R7-QFW,0.67784,1,0.5739112909558777
0.4,CP_Structure9_RF,LOCO,P6-R7-QRW,0.60431,1,0.8478066459838359
0.4,CP_Structure9_RF,LOCO,P6-R7-TRQ,0.657745,1,0.8160331334732404
0.4,CP_Structure9_RF,LOCO,P6-R7-WFD,0.70041,1,0.46765615582647535
0.4,CP_Structure9_RF,LOCO,P6-R7-WFQ,0.651535,1,0.7098506864655049
0.4,CP_Structure9_RF,LOCO,P7-R5-SYVIRR,0.79377,1,0.5750537653475059
0.4,CP_Structure9_RF,LOCO,P8-R6-GVE,0.658565,1,0.9476226439253899
0.4,CP_Structure9_RF,LOCO,PUF12-9,0.7256100000000001,1,0.8799183702149372
0.4,CP_Structure9_RF,mutation_group_out,P4-R5-ETD,0.0,0,0.6148084197800262
0.4,CP_Structure9_RF,mutation_group_out,P4-R5-SHE,0.616825,1,0.6559075229578155
0.4,CP_Structure9_RF,mutation_group_out,P4-R5-SHE+P7-R5-SHE,0.7531399999999999,1,0.40845231459801035
0.4,CP_Structure9_RF,mutation_group_out,P4-R5-SNE,0.7430950000000001,1,0.8861643944291002
0.4,CP_Structure9_RF,mutation_group_out,P4-R5-SNE+P7-R5-SNE,0.80335,1,0.4286148854442526
0.4,CP_Structure9_RF,mutation_group_out,P4-R5-SWD+P7-R5-SWD,0.518925,1,0.7659088857367264
0.4,CP_Structure9_RF,mutation_group_out,P4-R5-THE+P7-R5-THE,0.68814,1,0.9296572444544846
0.4,CP_Structure9_RF,mutation_group_out,P4-R5-YTH+P7-R5-YTH,0.0,0,0.19926243592229687
0.4,CP_Structure9_RF,mutation_group_out,P4-R5-YYE+P7-P5-YYE,0.0866649999999999,0,0.6672133913606011
0.4,CP_Structure9_RF,mutation_group_out,P5-R6-AYE,0.55629,1,0.9321968379446639
0.4,CP_Structure9_RF,mutation_group_out,P5-R6-DFE,0.32484,0,0.7361275719793382
0.4,CP_Structure9_RF,mutation_group_out,P5-R6-FWD,0.37332,0,0.39684728946004455
0.4,CP_Structure9_RF,mutation_group_out,P5-R6-LRD,0.23336,0,0.6575824329477701
0.4,CP_Structure9_RF,mutation_group_out,P5-R6-NYE,0.57387,1,0.2907095860223411
0.4,CP_Structure9_RF,mutation_group_out,P5-R6-SFE,0.6291599999999999,1,0.9321968379446639
0.4,CP_Structure9_RF,mutation_group_out,P5-R6-SWD,0.666435,1,0.8221386519572097
0.4,CP_Structure9_RF,mutation_group_out,P5-R6-SYQ,0.591215,1,0.9487422924901187
0.4,CP_Structure9_RF,mutation_group_out,P5-R6-THN,0.529215,1,0.789957101706694
0.4,CP_Structure9_RF,mutation_group_out,P5-R6-TTE,0.348885,0,0.7523131971438239
0.4,CP_Structure9_RF,mutation_group_out,P5-R6-TWD,0.59784,1,0.6309643913275543
0.4,CP_Structure9_RF,mutation_group_out,P5-R6-TYE,0.44306,1,0.8305386519572098
0.4,CP_Structure9_RF,mutation_group_out,P5-R6-VFN,0.5554349999999999,1,0.9488089203067464
0.4,CP_Structure9_RF,mutation_group_out,P6-R7-MHQ,0.2532999999999999,0,0.3654093243460737
0.4,CP_Structure9_RF,mutation_group_out,P6-R7-QFW,0.67784,1,0.3913397203352136
0.4,CP_Structure9_RF,mutation_group_out,P6-R7-QRW,0.60431,1,0.7040418566712858
0.4,CP_Structure9_RF,mutation_group_out,P6-R7-TRQ,0.657745,1,0.7307953986423732
0.4,CP_Structure9_RF,mutation_group_out,P6-R7-WFD,0.70041,1,0.31063867301091913
0.4,CP_Structure9_RF,mutation_group_out,P6-R7-WFQ,0.651535,1,0.6125427974255561
0.4,CP_Structure9_RF,mutation_group_out,P7-R5-SYVIRR,0.79377,1,0.5750537653475059
0.4,CP_Structure9_RF,mutation_group_out,P8-R6-GVE,0.658565,1,0.9476226439253899
0.4,CP_Structure9_RF,mutation_group_out,PUF12-9,0.7256100000000001,1,0.8799183702149372
0.45,CP3_LR,LOCO,P4-R5-ETD,0.0,0,0.44000910893743456
0.45,CP3_LR,LOCO,P4-R5-SHE,0.616825,1,0.351061834317515
0.45,CP3_LR,LOCO,P4-R5-SHE+P7-R5-SHE,0.7531399999999999,1,0.34200484261511416
0.45,CP3_LR,LOCO,P4-R5-SNE,0.7430950000000001,1,0.584390995895068
0.45,CP3_LR,LOCO,P4-R5-SNE+P7-R5-SNE,0.80335,1,0.300126209139404
0.45,CP3_LR,LOCO,P4-R5-SWD+P7-R5-SWD,0.518925,1,0.5271947669538003
0.45,CP3_LR,LOCO,P4-R5-THE+P7-R5-THE,0.68814,1,0.5345861440152133
0.45,CP3_LR,LOCO,P4-R5-YTH+P7-R5-YTH,0.0,0,0.4013900741912642
0.45,CP3_LR,LOCO,P4-R5-YYE+P7-P5-YYE,0.0866649999999999,0,0.5251973105975438
0.45,CP3_LR,LOCO,P5-R6-AYE,0.55629,1,0.6251316742488443
0.45,CP3_LR,LOCO,P5-R6-DFE,0.32484,0,0.4279950370650235
0.45,CP3_LR,LOCO,P5-R6-FWD,0.37332,0,0.4694955218927142
0.45,CP3_LR,LOCO,P5-R6-LRD,0.23336,0,0.790490959092693
0.45,CP3_LR,LOCO,P5-R6-NYE,0.57387,1,0.4594069183366557
0.45,CP3_LR,LOCO,P5-R6-SFE,0.6291599999999999,1,0.5649274249473643
0.45,CP3_LR,LOCO,P5-R6-SWD,0.666435,1,0.5014906489801327
0.45,CP3_LR,LOCO,P5-R6-SYQ,0.591215,1,0.5385470979149752
0.45,CP3_LR,LOCO,P5-R6-THN,0.529215,1,0.4507919768842722
0.45,CP3_LR,LOCO,P5-R6-TTE,0.348885,0,0.45093826121660097
0.45,CP3_LR,LOCO,P5-R6-TWD,0.59784,1,0.6014224136450603
0.45,CP3_LR,LOCO,P5-R6-TYE,0.44306,0,0.48423421339460804
0.45,CP3_LR,LOCO,P5-R6-VFN,0.5554349999999999,1,0.5630393279516144
0.45,CP3_LR,LOCO,P6-R7-MHQ,0.2532999999999999,0,0.34214803909997676
0.45,CP3_LR,LOCO,P6-R7-QFW,0.67784,1,0.6442514867505069
0.45,CP3_LR,LOCO,P6-R7-QRW,0.60431,1,0.5823533070563099
0.45,CP3_LR,LOCO,P6-R7-TRQ,0.657745,1,0.5551690598500008
0.45,CP3_LR,LOCO,P6-R7-WFD,0.70041,1,0.5018483267286259
0.45,CP3_LR,LOCO,P6-R7-WFQ,0.651535,1,0.5303926160401101
0.45,CP3_LR,LOCO,P7-R5-SYVIRR,0.79377,1,0.5322669955625606
0.45,CP3_LR,LOCO,P8-R6-GVE,0.658565,1,0.5559169527717677
0.45,CP3_LR,LOCO,PUF12-9,0.7256100000000001,1,0.49596409696858135
0.45,CP3_LR,mutation_group_out,P4-R5-ETD,0.0,0,0.4299530963495438
0.45,CP3_LR,mutation_group_out,P4-R5-SHE,0.616825,1,0.3705874960022329
0.45,CP3_LR,mutation_group_out,P4-R5-SHE+P7-R5-SHE,0.7531399999999999,1,0.3354521739450749
0.45,CP3_LR,mutation_group_out,P4-R5-SNE,0.7430950000000001,1,0.5764478339861174
0.45,CP3_LR,mutation_group_out,P4-R5-SNE+P7-R5-SNE,0.80335,1,0.30383877841205464
0.45,CP3_LR,mutation_group_out,P4-R5-SWD+P7-R5-SWD,0.518925,1,0.5160861627545525
0.45,CP3_LR,mutation_group_out,P4-R5-THE+P7-R5-THE,0.68814,1,0.5252264345124242
0.45,CP3_LR,mutation_group_out,P4-R5-YTH+P7-R5-YTH,0.0,0,0.3577806169655626
0.45,CP3_LR,mutation_group_out,P4-R5-YYE+P7-P5-YYE,0.0866649999999999,0,0.5047615512743894
0.45,CP3_LR,mutation_group_out,P5-R6-AYE,0.55629,1,0.7080419475656213
0.45,CP3_LR,mutation_group_out,P5-R6-DFE,0.32484,0,0.4491024141502952
0.45,CP3_LR,mutation_group_out,P5-R6-FWD,0.37332,0,0.4959786037043602
0.45,CP3_LR,mutation_group_out,P5-R6-LRD,0.23336,0,0.741525012680563
0.45,CP3_LR,mutation_group_out,P5-R6-NYE,0.57387,1,0.47592497882221707
0.45,CP3_LR,mutation_group_out,P5-R6-SFE,0.6291599999999999,1,0.6104907979924096
0.45,CP3_LR,mutation_group_out,P5-R6-SWD,0.666435,1,0.5441021080764199
0.45,CP3_LR,mutation_group_out,P5-R6-SYQ,0.591215,1,0.57088091779864
0.45,CP3_LR,mutation_group_out,P5-R6-THN,0.529215,1,0.48974564613831084
0.45,CP3_LR,mutation_group_out,P5-R6-TTE,0.348885,0,0.49311736217010654
0.45,CP3_LR,mutation_group_out,P5-R6-TWD,0.59784,1,0.7158049297708197
0.45,CP3_LR,mutation_group_out,P5-R6-TYE,0.44306,0,0.5022128114442139
0.45,CP3_LR,mutation_group_out,P5-R6-VFN,0.5554349999999999,1,0.6253142334109312
0.45,CP3_LR,mutation_group_out,P6-R7-MHQ,0.2532999999999999,0,0.41309524879776177
0.45,CP3_LR,mutation_group_out,P6-R7-QFW,0.67784,1,0.5400284568750382
0.45,CP3_LR,mutation_group_out,P6-R7-QRW,0.60431,1,0.5242524024596288
0.45,CP3_LR,mutation_group_out,P6-R7-TRQ,0.657745,1,0.5471071502196058
0.45,CP3_LR,mutation_group_out,P6-R7-WFD,0.70041,1,0.48628033843762103
0.45,CP3_LR,mutation_group_out,P6-R7-WFQ,0.651535,1,0.5241495039484793
0.45,CP3_LR,mutation_group_out,P7-R5-SYVIRR,0.79377,1,0.5322669955625606
0.45,CP3_LR,mutation_group_out,P8-R6-GVE,0.658565,1,0.5559169527717677
0.45,CP3_LR,mutation_group_out,PUF12-9,0.7256100000000001,1,0.49596409696858135
0.45,CP_Structure9_LR,LOCO,P4-R5-ETD,0.0,0,0.4215436152383795
0.45,CP_Structure9_LR,LOCO,P4-R5-SHE,0.616825,1,0.5819541341775519
0.45,CP_Structure9_LR,LOCO,P4-R5-SHE+P7-R5-SHE,0.7531399999999999,1,0.4058024980584833
0.45,CP_Structure9_LR,LOCO,P4-R5-SNE,0.7430950000000001,1,0.7349060006960899
0.45,CP_Structure9_LR,LOCO,P4-R5-SNE+P7-R5-SNE,0.80335,1,0.39222965341628907
0.45,CP_Structure9_LR,LOCO,P4-R5-SWD+P7-R5-SWD,0.518925,1,0.4265424516742406
0.45,CP_Structure9_LR,LOCO,P4-R5-THE+P7-R5-THE,0.68814,1,0.4775808600786734
0.45,CP_Structure9_LR,LOCO,P4-R5-YTH+P7-R5-YTH,0.0,0,0.13764281347147708
0.45,CP_Structure9_LR,LOCO,P4-R5-YYE+P7-P5-YYE,0.0866649999999999,0,0.4395607250607667
0.45,CP_Structure9_LR,LOCO,P5-R6-AYE,0.55629,1,0.7585719969017441
0.45,CP_Structure9_LR,LOCO,P5-R6-DFE,0.32484,0,0.5396746671005084
0.45,CP_Structure9_LR,LOCO,P5-R6-FWD,0.37332,0,0.3478942315026258
0.45,CP_Structure9_LR,LOCO,P5-R6-LRD,0.23336,0,0.5703455133634461
0.45,CP_Structure9_LR,LOCO,P5-R6-NYE,0.57387,1,0.3434684089287309
0.45,CP_Structure9_LR,LOCO,P5-R6-SFE,0.6291599999999999,1,0.6499916991917121
0.45,CP_Structure9_LR,LOCO,P5-R6-SWD,0.666435,1,0.7145354604622334
0.45,CP_Structure9_LR,LOCO,P5-R6-SYQ,0.591215,1,0.5907609990070449
0.45,CP_Structure9_LR,LOCO,P5-R6-THN,0.529215,1,0.48629129124021403
0.45,CP_Structure9_LR,LOCO,P5-R6-TTE,0.348885,0,0.37284110458944564
0.45,CP_Structure9_LR,LOCO,P5-R6-TWD,0.59784,1,0.4032844119226576
0.45,CP_Structure9_LR,LOCO,P5-R6-TYE,0.44306,0,0.6014063086091875
0.45,CP_Structure9_LR,LOCO,P5-R6-VFN,0.5554349999999999,1,0.7301996826674956
0.45,CP_Structure9_LR,LOCO,P6-R7-MHQ,0.2532999999999999,0,0.2919427320692176
0.45,CP_Structure9_LR,LOCO,P6-R7-QFW,0.67784,1,0.6628334496698428
0.45,CP_Structure9_LR,LOCO,P6-R7-QRW,0.60431,1,0.6968125662819263
0.45,CP_Structure9_LR,LOCO,P6-R7-TRQ,0.657745,1,0.6520829331560479
0.45,CP_Structure9_LR,LOCO,P6-R7-WFD,0.70041,1,0.46114632273811273
0.45,CP_Structure9_LR,LOCO,P6-R7-WFQ,0.651535,1,0.48203832206639535
0.45,CP_Structure9_LR,LOCO,P7-R5-SYVIRR,0.79377,1,0.4591014921434232
0.45,CP_Structure9_LR,LOCO,P8-R6-GVE,0.658565,1,0.9213851047935121
0.45,CP_Structure9_LR,LOCO,PUF12-9,0.7256100000000001,1,0.5947204256231932
0.45,CP_Structure9_LR,mutation_group_out,P4-R5-ETD,0.0,0,0.4264228171460581
0.45,CP_Structure9_LR,mutation_group_out,P4-R5-SHE,0.616825,1,0.5950183027160866
0.45,CP_Structure9_LR,mutation_group_out,P4-R5-SHE+P7-R5-SHE,0.7531399999999999,1,0.3244040088781018
0.45,CP_Structure9_LR,mutation_group_out,P4-R5-SNE,0.7430950000000001,1,0.720689098936864
0.45,CP_Structure9_LR,mutation_group_out,P4-R5-SNE+P7-R5-SNE,0.80335,1,0.308412919330653
0.45,CP_Structure9_LR,mutation_group_out,P4-R5-SWD+P7-R5-SWD,0.518925,1,0.43392678763202114
0.45,CP_Structure9_LR,mutation_group_out,P4-R5-THE+P7-R5-THE,0.68814,1,0.4464140150378665
0.45,CP_Structure9_LR,mutation_group_out,P4-R5-YTH+P7-R5-YTH,0.0,0,0.1369942345156791
0.45,CP_Structure9_LR,mutation_group_out,P4-R5-YYE+P7-P5-YYE,0.0866649999999999,0,0.39149420073330005
0.45,CP_Structure9_LR,mutation_group_out,P5-R6-AYE,0.55629,1,0.7350522484631447
0.45,CP_Structure9_LR,mutation_group_out,P5-R6-DFE,0.32484,0,0.5392679877487079
0.45,CP_Structure9_LR,mutation_group_out,P5-R6-FWD,0.37332,0,0.3897115518547303
0.45,CP_Structure9_LR,mutation_group_out,P5-R6-LRD,0.23336,0,0.4527465171540163
0.45,CP_Structure9_LR,mutation_group_out,P5-R6-NYE,0.57387,1,0.38635528847226214
0.45,CP_Structure9_LR,mutation_group_out,P5-R6-SFE,0.6291599999999999,1,0.632983001892149
0.45,CP_Structure9_LR,mutation_group_out,P5-R6-SWD,0.666435,1,0.7109815024996999
0.45,CP_Structure9_LR,mutation_group_out,P5-R6-SYQ,0.591215,1,0.5951372414781583
0.45,CP_Structure9_LR,mutation_group_out,P5-R6-THN,0.529215,1,0.5667155703832774
0.45,CP_Structure9_LR,mutation_group_out,P5-R6-TTE,0.348885,0,0.4401219389330768
0.45,CP_Structure9_LR,mutation_group_out,P5-R6-TWD,0.59784,1,0.541486407315274
0.45,CP_Structure9_LR,mutation_group_out,P5-R6-TYE,0.44306,0,0.5656675979521002
0.45,CP_Structure9_LR,mutation_group_out,P5-R6-VFN,0.5554349999999999,1,0.7153348757460033
0.45,CP_Structure9_LR,mutation_group_out,P6-R7-MHQ,0.2532999999999999,0,0.3347543181157448
0.45,CP_Structure9_LR,mutation_group_out,P6-R7-QFW,0.67784,1,0.5507607729227564
0.45,CP_Structure9_LR,mutation_group_out,P6-R7-QRW,0.60431,1,0.5964503902863738
0.45,CP_Structure9_LR,mutation_group_out,P6-R7-TRQ,0.657745,1,0.6114031915416962
0.45,CP_Structure9_LR,mutation_group_out,P6-R7-WFD,0.70041,1,0.4380850096576454
0.45,CP_Structure9_LR,mutation_group_out,P6-R7-WFQ,0.651535,1,0.4811709926543761
0.45,CP_Structure9_LR,mutation_group_out,P7-R5-SYVIRR,0.79377,1,0.4591014921434232
0.45,CP_Structure9_LR,mutation_group_out,P8-R6-GVE,0.658565,1,0.9213851047935121
0.45,CP_Structure9_LR,mutation_group_out,PUF12-9,0.7256100000000001,1,0.5947204256231932
0.45,CP3_RF,LOCO,P4-R5-ETD,0.0,0,0.3014592770735347
0.45,CP3_RF,LOCO,P4-R5-SHE,0.616825,1,0.3191205432724422
0.45,CP3_RF,LOCO,P4-R5-SHE+P7-R5-SHE,0.7531399999999999,1,0.34623946704153274
0.45,CP3_RF,LOCO,P4-R5-SNE,0.7430950000000001,1,0.809951766823338
0.45,CP3_RF,LOCO,P4-R5-SNE+P7-R5-SNE,0.80335,1,0.3343905969205027
0.45,CP3_RF,LOCO,P4-R5-SWD+P7-R5-SWD,0.518925,1,0.7790867812682194
0.45,CP3_RF,LOCO,P4-R5-THE+P7-R5-THE,0.68814,1,0.9258254793279238
0.45,CP3_RF,LOCO,P4-R5-YTH+P7-R5-YTH,0.0,0,0.33994186943565713
0.45,CP3_RF,LOCO,P4-R5-YYE+P7-P5-YYE,0.0866649999999999,0,0.9760511443351391
0.45,CP3_RF,LOCO,P5-R6-AYE,0.55629,1,0.6873016388793728
0.45,CP3_RF,LOCO,P5-R6-DFE,0.32484,0,0.17333691131596704
0.45,CP3_RF,LOCO,P5-R6-FWD,0.37332,0,0.48205916760324896
0.45,CP3_RF,LOCO,P5-R6-LRD,0.23336,0,1.0
0.45,CP3_RF,LOCO,P5-R6-NYE,0.57387,1,0.16430967983058523
0.45,CP3_RF,LOCO,P5-R6-SFE,0.6291599999999999,1,0.9212086368003809
0.45,CP3_RF,LOCO,P5-R6-SWD,0.666435,1,0.6321693492026206
0.45,CP3_RF,LOCO,P5-R6-SYQ,0.591215,1,0.9039527425557435
0.45,CP3_RF,LOCO,P5-R6-THN,0.529215,1,0.09895597309115751
0.45,CP3_RF,LOCO,P5-R6-TTE,0.348885,0,0.466043899674701
0.45,CP3_RF,LOCO,P5-R6-TWD,0.59784,1,0.6899367082173957
0.45,CP3_RF,LOCO,P5-R6-TYE,0.44306,0,0.37535278278086587
0.45,CP3_RF,LOCO,P5-R6-VFN,0.5554349999999999,1,0.8888486475553418
0.45,CP3_RF,LOCO,P6-R7-MHQ,0.2532999999999999,0,0.5580352450651452
0.45,CP3_RF,LOCO,P6-R7-QFW,0.67784,1,0.660448588409573
0.45,CP3_RF,LOCO,P6-R7-QRW,0.60431,1,0.8226099722365112
0.45,CP3_RF,LOCO,P6-R7-TRQ,0.657745,1,0.854687954497348
0.45,CP3_RF,LOCO,P6-R7-WFD,0.70041,1,0.5657946379547764
0.45,CP3_RF,LOCO,P6-R7-WFQ,0.651535,1,0.8966337403670204
0.45,CP3_RF,LOCO,P7-R5-SYVIRR,0.79377,1,0.7842218822729069
0.45,CP3_RF,LOCO,P8-R6-GVE,0.658565,1,0.8297388888110221
0.45,CP3_RF,LOCO,PUF12-9,0.7256100000000001,1,0.4981642348291214
0.45,CP3_RF,mutation_group_out,P4-R5-ETD,0.0,0,0.2898823473836984
0.45,CP3_RF,mutation_group_out,P4-R5-SHE,0.616825,1,0.34513301218820436
0.45,CP3_RF,mutation_group_out,P4-R5-SHE+P7-R5-SHE,0.7531399999999999,1,0.2103910932598225
0.45,CP3_RF,mutation_group_out,P4-R5-SNE,0.7430950000000001,1,0.8649329043644853
0.45,CP3_RF,mutation_group_out,P4-R5-SNE+P7-R5-SNE,0.80335,1,0.2103910932598225
0.45,CP3_RF,mutation_group_out,P4-R5-SWD+P7-R5-SWD,0.518925,1,0.9626702035071867
0.45,CP3_RF,mutation_group_out,P4-R5-THE+P7-R5-THE,0.68814,1,0.9507294140335024
0.45,CP3_RF,mutation_group_out,P4-R5-YTH+P7-R5-YTH,0.0,0,0.2103910932598225
0.45,CP3_RF,mutation_group_out,P4-R5-YYE+P7-P5-YYE,0.0866649999999999,0,0.9763553018817216
0.45,CP3_RF,mutation_group_out,P5-R6-AYE,0.55629,1,0.9940000000000001
0.45,CP3_RF,mutation_group_out,P5-R6-DFE,0.32484,0,0.3346488363808024
0.45,CP3_RF,mutation_group_out,P5-R6-FWD,0.37332,0,0.4959359176401134
0.45,CP3_RF,mutation_group_out,P5-R6-LRD,0.23336,0,0.9940000000000001
0.45,CP3_RF,mutation_group_out,P5-R6-NYE,0.57387,1,0.3593588708740452
0.45,CP3_RF,mutation_group_out,P5-R6-SFE,0.6291599999999999,1,0.9940000000000001
0.45,CP3_RF,mutation_group_out,P5-R6-SWD,0.666435,1,0.6107535944077902
0.45,CP3_RF,mutation_group_out,P5-R6-SYQ,0.591215,1,0.9940000000000001
0.45,CP3_RF,mutation_group_out,P5-R6-THN,0.529215,1,0.4889359176401134
0.45,CP3_RF,mutation_group_out,P5-R6-TTE,0.348885,0,0.4753085131605349
0.45,CP3_RF,mutation_group_out,P5-R6-TWD,0.59784,1,0.9940000000000001
0.45,CP3_RF,mutation_group_out,P5-R6-TYE,0.44306,0,0.5740035944077903
0.45,CP3_RF,mutation_group_out,P5-R6-VFN,0.5554349999999999,1,0.9940000000000001
0.45,CP3_RF,mutation_group_out,P6-R7-MHQ,0.2532999999999999,0,0.6110170184199567
0.45,CP3_RF,mutation_group_out,P6-R7-QFW,0.67784,1,0.700092296705565
0.45,CP3_RF,mutation_group_out,P6-R7-QRW,0.60431,1,0.7538297210481028
0.45,CP3_RF,mutation_group_out,P6-R7-TRQ,0.657745,1,0.7783636005225298
0.45,CP3_RF,mutation_group_out,P6-R7-WFD,0.70041,1,0.5856616408933134
0.45,CP3_RF,mutation_group_out,P6-R7-WFQ,0.651535,1,0.788753021429024
0.45,CP3_RF,mutation_group_out,P7-R5-SYVIRR,0.79377,1,0.7842218822729069
0.45,CP3_RF,mutation_group_out,P8-R6-GVE,0.658565,1,0.8297388888110221
0.45,CP3_RF,mutation_group_out,PUF12-9,0.7256100000000001,1,0.4981642348291214
0.45,CP_Structure9_RF,LOCO,P4-R5-ETD,0.0,0,0.45166198856165807
0.45,CP_Structure9_RF,LOCO,P4-R5-SHE,0.616825,1,0.617355540936567
0.45,CP_Structure9_RF,LOCO,P4-R5-SHE+P7-R5-SHE,0.7531399999999999,1,0.5733076876308282
0.45,CP_Structure9_RF,LOCO,P4-R5-SNE,0.7430950000000001,1,0.9298472900367664
0.45,CP_Structure9_RF,LOCO,P4-R5-SNE+P7-R5-SNE,0.80335,1,0.6090966743449244
0.45,CP_Structure9_RF,LOCO,P4-R5-SWD+P7-R5-SWD,0.518925,1,0.6218395003613858
0.45,CP_Structure9_RF,LOCO,P4-R5-THE+P7-R5-THE,0.68814,1,0.8776834120700893
0.45,CP_Structure9_RF,LOCO,P4-R5-YTH+P7-R5-YTH,0.0,0,0.4001347721070864
0.45,CP_Structure9_RF,LOCO,P4-R5-YYE+P7-P5-YYE,0.0866649999999999,0,0.7509022429094862
0.45,CP_Structure9_RF,LOCO,P5-R6-AYE,0.55629,1,0.9129475468327074
0.45,CP_Structure9_RF,LOCO,P5-R6-DFE,0.32484,0,0.5636951278491066
0.45,CP_Structure9_RF,LOCO,P5-R6-FWD,0.37332,0,0.42441199231489823
0.45,CP_Structure9_RF,LOCO,P5-R6-LRD,0.23336,0,0.9404569918444422
0.45,CP_Structure9_RF,LOCO,P5-R6-NYE,0.57387,1,0.11835212348194389
0.45,CP_Structure9_RF,LOCO,P5-R6-SFE,0.6291599999999999,1,0.9111646328510682
0.45,CP_Structure9_RF,LOCO,P5-R6-SWD,0.666435,1,0.8748532492777608
0.45,CP_Structure9_RF,LOCO,P5-R6-SYQ,0.591215,1,0.7261822958319998
0.45,CP_Structure9_RF,LOCO,P5-R6-THN,0.529215,1,0.234410426148557
0.45,CP_Structure9_RF,LOCO,P5-R6-TTE,0.348885,0,0.48644921550471
0.45,CP_Structure9_RF,LOCO,P5-R6-TWD,0.59784,1,0.4539829041990749
0.45,CP_Structure9_RF,LOCO,P5-R6-TYE,0.44306,0,0.8115769634284971
0.45,CP_Structure9_RF,LOCO,P5-R6-VFN,0.5554349999999999,1,0.9132254122240662
0.45,CP_Structure9_RF,LOCO,P6-R7-MHQ,0.2532999999999999,0,0.46425003082863353
0.45,CP_Structure9_RF,LOCO,P6-R7-QFW,0.67784,1,0.6236870790876742
0.45,CP_Structure9_RF,LOCO,P6-R7-QRW,0.60431,1,0.8553952841311522
0.45,CP_Structure9_RF,LOCO,P6-R7-TRQ,0.657745,1,0.7623315476117482
0.45,CP_Structure9_RF,LOCO,P6-R7-WFD,0.70041,1,0.44344662741269103
0.45,CP_Structure9_RF,LOCO,P6-R7-WFQ,0.651535,1,0.7243870467346544
0.45,CP_Structure9_RF,LOCO,P7-R5-SYVIRR,0.79377,1,0.619915180074124
0.45,CP_Structure9_RF,LOCO,P8-R6-GVE,0.658565,1,0.9303939863469373
0.45,CP_Structure9_RF,LOCO,PUF12-9,0.7256100000000001,1,0.7410248092902258
0.45,CP_Structure9_RF,mutation_group_out,P4-R5-ETD,0.0,0,0.4800763696530235
0.45,CP_Structure9_RF,mutation_group_out,P4-R5-SHE,0.616825,1,0.550054742687623
0.45,CP_Structure9_RF,mutation_group_out,P4-R5-SHE+P7-R5-SHE,0.7531399999999999,1,0.3681939402966995
0.45,CP_Structure9_RF,mutation_group_out,P4-R5-SNE,0.7430950000000001,1,0.8615983577825682
0.45,CP_Structure9_RF,mutation_group_out,P4-R5-SNE+P7-R5-SNE,0.80335,1,0.41220399289733245
0.45,CP_Structure9_RF,mutation_group_out,P4-R5-SWD+P7-R5-SWD,0.518925,1,0.8517244211945645
0.45,CP_Structure9_RF,mutation_group_out,P4-R5-THE+P7-R5-THE,0.68814,1,0.9377707740599469
0.45,CP_Structure9_RF,mutation_group_out,P4-R5-YTH+P7-R5-YTH,0.0,0,0.22562192553845117
0.45,CP_Structure9_RF,mutation_group_out,P4-R5-YYE+P7-P5-YYE,0.0866649999999999,0,0.6703587540510124
0.45,CP_Structure9_RF,mutation_group_out,P5-R6-AYE,0.55629,1,0.9321968379446639
0.45,CP_Structure9_RF,mutation_group_out,P5-R6-DFE,0.32484,0,0.7361275719793382
0.45,CP_Structure9_RF,mutation_group_out,P5-R6-FWD,0.37332,0,0.39684728946004455
0.45,CP_Structure9_RF,mutation_group_out,P5-R6-LRD,0.23336,0,0.6575824329477701
0.45,CP_Structure9_RF,mutation_group_out,P5-R6-NYE,0.57387,1,0.2907095860223411
0.45,CP_Structure9_RF,mutation_group_out,P5-R6-SFE,0.6291599999999999,1,0.9321968379446639
0.45,CP_Structure9_RF,mutation_group_out,P5-R6-SWD,0.666435,1,0.8221386519572097
0.45,CP_Structure9_RF,mutation_group_out,P5-R6-SYQ,0.591215,1,0.9487422924901187
0.45,CP_Structure9_RF,mutation_group_out,P5-R6-THN,0.529215,1,0.789957101706694
0.45,CP_Structure9_RF,mutation_group_out,P5-R6-TTE,0.348885,0,0.7523131971438239
0.45,CP_Structure9_RF,mutation_group_out,P5-R6-TWD,0.59784,1,0.6309643913275543
0.45,CP_Structure9_RF,mutation_group_out,P5-R6-TYE,0.44306,0,0.8305386519572098
0.45,CP_Structure9_RF,mutation_group_out,P5-R6-VFN,0.5554349999999999,1,0.9488089203067464
0.45,CP_Structure9_RF,mutation_group_out,P6-R7-MHQ,0.2532999999999999,0,0.2882227966029251
0.45,CP_Structure9_RF,mutation_group_out,P6-R7-QFW,0.67784,1,0.4506914216400661
0.45,CP_Structure9_RF,mutation_group_out,P6-R7-QRW,0.60431,1,0.6553327159599399
0.45,CP_Structure9_RF,mutation_group_out,P6-R7-TRQ,0.657745,1,0.6288167533504789
0.45,CP_Structure9_RF,mutation_group_out,P6-R7-WFD,0.70041,1,0.3077567393487355
0.45,CP_Structure9_RF,mutation_group_out,P6-R7-WFQ,0.651535,1,0.5725239813734531
0.45,CP_Structure9_RF,mutation_group_out,P7-R5-SYVIRR,0.79377,1,0.619915180074124
0.45,CP_Structure9_RF,mutation_group_out,P8-R6-GVE,0.658565,1,0.9303939863469373
0.45,CP_Structure9_RF,mutation_group_out,PUF12-9,0.7256100000000001,1,0.7410248092902258
0.52407,CP3_LR,LOCO,P4-R5-ETD,0.0,0,0.44276320447980644
0.52407,CP3_LR,LOCO,P4-R5-SHE,0.616825,1,0.3539225638947457
0.52407,CP3_LR,LOCO,P4-R5-SHE+P7-R5-SHE,0.7531399999999999,1,0.3474760639921992
0.52407,CP3_LR,LOCO,P4-R5-SNE,0.7430950000000001,1,0.5738474657611757
0.52407,CP3_LR,LOCO,P4-R5-SNE+P7-R5-SNE,0.80335,1,0.3073381010284554
0.52407,CP3_LR,LOCO,P4-R5-SWD+P7-R5-SWD,0.518925,0,0.5271947669538003
0.52407,CP3_LR,LOCO,P4-R5-THE+P7-R5-THE,0.68814,1,0.5309944707980456
0.52407,CP3_LR,LOCO,P4-R5-YTH+P7-R5-YTH,0.0,0,0.4089393126946376
0.52407,CP3_LR,LOCO,P4-R5-YYE+P7-P5-YYE,0.0866649999999999,0,0.5206788637208302
0.52407,CP3_LR,LOCO,P5-R6-AYE,0.55629,1,0.6145440976501715
0.52407,CP3_LR,LOCO,P5-R6-DFE,0.32484,0,0.4336191650649796
0.52407,CP3_LR,LOCO,P5-R6-FWD,0.37332,0,0.47012478375165195
0.52407,CP3_LR,LOCO,P5-R6-LRD,0.23336,0,0.7651707065354607
0.52407,CP3_LR,LOCO,P5-R6-NYE,0.57387,1,0.4582192233543728
0.52407,CP3_LR,LOCO,P5-R6-SFE,0.6291599999999999,1,0.5590592394744507
0.52407,CP3_LR,LOCO,P5-R6-SWD,0.666435,1,0.49988756981157956
0.52407,CP3_LR,LOCO,P5-R6-SYQ,0.591215,1,0.5333326679017077
0.52407,CP3_LR,LOCO,P5-R6-THN,0.529215,1,0.45274829944824413
0.52407,CP3_LR,LOCO,P5-R6-TTE,0.348885,0,0.4570515976665495
0.52407,CP3_LR,LOCO,P5-R6-TWD,0.59784,1,0.590033552644739
0.52407,CP3_LR,LOCO,P5-R6-TYE,0.44306,0,0.483131459773689
0.52407,CP3_LR,LOCO,P5-R6-VFN,0.5554349999999999,1,0.5558716433291235
0.52407,CP3_LR,LOCO,P6-R7-MHQ,0.2532999999999999,0,0.35491028313932643
0.52407,CP3_LR,LOCO,P6-R7-QFW,0.67784,1,0.6300621455812326
0.52407,CP3_LR,LOCO,P6-R7-QRW,0.60431,1,0.5763544474980812
0.52407,CP3_LR,LOCO,P6-R7-TRQ,0.657745,1,0.5475702677733459
0.52407,CP3_LR,LOCO,P6-R7-WFD,0.70041,1,0.5003578251689519
0.52407,CP3_LR,LOCO,P6-R7-WFQ,0.651535,1,0.5275946806836131
0.52407,CP3_LR,LOCO,P7-R5-SYVIRR,0.79377,1,0.5250107321687291
0.52407,CP3_LR,LOCO,P8-R6-GVE,0.658565,1,0.5460686135385752
0.52407,CP3_LR,LOCO,PUF12-9,0.7256100000000001,1,0.4930642375504695
0.52407,CP3_LR,mutation_group_out,P4-R5-ETD,0.0,0,0.4318996711852338
0.52407,CP3_LR,mutation_group_out,P4-R5-SHE,0.616825,1,0.3726954669741361
0.52407,CP3_LR,mutation_group_out,P4-R5-SHE+P7-R5-SHE,0.7531399999999999,1,0.3354521739450749
0.52407,CP3_LR,mutation_group_out,P4-R5-SNE,0.7430950000000001,1,0.5662566981395913
0.52407,CP3_LR,mutation_group_out,P4-R5-SNE+P7-R5-SNE,0.80335,1,0.30383877841205464
0.52407,CP3_LR,mutation_group_out,P4-R5-SWD+P7-R5-SWD,0.518925,0,0.5160861627545525
0.52407,CP3_LR,mutation_group_out,P4-R5-THE+P7-R5-THE,0.68814,1,0.5252264345124242
0.52407,CP3_LR,mutation_group_out,P4-R5-YTH+P7-R5-YTH,0.0,0,0.3577806169655626
0.52407,CP3_LR,mutation_group_out,P4-R5-YYE+P7-P5-YYE,0.0866649999999999,0,0.5047615512743894
0.52407,CP3_LR,mutation_group_out,P5-R6-AYE,0.55629,1,0.6575088714810022
0.52407,CP3_LR,mutation_group_out,P5-R6-DFE,0.32484,0,0.4555690224223274
0.52407,CP3_LR,mutation_group_out,P5-R6-FWD,0.37332,0,0.49102449141590004
0.52407,CP3_LR,mutation_group_out,P5-R6-LRD,0.23336,0,0.683282093727757
0.52407,CP3_LR,mutation_group_out,P5-R6-NYE,0.57387,1,0.4752326345419392
0.52407,CP3_LR,mutation_group_out,P5-R6-SFE,0.6291599999999999,1,0.5817583882744791
0.52407,CP3_LR,mutation_group_out,P5-R6-SWD,0.666435,1,0.5267579918377111
0.52407,CP3_LR,mutation_group_out,P5-R6-SYQ,0.591215,1,0.5498639406036963
0.52407,CP3_LR,mutation_group_out,P5-R6-THN,0.529215,1,0.48443945092369994
0.52407,CP3_LR,mutation_group_out,P5-R6-TTE,0.348885,0,0.48914442865800817
0.52407,CP3_LR,mutation_group_out,P5-R6-TWD,0.59784,1,0.6576724004047146
0.52407,CP3_LR,mutation_group_out,P5-R6-TYE,0.44306,0,0.49761264800809685
0.52407,CP3_LR,mutation_group_out,P5-R6-VFN,0.5554349999999999,1,0.5883330644213193
0.52407,CP3_LR,mutation_group_out,P6-R7-MHQ,0.2532999999999999,0,0.4299448537095127
0.52407,CP3_LR,mutation_group_out,P6-R7-QFW,0.67784,1,0.5264712763034406
0.52407,CP3_LR,mutation_group_out,P6-R7-QRW,0.60431,1,0.5182448684954156
0.52407,CP3_LR,mutation_group_out,P6-R7-TRQ,0.657745,1,0.540352863821357
0.52407,CP3_LR,mutation_group_out,P6-R7-WFD,0.70041,1,0.4853606477044908
0.52407,CP3_LR,mutation_group_out,P6-R7-WFQ,0.651535,1,0.5223389612953195
0.52407,CP3_LR,mutation_group_out,P7-R5-SYVIRR,0.79377,1,0.5250107321687291
0.52407,CP3_LR,mutation_group_out,P8-R6-GVE,0.658565,1,0.5460686135385752
0.52407,CP3_LR,mutation_group_out,PUF12-9,0.7256100000000001,1,0.4930642375504695
0.52407,CP_Structure9_LR,LOCO,P4-R5-ETD,0.0,0,0.41256557292984775
0.52407,CP_Structure9_LR,LOCO,P4-R5-SHE,0.616825,1,0.6100517520089241
0.52407,CP_Structure9_LR,LOCO,P4-R5-SHE+P7-R5-SHE,0.7531399999999999,1,0.4166967992302933
0.52407,CP_Structure9_LR,LOCO,P4-R5-SNE,0.7430950000000001,1,0.7473597741370339
0.52407,CP_Structure9_LR,LOCO,P4-R5-SNE+P7-R5-SNE,0.80335,1,0.4318195771319738
0.52407,CP_Structure9_LR,LOCO,P4-R5-SWD+P7-R5-SWD,0.518925,0,0.4265424516742406
0.52407,CP_Structure9_LR,LOCO,P4-R5-THE+P7-R5-THE,0.68814,1,0.5138617615412606
0.52407,CP_Structure9_LR,LOCO,P4-R5-YTH+P7-R5-YTH,0.0,0,0.11599713749421432
0.52407,CP_Structure9_LR,LOCO,P4-R5-YYE+P7-P5-YYE,0.0866649999999999,0,0.4389960724819849
0.52407,CP_Structure9_LR,LOCO,P5-R6-AYE,0.55629,1,0.7439330837894317
0.52407,CP_Structure9_LR,LOCO,P5-R6-DFE,0.32484,0,0.5559597832926535
0.52407,CP_Structure9_LR,LOCO,P5-R6-FWD,0.37332,0,0.36443734636184844
0.52407,CP_Structure9_LR,LOCO,P5-R6-LRD,0.23336,0,0.4937038699904573
0.52407,CP_Structure9_LR,LOCO,P5-R6-NYE,0.57387,1,0.33524109096636356
0.52407,CP_Structure9_LR,LOCO,P5-R6-SFE,0.6291599999999999,1,0.643534145240438
0.52407,CP_Structure9_LR,LOCO,P5-R6-SWD,0.666435,1,0.7190173152614828
0.52407,CP_Structure9_LR,LOCO,P5-R6-SYQ,0.591215,1,0.5911253129526418
0.52407,CP_Structure9_LR,LOCO,P5-R6-THN,0.529215,1,0.5136405240781552
0.52407,CP_Structure9_LR,LOCO,P5-R6-TTE,0.348885,0,0.38135503645126917
0.52407,CP_Structure9_LR,LOCO,P5-R6-TWD,0.59784,1,0.38530883836103624
0.52407,CP_Structure9_LR,LOCO,P5-R6-TYE,0.44306,0,0.5919196186029149
0.52407,CP_Structure9_LR,LOCO,P5-R6-VFN,0.5554349999999999,1,0.6919141212464833
0.52407,CP_Structure9_LR,LOCO,P6-R7-MHQ,0.2532999999999999,0,0.22639271026061128
0.52407,CP_Structure9_LR,LOCO,P6-R7-QFW,0.67784,1,0.6405287415806257
0.52407,CP_Structure9_LR,LOCO,P6-R7-QRW,0.60431,1,0.682910080365845
0.52407,CP_Structure9_LR,LOCO,P6-R7-TRQ,0.657745,1,0.6365246948621762
0.52407,CP_Structure9_LR,LOCO,P6-R7-WFD,0.70041,1,0.4451113584610682
0.52407,CP_Structure9_LR,LOCO,P6-R7-WFQ,0.651535,1,0.45056397406450727
0.52407,CP_Structure9_LR,LOCO,P7-R5-SYVIRR,0.79377,1,0.44178930980957976
0.52407,CP_Structure9_LR,LOCO,P8-R6-GVE,0.658565,1,0.9556497154084337
0.52407,CP_Structure9_LR,LOCO,PUF12-9,0.7256100000000001,1,0.5737190567131385
0.52407,CP_Structure9_LR,mutation_group_out,P4-R5-ETD,0.0,0,0.4190885933296039
0.52407,CP_Structure9_LR,mutation_group_out,P4-R5-SHE,0.616825,1,0.621154955068055
0.52407,CP_Structure9_LR,mutation_group_out,P4-R5-SHE+P7-R5-SHE,0.7531399999999999,1,0.3244040088781018
0.52407,CP_Structure9_LR,mutation_group_out,P4-R5-SNE,0.7430950000000001,1,0.734024374810871
0.52407,CP_Structure9_LR,mutation_group_out,P4-R5-SNE+P7-R5-SNE,0.80335,1,0.308412919330653
0.52407,CP_Structure9_LR,mutation_group_out,P4-R5-SWD+P7-R5-SWD,0.518925,0,0.43392678763202114
0.52407,CP_Structure9_LR,mutation_group_out,P4-R5-THE+P7-R5-THE,0.68814,1,0.4464140150378665
0.52407,CP_Structure9_LR,mutation_group_out,P4-R5-YTH+P7-R5-YTH,0.0,0,0.1369942345156791
0.52407,CP_Structure9_LR,mutation_group_out,P4-R5-YYE+P7-P5-YYE,0.0866649999999999,0,0.39149420073330005
0.52407,CP_Structure9_LR,mutation_group_out,P5-R6-AYE,0.55629,1,0.6942436446231169
0.52407,CP_Structure9_LR,mutation_group_out,P5-R6-DFE,0.32484,0,0.5569130086719293
0.52407,CP_Structure9_LR,mutation_group_out,P5-R6-FWD,0.37332,0,0.39920975124681374
0.52407,CP_Structure9_LR,mutation_group_out,P5-R6-LRD,0.23336,0,0.37819784739359524
0.52407,CP_Structure9_LR,mutation_group_out,P5-R6-NYE,0.57387,1,0.38344504053698686
0.52407,CP_Structure9_LR,mutation_group_out,P5-R6-SFE,0.6291599999999999,1,0.6143700139429863
0.52407,CP_Structure9_LR,mutation_group_out,P5-R6-SWD,0.666435,1,0.701075269080195
0.52407,CP_Structure9_LR,mutation_group_out,P5-R6-SYQ,0.591215,1,0.5852514199099719
0.52407,CP_Structure9_LR,mutation_group_out,P5-R6-THN,0.529215,1,0.5809385983928375
0.52407,CP_Structure9_LR,mutation_group_out,P5-R6-TTE,0.348885,0,0.43729525268175184
0.52407,CP_Structure9_LR,mutation_group_out,P5-R6-TWD,0.59784,1,0.48055268912086785
0.52407,CP_Structure9_LR,mutation_group_out,P5-R6-TYE,0.44306,0,0.5591528377371483
0.52407,CP_Structure9_LR,mutation_group_out,P5-R6-VFN,0.5554349999999999,1,0.665901875958015
0.52407,CP_Structure9_LR,mutation_group_out,P6-R7-MHQ,0.2532999999999999,0,0.26771147268960466
0.52407,CP_Structure9_LR,mutation_group_out,P6-R7-QFW,0.67784,1,0.5234631242395953
0.52407,CP_Structure9_LR,mutation_group_out,P6-R7-QRW,0.60431,1,0.5749560638696551
0.52407,CP_Structure9_LR,mutation_group_out,P6-R7-TRQ,0.657745,1,0.5886582283730742
0.52407,CP_Structure9_LR,mutation_group_out,P6-R7-WFD,0.70041,1,0.4132544950543102
0.52407,CP_Structure9_LR,mutation_group_out,P6-R7-WFQ,0.651535,1,0.4357325438433201
0.52407,CP_Structure9_LR,mutation_group_out,P7-R5-SYVIRR,0.79377,1,0.44178930980957976
0.52407,CP_Structure9_LR,mutation_group_out,P8-R6-GVE,0.658565,1,0.9556497154084337
0.52407,CP_Structure9_LR,mutation_group_out,PUF12-9,0.7256100000000001,1,0.5737190567131385
0.52407,CP3_RF,LOCO,P4-R5-ETD,0.0,0,0.2835940964039093
0.52407,CP3_RF,LOCO,P4-R5-SHE,0.616825,1,0.3780122928506561
0.52407,CP3_RF,LOCO,P4-R5-SHE+P7-R5-SHE,0.7531399999999999,1,0.4089190070514881
0.52407,CP3_RF,LOCO,P4-R5-SNE,0.7430950000000001,1,0.8446664088921055
0.52407,CP3_RF,LOCO,P4-R5-SNE+P7-R5-SNE,0.80335,1,0.391465914228904
0.52407,CP3_RF,LOCO,P4-R5-SWD+P7-R5-SWD,0.518925,0,0.7790867812682194
0.52407,CP3_RF,LOCO,P4-R5-THE+P7-R5-THE,0.68814,1,0.7724335660612748
0.52407,CP3_RF,LOCO,P4-R5-YTH+P7-R5-YTH,0.0,0,0.3699390127937152
0.52407,CP3_RF,LOCO,P4-R5-YYE+P7-P5-YYE,0.0866649999999999,0,0.7048470116553891
0.52407,CP3_RF,LOCO,P5-R6-AYE,0.55629,1,0.694249365157509
0.52407,CP3_RF,LOCO,P5-R6-DFE,0.32484,0,0.16380443510579235
0.52407,CP3_RF,LOCO,P5-R6-FWD,0.37332,0,0.3836029296190517
0.52407,CP3_RF,LOCO,P5-R6-LRD,0.23336,0,1.0
0.52407,CP3_RF,LOCO,P5-R6-NYE,0.57387,1,0.15549554160674367
0.52407,CP3_RF,LOCO,P5-R6-SFE,0.6291599999999999,1,0.8815100998932266
0.52407,CP3_RF,LOCO,P5-R6-SWD,0.666435,1,0.5705784199498283
0.52407,CP3_RF,LOCO,P5-R6-SYQ,0.591215,1,0.7526447121816109
0.52407,CP3_RF,LOCO,P5-R6-THN,0.529215,1,0.0764331627425813
0.52407,CP3_RF,LOCO,P5-R6-TTE,0.348885,0,0.6864979171639284
0.52407,CP3_RF,LOCO,P5-R6-TWD,0.59784,1,0.7276806459794075
0.52407,CP3_RF,LOCO,P5-R6-TYE,0.44306,0,0.32971380162919417
0.52407,CP3_RF,LOCO,P5-R6-VFN,0.5554349999999999,1,0.874236423535185
0.52407,CP3_RF,LOCO,P6-R7-MHQ,0.2532999999999999,0,0.6708174649185418
0.52407,CP3_RF,LOCO,P6-R7-QFW,0.67784,1,0.699181085340528
0.52407,CP3_RF,LOCO,P6-R7-QRW,0.60431,1,0.8306623006336626
0.52407,CP3_RF,LOCO,P6-R7-TRQ,0.657745,1,0.6694412138391814
0.52407,CP3_RF,LOCO,P6-R7-WFD,0.70041,1,0.5884310560669698
0.52407,CP3_RF,LOCO,P6-R7-WFQ,0.651535,1,0.7131719934753297
0.52407,CP3_RF,LOCO,P7-R5-SYVIRR,0.79377,1,0.5381791537734937
0.52407,CP3_RF,LOCO,P8-R6-GVE,0.658565,1,0.6473122035410636
0.52407,CP3_RF,LOCO,PUF12-9,0.7256100000000001,1,0.32212898395333456
0.52407,CP3_RF,mutation_group_out,P4-R5-ETD,0.0,0,0.27805167383007123
0.52407,CP3_RF,mutation_group_out,P4-R5-SHE,0.616825,1,0.42887563814635454
0.52407,CP3_RF,mutation_group_out,P4-R5-SHE+P7-R5-SHE,0.7531399999999999,1,0.2103910932598225
0.52407,CP3_RF,mutation_group_out,P4-R5-SNE,0.7430950000000001,1,0.8481138676386663
0.52407,CP3_RF,mutation_group_out,P4-R5-SNE+P7-R5-SNE,0.80335,1,0.2103910932598225
0.52407,CP3_RF,mutation_group_out,P4-R5-SWD+P7-R5-SWD,0.518925,0,0.9626702035071867
0.52407,CP3_RF,mutation_group_out,P4-R5-THE+P7-R5-THE,0.68814,1,0.9507294140335024
0.52407,CP3_RF,mutation_group_out,P4-R5-YTH+P7-R5-YTH,0.0,0,0.2103910932598225
0.52407,CP3_RF,mutation_group_out,P4-R5-YYE+P7-P5-YYE,0.0866649999999999,0,0.9763553018817216
0.52407,CP3_RF,mutation_group_out,P5-R6-AYE,0.55629,1,0.9913086770981507
0.52407,CP3_RF,mutation_group_out,P5-R6-DFE,0.32484,0,0.23786244515817
0.52407,CP3_RF,mutation_group_out,P5-R6-FWD,0.37332,0,0.3062839415871023
0.52407,CP3_RF,mutation_group_out,P5-R6-LRD,0.23336,0,0.9913086770981507
0.52407,CP3_RF,mutation_group_out,P5-R6-NYE,0.57387,1,0.2357439667112741
0.52407,CP3_RF,mutation_group_out,P5-R6-SFE,0.6291599999999999,1,0.9913086770981507
0.52407,CP3_RF,mutation_group_out,P5-R6-SWD,0.666435,1,0.6091720274175904
0.52407,CP3_RF,mutation_group_out,P5-R6-SYQ,0.591215,1,0.9729001557948928
0.52407,CP3_RF,mutation_group_out,P5-R6-THN,0.529215,1,0.3028628889555234
0.52407,CP3_RF,mutation_group_out,P5-R6-TTE,0.348885,0,0.5513498886885904
0.52407,CP3_RF,mutation_group_out,P5-R6-TWD,0.59784,1,0.9913086770981507
0.52407,CP3_RF,mutation_group_out,P5-R6-TYE,0.44306,0,0.34400620251906733
0.52407,CP3_RF,mutation_group_out,P5-R6-VFN,0.5554349999999999,1,0.9913086770981507
0.52407,CP3_RF,mutation_group_out,P6-R7-MHQ,0.2532999999999999,0,0.6881909724141169
0.52407,CP3_RF,mutation_group_out,P6-R7-QFW,0.67784,1,0.7344262551533899
0.52407,CP3_RF,mutation_group_out,P6-R7-QRW,0.60431,1,0.7880734637483882
0.52407,CP3_RF,mutation_group_out,P6-R7-TRQ,0.657745,1,0.69485959107087
0.52407,CP3_RF,mutation_group_out,P6-R7-WFD,0.70041,1,0.6191435523987288
0.52407,CP3_RF,mutation_group_out,P6-R7-WFQ,0.651535,1,0.639619597767005
0.52407,CP3_RF,mutation_group_out,P7-R5-SYVIRR,0.79377,1,0.5381791537734937
0.52407,CP3_RF,mutation_group_out,P8-R6-GVE,0.658565,1,0.6473122035410636
0.52407,CP3_RF,mutation_group_out,PUF12-9,0.7256100000000001,1,0.32212898395333456
0.52407,CP_Structure9_RF,LOCO,P4-R5-ETD,0.0,0,0.3748520029656342
0.52407,CP_Structure9_RF,LOCO,P4-R5-SHE,0.616825,1,0.7218515553074377
0.52407,CP_Structure9_RF,LOCO,P4-R5-SHE+P7-R5-SHE,0.7531399999999999,1,0.700959595959596
0.52407,CP_Structure9_RF,LOCO,P4-R5-SNE,0.7430950000000001,1,0.9608711484593836
0.52407,CP_Structure9_RF,LOCO,P4-R5-SNE+P7-R5-SNE,0.80335,1,0.6763432882757155
0.52407,CP_Structure9_RF,LOCO,P4-R5-SWD+P7-R5-SWD,0.518925,0,0.6218395003613858
0.52407,CP_Structure9_RF,LOCO,P4-R5-THE+P7-R5-THE,0.68814,1,0.8748905157859734
0.52407,CP_Structure9_RF,LOCO,P4-R5-YTH+P7-R5-YTH,0.0,0,0.3325959302403648
0.52407,CP_Structure9_RF,LOCO,P4-R5-YYE+P7-P5-YYE,0.0866649999999999,0,0.5434774069198055
0.52407,CP_Structure9_RF,LOCO,P5-R6-AYE,0.55629,1,0.8813181539262104
0.52407,CP_Structure9_RF,LOCO,P5-R6-DFE,0.32484,0,0.6161470449394792
0.52407,CP_Structure9_RF,LOCO,P5-R6-FWD,0.37332,0,0.3030372941346724
0.52407,CP_Structure9_RF,LOCO,P5-R6-LRD,0.23336,0,0.8462940810091211
0.52407,CP_Structure9_RF,LOCO,P5-R6-NYE,0.57387,1,0.07861351429551816
0.52407,CP_Structure9_RF,LOCO,P5-R6-SFE,0.6291599999999999,1,0.9194101921470343
0.52407,CP_Structure9_RF,LOCO,P5-R6-SWD,0.666435,1,0.8617197802197804
0.52407,CP_Structure9_RF,LOCO,P5-R6-SYQ,0.591215,1,0.6529487339947389
0.52407,CP_Structure9_RF,LOCO,P5-R6-THN,0.529215,1,0.2405008437872509
0.52407,CP_Structure9_RF,LOCO,P5-R6-TTE,0.348885,0,0.5425252773693965
0.52407,CP_Structure9_RF,LOCO,P5-R6-TWD,0.59784,1,0.4096094723840048
0.52407,CP_Structure9_RF,LOCO,P5-R6-TYE,0.44306,0,0.868446193388105
0.52407,CP_Structure9_RF,LOCO,P5-R6-VFN,0.5554349999999999,1,0.9050937950937948
0.52407,CP_Structure9_RF,LOCO,P6-R7-MHQ,0.2532999999999999,0,0.3830988973344299
0.52407,CP_Structure9_RF,LOCO,P6-R7-QFW,0.67784,1,0.5635641843819265
0.52407,CP_Structure9_RF,LOCO,P6-R7-QRW,0.60431,1,0.7960329656007074
0.52407,CP_Structure9_RF,LOCO,P6-R7-TRQ,0.657745,1,0.7037677836439447
0.52407,CP_Structure9_RF,LOCO,P6-R7-WFD,0.70041,1,0.44549582761206996
0.52407,CP_Structure9_RF,LOCO,P6-R7-WFQ,0.651535,1,0.4727607536116599
0.52407,CP_Structure9_RF,LOCO,P7-R5-SYVIRR,0.79377,1,0.3545577924327584
0.52407,CP_Structure9_RF,LOCO,P8-R6-GVE,0.658565,1,0.9205526666316137
0.52407,CP_Structure9_RF,LOCO,PUF12-9,0.7256100000000001,1,0.6840223056395385
0.52407,CP_Structure9_RF,mutation_group_out,P4-R5-ETD,0.0,0,0.44102912400963257
0.52407,CP_Structure9_RF,mutation_group_out,P4-R5-SHE,0.616825,1,0.6932455574504869
0.52407,CP_Structure9_RF,mutation_group_out,P4-R5-SHE+P7-R5-SHE,0.7531399999999999,1,0.3681939402966995
0.52407,CP_Structure9_RF,mutation_group_out,P4-R5-SNE,0.7430950000000001,1,0.9166474896218361
0.52407,CP_Structure9_RF,mutation_group_out,P4-R5-SNE+P7-R5-SNE,0.80335,1,0.41220399289733245
0.52407,CP_Structure9_RF,mutation_group_out,P4-R5-SWD+P7-R5-SWD,0.518925,0,0.8517244211945645
0.52407,CP_Structure9_RF,mutation_group_out,P4-R5-THE+P7-R5-THE,0.68814,1,0.9377707740599469
0.52407,CP_Structure9_RF,mutation_group_out,P4-R5-YTH+P7-R5-YTH,0.0,0,0.22562192553845117
0.52407,CP_Structure9_RF,mutation_group_out,P4-R5-YYE+P7-P5-YYE,0.0866649999999999,0,0.6703587540510124
0.52407,CP_Structure9_RF,mutation_group_out,P5-R6-AYE,0.55629,1,0.8984704884996104
0.52407,CP_Structure9_RF,mutation_group_out,P5-R6-DFE,0.32484,0,0.866280615955126
0.52407,CP_Structure9_RF,mutation_group_out,P5-R6-FWD,0.37332,0,0.24460349000531084
0.52407,CP_Structure9_RF,mutation_group_out,P5-R6-LRD,0.23336,0,0.49850834944043343
0.52407,CP_Structure9_RF,mutation_group_out,P5-R6-NYE,0.57387,1,0.21469730172354645
0.52407,CP_Structure9_RF,mutation_group_out,P5-R6-SFE,0.6291599999999999,1,0.8984704884996104
0.52407,CP_Structure9_RF,mutation_group_out,P5-R6-SWD,0.666435,1,0.866605409134531
0.52407,CP_Structure9_RF,mutation_group_out,P5-R6-SYQ,0.591215,1,0.9048119519142445
0.52407,CP_Structure9_RF,mutation_group_out,P5-R6-THN,0.529215,1,0.8518694994593179
0.52407,CP_Structure9_RF,mutation_group_out,P5-R6-TTE,0.348885,0,0.7892900437413841
0.52407,CP_Structure9_RF,mutation_group_out,P5-R6-TWD,0.59784,1,0.332618563479027
0.52407,CP_Structure9_RF,mutation_group_out,P5-R6-TYE,0.44306,0,0.8700760422390315
0.52407,CP_Structure9_RF,mutation_group_out,P5-R6-VFN,0.5554349999999999,1,0.9177569169960473
0.52407,CP_Structure9_RF,mutation_group_out,P6-R7-MHQ,0.2532999999999999,0,0.23409796294573884
0.52407,CP_Structure9_RF,mutation_group_out,P6-R7-QFW,0.67784,1,0.3371170442350585
0.52407,CP_Structure9_RF,mutation_group_out,P6-R7-QRW,0.60431,1,0.4876424617851176
0.52407,CP_Structure9_RF,mutation_group_out,P6-R7-TRQ,0.657745,1,0.5574924347220863
0.52407,CP_Structure9_RF,mutation_group_out,P6-R7-WFD,0.70041,1,0.22237117767839085
0.52407,CP_Structure9_RF,mutation_group_out,P6-R7-WFQ,0.651535,1,0.2981445677953713
0.52407,CP_Structure9_RF,mutation_group_out,P7-R5-SYVIRR,0.79377,1,0.3545577924327584
0.52407,CP_Structure9_RF,mutation_group_out,P8-R6-GVE,0.658565,1,0.9205526666316137
0.52407,CP_Structure9_RF,mutation_group_out,PUF12-9,0.7256100000000001,1,0.6840223056395385
0.55,CP3_LR,LOCO,P4-R5-ETD,0.0,0,0.43699238471454005
0.55,CP3_LR,LOCO,P4-R5-SHE,0.616825,1,0.3452460896659651
0.55,CP3_LR,LOCO,P4-R5-SHE+P7-R5-SHE,0.7531399999999999,1,0.33711414189188815
0.55,CP3_LR,LOCO,P4-R5-SNE,0.7430950000000001,1,0.5845922887113388
0.55,CP3_LR,LOCO,P4-R5-SNE+P7-R5-SNE,0.80335,1,0.2943203906860801
0.55,CP3_LR,LOCO,P4-R5-SWD+P7-R5-SWD,0.518925,0,0.5276476705900535
0.55,CP3_LR,LOCO,P4-R5-THE+P7-R5-THE,0.68814,1,0.5312761300083778
0.55,CP3_LR,LOCO,P4-R5-YTH+P7-R5-YTH,0.0,0,0.39884828216034474
0.55,CP3_LR,LOCO,P4-R5-YYE+P7-P5-YYE,0.0866649999999999,0,0.5242911619936047
0.55,CP3_LR,LOCO,P5-R6-AYE,0.55629,1,0.6211474174247753
0.55,CP3_LR,LOCO,P5-R6-DFE,0.32484,0,0.4258784701183382
0.55,CP3_LR,LOCO,P5-R6-FWD,0.37332,0,0.4662676120977071
0.55,CP3_LR,LOCO,P5-R6-LRD,0.23336,0,0.7595320380021141
0.55,CP3_LR,LOCO,P5-R6-NYE,0.57387,1,0.45397418342922363
0.55,CP3_LR,LOCO,P5-R6-SFE,0.6291599999999999,1,0.5637538250866025
0.55,CP3_LR,LOCO,P5-R6-SWD,0.666435,1,0.4974953233449293
0.55,CP3_LR,LOCO,P5-R6-SYQ,0.591215,1,0.5357696737066835
0.55,CP3_LR,LOCO,P5-R6-THN,0.529215,0,0.45274829944824413
0.55,CP3_LR,LOCO,P5-R6-TTE,0.348885,0,0.4499834322349924
0.55,CP3_LR,LOCO,P5-R6-TWD,0.59784,1,0.5890495090218016
0.55,CP3_LR,LOCO,P5-R6-TYE,0.44306,0,0.4817945737170906
0.55,CP3_LR,LOCO,P5-R6-VFN,0.5554349999999999,1,0.5568332685151033
0.55,CP3_LR,LOCO,P6-R7-MHQ,0.2532999999999999,0,0.3350702552049737
0.55,CP3_LR,LOCO,P6-R7-QFW,0.67784,1,0.6326235643250241
0.55,CP3_LR,LOCO,P6-R7-QRW,0.60431,1,0.5804264620971965
0.55,CP3_LR,LOCO,P6-R7-TRQ,0.657745,1,0.5551257331609268
0.55,CP3_LR,LOCO,P6-R7-WFD,0.70041,1,0.4960280875317121
0.55,CP3_LR,LOCO,P6-R7-WFQ,0.651535,1,0.5331675744014424
0.55,CP3_LR,LOCO,P7-R5-SYVIRR,0.79377,1,0.532336331955769
0.55,CP3_LR,LOCO,P8-R6-GVE,0.658565,1,0.5592339568777299
0.55,CP3_LR,LOCO,PUF12-9,0.7256100000000001,1,0.49177094043762676
0.55,CP3_LR,mutation_group_out,P4-R5-ETD,0.0,0,0.4249265504618731
0.55,CP3_LR,mutation_group_out,P4-R5-SHE,0.616825,1,0.36303746641963236
0.55,CP3_LR,mutation_group_out,P4-R5-SHE+P7-R5-SHE,0.7531399999999999,1,0.3188076384489561
0.55,CP3_LR,mutation_group_out,P4-R5-SNE,0.7430950000000001,1,0.5773829635573896
0.55,CP3_LR,mutation_group_out,P4-R5-SNE+P7-R5-SNE,0.80335,1,0.2852084410363172
0.55,CP3_LR,mutation_group_out,P4-R5-SWD+P7-R5-SWD,0.518925,0,0.5155136302054958
0.55,CP3_LR,mutation_group_out,P4-R5-THE+P7-R5-THE,0.68814,1,0.5264892544361452
0.55,CP3_LR,mutation_group_out,P4-R5-YTH+P7-R5-YTH,0.0,0,0.3430351867313446
0.55,CP3_LR,mutation_group_out,P4-R5-YYE+P7-P5-YYE,0.0866649999999999,0,0.5054032034661873
0.55,CP3_LR,mutation_group_out,P5-R6-AYE,0.55629,1,0.6575088714810022
0.55,CP3_LR,mutation_group_out,P5-R6-DFE,0.32484,0,0.4555690224223274
0.55,CP3_LR,mutation_group_out,P5-R6-FWD,0.37332,0,0.49102449141590004
0.55,CP3_LR,mutation_group_out,P5-R6-LRD,0.23336,0,0.683282093727757
0.55,CP3_LR,mutation_group_out,P5-R6-NYE,0.57387,1,0.4752326345419392
0.55,CP3_LR,mutation_group_out,P5-R6-SFE,0.6291599999999999,1,0.5817583882744791
0.55,CP3_LR,mutation_group_out,P5-R6-SWD,0.666435,1,0.5267579918377111
0.55,CP3_LR,mutation_group_out,P5-R6-SYQ,0.591215,1,0.5498639406036963
0.55,CP3_LR,mutation_group_out,P5-R6-THN,0.529215,0,0.48443945092369994
0.55,CP3_LR,mutation_group_out,P5-R6-TTE,0.348885,0,0.48914442865800817
0.55,CP3_LR,mutation_group_out,P5-R6-TWD,0.59784,1,0.6576724004047146
0.55,CP3_LR,mutation_group_out,P5-R6-TYE,0.44306,0,0.49761264800809685
0.55,CP3_LR,mutation_group_out,P5-R6-VFN,0.5554349999999999,1,0.5883330644213193
0.55,CP3_LR,mutation_group_out,P6-R7-MHQ,0.2532999999999999,0,0.4125565941114763
0.55,CP3_LR,mutation_group_out,P6-R7-QFW,0.67784,1,0.5345905074029884
0.55,CP3_LR,mutation_group_out,P6-R7-QRW,0.60431,1,0.5247209591780536
0.55,CP3_LR,mutation_group_out,P6-R7-TRQ,0.657745,1,0.5505029424929886
0.55,CP3_LR,mutation_group_out,P6-R7-WFD,0.70041,1,0.4811709308512167
0.55,CP3_LR,mutation_group_out,P6-R7-WFQ,0.651535,1,0.5298684214451261
0.55,CP3_LR,mutation_group_out,P7-R5-SYVIRR,0.79377,1,0.532336331955769
0.55,CP3_LR,mutation_group_out,P8-R6-GVE,0.658565,1,0.5592339568777299
0.55,CP3_LR,mutation_group_out,PUF12-9,0.7256100000000001,1,0.49177094043762676
0.55,CP_Structure9_LR,LOCO,P4-R5-ETD,0.0,0,0.41031731703222185
0.55,CP_Structure9_LR,LOCO,P4-R5-SHE,0.616825,1,0.5604467282271551
0.55,CP_Structure9_LR,LOCO,P4-R5-SHE+P7-R5-SHE,0.7531399999999999,1,0.3878343814968339
0.55,CP_Structure9_LR,LOCO,P4-R5-SNE,0.7430950000000001,1,0.7253916798949768
0.55,CP_Structure9_LR,LOCO,P4-R5-SNE+P7-R5-SNE,0.80335,1,0.37218701523657166
0.55,CP_Structure9_LR,LOCO,P4-R5-SWD+P7-R5-SWD,0.518925,0,0.45175414907330397
0.55,CP_Structure9_LR,LOCO,P4-R5-THE+P7-R5-THE,0.68814,1,0.4592532738677375
0.55,CP_Structure9_LR,LOCO,P4-R5-YTH+P7-R5-YTH,0.0,0,0.1298910349085039
0.55,CP_Structure9_LR,LOCO,P4-R5-YYE+P7-P5-YYE,0.0866649999999999,0,0.42775596697736884
0.55,CP_Structure9_LR,LOCO,P5-R6-AYE,0.55629,1,0.7502900812422596
0.55,CP_Structure9_LR,LOCO,P5-R6-DFE,0.32484,0,0.5219973513101919
0.55,CP_Structure9_LR,LOCO,P5-R6-FWD,0.37332,0,0.3360222517809423
0.55,CP_Structure9_LR,LOCO,P5-R6-LRD,0.23336,0,0.5009819204180592
0.55,CP_Structure9_LR,LOCO,P5-R6-NYE,0.57387,1,0.3328830714640832
0.55,CP_Structure9_LR,LOCO,P5-R6-SFE,0.6291599999999999,1,0.6432784411348644
0.55,CP_Structure9_LR,LOCO,P5-R6-SWD,0.666435,1,0.6969641626541152
0.55,CP_Structure9_LR,LOCO,P5-R6-SYQ,0.591215,1,0.5814028003933528
0.55,CP_Structure9_LR,LOCO,P5-R6-THN,0.529215,0,0.5136405240781552
0.55,CP_Structure9_LR,LOCO,P5-R6-TTE,0.348885,0,0.3537783329365423
0.55,CP_Structure9_LR,LOCO,P5-R6-TWD,0.59784,1,0.3735734295757086
0.55,CP_Structure9_LR,LOCO,P5-R6-TYE,0.44306,0,0.5841835725847139
0.55,CP_Structure9_LR,LOCO,P5-R6-VFN,0.5554349999999999,1,0.7111730599372832
0.55,CP_Structure9_LR,LOCO,P6-R7-MHQ,0.2532999999999999,0,0.26806279925212634
0.55,CP_Structure9_LR,LOCO,P6-R7-QFW,0.67784,1,0.6498499897751049
0.55,CP_Structure9_LR,LOCO,P6-R7-QRW,0.60431,1,0.6844380671530688
0.55,CP_Structure9_LR,LOCO,P6-R7-TRQ,0.657745,1,0.6509875503148164
0.55,CP_Structure9_LR,LOCO,P6-R7-WFD,0.70041,1,0.44828066425122987
0.55,CP_Structure9_LR,LOCO,P6-R7-WFQ,0.651535,1,0.4721085816133159
0.55,CP_Structure9_LR,LOCO,P7-R5-SYVIRR,0.79377,1,0.4697833099156302
0.55,CP_Structure9_LR,LOCO,P8-R6-GVE,0.658565,1,0.9546706262444613
0.55,CP_Structure9_LR,LOCO,PUF12-9,0.7256100000000001,1,0.5772607193537985
0.55,CP_Structure9_LR,mutation_group_out,P4-R5-ETD,0.0,0,0.4145487404677835
0.55,CP_Structure9_LR,mutation_group_out,P4-R5-SHE,0.616825,1,0.5674683794653675
0.55,CP_Structure9_LR,mutation_group_out,P4-R5-SHE+P7-R5-SHE,0.7531399999999999,1,0.29280695724738587
0.55,CP_Structure9_LR,mutation_group_out,P4-R5-SNE,0.7430950000000001,1,0.7083720464649665
0.55,CP_Structure9_LR,mutation_group_out,P4-R5-SNE+P7-R5-SNE,0.80335,1,0.25220246831717613
0.55,CP_Structure9_LR,mutation_group_out,P4-R5-SWD+P7-R5-SWD,0.518925,0,0.46460903533409825
0.55,CP_Structure9_LR,mutation_group_out,P4-R5-THE+P7-R5-THE,0.68814,1,0.3892093728598393
0.55,CP_Structure9_LR,mutation_group_out,P4-R5-YTH+P7-R5-YTH,0.0,0,0.15579564312669228
0.55,CP_Structure9_LR,mutation_group_out,P4-R5-YYE+P7-P5-YYE,0.0866649999999999,0,0.37923150472890504
0.55,CP_Structure9_LR,mutation_group_out,P5-R6-AYE,0.55629,1,0.6942436446231169
0.55,CP_Structure9_LR,mutation_group_out,P5-R6-DFE,0.32484,0,0.5569130086719293
0.55,CP_Structure9_LR,mutation_group_out,P5-R6-FWD,0.37332,0,0.39920975124681374
0.55,CP_Structure9_LR,mutation_group_out,P5-R6-LRD,0.23336,0,0.37819784739359524
0.55,CP_Structure9_LR,mutation_group_out,P5-R6-NYE,0.57387,1,0.38344504053698686
0.55,CP_Structure9_LR,mutation_group_out,P5-R6-SFE,0.6291599999999999,1,0.6143700139429863
0.55,CP_Structure9_LR,mutation_group_out,P5-R6-SWD,0.666435,1,0.701075269080195
0.55,CP_Structure9_LR,mutation_group_out,P5-R6-SYQ,0.591215,1,0.5852514199099719
0.55,CP_Structure9_LR,mutation_group_out,P5-R6-THN,0.529215,0,0.5809385983928375
0.55,CP_Structure9_LR,mutation_group_out,P5-R6-TTE,0.348885,0,0.43729525268175184
0.55,CP_Structure9_LR,mutation_group_out,P5-R6-TWD,0.59784,1,0.48055268912086785
0.55,CP_Structure9_LR,mutation_group_out,P5-R6-TYE,0.44306,0,0.5591528377371483
0.55,CP_Structure9_LR,mutation_group_out,P5-R6-VFN,0.5554349999999999,1,0.665901875958015
0.55,CP_Structure9_LR,mutation_group_out,P6-R7-MHQ,0.2532999999999999,0,0.31295706152685365
0.55,CP_Structure9_LR,mutation_group_out,P6-R7-QFW,0.67784,1,0.5345608723591413
0.55,CP_Structure9_LR,mutation_group_out,P6-R7-QRW,0.60431,1,0.5801570735026026
0.55,CP_Structure9_LR,mutation_group_out,P6-R7-TRQ,0.657745,1,0.6098965119249995
0.55,CP_Structure9_LR,mutation_group_out,P6-R7-WFD,0.70041,1,0.4196319795038306
0.55,CP_Structure9_LR,mutation_group_out,P6-R7-WFQ,0.651535,1,0.46293615017841117
0.55,CP_Structure9_LR,mutation_group_out,P7-R5-SYVIRR,0.79377,1,0.4697833099156302
0.55,CP_Structure9_LR,mutation_group_out,P8-R6-GVE,0.658565,1,0.9546706262444613
0.55,CP_Structure9_LR,mutation_group_out,PUF12-9,0.7256100000000001,1,0.5772607193537985
0.55,CP3_RF,LOCO,P4-R5-ETD,0.0,0,0.27696055880215714
0.55,CP3_RF,LOCO,P4-R5-SHE,0.616825,1,0.41182397552575556
0.55,CP3_RF,LOCO,P4-R5-SHE+P7-R5-SHE,0.7531399999999999,1,0.4447014006062697
0.55,CP3_RF,LOCO,P4-R5-SNE,0.7430950000000001,1,0.8775645252018224
0.55,CP3_RF,LOCO,P4-R5-SNE+P7-R5-SNE,0.80335,1,0.4309886932554193
0.55,CP3_RF,LOCO,P4-R5-SWD+P7-R5-SWD,0.518925,0,0.7643928124596719
0.55,CP3_RF,LOCO,P4-R5-THE+P7-R5-THE,0.68814,1,0.7694366790942255
0.55,CP3_RF,LOCO,P4-R5-YTH+P7-R5-YTH,0.0,0,0.3472315199794
0.55,CP3_RF,LOCO,P4-R5-YYE+P7-P5-YYE,0.0866649999999999,0,0.7092854054083696
0.55,CP3_RF,LOCO,P5-R6-AYE,0.55629,1,0.7159988550328683
0.55,CP3_RF,LOCO,P5-R6-DFE,0.32484,0,0.10213529401430192
0.55,CP3_RF,LOCO,P5-R6-FWD,0.37332,0,0.2761029629409491
0.55,CP3_RF,LOCO,P5-R6-LRD,0.23336,0,1.0
0.55,CP3_RF,LOCO,P5-R6-NYE,0.57387,1,0.07391057375868514
0.55,CP3_RF,LOCO,P5-R6-SFE,0.6291599999999999,1,0.8963303903527903
0.55,CP3_RF,LOCO,P5-R6-SWD,0.666435,1,0.536007184447879
0.55,CP3_RF,LOCO,P5-R6-SYQ,0.591215,1,0.7504650104105913
0.55,CP3_RF,LOCO,P5-R6-THN,0.529215,0,0.0764331627425813
0.55,CP3_RF,LOCO,P5-R6-TTE,0.348885,0,0.5839422596222801
0.55,CP3_RF,LOCO,P5-R6-TWD,0.59784,1,0.7480125325108667
0.55,CP3_RF,LOCO,P5-R6-TYE,0.44306,0,0.2519232909866922
0.55,CP3_RF,LOCO,P5-R6-VFN,0.5554349999999999,1,0.8722298054491889
0.55,CP3_RF,LOCO,P6-R7-MHQ,0.2532999999999999,0,0.6666772346447272
0.55,CP3_RF,LOCO,P6-R7-QFW,0.67784,1,0.7319989601122127
0.55,CP3_RF,LOCO,P6-R7-QRW,0.60431,1,0.8318054637184634
0.55,CP3_RF,LOCO,P6-R7-TRQ,0.657745,1,0.7044197195122299
0.55,CP3_RF,LOCO,P6-R7-WFD,0.70041,1,0.567168875600741
0.55,CP3_RF,LOCO,P6-R7-WFQ,0.651535,1,0.7629223167105721
0.55,CP3_RF,LOCO,P7-R5-SYVIRR,0.79377,1,0.5542010758726292
0.55,CP3_RF,LOCO,P8-R6-GVE,0.658565,1,0.672042256209821
0.55,CP3_RF,LOCO,PUF12-9,0.7256100000000001,1,0.29411380734796216
0.55,CP3_RF,mutation_group_out,P4-R5-ETD,0.0,0,0.24476910531891163
0.55,CP3_RF,mutation_group_out,P4-R5-SHE,0.616825,1,0.45195230612211806
0.55,CP3_RF,mutation_group_out,P4-R5-SHE+P7-R5-SHE,0.7531399999999999,1,0.23017719752741708
0.55,CP3_RF,mutation_group_out,P4-R5-SNE,0.7430950000000001,1,0.8855275441160829
0.55,CP3_RF,mutation_group_out,P4-R5-SNE+P7-R5-SNE,0.80335,1,0.23017719752741708
0.55,CP3_RF,mutation_group_out,P4-R5-SWD+P7-R5-SWD,0.518925,0,0.9809168176633947
0.55,CP3_RF,mutation_group_out,P4-R5-THE+P7-R5-THE,0.68814,1,0.9699032335463623
0.55,CP3_RF,mutation_group_out,P4-R5-YTH+P7-R5-YTH,0.0,0,0.23017719752741708
0.55,CP3_RF,mutation_group_out,P4-R5-YYE+P7-P5-YYE,0.0866649999999999,0,0.985637044993436
0.55,CP3_RF,mutation_group_out,P5-R6-AYE,0.55629,1,0.9913086770981507
0.55,CP3_RF,mutation_group_out,P5-R6-DFE,0.32484,0,0.23786244515817
0.55,CP3_RF,mutation_group_out,P5-R6-FWD,0.37332,0,0.3062839415871023
0.55,CP3_RF,mutation_group_out,P5-R6-LRD,0.23336,0,0.9913086770981507
0.55,CP3_RF,mutation_group_out,P5-R6-NYE,0.57387,1,0.2357439667112741
0.55,CP3_RF,mutation_group_out,P5-R6-SFE,0.6291599999999999,1,0.9913086770981507
0.55,CP3_RF,mutation_group_out,P5-R6-SWD,0.666435,1,0.6091720274175904
0.55,CP3_RF,mutation_group_out,P5-R6-SYQ,0.591215,1,0.9729001557948928
0.55,CP3_RF,mutation_group_out,P5-R6-THN,0.529215,0,0.3028628889555234
0.55,CP3_RF,mutation_group_out,P5-R6-TTE,0.348885,0,0.5513498886885904
0.55,CP3_RF,mutation_group_out,P5-R6-TWD,0.59784,1,0.9913086770981507
0.55,CP3_RF,mutation_group_out,P5-R6-TYE,0.44306,0,0.34400620251906733
0.55,CP3_RF,mutation_group_out,P5-R6-VFN,0.5554349999999999,1,0.9913086770981507
0.55,CP3_RF,mutation_group_out,P6-R7-MHQ,0.2532999999999999,0,0.7033877961540149
0.55,CP3_RF,mutation_group_out,P6-R7-QFW,0.67784,1,0.7566583150883035
0.55,CP3_RF,mutation_group_out,P6-R7-QRW,0.60431,1,0.8109864357131984
0.55,CP3_RF,mutation_group_out,P6-R7-TRQ,0.657745,1,0.7497448693566294
0.55,CP3_RF,mutation_group_out,P6-R7-WFD,0.70041,1,0.6094698330832544
0.55,CP3_RF,mutation_group_out,P6-R7-WFQ,0.651535,1,0.705745583394748
0.55,CP3_RF,mutation_group_out,P7-R5-SYVIRR,0.79377,1,0.5542010758726292
0.55,CP3_RF,mutation_group_out,P8-R6-GVE,0.658565,1,0.672042256209821
0.55,CP3_RF,mutation_group_out,PUF12-9,0.7256100000000001,1,0.29411380734796216
0.55,CP_Structure9_RF,LOCO,P4-R5-ETD,0.0,0,0.27626161882668315
0.55,CP_Structure9_RF,LOCO,P4-R5-SHE,0.616825,1,0.6961847561132691
0.55,CP_Structure9_RF,LOCO,P4-R5-SHE+P7-R5-SHE,0.7531399999999999,1,0.6737512222932887
0.55,CP_Structure9_RF,LOCO,P4-R5-SNE,0.7430950000000001,1,0.9605134427386397
0.55,CP_Structure9_RF,LOCO,P4-R5-SNE+P7-R5-SNE,0.80335,1,0.6556750194674303
0.55,CP_Structure9_RF,LOCO,P4-R5-SWD+P7-R5-SWD,0.518925,0,0.6219085168946558
0.55,CP_Structure9_RF,LOCO,P4-R5-THE+P7-R5-THE,0.68814,1,0.8789555130173187
0.55,CP_Structure9_RF,LOCO,P4-R5-YTH+P7-R5-YTH,0.0,0,0.35540609302767345
0.55,CP_Structure9_RF,LOCO,P4-R5-YYE+P7-P5-YYE,0.0866649999999999,0,0.6108793835014391
0.55,CP_Structure9_RF,LOCO,P5-R6-AYE,0.55629,1,0.9380513138165983
0.55,CP_Structure9_RF,LOCO,P5-R6-DFE,0.32484,0,0.49610654635431933
0.55,CP_Structure9_RF,LOCO,P5-R6-FWD,0.37332,0,0.24651690956102712
0.55,CP_Structure9_RF,LOCO,P5-R6-LRD,0.23336,0,0.926126984126984
0.55,CP_Structure9_RF,LOCO,P5-R6-NYE,0.57387,1,0.043853841882592504
0.55,CP_Structure9_RF,LOCO,P5-R6-SFE,0.6291599999999999,1,0.9499236586148256
0.55,CP_Structure9_RF,LOCO,P5-R6-SWD,0.666435,1,0.8624067513325862
0.55,CP_Structure9_RF,LOCO,P5-R6-SYQ,0.591215,1,0.5585438590695044
0.55,CP_Structure9_RF,LOCO,P5-R6-THN,0.529215,0,0.2405008437872509
0.55,CP_Structure9_RF,LOCO,P5-R6-TTE,0.348885,0,0.4287909176990708
0.55,CP_Structure9_RF,LOCO,P5-R6-TWD,0.59784,1,0.4461249834254727
0.55,CP_Structure9_RF,LOCO,P5-R6-TYE,0.44306,0,0.7964448049508901
0.55,CP_Structure9_RF,LOCO,P5-R6-VFN,0.5554349999999999,1,0.9308841330121169
0.55,CP_Structure9_RF,LOCO,P6-R7-MHQ,0.2532999999999999,0,0.30959892580598025
0.55,CP_Structure9_RF,LOCO,P6-R7-QFW,0.67784,1,0.6664803714711688
0.55,CP_Structure9_RF,LOCO,P6-R7-QRW,0.60431,1,0.7942836078528132
0.55,CP_Structure9_RF,LOCO,P6-R7-TRQ,0.657745,1,0.6382524061511137
0.55,CP_Structure9_RF,LOCO,P6-R7-WFD,0.70041,1,0.4574552119285862
0.55,CP_Structure9_RF,LOCO,P6-R7-WFQ,0.651535,1,0.557384601310588
0.55,CP_Structure9_RF,LOCO,P7-R5-SYVIRR,0.79377,1,0.39885299528225315
0.55,CP_Structure9_RF,LOCO,P8-R6-GVE,0.658565,1,0.9420590581442764
0.55,CP_Structure9_RF,LOCO,PUF12-9,0.7256100000000001,1,0.6367947483940661
0.55,CP_Structure9_RF,mutation_group_out,P4-R5-ETD,0.0,0,0.305439599743631
0.55,CP_Structure9_RF,mutation_group_out,P4-R5-SHE,0.616825,1,0.5936570252524578
0.55,CP_Structure9_RF,mutation_group_out,P4-R5-SHE+P7-R5-SHE,0.7531399999999999,1,0.2760495319638955
0.55,CP_Structure9_RF,mutation_group_out,P4-R5-SNE,0.7430950000000001,1,0.8626180922934797
0.55,CP_Structure9_RF,mutation_group_out,P4-R5-SNE+P7-R5-SNE,0.80335,1,0.2779542938686574
0.55,CP_Structure9_RF,mutation_group_out,P4-R5-SWD+P7-R5-SWD,0.518925,0,0.8854100285733001
0.55,CP_Structure9_RF,mutation_group_out,P4-R5-THE+P7-R5-THE,0.68814,1,0.9663574846237917
0.55,CP_Structure9_RF,mutation_group_out,P4-R5-YTH+P7-R5-YTH,0.0,0,0.18780360536591953
0.55,CP_Structure9_RF,mutation_group_out,P4-R5-YYE+P7-P5-YYE,0.0866649999999999,0,0.7839654685452208
0.55,CP_Structure9_RF,mutation_group_out,P5-R6-AYE,0.55629,1,0.8984704884996104
0.55,CP_Structure9_RF,mutation_group_out,P5-R6-DFE,0.32484,0,0.866280615955126
0.55,CP_Structure9_RF,mutation_group_out,P5-R6-FWD,0.37332,0,0.24460349000531084
0.55,CP_Structure9_RF,mutation_group_out,P5-R6-LRD,0.23336,0,0.49850834944043343
0.55,CP_Structure9_RF,mutation_group_out,P5-R6-NYE,0.57387,1,0.21469730172354645
0.55,CP_Structure9_RF,mutation_group_out,P5-R6-SFE,0.6291599999999999,1,0.8984704884996104
0.55,CP_Structure9_RF,mutation_group_out,P5-R6-SWD,0.666435,1,0.866605409134531
0.55,CP_Structure9_RF,mutation_group_out,P5-R6-SYQ,0.591215,1,0.9048119519142445
0.55,CP_Structure9_RF,mutation_group_out,P5-R6-THN,0.529215,0,0.8518694994593179
0.55,CP_Structure9_RF,mutation_group_out,P5-R6-TTE,0.348885,0,0.7892900437413841
0.55,CP_Structure9_RF,mutation_group_out,P5-R6-TWD,0.59784,1,0.332618563479027
0.55,CP_Structure9_RF,mutation_group_out,P5-R6-TYE,0.44306,0,0.8700760422390315
0.55,CP_Structure9_RF,mutation_group_out,P5-R6-VFN,0.5554349999999999,1,0.9177569169960473
0.55,CP_Structure9_RF,mutation_group_out,P6-R7-MHQ,0.2532999999999999,0,0.1355678874923138
0.55,CP_Structure9_RF,mutation_group_out,P6-R7-QFW,0.67784,1,0.4128824384905186
0.55,CP_Structure9_RF,mutation_group_out,P6-R7-QRW,0.60431,1,0.4354076045581025
0.55,CP_Structure9_RF,mutation_group_out,P6-R7-TRQ,0.657745,1,0.5273401101196914
0.55,CP_Structure9_RF,mutation_group_out,P6-R7-WFD,0.70041,1,0.20938913729514258
0.55,CP_Structure9_RF,mutation_group_out,P6-R7-WFQ,0.651535,1,0.29287547279871956
0.55,CP_Structure9_RF,mutation_group_out,P7-R5-SYVIRR,0.79377,1,0.39885299528225315
0.55,CP_Structure9_RF,mutation_group_out,P8-R6-GVE,0.658565,1,0.9420590581442764
0.55,CP_Structure9_RF,mutation_group_out,PUF12-9,0.7256100000000001,1,0.6367947483940661
0.5558624999999999,CP3_LR,LOCO,P4-R5-ETD,0.0,0,0.45018384818924345
0.5558624999999999,CP3_LR,LOCO,P4-R5-SHE,0.616825,1,0.37655096246456693
0.5558624999999999,CP3_LR,LOCO,P4-R5-SHE+P7-R5-SHE,0.7531399999999999,1,0.36613225066132554
0.5558624999999999,CP3_LR,LOCO,P4-R5-SNE,0.7430950000000001,1,0.5786328572148981
0.5558624999999999,CP3_LR,LOCO,P4-R5-SNE+P7-R5-SNE,0.80335,1,0.32729826894532715
0.5558624999999999,CP3_LR,LOCO,P4-R5-SWD+P7-R5-SWD,0.518925,0,0.5218645097581955
0.5558624999999999,CP3_LR,LOCO,P4-R5-THE+P7-R5-THE,0.68814,1,0.5194202836630972
0.5558624999999999,CP3_LR,LOCO,P4-R5-YTH+P7-R5-YTH,0.0,0,0.4193773669895913
0.5558624999999999,CP3_LR,LOCO,P4-R5-YYE+P7-P5-YYE,0.0866649999999999,0,0.529163416794269
0.5558624999999999,CP3_LR,LOCO,P5-R6-AYE,0.55629,1,0.5852873888031005
0.5558624999999999,CP3_LR,LOCO,P5-R6-DFE,0.32484,0,0.43738897820557393
0.5558624999999999,CP3_LR,LOCO,P5-R6-FWD,0.37332,0,0.4702875483698693
0.5558624999999999,CP3_LR,LOCO,P5-R6-LRD,0.23336,0,0.6999678612917309
0.5558624999999999,CP3_LR,LOCO,P5-R6-NYE,0.57387,1,0.46174604735506514
0.5558624999999999,CP3_LR,LOCO,P5-R6-SFE,0.6291599999999999,1,0.5504675615541268
0.5558624999999999,CP3_LR,LOCO,P5-R6-SWD,0.666435,1,0.49244614807187265
0.5558624999999999,CP3_LR,LOCO,P5-R6-SYQ,0.591215,1,0.5290496421843995
0.5558624999999999,CP3_LR,LOCO,P5-R6-THN,0.529215,0,0.45581232854305564
0.5558624999999999,CP3_LR,LOCO,P5-R6-TTE,0.348885,0,0.45259884260258965
0.5558624999999999,CP3_LR,LOCO,P5-R6-TWD,0.59784,1,0.5416117853744686
0.5558624999999999,CP3_LR,LOCO,P5-R6-TYE,0.44306,0,0.48659132039304503
0.5558624999999999,CP3_LR,LOCO,P5-R6-VFN,0.5554349999999999,0,0.5568332685151033
0.5558624999999999,CP3_LR,LOCO,P6-R7-MHQ,0.2532999999999999,0,0.3734509659611887
0.5558624999999999,CP3_LR,LOCO,P6-R7-QFW,0.67784,1,0.5681562612270388
0.5558624999999999,CP3_LR,LOCO,P6-R7-QRW,0.60431,1,0.555848729169155
0.5558624999999999,CP3_LR,LOCO,P6-R7-TRQ,0.657745,1,0.5531866075305193
0.5558624999999999,CP3_LR,LOCO,P6-R7-WFD,0.70041,1,0.48536604395169086
0.5558624999999999,CP3_LR,LOCO,P6-R7-WFQ,0.651535,1,0.5333777172012749
0.5558624999999999,CP3_LR,LOCO,P7-R5-SYVIRR,0.79377,1,0.5381271209849452
0.5558624999999999,CP3_LR,LOCO,P8-R6-GVE,0.658565,1,0.5657443869723965
0.5558624999999999,CP3_LR,LOCO,PUF12-9,0.7256100000000001,1,0.4929237582866827
0.5558624999999999,CP3_LR,mutation_group_out,P4-R5-ETD,0.0,0,0.4388982467956473
0.5558624999999999,CP3_LR,mutation_group_out,P4-R5-SHE,0.616825,1,0.3944517523461939
0.5558624999999999,CP3_LR,mutation_group_out,P4-R5-SHE+P7-R5-SHE,0.7531399999999999,1,0.34881080179696
0.5558624999999999,CP3_LR,mutation_group_out,P4-R5-SNE,0.7430950000000001,1,0.573002816071879
0.5558624999999999,CP3_LR,mutation_group_out,P4-R5-SNE+P7-R5-SNE,0.80335,1,0.3189463424113407
0.5558624999999999,CP3_LR,mutation_group_out,P4-R5-SWD+P7-R5-SWD,0.518925,0,0.5122202851614696
0.5558624999999999,CP3_LR,mutation_group_out,P4-R5-THE+P7-R5-THE,0.68814,1,0.5168991441606454
0.5558624999999999,CP3_LR,mutation_group_out,P4-R5-YTH+P7-R5-YTH,0.0,0,0.3646315389862951
0.5558624999999999,CP3_LR,mutation_group_out,P4-R5-YYE+P7-P5-YYE,0.0866649999999999,0,0.5121124747912924
0.5558624999999999,CP3_LR,mutation_group_out,P5-R6-AYE,0.55629,1,0.6575088714810022
0.5558624999999999,CP3_LR,mutation_group_out,P5-R6-DFE,0.32484,0,0.4555690224223274
0.5558624999999999,CP3_LR,mutation_group_out,P5-R6-FWD,0.37332,0,0.49102449141590004
0.5558624999999999,CP3_LR,mutation_group_out,P5-R6-LRD,0.23336,0,0.683282093727757
0.5558624999999999,CP3_LR,mutation_group_out,P5-R6-NYE,0.57387,1,0.4752326345419392
0.5558624999999999,CP3_LR,mutation_group_out,P5-R6-SFE,0.6291599999999999,1,0.5817583882744791
0.5558624999999999,CP3_LR,mutation_group_out,P5-R6-SWD,0.666435,1,0.5267579918377111
0.5558624999999999,CP3_LR,mutation_group_out,P5-R6-SYQ,0.591215,1,0.5498639406036963
0.5558624999999999,CP3_LR,mutation_group_out,P5-R6-THN,0.529215,0,0.48443945092369994
0.5558624999999999,CP3_LR,mutation_group_out,P5-R6-TTE,0.348885,0,0.48914442865800817
0.5558624999999999,CP3_LR,mutation_group_out,P5-R6-TWD,0.59784,1,0.6576724004047146
0.5558624999999999,CP3_LR,mutation_group_out,P5-R6-TYE,0.44306,0,0.49761264800809685
0.5558624999999999,CP3_LR,mutation_group_out,P5-R6-VFN,0.5554349999999999,0,0.5883330644213193
0.5558624999999999,CP3_LR,mutation_group_out,P6-R7-MHQ,0.2532999999999999,0,0.4579106841606478
0.5558624999999999,CP3_LR,mutation_group_out,P6-R7-QFW,0.67784,1,0.46622949630909094
0.5558624999999999,CP3_LR,mutation_group_out,P6-R7-QRW,0.60431,1,0.49398891590376737
0.5558624999999999,CP3_LR,mutation_group_out,P6-R7-TRQ,0.657745,1,0.5482100229887491
0.5558624999999999,CP3_LR,mutation_group_out,P6-R7-WFD,0.70041,1,0.46767955331815836
0.5558624999999999,CP3_LR,mutation_group_out,P6-R7-WFQ,0.651535,1,0.5295570502390824
0.5558624999999999,CP3_LR,mutation_group_out,P7-R5-SYVIRR,0.79377,1,0.5381271209849452
0.5558624999999999,CP3_LR,mutation_group_out,P8-R6-GVE,0.658565,1,0.5657443869723965
0.5558624999999999,CP3_LR,mutation_group_out,PUF12-9,0.7256100000000001,1,0.4929237582866827
0.5558624999999999,CP_Structure9_LR,LOCO,P4-R5-ETD,0.0,0,0.4154612050798581
0.5558624999999999,CP_Structure9_LR,LOCO,P4-R5-SHE,0.616825,1,0.5803273144942568
0.5558624999999999,CP_Structure9_LR,LOCO,P4-R5-SHE+P7-R5-SHE,0.7531399999999999,1,0.3936558420008314
0.5558624999999999,CP_Structure9_LR,LOCO,P4-R5-SNE,0.7430950000000001,1,0.7058957330585375
0.5558624999999999,CP_Structure9_LR,LOCO,P4-R5-SNE+P7-R5-SNE,0.80335,1,0.40659649129060366
0.5558624999999999,CP_Structure9_LR,LOCO,P4-R5-SWD+P7-R5-SWD,0.518925,0,0.4205192345679108
0.5558624999999999,CP_Structure9_LR,LOCO,P4-R5-THE+P7-R5-THE,0.68814,1,0.5754859494912027
0.5558624999999999,CP_Structure9_LR,LOCO,P4-R5-YTH+P7-R5-YTH,0.0,0,0.11834477930357702
0.5558624999999999,CP_Structure9_LR,LOCO,P4-R5-YYE+P7-P5-YYE,0.0866649999999999,0,0.5530974287227005
0.5558624999999999,CP_Structure9_LR,LOCO,P5-R6-AYE,0.55629,1,0.7274335866039926
0.5558624999999999,CP_Structure9_LR,LOCO,P5-R6-DFE,0.32484,0,0.5375879610652963
0.5558624999999999,CP_Structure9_LR,LOCO,P5-R6-FWD,0.37332,0,0.43701539641328063
0.5558624999999999,CP_Structure9_LR,LOCO,P5-R6-LRD,0.23336,0,0.40883584502485687
0.5558624999999999,CP_Structure9_LR,LOCO,P5-R6-NYE,0.57387,1,0.3848958312435393
0.5558624999999999,CP_Structure9_LR,LOCO,P5-R6-SFE,0.6291599999999999,1,0.6547165162706636
0.5558624999999999,CP_Structure9_LR,LOCO,P5-R6-SWD,0.666435,1,0.6595572123491397
0.5558624999999999,CP_Structure9_LR,LOCO,P5-R6-SYQ,0.591215,1,0.6030142819384435
0.5558624999999999,CP_Structure9_LR,LOCO,P5-R6-THN,0.529215,0,0.5460538347026673
0.5558624999999999,CP_Structure9_LR,LOCO,P5-R6-TTE,0.348885,0,0.3972284786236226
0.5558624999999999,CP_Structure9_LR,LOCO,P5-R6-TWD,0.59784,1,0.37100169149681395
0.5558624999999999,CP_Structure9_LR,LOCO,P5-R6-TYE,0.44306,0,0.5769254507737733
0.5558624999999999,CP_Structure9_LR,LOCO,P5-R6-VFN,0.5554349999999999,0,0.7111730599372832
0.5558624999999999,CP_Structure9_LR,LOCO,P6-R7-MHQ,0.2532999999999999,0,0.2440402862258967
0.5558624999999999,CP_Structure9_LR,LOCO,P6-R7-QFW,0.67784,1,0.5444834371165708
0.5558624999999999,CP_Structure9_LR,LOCO,P6-R7-QRW,0.60431,1,0.5943133981543857
0.5558624999999999,CP_Structure9_LR,LOCO,P6-R7-TRQ,0.657745,1,0.6163671643887922
0.5558624999999999,CP_Structure9_LR,LOCO,P6-R7-WFD,0.70041,1,0.41372688969544125
0.5558624999999999,CP_Structure9_LR,LOCO,P6-R7-WFQ,0.651535,1,0.40921856753927666
0.5558624999999999,CP_Structure9_LR,LOCO,P7-R5-SYVIRR,0.79377,1,0.4857162404398658
0.5558624999999999,CP_Structure9_LR,LOCO,P8-R6-GVE,0.658565,1,0.8936906772888943
0.5558624999999999,CP_Structure9_LR,LOCO,PUF12-9,0.7256100000000001,1,0.5022268368047812
0.5558624999999999,CP_Structure9_LR,mutation_group_out,P4-R5-ETD,0.0,0,0.4212815113911031
0.5558624999999999,CP_Structure9_LR,mutation_group_out,P4-R5-SHE,0.616825,1,0.5839667371979094
0.5558624999999999,CP_Structure9_LR,mutation_group_out,P4-R5-SHE+P7-R5-SHE,0.7531399999999999,1,0.3000032679168685
0.5558624999999999,CP_Structure9_LR,mutation_group_out,P4-R5-SNE,0.7430950000000001,1,0.6876644433182492
0.5558624999999999,CP_Structure9_LR,mutation_group_out,P4-R5-SNE+P7-R5-SNE,0.80335,1,0.28738729542499136
0.5558624999999999,CP_Structure9_LR,mutation_group_out,P4-R5-SWD+P7-R5-SWD,0.518925,0,0.4371987399472956
0.5558624999999999,CP_Structure9_LR,mutation_group_out,P4-R5-THE+P7-R5-THE,0.68814,1,0.5398370783829761
0.5558624999999999,CP_Structure9_LR,mutation_group_out,P4-R5-YTH+P7-R5-YTH,0.0,0,0.1341809412318529
0.5558624999999999,CP_Structure9_LR,mutation_group_out,P4-R5-YYE+P7-P5-YYE,0.0866649999999999,0,0.5308533267964631
0.5558624999999999,CP_Structure9_LR,mutation_group_out,P5-R6-AYE,0.55629,1,0.6942436446231169
0.5558624999999999,CP_Structure9_LR,mutation_group_out,P5-R6-DFE,0.32484,0,0.5569130086719293
0.5558624999999999,CP_Structure9_LR,mutation_group_out,P5-R6-FWD,0.37332,0,0.39920975124681374
0.5558624999999999,CP_Structure9_LR,mutation_group_out,P5-R6-LRD,0.23336,0,0.37819784739359524
0.5558624999999999,CP_Structure9_LR,mutation_group_out,P5-R6-NYE,0.57387,1,0.38344504053698686
0.5558624999999999,CP_Structure9_LR,mutation_group_out,P5-R6-SFE,0.6291599999999999,1,0.6143700139429863
0.5558624999999999,CP_Structure9_LR,mutation_group_out,P5-R6-SWD,0.666435,1,0.701075269080195
0.5558624999999999,CP_Structure9_LR,mutation_group_out,P5-R6-SYQ,0.591215,1,0.5852514199099719
0.5558624999999999,CP_Structure9_LR,mutation_group_out,P5-R6-THN,0.529215,0,0.5809385983928375
0.5558624999999999,CP_Structure9_LR,mutation_group_out,P5-R6-TTE,0.348885,0,0.43729525268175184
0.5558624999999999,CP_Structure9_LR,mutation_group_out,P5-R6-TWD,0.59784,1,0.48055268912086785
0.5558624999999999,CP_Structure9_LR,mutation_group_out,P5-R6-TYE,0.44306,0,0.5591528377371483
0.5558624999999999,CP_Structure9_LR,mutation_group_out,P5-R6-VFN,0.5554349999999999,0,0.665901875958015
0.5558624999999999,CP_Structure9_LR,mutation_group_out,P6-R7-MHQ,0.2532999999999999,0,0.29222602640251233
0.5558624999999999,CP_Structure9_LR,mutation_group_out,P6-R7-QFW,0.67784,1,0.4116213303548694
0.5558624999999999,CP_Structure9_LR,mutation_group_out,P6-R7-QRW,0.60431,1,0.46650476848132383
0.5558624999999999,CP_Structure9_LR,mutation_group_out,P6-R7-TRQ,0.657745,1,0.5628090922912089
0.5558624999999999,CP_Structure9_LR,mutation_group_out,P6-R7-WFD,0.70041,1,0.3659276912668375
0.5558624999999999,CP_Structure9_LR,mutation_group_out,P6-R7-WFQ,0.651535,1,0.38380906860658043
0.5558624999999999,CP_Structure9_LR,mutation_group_out,P7-R5-SYVIRR,0.79377,1,0.4857162404398658
0.5558624999999999,CP_Structure9_LR,mutation_group_out,P8-R6-GVE,0.658565,1,0.8936906772888943
0.5558624999999999,CP_Structure9_LR,mutation_group_out,PUF12-9,0.7256100000000001,1,0.5022268368047812
0.5558624999999999,CP3_RF,LOCO,P4-R5-ETD,0.0,0,0.28623148681131433
0.5558624999999999,CP3_RF,LOCO,P4-R5-SHE,0.616825,1,0.45929631551985495
0.5558624999999999,CP3_RF,LOCO,P4-R5-SHE+P7-R5-SHE,0.7531399999999999,1,0.4880403264109245
0.5558624999999999,CP3_RF,LOCO,P4-R5-SNE,0.7430950000000001,1,0.8228718434310729
0.5558624999999999,CP3_RF,LOCO,P4-R5-SNE+P7-R5-SNE,0.80335,1,0.4623390690046287
0.5558624999999999,CP3_RF,LOCO,P4-R5-SWD+P7-R5-SWD,0.518925,0,0.7378624013434494
0.5558624999999999,CP3_RF,LOCO,P4-R5-THE+P7-R5-THE,0.68814,1,0.6882340883060128
0.5558624999999999,CP3_RF,LOCO,P4-R5-YTH+P7-R5-YTH,0.0,0,0.3583962742464506
0.5558624999999999,CP3_RF,LOCO,P4-R5-YYE+P7-P5-YYE,0.0866649999999999,0,0.7377696621814559
0.5558624999999999,CP3_RF,LOCO,P5-R6-AYE,0.55629,1,0.6029211873728318
0.5558624999999999,CP3_RF,LOCO,P5-R6-DFE,0.32484,0,0.11283335642782993
0.5558624999999999,CP3_RF,LOCO,P5-R6-FWD,0.37332,0,0.3107162765564199
0.5558624999999999,CP3_RF,LOCO,P5-R6-LRD,0.23336,0,0.865041511720861
0.5558624999999999,CP3_RF,LOCO,P5-R6-NYE,0.57387,1,0.0717102872158401
0.5558624999999999,CP3_RF,LOCO,P5-R6-SFE,0.6291599999999999,1,0.725624323558936
0.5558624999999999,CP3_RF,LOCO,P5-R6-SWD,0.666435,1,0.537204099732073
0.5558624999999999,CP3_RF,LOCO,P5-R6-SYQ,0.591215,1,0.7144142095955671
0.5558624999999999,CP3_RF,LOCO,P5-R6-THN,0.529215,0,0.07972800132316663
0.5558624999999999,CP3_RF,LOCO,P5-R6-TTE,0.348885,0,0.4986480590008503
0.5558624999999999,CP3_RF,LOCO,P5-R6-TWD,0.59784,1,0.6523964887880347
0.5558624999999999,CP3_RF,LOCO,P5-R6-TYE,0.44306,0,0.27559108059909376
0.5558624999999999,CP3_RF,LOCO,P5-R6-VFN,0.5554349999999999,0,0.8722298054491889
0.5558624999999999,CP3_RF,LOCO,P6-R7-MHQ,0.2532999999999999,0,0.694672389020647
0.5558624999999999,CP3_RF,LOCO,P6-R7-QFW,0.67784,1,0.6420007584399314
0.5558624999999999,CP3_RF,LOCO,P6-R7-QRW,0.60431,1,0.6744567418810719
0.5558624999999999,CP3_RF,LOCO,P6-R7-TRQ,0.657745,1,0.698360256289283
0.5558624999999999,CP3_RF,LOCO,P6-R7-WFD,0.70041,1,0.5154643540441934
0.5558624999999999,CP3_RF,LOCO,P6-R7-WFQ,0.651535,1,0.7143669147918685
0.5558624999999999,CP3_RF,LOCO,P7-R5-SYVIRR,0.79377,1,0.5734711627022828
0.5558624999999999,CP3_RF,LOCO,P8-R6-GVE,0.658565,1,0.7403611199919378
0.5558624999999999,CP3_RF,LOCO,PUF12-9,0.7256100000000001,1,0.31909838359387055
0.5558624999999999,CP3_RF,mutation_group_out,P4-R5-ETD,0.0,0,0.26075861897108865
0.5558624999999999,CP3_RF,mutation_group_out,P4-R5-SHE,0.616825,1,0.4946489588878704
0.5558624999999999,CP3_RF,mutation_group_out,P4-R5-SHE+P7-R5-SHE,0.7531399999999999,1,0.26891356578283876
0.5558624999999999,CP3_RF,mutation_group_out,P4-R5-SNE,0.7430950000000001,1,0.8754626359587974
0.5558624999999999,CP3_RF,mutation_group_out,P4-R5-SNE+P7-R5-SNE,0.80335,1,0.26891356578283876
0.5558624999999999,CP3_RF,mutation_group_out,P4-R5-SWD+P7-R5-SWD,0.518925,0,0.9214136624288958
0.5558624999999999,CP3_RF,mutation_group_out,P4-R5-THE+P7-R5-THE,0.68814,1,0.9185194881913123
0.5558624999999999,CP3_RF,mutation_group_out,P4-R5-YTH+P7-R5-YTH,0.0,0,0.26891356578283876
0.5558624999999999,CP3_RF,mutation_group_out,P4-R5-YYE+P7-P5-YYE,0.0866649999999999,0,0.9703950924148108
0.5558624999999999,CP3_RF,mutation_group_out,P5-R6-AYE,0.55629,1,0.9913086770981507
0.5558624999999999,CP3_RF,mutation_group_out,P5-R6-DFE,0.32484,0,0.23786244515817
0.5558624999999999,CP3_RF,mutation_group_out,P5-R6-FWD,0.37332,0,0.3062839415871023
0.5558624999999999,CP3_RF,mutation_group_out,P5-R6-LRD,0.23336,0,0.9913086770981507
0.5558624999999999,CP3_RF,mutation_group_out,P5-R6-NYE,0.57387,1,0.2357439667112741
0.5558624999999999,CP3_RF,mutation_group_out,P5-R6-SFE,0.6291599999999999,1,0.9913086770981507
0.5558624999999999,CP3_RF,mutation_group_out,P5-R6-SWD,0.666435,1,0.6091720274175904
0.5558624999999999,CP3_RF,mutation_group_out,P5-R6-SYQ,0.591215,1,0.9729001557948928
0.5558624999999999,CP3_RF,mutation_group_out,P5-R6-THN,0.529215,0,0.3028628889555234
0.5558624999999999,CP3_RF,mutation_group_out,P5-R6-TTE,0.348885,0,0.5513498886885904
0.5558624999999999,CP3_RF,mutation_group_out,P5-R6-TWD,0.59784,1,0.9913086770981507
0.5558624999999999,CP3_RF,mutation_group_out,P5-R6-TYE,0.44306,0,0.34400620251906733
0.5558624999999999,CP3_RF,mutation_group_out,P5-R6-VFN,0.5554349999999999,0,0.9913086770981507
0.5558624999999999,CP3_RF,mutation_group_out,P6-R7-MHQ,0.2532999999999999,0,0.7272596970118521
0.5558624999999999,CP3_RF,mutation_group_out,P6-R7-QFW,0.67784,1,0.6686994810491026
0.5558624999999999,CP3_RF,mutation_group_out,P6-R7-QRW,0.60431,1,0.6694812734820265
0.5558624999999999,CP3_RF,mutation_group_out,P6-R7-TRQ,0.657745,1,0.6935671665041221
0.5558624999999999,CP3_RF,mutation_group_out,P6-R7-WFD,0.70041,1,0.5678071914427225
0.5558624999999999,CP3_RF,mutation_group_out,P6-R7-WFQ,0.651535,1,0.6887140054710933
0.5558624999999999,CP3_RF,mutation_group_out,P7-R5-SYVIRR,0.79377,1,0.5734711627022828
0.5558624999999999,CP3_RF,mutation_group_out,P8-R6-GVE,0.658565,1,0.7403611199919378
0.5558624999999999,CP3_RF,mutation_group_out,PUF12-9,0.7256100000000001,1,0.31909838359387055
0.5558624999999999,CP_Structure9_RF,LOCO,P4-R5-ETD,0.0,0,0.3936017304616029
0.5558624999999999,CP_Structure9_RF,LOCO,P4-R5-SHE,0.616825,1,0.6288428021173688
0.5558624999999999,CP_Structure9_RF,LOCO,P4-R5-SHE+P7-R5-SHE,0.7531399999999999,1,0.5274229337344077
0.5558624999999999,CP_Structure9_RF,LOCO,P4-R5-SNE,0.7430950000000001,1,0.8721008117755324
0.5558624999999999,CP_Structure9_RF,LOCO,P4-R5-SNE+P7-R5-SNE,0.80335,1,0.542666187823301
0.5558624999999999,CP_Structure9_RF,LOCO,P4-R5-SWD+P7-R5-SWD,0.518925,0,0.6037153635516895
0.5558624999999999,CP_Structure9_RF,LOCO,P4-R5-THE+P7-R5-THE,0.68814,1,0.7219738483510834
0.5558624999999999,CP_Structure9_RF,LOCO,P4-R5-YTH+P7-R5-YTH,0.0,0,0.2597660437442865
0.5558624999999999,CP_Structure9_RF,LOCO,P4-R5-YYE+P7-P5-YYE,0.0866649999999999,0,0.7473273449280852
0.5558624999999999,CP_Structure9_RF,LOCO,P5-R6-AYE,0.55629,1,0.893466416389617
0.5558624999999999,CP_Structure9_RF,LOCO,P5-R6-DFE,0.32484,0,0.520453176285233
0.5558624999999999,CP_Structure9_RF,LOCO,P5-R6-FWD,0.37332,0,0.34341884977214754
0.5558624999999999,CP_Structure9_RF,LOCO,P5-R6-LRD,0.23336,0,0.7923596723600365
0.5558624999999999,CP_Structure9_RF,LOCO,P5-R6-NYE,0.57387,1,0.10211369786573626
0.5558624999999999,CP_Structure9_RF,LOCO,P5-R6-SFE,0.6291599999999999,1,0.8486271909223956
0.5558624999999999,CP_Structure9_RF,LOCO,P5-R6-SWD,0.666435,1,0.7948702702991683
0.5558624999999999,CP_Structure9_RF,LOCO,P5-R6-SYQ,0.591215,1,0.6495898549693447
0.5558624999999999,CP_Structure9_RF,LOCO,P5-R6-THN,0.529215,0,0.3213203514182942
0.5558624999999999,CP_Structure9_RF,LOCO,P5-R6-TTE,0.348885,0,0.43901961170855924
0.5558624999999999,CP_Structure9_RF,LOCO,P5-R6-TWD,0.59784,1,0.4645651632762784
0.5558624999999999,CP_Structure9_RF,LOCO,P5-R6-TYE,0.44306,0,0.6810220472817301
0.5558624999999999,CP_Structure9_RF,LOCO,P5-R6-VFN,0.5554349999999999,0,0.9308841330121169
0.5558624999999999,CP_Structure9_RF,LOCO,P6-R7-MHQ,0.2532999999999999,0,0.307776857806933
0.5558624999999999,CP_Structure9_RF,LOCO,P6-R7-QFW,0.67784,1,0.6022879733200087
0.5558624999999999,CP_Structure9_RF,LOCO,P6-R7-QRW,0.60431,1,0.6707412729542856
0.5558624999999999,CP_Structure9_RF,LOCO,P6-R7-TRQ,0.657745,1,0.6698158868881157
0.5558624999999999,CP_Structure9_RF,LOCO,P6-R7-WFD,0.70041,1,0.4668893570855288
0.5558624999999999,CP_Structure9_RF,LOCO,P6-R7-WFQ,0.651535,1,0.46012642214456745
0.5558624999999999,CP_Structure9_RF,LOCO,P7-R5-SYVIRR,0.79377,1,0.4376779451648214
0.5558624999999999,CP_Structure9_RF,LOCO,P8-R6-GVE,0.658565,1,0.8973223463482589
0.5558624999999999,CP_Structure9_RF,LOCO,PUF12-9,0.7256100000000001,1,0.4961936029002725
0.5558624999999999,CP_Structure9_RF,mutation_group_out,P4-R5-ETD,0.0,0,0.4092689471010446
0.5558624999999999,CP_Structure9_RF,mutation_group_out,P4-R5-SHE,0.616825,1,0.5234501224831957
0.5558624999999999,CP_Structure9_RF,mutation_group_out,P4-R5-SHE+P7-R5-SHE,0.7531399999999999,1,0.20887731549745697
0.5558624999999999,CP_Structure9_RF,mutation_group_out,P4-R5-SNE,0.7430950000000001,1,0.8119013812713699
0.5558624999999999,CP_Structure9_RF,mutation_group_out,P4-R5-SNE+P7-R5-SNE,0.80335,1,0.21467243744867648
0.5558624999999999,CP_Structure9_RF,mutation_group_out,P4-R5-SWD+P7-R5-SWD,0.518925,0,0.8490702851009989
0.5558624999999999,CP_Structure9_RF,mutation_group_out,P4-R5-THE+P7-R5-THE,0.68814,1,0.8736839594352063
0.5558624999999999,CP_Structure9_RF,mutation_group_out,P4-R5-YTH+P7-R5-YTH,0.0,0,0.17638709507111858
0.5558624999999999,CP_Structure9_RF,mutation_group_out,P4-R5-YYE+P7-P5-YYE,0.0866649999999999,0,0.8823319870653938
0.5558624999999999,CP_Structure9_RF,mutation_group_out,P5-R6-AYE,0.55629,1,0.8984704884996104
0.5558624999999999,CP_Structure9_RF,mutation_group_out,P5-R6-DFE,0.32484,0,0.866280615955126
0.5558624999999999,CP_Structure9_RF,mutation_group_out,P5-R6-FWD,0.37332,0,0.24460349000531084
0.5558624999999999,CP_Structure9_RF,mutation_group_out,P5-R6-LRD,0.23336,0,0.49850834944043343
0.5558624999999999,CP_Structure9_RF,mutation_group_out,P5-R6-NYE,0.57387,1,0.21469730172354645
0.5558624999999999,CP_Structure9_RF,mutation_group_out,P5-R6-SFE,0.6291599999999999,1,0.8984704884996104
0.5558624999999999,CP_Structure9_RF,mutation_group_out,P5-R6-SWD,0.666435,1,0.866605409134531
0.5558624999999999,CP_Structure9_RF,mutation_group_out,P5-R6-SYQ,0.591215,1,0.9048119519142445
0.5558624999999999,CP_Structure9_RF,mutation_group_out,P5-R6-THN,0.529215,0,0.8518694994593179
0.5558624999999999,CP_Structure9_RF,mutation_group_out,P5-R6-TTE,0.348885,0,0.7892900437413841
0.5558624999999999,CP_Structure9_RF,mutation_group_out,P5-R6-TWD,0.59784,1,0.332618563479027
0.5558624999999999,CP_Structure9_RF,mutation_group_out,P5-R6-TYE,0.44306,0,0.8700760422390315
0.5558624999999999,CP_Structure9_RF,mutation_group_out,P5-R6-VFN,0.5554349999999999,0,0.9177569169960473
0.5558624999999999,CP_Structure9_RF,mutation_group_out,P6-R7-MHQ,0.2532999999999999,0,0.185642884314087
0.5558624999999999,CP_Structure9_RF,mutation_group_out,P6-R7-QFW,0.67784,1,0.3546016104140354
0.5558624999999999,CP_Structure9_RF,mutation_group_out,P6-R7-QRW,0.60431,1,0.3583789047024393
0.5558624999999999,CP_Structure9_RF,mutation_group_out,P6-R7-TRQ,0.657745,1,0.4964786635074322
0.5558624999999999,CP_Structure9_RF,mutation_group_out,P6-R7-WFD,0.70041,1,0.18901742039449634
0.5558624999999999,CP_Structure9_RF,mutation_group_out,P6-R7-WFQ,0.651535,1,0.22401375210649363
0.5558624999999999,CP_Structure9_RF,mutation_group_out,P7-R5-SYVIRR,0.79377,1,0.4376779451648214
0.5558624999999999,CP_Structure9_RF,mutation_group_out,P8-R6-GVE,0.658565,1,0.8973223463482589
0.5558624999999999,CP_Structure9_RF,mutation_group_out,PUF12-9,0.7256100000000001,1,0.4961936029002725
0.56508,CP3_LR,LOCO,P4-R5-ETD,0.0,0,0.47630331021929334
0.56508,CP3_LR,LOCO,P4-R5-SHE,0.616825,1,0.436615103305514
0.56508,CP3_LR,LOCO,P4-R5-SHE+P7-R5-SHE,0.7531399999999999,1,0.4222192893427643
0.56508,CP3_LR,LOCO,P4-R5-SNE,0.7430950000000001,1,0.5636230616753078
0.56508,CP3_LR,LOCO,P4-R5-SNE+P7-R5-SNE,0.80335,1,0.39264746968342995
0.56508,CP3_LR,LOCO,P4-R5-SWD+P7-R5-SWD,0.518925,0,0.5168685060179568
0.56508,CP3_LR,LOCO,P4-R5-THE+P7-R5-THE,0.68814,1,0.5018191953893324
0.56508,CP3_LR,LOCO,P4-R5-YTH+P7-R5-YTH,0.0,0,0.45849305935982754
0.56508,CP3_LR,LOCO,P4-R5-YYE+P7-P5-YYE,0.0866649999999999,0,0.5344521590553841
0.56508,CP3_LR,LOCO,P5-R6-AYE,0.55629,0,0.5852873888031005
0.56508,CP3_LR,LOCO,P5-R6-DFE,0.32484,0,0.4607705406414997
0.56508,CP3_LR,LOCO,P5-R6-FWD,0.37332,0,0.4809759978551708
0.56508,CP3_LR,LOCO,P5-R6-LRD,0.23336,0,0.6048388013953727
0.56508,CP3_LR,LOCO,P5-R6-NYE,0.57387,1,0.4805283673547218
0.56508,CP3_LR,LOCO,P5-R6-SFE,0.6291599999999999,1,0.5267868457994934
0.56508,CP3_LR,LOCO,P5-R6-SWD,0.666435,1,0.4879481967663361
0.56508,CP3_LR,LOCO,P5-R6-SYQ,0.591215,1,0.5189705225995651
0.56508,CP3_LR,LOCO,P5-R6-THN,0.529215,0,0.46692546404765384
0.56508,CP3_LR,LOCO,P5-R6-TTE,0.348885,0,0.4596062809717674
0.56508,CP3_LR,LOCO,P5-R6-TWD,0.59784,1,0.4694615035045877
0.56508,CP3_LR,LOCO,P5-R6-TYE,0.44306,0,0.4967350365497988
0.56508,CP3_LR,LOCO,P5-R6-VFN,0.5554349999999999,0,0.5234256562616462
0.56508,CP3_LR,LOCO,P6-R7-MHQ,0.2532999999999999,0,0.44887299184068513
0.56508,CP3_LR,LOCO,P6-R7-QFW,0.67784,1,0.46090921736182167
0.56508,CP3_LR,LOCO,P6-R7-QRW,0.60431,1,0.5131446010989411
0.56508,CP3_LR,LOCO,P6-R7-TRQ,0.657745,1,0.5466214511140767
0.56508,CP3_LR,LOCO,P6-R7-WFD,0.70041,1,0.4735449305051907
0.56508,CP3_LR,LOCO,P6-R7-WFQ,0.651535,1,0.5286850804104571
0.56508,CP3_LR,LOCO,P7-R5-SYVIRR,0.79377,1,0.5442903044521556
0.56508,CP3_LR,LOCO,P8-R6-GVE,0.658565,1,0.567468870925997
0.56508,CP3_LR,LOCO,PUF12-9,0.7256100000000001,1,0.49864761989320266
0.56508,CP3_LR,mutation_group_out,P4-R5-ETD,0.0,0,0.46736844454613974
0.56508,CP3_LR,mutation_group_out,P4-R5-SHE,0.616825,1,0.4547773955996243
0.56508,CP3_LR,mutation_group_out,P4-R5-SHE+P7-R5-SHE,0.7531399999999999,1,0.4117553453881941
0.56508,CP3_LR,mutation_group_out,P4-R5-SNE,0.7430950000000001,1,0.5604774343157658
0.56508,CP3_LR,mutation_group_out,P4-R5-SNE+P7-R5-SNE,0.80335,1,0.39028229709482015
0.56508,CP3_LR,mutation_group_out,P4-R5-SWD+P7-R5-SWD,0.518925,0,0.5124637071336117
0.56508,CP3_LR,mutation_group_out,P4-R5-THE+P7-R5-THE,0.68814,1,0.5033229431610566
0.56508,CP3_LR,mutation_group_out,P4-R5-YTH+P7-R5-YTH,0.0,0,0.41032788434943196
0.56508,CP3_LR,mutation_group_out,P4-R5-YYE+P7-P5-YYE,0.0866649999999999,0,0.5228935273954932
0.56508,CP3_LR,mutation_group_out,P5-R6-AYE,0.55629,0,0.6575088714810022
0.56508,CP3_LR,mutation_group_out,P5-R6-DFE,0.32484,0,0.4555690224223274
0.56508,CP3_LR,mutation_group_out,P5-R6-FWD,0.37332,0,0.49102449141590004
0.56508,CP3_LR,mutation_group_out,P5-R6-LRD,0.23336,0,0.683282093727757
0.56508,CP3_LR,mutation_group_out,P5-R6-NYE,0.57387,1,0.4752326345419392
0.56508,CP3_LR,mutation_group_out,P5-R6-SFE,0.6291599999999999,1,0.5817583882744791
0.56508,CP3_LR,mutation_group_out,P5-R6-SWD,0.666435,1,0.5267579918377111
0.56508,CP3_LR,mutation_group_out,P5-R6-SYQ,0.591215,1,0.5498639406036963
0.56508,CP3_LR,mutation_group_out,P5-R6-THN,0.529215,0,0.48443945092369994
0.56508,CP3_LR,mutation_group_out,P5-R6-TTE,0.348885,0,0.48914442865800817
0.56508,CP3_LR,mutation_group_out,P5-R6-TWD,0.59784,1,0.6576724004047146
0.56508,CP3_LR,mutation_group_out,P5-R6-TYE,0.44306,0,0.49761264800809685
0.56508,CP3_LR,mutation_group_out,P5-R6-VFN,0.5554349999999999,0,0.5883330644213193
0.56508,CP3_LR,mutation_group_out,P6-R7-MHQ,0.2532999999999999,0,0.5427496525913319
0.56508,CP3_LR,mutation_group_out,P6-R7-QFW,0.67784,1,0.35337856777128646
0.56508,CP3_LR,mutation_group_out,P6-R7-QRW,0.60431,1,0.4379808607230632
0.56508,CP3_LR,mutation_group_out,P6-R7-TRQ,0.657745,1,0.5385515051776331
0.56508,CP3_LR,mutation_group_out,P6-R7-WFD,0.70041,1,0.4495542789870195
0.56508,CP3_LR,mutation_group_out,P6-R7-WFQ,0.651535,1,0.5214958805136232
0.56508,CP3_LR,mutation_group_out,P7-R5-SYVIRR,0.79377,1,0.5442903044521556
0.56508,CP3_LR,mutation_group_out,P8-R6-GVE,0.658565,1,0.567468870925997
0.56508,CP3_LR,mutation_group_out,PUF12-9,0.7256100000000001,1,0.49864761989320266
0.56508,CP_Structure9_LR,LOCO,P4-R5-ETD,0.0,0,0.44186885443886864
0.56508,CP_Structure9_LR,LOCO,P4-R5-SHE,0.616825,1,0.6006730566333806
0.56508,CP_Structure9_LR,LOCO,P4-R5-SHE+P7-R5-SHE,0.7531399999999999,1,0.4624812484300017
0.56508,CP_Structure9_LR,LOCO,P4-R5-SNE,0.7430950000000001,1,0.6892350545191546
0.56508,CP_Structure9_LR,LOCO,P4-R5-SNE+P7-R5-SNE,0.80335,1,0.4962413700499968
0.56508,CP_Structure9_LR,LOCO,P4-R5-SWD+P7-R5-SWD,0.518925,0,0.412078515697494
0.56508,CP_Structure9_LR,LOCO,P4-R5-THE+P7-R5-THE,0.68814,1,0.50179061794119
0.56508,CP_Structure9_LR,LOCO,P4-R5-YTH+P7-R5-YTH,0.0,0,0.24070523864165047
0.56508,CP_Structure9_LR,LOCO,P4-R5-YYE+P7-P5-YYE,0.0866649999999999,0,0.5199324269232637
0.56508,CP_Structure9_LR,LOCO,P5-R6-AYE,0.55629,0,0.7274335866039926
0.56508,CP_Structure9_LR,LOCO,P5-R6-DFE,0.32484,0,0.548661237508478
0.56508,CP_Structure9_LR,LOCO,P5-R6-FWD,0.37332,0,0.4458302605301176
0.56508,CP_Structure9_LR,LOCO,P5-R6-LRD,0.23336,0,0.4312411245953508
0.56508,CP_Structure9_LR,LOCO,P5-R6-NYE,0.57387,1,0.38703626576641287
0.56508,CP_Structure9_LR,LOCO,P5-R6-SFE,0.6291599999999999,1,0.5649158085506975
0.56508,CP_Structure9_LR,LOCO,P5-R6-SWD,0.666435,1,0.6085504202451976
0.56508,CP_Structure9_LR,LOCO,P5-R6-SYQ,0.591215,1,0.552289900536072
0.56508,CP_Structure9_LR,LOCO,P5-R6-THN,0.529215,0,0.5597111491176684
0.56508,CP_Structure9_LR,LOCO,P5-R6-TTE,0.348885,0,0.41548067608064704
0.56508,CP_Structure9_LR,LOCO,P5-R6-TWD,0.59784,1,0.3178343731430405
0.56508,CP_Structure9_LR,LOCO,P5-R6-TYE,0.44306,0,0.5494707936843057
0.56508,CP_Structure9_LR,LOCO,P5-R6-VFN,0.5554349999999999,0,0.681507145589907
0.56508,CP_Structure9_LR,LOCO,P6-R7-MHQ,0.2532999999999999,0,0.311978127076491
0.56508,CP_Structure9_LR,LOCO,P6-R7-QFW,0.67784,1,0.4461364643648758
0.56508,CP_Structure9_LR,LOCO,P6-R7-QRW,0.60431,1,0.5571439419225329
0.56508,CP_Structure9_LR,LOCO,P6-R7-TRQ,0.657745,1,0.5868541885050482
0.56508,CP_Structure9_LR,LOCO,P6-R7-WFD,0.70041,1,0.4193423445614856
0.56508,CP_Structure9_LR,LOCO,P6-R7-WFQ,0.651535,1,0.4340022206290495
0.56508,CP_Structure9_LR,LOCO,P7-R5-SYVIRR,0.79377,1,0.4813839524578236
0.56508,CP_Structure9_LR,LOCO,P8-R6-GVE,0.658565,1,0.9317169068756731
0.56508,CP_Structure9_LR,LOCO,PUF12-9,0.7256100000000001,1,0.5120164347029258
0.56508,CP_Structure9_LR,mutation_group_out,P4-R5-ETD,0.0,0,0.44836426497332743
0.56508,CP_Structure9_LR,mutation_group_out,P4-R5-SHE,0.616825,1,0.6032292327506404
0.56508,CP_Structure9_LR,mutation_group_out,P4-R5-SHE+P7-R5-SHE,0.7531399999999999,1,0.3887621061620632
0.56508,CP_Structure9_LR,mutation_group_out,P4-R5-SNE,0.7430950000000001,1,0.6708995904157993
0.56508,CP_Structure9_LR,mutation_group_out,P4-R5-SNE+P7-R5-SNE,0.80335,1,0.38880714235972763
0.56508,CP_Structure9_LR,mutation_group_out,P4-R5-SWD+P7-R5-SWD,0.518925,0,0.44394394511778507
0.56508,CP_Structure9_LR,mutation_group_out,P4-R5-THE+P7-R5-THE,0.68814,1,0.4434339436561599
0.56508,CP_Structure9_LR,mutation_group_out,P4-R5-YTH+P7-R5-YTH,0.0,0,0.2929308314888938
0.56508,CP_Structure9_LR,mutation_group_out,P4-R5-YYE+P7-P5-YYE,0.0866649999999999,0,0.4961640609182203
0.56508,CP_Structure9_LR,mutation_group_out,P5-R6-AYE,0.55629,0,0.6942436446231169
0.56508,CP_Structure9_LR,mutation_group_out,P5-R6-DFE,0.32484,0,0.5569130086719293
0.56508,CP_Structure9_LR,mutation_group_out,P5-R6-FWD,0.37332,0,0.39920975124681374
0.56508,CP_Structure9_LR,mutation_group_out,P5-R6-LRD,0.23336,0,0.37819784739359524
0.56508,CP_Structure9_LR,mutation_group_out,P5-R6-NYE,0.57387,1,0.38344504053698686
0.56508,CP_Structure9_LR,mutation_group_out,P5-R6-SFE,0.6291599999999999,1,0.6143700139429863
0.56508,CP_Structure9_LR,mutation_group_out,P5-R6-SWD,0.666435,1,0.701075269080195
0.56508,CP_Structure9_LR,mutation_group_out,P5-R6-SYQ,0.591215,1,0.5852514199099719
0.56508,CP_Structure9_LR,mutation_group_out,P5-R6-THN,0.529215,0,0.5809385983928375
0.56508,CP_Structure9_LR,mutation_group_out,P5-R6-TTE,0.348885,0,0.43729525268175184
0.56508,CP_Structure9_LR,mutation_group_out,P5-R6-TWD,0.59784,1,0.48055268912086785
0.56508,CP_Structure9_LR,mutation_group_out,P5-R6-TYE,0.44306,0,0.5591528377371483
0.56508,CP_Structure9_LR,mutation_group_out,P5-R6-VFN,0.5554349999999999,0,0.665901875958015
0.56508,CP_Structure9_LR,mutation_group_out,P6-R7-MHQ,0.2532999999999999,0,0.3688425477161428
0.56508,CP_Structure9_LR,mutation_group_out,P6-R7-QFW,0.67784,1,0.31236672226127227
0.56508,CP_Structure9_LR,mutation_group_out,P6-R7-QRW,0.60431,1,0.4094948190828246
0.56508,CP_Structure9_LR,mutation_group_out,P6-R7-TRQ,0.657745,1,0.5290085184629165
0.56508,CP_Structure9_LR,mutation_group_out,P6-R7-WFD,0.70041,1,0.36051837970930317
0.56508,CP_Structure9_LR,mutation_group_out,P6-R7-WFQ,0.651535,1,0.39880307290914546
0.56508,CP_Structure9_LR,mutation_group_out,P7-R5-SYVIRR,0.79377,1,0.4813839524578236
0.56508,CP_Structure9_LR,mutation_group_out,P8-R6-GVE,0.658565,1,0.9317169068756731
0.56508,CP_Structure9_LR,mutation_group_out,PUF12-9,0.7256100000000001,1,0.5120164347029258
0.56508,CP3_RF,LOCO,P4-R5-ETD,0.0,0,0.29893072598599807
0.56508,CP3_RF,LOCO,P4-R5-SHE,0.616825,1,0.4682754091499157
0.56508,CP3_RF,LOCO,P4-R5-SHE+P7-R5-SHE,0.7531399999999999,1,0.4852718478663526
0.56508,CP3_RF,LOCO,P4-R5-SNE,0.7430950000000001,1,0.7869023069755217
0.56508,CP3_RF,LOCO,P4-R5-SNE+P7-R5-SNE,0.80335,1,0.4933073807182272
0.56508,CP3_RF,LOCO,P4-R5-SWD+P7-R5-SWD,0.518925,0,0.7353386395862629
0.56508,CP3_RF,LOCO,P4-R5-THE+P7-R5-THE,0.68814,1,0.6821037255769127
0.56508,CP3_RF,LOCO,P4-R5-YTH+P7-R5-YTH,0.0,0,0.38503087054350027
0.56508,CP3_RF,LOCO,P4-R5-YYE+P7-P5-YYE,0.0866649999999999,0,0.7814615712393621
0.56508,CP3_RF,LOCO,P5-R6-AYE,0.55629,0,0.6029211873728318
0.56508,CP3_RF,LOCO,P5-R6-DFE,0.32484,0,0.12384544849256182
0.56508,CP3_RF,LOCO,P5-R6-FWD,0.37332,0,0.3301011317533156
0.56508,CP3_RF,LOCO,P5-R6-LRD,0.23336,0,0.6373079180040511
0.56508,CP3_RF,LOCO,P5-R6-NYE,0.57387,1,0.0734740279716619
0.56508,CP3_RF,LOCO,P5-R6-SFE,0.6291599999999999,1,0.7015342249340419
0.56508,CP3_RF,LOCO,P5-R6-SWD,0.666435,1,0.5859463197156995
0.56508,CP3_RF,LOCO,P5-R6-SYQ,0.591215,1,0.7222716127724378
0.56508,CP3_RF,LOCO,P5-R6-THN,0.529215,0,0.10512456162153554
0.56508,CP3_RF,LOCO,P5-R6-TTE,0.348885,0,0.4835798501276496
0.56508,CP3_RF,LOCO,P5-R6-TWD,0.59784,1,0.5085057667771476
0.56508,CP3_RF,LOCO,P5-R6-TYE,0.44306,0,0.3180612263060157
0.56508,CP3_RF,LOCO,P5-R6-VFN,0.5554349999999999,0,0.8172973297880831
0.56508,CP3_RF,LOCO,P6-R7-MHQ,0.2532999999999999,0,0.6907676732303716
0.56508,CP3_RF,LOCO,P6-R7-QFW,0.67784,1,0.4685460518326344
0.56508,CP3_RF,LOCO,P6-R7-QRW,0.60431,1,0.573213955657889
0.56508,CP3_RF,LOCO,P6-R7-TRQ,0.657745,1,0.7437665474791225
0.56508,CP3_RF,LOCO,P6-R7-WFD,0.70041,1,0.5273720083665087
0.56508,CP3_RF,LOCO,P6-R7-WFQ,0.651535,1,0.7552549146231375
0.56508,CP3_RF,LOCO,P7-R5-SYVIRR,0.79377,1,0.5829140839989403
0.56508,CP3_RF,LOCO,P8-R6-GVE,0.658565,1,0.7122620441720232
0.56508,CP3_RF,LOCO,PUF12-9,0.7256100000000001,1,0.34803431530347106
0.56508,CP3_RF,mutation_group_out,P4-R5-ETD,0.0,0,0.2754609436222889
0.56508,CP3_RF,mutation_group_out,P4-R5-SHE,0.616825,1,0.49444145169462916
0.56508,CP3_RF,mutation_group_out,P4-R5-SHE+P7-R5-SHE,0.7531399999999999,1,0.33121653543880614
0.56508,CP3_RF,mutation_group_out,P4-R5-SNE,0.7430950000000001,1,0.8288374474705171
0.56508,CP3_RF,mutation_group_out,P4-R5-SNE+P7-R5-SNE,0.80335,1,0.33121653543880614
0.56508,CP3_RF,mutation_group_out,P4-R5-SWD+P7-R5-SWD,0.518925,0,0.872004923940007
0.56508,CP3_RF,mutation_group_out,P4-R5-THE+P7-R5-THE,0.68814,1,0.8722270702147847
0.56508,CP3_RF,mutation_group_out,P4-R5-YTH+P7-R5-YTH,0.0,0,0.33121653543880614
0.56508,CP3_RF,mutation_group_out,P4-R5-YYE+P7-P5-YYE,0.0866649999999999,0,0.9684627379243586
0.56508,CP3_RF,mutation_group_out,P5-R6-AYE,0.55629,0,0.9913086770981507
0.56508,CP3_RF,mutation_group_out,P5-R6-DFE,0.32484,0,0.23786244515817
0.56508,CP3_RF,mutation_group_out,P5-R6-FWD,0.37332,0,0.3062839415871023
0.56508,CP3_RF,mutation_group_out,P5-R6-LRD,0.23336,0,0.9913086770981507
0.56508,CP3_RF,mutation_group_out,P5-R6-NYE,0.57387,1,0.2357439667112741
0.56508,CP3_RF,mutation_group_out,P5-R6-SFE,0.6291599999999999,1,0.9913086770981507
0.56508,CP3_RF,mutation_group_out,P5-R6-SWD,0.666435,1,0.6091720274175904
0.56508,CP3_RF,mutation_group_out,P5-R6-SYQ,0.591215,1,0.9729001557948928
0.56508,CP3_RF,mutation_group_out,P5-R6-THN,0.529215,0,0.3028628889555234
0.56508,CP3_RF,mutation_group_out,P5-R6-TTE,0.348885,0,0.5513498886885904
0.56508,CP3_RF,mutation_group_out,P5-R6-TWD,0.59784,1,0.9913086770981507
0.56508,CP3_RF,mutation_group_out,P5-R6-TYE,0.44306,0,0.34400620251906733
0.56508,CP3_RF,mutation_group_out,P5-R6-VFN,0.5554349999999999,0,0.9913086770981507
0.56508,CP3_RF,mutation_group_out,P6-R7-MHQ,0.2532999999999999,0,0.7715859894356153
0.56508,CP3_RF,mutation_group_out,P6-R7-QFW,0.67784,1,0.5258457537711123
0.56508,CP3_RF,mutation_group_out,P6-R7-QRW,0.60431,1,0.5395068923800926
0.56508,CP3_RF,mutation_group_out,P6-R7-TRQ,0.657745,1,0.6814182063984152
0.56508,CP3_RF,mutation_group_out,P6-R7-WFD,0.70041,1,0.5653666543852145
0.56508,CP3_RF,mutation_group_out,P6-R7-WFQ,0.651535,1,0.6923249675300336
0.56508,CP3_RF,mutation_group_out,P7-R5-SYVIRR,0.79377,1,0.5829140839989403
0.56508,CP3_RF,mutation_group_out,P8-R6-GVE,0.658565,1,0.7122620441720232
0.56508,CP3_RF,mutation_group_out,PUF12-9,0.7256100000000001,1,0.34803431530347106
0.56508,CP_Structure9_RF,LOCO,P4-R5-ETD,0.0,0,0.49591820836126793
0.56508,CP_Structure9_RF,LOCO,P4-R5-SHE,0.616825,1,0.5534732127112468
0.56508,CP_Structure9_RF,LOCO,P4-R5-SHE+P7-R5-SHE,0.7531399999999999,1,0.4058808335585411
0.56508,CP_Structure9_RF,LOCO,P4-R5-SNE,0.7430950000000001,1,0.7731699339108699
0.56508,CP_Structure9_RF,LOCO,P4-R5-SNE+P7-R5-SNE,0.80335,1,0.6032175115676669
0.56508,CP_Structure9_RF,LOCO,P4-R5-SWD+P7-R5-SWD,0.518925,0,0.636548146792051
0.56508,CP_Structure9_RF,LOCO,P4-R5-THE+P7-R5-THE,0.68814,1,0.504706754531079
0.56508,CP_Structure9_RF,LOCO,P4-R5-YTH+P7-R5-YTH,0.0,0,0.3400121302227152
0.56508,CP_Structure9_RF,LOCO,P4-R5-YYE+P7-P5-YYE,0.0866649999999999,0,0.6701661699118653
0.56508,CP_Structure9_RF,LOCO,P5-R6-AYE,0.55629,0,0.893466416389617
0.56508,CP_Structure9_RF,LOCO,P5-R6-DFE,0.32484,0,0.6134763766297155
0.56508,CP_Structure9_RF,LOCO,P5-R6-FWD,0.37332,0,0.35174380862402804
0.56508,CP_Structure9_RF,LOCO,P5-R6-LRD,0.23336,0,0.7773703032077018
0.56508,CP_Structure9_RF,LOCO,P5-R6-NYE,0.57387,1,0.09870147922546263
0.56508,CP_Structure9_RF,LOCO,P5-R6-SFE,0.6291599999999999,1,0.6527293814104741
0.56508,CP_Structure9_RF,LOCO,P5-R6-SWD,0.666435,1,0.6707319683471171
0.56508,CP_Structure9_RF,LOCO,P5-R6-SYQ,0.591215,1,0.5587076473174599
0.56508,CP_Structure9_RF,LOCO,P5-R6-THN,0.529215,0,0.37597499422150876
0.56508,CP_Structure9_RF,LOCO,P5-R6-TTE,0.348885,0,0.430331551286427
0.56508,CP_Structure9_RF,LOCO,P5-R6-TWD,0.59784,1,0.4377128313944598
0.56508,CP_Structure9_RF,LOCO,P5-R6-TYE,0.44306,0,0.6586847935853934
0.56508,CP_Structure9_RF,LOCO,P5-R6-VFN,0.5554349999999999,0,0.8442162863399305
0.56508,CP_Structure9_RF,LOCO,P6-R7-MHQ,0.2532999999999999,0,0.37566771954845024
0.56508,CP_Structure9_RF,LOCO,P6-R7-QFW,0.67784,1,0.6046321744945168
0.56508,CP_Structure9_RF,LOCO,P6-R7-QRW,0.60431,1,0.6605329203142408
0.56508,CP_Structure9_RF,LOCO,P6-R7-TRQ,0.657745,1,0.709051498264745
0.56508,CP_Structure9_RF,LOCO,P6-R7-WFD,0.70041,1,0.5786756517073944
0.56508,CP_Structure9_RF,LOCO,P6-R7-WFQ,0.651535,1,0.4583457429584371
0.56508,CP_Structure9_RF,LOCO,P7-R5-SYVIRR,0.79377,1,0.47787445888002084
0.56508,CP_Structure9_RF,LOCO,P8-R6-GVE,0.658565,1,0.8556014100375933
0.56508,CP_Structure9_RF,LOCO,PUF12-9,0.7256100000000001,1,0.5698996579668992
0.56508,CP_Structure9_RF,mutation_group_out,P4-R5-ETD,0.0,0,0.4798935460631255
0.56508,CP_Structure9_RF,mutation_group_out,P4-R5-SHE,0.616825,1,0.521315161136455
0.56508,CP_Structure9_RF,mutation_group_out,P4-R5-SHE+P7-R5-SHE,0.7531399999999999,1,0.28792612099836234
0.56508,CP_Structure9_RF,mutation_group_out,P4-R5-SNE,0.7430950000000001,1,0.7732947932041161
0.56508,CP_Structure9_RF,mutation_group_out,P4-R5-SNE+P7-R5-SNE,0.80335,1,0.3415926879240919
0.56508,CP_Structure9_RF,mutation_group_out,P4-R5-SWD+P7-R5-SWD,0.518925,0,0.803738262710763
0.56508,CP_Structure9_RF,mutation_group_out,P4-R5-THE+P7-R5-THE,0.68814,1,0.6469918366248543
0.56508,CP_Structure9_RF,mutation_group_out,P4-R5-YTH+P7-R5-YTH,0.0,0,0.33144923289219874
0.56508,CP_Structure9_RF,mutation_group_out,P4-R5-YYE+P7-P5-YYE,0.0866649999999999,0,0.734929262460113
0.56508,CP_Structure9_RF,mutation_group_out,P5-R6-AYE,0.55629,0,0.8984704884996104
0.56508,CP_Structure9_RF,mutation_group_out,P5-R6-DFE,0.32484,0,0.866280615955126
0.56508,CP_Structure9_RF,mutation_group_out,P5-R6-FWD,0.37332,0,0.24460349000531084
0.56508,CP_Structure9_RF,mutation_group_out,P5-R6-LRD,0.23336,0,0.49850834944043343
0.56508,CP_Structure9_RF,mutation_group_out,P5-R6-NYE,0.57387,1,0.21469730172354645
0.56508,CP_Structure9_RF,mutation_group_out,P5-R6-SFE,0.6291599999999999,1,0.8984704884996104
0.56508,CP_Structure9_RF,mutation_group_out,P5-R6-SWD,0.666435,1,0.866605409134531
0.56508,CP_Structure9_RF,mutation_group_out,P5-R6-SYQ,0.591215,1,0.9048119519142445
0.56508,CP_Structure9_RF,mutation_group_out,P5-R6-THN,0.529215,0,0.8518694994593179
0.56508,CP_Structure9_RF,mutation_group_out,P5-R6-TTE,0.348885,0,0.7892900437413841
0.56508,CP_Structure9_RF,mutation_group_out,P5-R6-TWD,0.59784,1,0.332618563479027
0.56508,CP_Structure9_RF,mutation_group_out,P5-R6-TYE,0.44306,0,0.8700760422390315
0.56508,CP_Structure9_RF,mutation_group_out,P5-R6-VFN,0.5554349999999999,0,0.9177569169960473
0.56508,CP_Structure9_RF,mutation_group_out,P6-R7-MHQ,0.2532999999999999,0,0.2602677776143471
0.56508,CP_Structure9_RF,mutation_group_out,P6-R7-QFW,0.67784,1,0.3332996780877917
0.56508,CP_Structure9_RF,mutation_group_out,P6-R7-QRW,0.60431,1,0.3215292413595134
0.56508,CP_Structure9_RF,mutation_group_out,P6-R7-TRQ,0.657745,1,0.4206605791315938
0.56508,CP_Structure9_RF,mutation_group_out,P6-R7-WFD,0.70041,1,0.22935000578191364
0.56508,CP_Structure9_RF,mutation_group_out,P6-R7-WFQ,0.651535,1,0.24228362918835708
0.56508,CP_Structure9_RF,mutation_group_out,P7-R5-SYVIRR,0.79377,1,0.47787445888002084
0.56508,CP_Structure9_RF,mutation_group_out,P8-R6-GVE,0.658565,1,0.8556014100375933
0.56508,CP_Structure9_RF,mutation_group_out,PUF12-9,0.7256100000000001,1,0.5698996579668992
0.5825425,CP3_LR,LOCO,P4-R5-ETD,0.0,0,0.46698767386254453
0.5825425,CP3_LR,LOCO,P4-R5-SHE,0.616825,1,0.41367050708680003
0.5825425,CP3_LR,LOCO,P4-R5-SHE+P7-R5-SHE,0.7531399999999999,1,0.40150134289118944
0.5825425,CP3_LR,LOCO,P4-R5-SNE,0.7430950000000001,1,0.5669537128939368
0.5825425,CP3_LR,LOCO,P4-R5-SNE+P7-R5-SNE,0.80335,1,0.3681439315407754
0.5825425,CP3_LR,LOCO,P4-R5-SWD+P7-R5-SWD,0.518925,0,0.5155083546197722
0.5825425,CP3_LR,LOCO,P4-R5-THE+P7-R5-THE,0.68814,1,0.5062976627980227
0.5825425,CP3_LR,LOCO,P4-R5-YTH+P7-R5-YTH,0.0,0,0.4455315302730439
0.5825425,CP3_LR,LOCO,P4-R5-YYE+P7-P5-YYE,0.0866649999999999,0,0.5319919694270909
0.5825425,CP3_LR,LOCO,P5-R6-AYE,0.55629,0,0.6016485380608837
0.5825425,CP3_LR,LOCO,P5-R6-DFE,0.32484,0,0.4532429174723076
0.5825425,CP3_LR,LOCO,P5-R6-FWD,0.37332,0,0.476671424086733
0.5825425,CP3_LR,LOCO,P5-R6-LRD,0.23336,0,0.6246730644878573
0.5825425,CP3_LR,LOCO,P5-R6-NYE,0.57387,0,0.4805283673547218
0.5825425,CP3_LR,LOCO,P5-R6-SFE,0.6291599999999999,1,0.5337045866735933
0.5825425,CP3_LR,LOCO,P5-R6-SWD,0.666435,1,0.48802972781264853
0.5825425,CP3_LR,LOCO,P5-R6-SYQ,0.591215,1,0.5207953597395075
0.5825425,CP3_LR,LOCO,P5-R6-THN,0.529215,0,0.4623164614166928
0.5825425,CP3_LR,LOCO,P5-R6-TTE,0.348885,0,0.4583635248385317
0.5825425,CP3_LR,LOCO,P5-R6-TWD,0.59784,1,0.4866305617757269
0.5825425,CP3_LR,LOCO,P5-R6-TYE,0.44306,0,0.4925738607864781
0.5825425,CP3_LR,LOCO,P5-R6-VFN,0.5554349999999999,0,0.5301845341351072
0.5825425,CP3_LR,LOCO,P6-R7-MHQ,0.2532999999999999,0,0.4217148587037613
0.5825425,CP3_LR,LOCO,P6-R7-QFW,0.67784,1,0.48847262121067164
0.5825425,CP3_LR,LOCO,P6-R7-QRW,0.60431,1,0.5261143889075233
0.5825425,CP3_LR,LOCO,P6-R7-TRQ,0.657745,1,0.5476470840931832
0.5825425,CP3_LR,LOCO,P6-R7-WFD,0.70041,1,0.475384629894807
0.5825425,CP3_LR,LOCO,P6-R7-WFQ,0.651535,1,0.5310308293525504
0.5825425,CP3_LR,LOCO,P7-R5-SYVIRR,0.79377,1,0.540950417450242
0.5825425,CP3_LR,LOCO,P8-R6-GVE,0.658565,1,0.5659962606051648
0.5825425,CP3_LR,LOCO,PUF12-9,0.7256100000000001,1,0.4949152345260272
0.5825425,CP3_LR,mutation_group_out,P4-R5-ETD,0.0,0,0.4560423316762366
0.5825425,CP3_LR,mutation_group_out,P4-R5-SHE,0.616825,1,0.43081412137099806
0.5825425,CP3_LR,mutation_group_out,P4-R5-SHE+P7-R5-SHE,0.7531399999999999,1,0.38178694327640744
0.5825425,CP3_LR,mutation_group_out,P4-R5-SNE,0.7430950000000001,1,0.5635214835611196
0.5825425,CP3_LR,mutation_group_out,P4-R5-SNE+P7-R5-SNE,0.80335,1,0.35689108950939585
0.5825425,CP3_LR,mutation_group_out,P4-R5-SWD+P7-R5-SWD,0.518925,0,0.5087695340783956
0.5825425,CP3_LR,mutation_group_out,P4-R5-THE+P7-R5-THE,0.68814,1,0.5077380173777649
0.5825425,CP3_LR,mutation_group_out,P4-R5-YTH+P7-R5-YTH,0.0,0,0.38926450125083417
0.5825425,CP3_LR,mutation_group_out,P4-R5-YYE+P7-P5-YYE,0.0866649999999999,0,0.5164477830750417
0.5825425,CP3_LR,mutation_group_out,P5-R6-AYE,0.55629,0,0.6575088714810022
0.5825425,CP3_LR,mutation_group_out,P5-R6-DFE,0.32484,0,0.4555690224223274
0.5825425,CP3_LR,mutation_group_out,P5-R6-FWD,0.37332,0,0.49102449141590004
0.5825425,CP3_LR,mutation_group_out,P5-R6-LRD,0.23336,0,0.683282093727757
0.5825425,CP3_LR,mutation_group_out,P5-R6-NYE,0.57387,0,0.4752326345419392
0.5825425,CP3_LR,mutation_group_out,P5-R6-SFE,0.6291599999999999,1,0.5817583882744791
0.5825425,CP3_LR,mutation_group_out,P5-R6-SWD,0.666435,1,0.5267579918377111
0.5825425,CP3_LR,mutation_group_out,P5-R6-SYQ,0.591215,1,0.5498639406036963
0.5825425,CP3_LR,mutation_group_out,P5-R6-THN,0.529215,0,0.48443945092369994
0.5825425,CP3_LR,mutation_group_out,P5-R6-TTE,0.348885,0,0.48914442865800817
0.5825425,CP3_LR,mutation_group_out,P5-R6-TWD,0.59784,1,0.6576724004047146
0.5825425,CP3_LR,mutation_group_out,P5-R6-TYE,0.44306,0,0.49761264800809685
0.5825425,CP3_LR,mutation_group_out,P5-R6-VFN,0.5554349999999999,0,0.5883330644213193
0.5825425,CP3_LR,mutation_group_out,P6-R7-MHQ,0.2532999999999999,0,0.5185916170670872
0.5825425,CP3_LR,mutation_group_out,P6-R7-QFW,0.67784,1,0.3826662516668324
0.5825425,CP3_LR,mutation_group_out,P6-R7-QRW,0.60431,1,0.4541880681852399
0.5825425,CP3_LR,mutation_group_out,P6-R7-TRQ,0.657745,1,0.5420050193389795
0.5825425,CP3_LR,mutation_group_out,P6-R7-WFD,0.70041,1,0.4526172881541667
0.5825425,CP3_LR,mutation_group_out,P6-R7-WFQ,0.651535,1,0.5259691645815028
0.5825425,CP3_LR,mutation_group_out,P7-R5-SYVIRR,0.79377,1,0.540950417450242
0.5825425,CP3_LR,mutation_group_out,P8-R6-GVE,0.658565,1,0.5659962606051648
0.5825425,CP3_LR,mutation_group_out,PUF12-9,0.7256100000000001,1,0.4949152345260272
0.5825425,CP_Structure9_LR,LOCO,P4-R5-ETD,0.0,0,0.4273382776194516
0.5825425,CP_Structure9_LR,LOCO,P4-R5-SHE,0.616825,1,0.5954823112715755
0.5825425,CP_Structure9_LR,LOCO,P4-R5-SHE+P7-R5-SHE,0.7531399999999999,1,0.4547611031947483
0.5825425,CP_Structure9_LR,LOCO,P4-R5-SNE,0.7430950000000001,1,0.7094138843511123
0.5825425,CP_Structure9_LR,LOCO,P4-R5-SNE+P7-R5-SNE,0.80335,1,0.48868465772015685
0.5825425,CP_Structure9_LR,LOCO,P4-R5-SWD+P7-R5-SWD,0.518925,0,0.4005930015599228
0.5825425,CP_Structure9_LR,LOCO,P4-R5-THE+P7-R5-THE,0.68814,1,0.47536774162212586
0.5825425,CP_Structure9_LR,LOCO,P4-R5-YTH+P7-R5-YTH,0.0,0,0.2193367268316599
0.5825425,CP_Structure9_LR,LOCO,P4-R5-YYE+P7-P5-YYE,0.0866649999999999,0,0.45849228283815996
0.5825425,CP_Structure9_LR,LOCO,P5-R6-AYE,0.55629,0,0.7272456818966799
0.5825425,CP_Structure9_LR,LOCO,P5-R6-DFE,0.32484,0,0.5386731116185908
0.5825425,CP_Structure9_LR,LOCO,P5-R6-FWD,0.37332,0,0.40808217948828346
0.5825425,CP_Structure9_LR,LOCO,P5-R6-LRD,0.23336,0,0.4560283550653507
0.5825425,CP_Structure9_LR,LOCO,P5-R6-NYE,0.57387,0,0.38703626576641287
0.5825425,CP_Structure9_LR,LOCO,P5-R6-SFE,0.6291599999999999,1,0.5518260007488532
0.5825425,CP_Structure9_LR,LOCO,P5-R6-SWD,0.666435,1,0.6293096253531438
0.5825425,CP_Structure9_LR,LOCO,P5-R6-SYQ,0.591215,1,0.5400235743165254
0.5825425,CP_Structure9_LR,LOCO,P5-R6-THN,0.529215,0,0.5541639043611182
0.5825425,CP_Structure9_LR,LOCO,P5-R6-TTE,0.348885,0,0.4009468133006899
0.5825425,CP_Structure9_LR,LOCO,P5-R6-TWD,0.59784,1,0.3173186967575152
0.5825425,CP_Structure9_LR,LOCO,P5-R6-TYE,0.44306,0,0.5403353336865252
0.5825425,CP_Structure9_LR,LOCO,P5-R6-VFN,0.5554349999999999,0,0.7220462533961631
0.5825425,CP_Structure9_LR,LOCO,P6-R7-MHQ,0.2532999999999999,0,0.26804427396241687
0.5825425,CP_Structure9_LR,LOCO,P6-R7-QFW,0.67784,1,0.4874632823455351
0.5825425,CP_Structure9_LR,LOCO,P6-R7-QRW,0.60431,1,0.5874496396903034
0.5825425,CP_Structure9_LR,LOCO,P6-R7-TRQ,0.657745,1,0.586400331178845
0.5825425,CP_Structure9_LR,LOCO,P6-R7-WFD,0.70041,1,0.4186758335775045
0.5825425,CP_Structure9_LR,LOCO,P6-R7-WFQ,0.651535,1,0.44468515687438664
0.5825425,CP_Structure9_LR,LOCO,P7-R5-SYVIRR,0.79377,1,0.45449462974656074
0.5825425,CP_Structure9_LR,LOCO,P8-R6-GVE,0.658565,1,0.9550478739746613
0.5825425,CP_Structure9_LR,LOCO,PUF12-9,0.7256100000000001,1,0.5261670042996678
0.5825425,CP_Structure9_LR,mutation_group_out,P4-R5-ETD,0.0,0,0.43357772741332434
0.5825425,CP_Structure9_LR,mutation_group_out,P4-R5-SHE,0.616825,1,0.5968245322631123
0.5825425,CP_Structure9_LR,mutation_group_out,P4-R5-SHE+P7-R5-SHE,0.7531399999999999,1,0.37898014321192797
0.5825425,CP_Structure9_LR,mutation_group_out,P4-R5-SNE,0.7430950000000001,1,0.6910435020974586
0.5825425,CP_Structure9_LR,mutation_group_out,P4-R5-SNE+P7-R5-SNE,0.80335,1,0.3791819572443767
0.5825425,CP_Structure9_LR,mutation_group_out,P4-R5-SWD+P7-R5-SWD,0.518925,0,0.4270780143131741
0.5825425,CP_Structure9_LR,mutation_group_out,P4-R5-THE+P7-R5-THE,0.68814,1,0.41538105875226655
0.5825425,CP_Structure9_LR,mutation_group_out,P4-R5-YTH+P7-R5-YTH,0.0,0,0.26631984401249487
0.5825425,CP_Structure9_LR,mutation_group_out,P4-R5-YYE+P7-P5-YYE,0.0866649999999999,0,0.42478193748249893
0.5825425,CP_Structure9_LR,mutation_group_out,P5-R6-AYE,0.55629,0,0.6942436446231169
0.5825425,CP_Structure9_LR,mutation_group_out,P5-R6-DFE,0.32484,0,0.5569130086719293
0.5825425,CP_Structure9_LR,mutation_group_out,P5-R6-FWD,0.37332,0,0.39920975124681374
0.5825425,CP_Structure9_LR,mutation_group_out,P5-R6-LRD,0.23336,0,0.37819784739359524
0.5825425,CP_Structure9_LR,mutation_group_out,P5-R6-NYE,0.57387,0,0.38344504053698686
0.5825425,CP_Structure9_LR,mutation_group_out,P5-R6-SFE,0.6291599999999999,1,0.6143700139429863
0.5825425,CP_Structure9_LR,mutation_group_out,P5-R6-SWD,0.666435,1,0.701075269080195
0.5825425,CP_Structure9_LR,mutation_group_out,P5-R6-SYQ,0.591215,1,0.5852514199099719
0.5825425,CP_Structure9_LR,mutation_group_out,P5-R6-THN,0.529215,0,0.5809385983928375
0.5825425,CP_Structure9_LR,mutation_group_out,P5-R6-TTE,0.348885,0,0.43729525268175184
0.5825425,CP_Structure9_LR,mutation_group_out,P5-R6-TWD,0.59784,1,0.48055268912086785
0.5825425,CP_Structure9_LR,mutation_group_out,P5-R6-TYE,0.44306,0,0.5591528377371483
0.5825425,CP_Structure9_LR,mutation_group_out,P5-R6-VFN,0.5554349999999999,0,0.665901875958015
0.5825425,CP_Structure9_LR,mutation_group_out,P6-R7-MHQ,0.2532999999999999,0,0.31335788760165567
0.5825425,CP_Structure9_LR,mutation_group_out,P6-R7-QFW,0.67784,1,0.3542019379219458
0.5825425,CP_Structure9_LR,mutation_group_out,P6-R7-QRW,0.60431,1,0.4435048055979265
0.5825425,CP_Structure9_LR,mutation_group_out,P6-R7-TRQ,0.657745,1,0.5302535523436479
0.5825425,CP_Structure9_LR,mutation_group_out,P6-R7-WFD,0.70041,1,0.3602563868233958
0.5825425,CP_Structure9_LR,mutation_group_out,P6-R7-WFQ,0.651535,1,0.4059207816368674
0.5825425,CP_Structure9_LR,mutation_group_out,P7-R5-SYVIRR,0.79377,1,0.45449462974656074
0.5825425,CP_Structure9_LR,mutation_group_out,P8-R6-GVE,0.658565,1,0.9550478739746613
0.5825425,CP_Structure9_LR,mutation_group_out,PUF12-9,0.7256100000000001,1,0.5261670042996678
0.5825425,CP3_RF,LOCO,P4-R5-ETD,0.0,0,0.16747121258133413
0.5825425,CP3_RF,LOCO,P4-R5-SHE,0.616825,1,0.4591613935912014
0.5825425,CP3_RF,LOCO,P4-R5-SHE+P7-R5-SHE,0.7531399999999999,1,0.4942092381527421
0.5825425,CP3_RF,LOCO,P4-R5-SNE,0.7430950000000001,1,0.7806552630780813
0.5825425,CP3_RF,LOCO,P4-R5-SNE+P7-R5-SNE,0.80335,1,0.48615706424280153
0.5825425,CP3_RF,LOCO,P4-R5-SWD+P7-R5-SWD,0.518925,0,0.7219976212137493
0.5825425,CP3_RF,LOCO,P4-R5-THE+P7-R5-THE,0.68814,1,0.7042096081242687
0.5825425,CP3_RF,LOCO,P4-R5-YTH+P7-R5-YTH,0.0,0,0.3251329137238439
0.5825425,CP3_RF,LOCO,P4-R5-YYE+P7-P5-YYE,0.0866649999999999,0,0.7931072195657147
0.5825425,CP3_RF,LOCO,P5-R6-AYE,0.55629,0,0.6291773990761051
0.5825425,CP3_RF,LOCO,P5-R6-DFE,0.32484,0,0.06494116181754302
0.5825425,CP3_RF,LOCO,P5-R6-FWD,0.37332,0,0.08334989248626598
0.5825425,CP3_RF,LOCO,P5-R6-LRD,0.23336,0,0.6625078575501321
0.5825425,CP3_RF,LOCO,P5-R6-NYE,0.57387,0,0.0734740279716619
0.5825425,CP3_RF,LOCO,P5-R6-SFE,0.6291599999999999,1,0.7305761211541143
0.5825425,CP3_RF,LOCO,P5-R6-SWD,0.666435,1,0.5751210953534855
0.5825425,CP3_RF,LOCO,P5-R6-SYQ,0.591215,1,0.7460570350792066
0.5825425,CP3_RF,LOCO,P5-R6-THN,0.529215,0,0.05981603601262752
0.5825425,CP3_RF,LOCO,P5-R6-TTE,0.348885,0,0.44944593214934747
0.5825425,CP3_RF,LOCO,P5-R6-TWD,0.59784,1,0.521620680009846
0.5825425,CP3_RF,LOCO,P5-R6-TYE,0.44306,0,0.11413428424921652
0.5825425,CP3_RF,LOCO,P5-R6-VFN,0.5554349999999999,0,0.8253503583249866
0.5825425,CP3_RF,LOCO,P6-R7-MHQ,0.2532999999999999,0,0.6595216525618441
0.5825425,CP3_RF,LOCO,P6-R7-QFW,0.67784,1,0.4986677129302081
0.5825425,CP3_RF,LOCO,P6-R7-QRW,0.60431,1,0.5965082791953443
0.5825425,CP3_RF,LOCO,P6-R7-TRQ,0.657745,1,0.7508731777537954
0.5825425,CP3_RF,LOCO,P6-R7-WFD,0.70041,1,0.5407616387380887
0.5825425,CP3_RF,LOCO,P6-R7-WFQ,0.651535,1,0.7667247981381529
0.5825425,CP3_RF,LOCO,P7-R5-SYVIRR,0.79377,1,0.6035654478443498
0.5825425,CP3_RF,LOCO,P8-R6-GVE,0.658565,1,0.7538908147508304
0.5825425,CP3_RF,LOCO,PUF12-9,0.7256100000000001,1,0.30543985756875247
0.5825425,CP3_RF,mutation_group_out,P4-R5-ETD,0.0,0,0.11556760043033633
0.5825425,CP3_RF,mutation_group_out,P4-R5-SHE,0.616825,1,0.42840283243099775
0.5825425,CP3_RF,mutation_group_out,P4-R5-SHE+P7-R5-SHE,0.7531399999999999,1,0.2526136735406512
0.5825425,CP3_RF,mutation_group_out,P4-R5-SNE,0.7430950000000001,1,0.8669210257262766
0.5825425,CP3_RF,mutation_group_out,P4-R5-SNE+P7-R5-SNE,0.80335,1,0.2526136735406512
0.5825425,CP3_RF,mutation_group_out,P4-R5-SWD+P7-R5-SWD,0.518925,0,0.9131799892754825
0.5825425,CP3_RF,mutation_group_out,P4-R5-THE+P7-R5-THE,0.68814,1,0.9182915505497776
0.5825425,CP3_RF,mutation_group_out,P4-R5-YTH+P7-R5-YTH,0.0,0,0.2526136735406512
0.5825425,CP3_RF,mutation_group_out,P4-R5-YYE+P7-P5-YYE,0.0866649999999999,0,0.9765425131346267
0.5825425,CP3_RF,mutation_group_out,P5-R6-AYE,0.55629,0,0.9913086770981507
0.5825425,CP3_RF,mutation_group_out,P5-R6-DFE,0.32484,0,0.23786244515817
0.5825425,CP3_RF,mutation_group_out,P5-R6-FWD,0.37332,0,0.3062839415871023
0.5825425,CP3_RF,mutation_group_out,P5-R6-LRD,0.23336,0,0.9913086770981507
0.5825425,CP3_RF,mutation_group_out,P5-R6-NYE,0.57387,0,0.2357439667112741
0.5825425,CP3_RF,mutation_group_out,P5-R6-SFE,0.6291599999999999,1,0.9913086770981507
0.5825425,CP3_RF,mutation_group_out,P5-R6-SWD,0.666435,1,0.6091720274175904
0.5825425,CP3_RF,mutation_group_out,P5-R6-SYQ,0.591215,1,0.9729001557948928
0.5825425,CP3_RF,mutation_group_out,P5-R6-THN,0.529215,0,0.3028628889555234
0.5825425,CP3_RF,mutation_group_out,P5-R6-TTE,0.348885,0,0.5513498886885904
0.5825425,CP3_RF,mutation_group_out,P5-R6-TWD,0.59784,1,0.9913086770981507
0.5825425,CP3_RF,mutation_group_out,P5-R6-TYE,0.44306,0,0.34400620251906733
0.5825425,CP3_RF,mutation_group_out,P5-R6-VFN,0.5554349999999999,0,0.9913086770981507
0.5825425,CP3_RF,mutation_group_out,P6-R7-MHQ,0.2532999999999999,0,0.7318422343512765
0.5825425,CP3_RF,mutation_group_out,P6-R7-QFW,0.67784,1,0.5585897601503895
0.5825425,CP3_RF,mutation_group_out,P6-R7-QRW,0.60431,1,0.5822137332104528
0.5825425,CP3_RF,mutation_group_out,P6-R7-TRQ,0.657745,1,0.7038244336887485
0.5825425,CP3_RF,mutation_group_out,P6-R7-WFD,0.70041,1,0.5901963685621514
0.5825425,CP3_RF,mutation_group_out,P6-R7-WFQ,0.651535,1,0.7072266179030677
0.5825425,CP3_RF,mutation_group_out,P7-R5-SYVIRR,0.79377,1,0.6035654478443498
0.5825425,CP3_RF,mutation_group_out,P8-R6-GVE,0.658565,1,0.7538908147508304
0.5825425,CP3_RF,mutation_group_out,PUF12-9,0.7256100000000001,1,0.30543985756875247
0.5825425,CP_Structure9_RF,LOCO,P4-R5-ETD,0.0,0,0.3782510713437807
0.5825425,CP_Structure9_RF,LOCO,P4-R5-SHE,0.616825,1,0.49933067402204984
0.5825425,CP_Structure9_RF,LOCO,P4-R5-SHE+P7-R5-SHE,0.7531399999999999,1,0.47288081354921974
0.5825425,CP_Structure9_RF,LOCO,P4-R5-SNE,0.7430950000000001,1,0.8335632491413756
0.5825425,CP_Structure9_RF,LOCO,P4-R5-SNE+P7-R5-SNE,0.80335,1,0.5949914128098854
0.5825425,CP_Structure9_RF,LOCO,P4-R5-SWD+P7-R5-SWD,0.518925,0,0.6411661063242888
0.5825425,CP_Structure9_RF,LOCO,P4-R5-THE+P7-R5-THE,0.68814,1,0.5606969654547636
0.5825425,CP_Structure9_RF,LOCO,P4-R5-YTH+P7-R5-YTH,0.0,0,0.32854441337638696
0.5825425,CP_Structure9_RF,LOCO,P4-R5-YYE+P7-P5-YYE,0.0866649999999999,0,0.5404847223000568
0.5825425,CP_Structure9_RF,LOCO,P5-R6-AYE,0.55629,0,0.8465437334494275
0.5825425,CP_Structure9_RF,LOCO,P5-R6-DFE,0.32484,0,0.4764516562914523
0.5825425,CP_Structure9_RF,LOCO,P5-R6-FWD,0.37332,0,0.10810053433588016
0.5825425,CP_Structure9_RF,LOCO,P5-R6-LRD,0.23336,0,0.7804264537889657
0.5825425,CP_Structure9_RF,LOCO,P5-R6-NYE,0.57387,0,0.09870147922546263
0.5825425,CP_Structure9_RF,LOCO,P5-R6-SFE,0.6291599999999999,1,0.6350363810017556
0.5825425,CP_Structure9_RF,LOCO,P5-R6-SWD,0.666435,1,0.6909494188913919
0.5825425,CP_Structure9_RF,LOCO,P5-R6-SYQ,0.591215,1,0.5757274158008635
0.5825425,CP_Structure9_RF,LOCO,P5-R6-THN,0.529215,0,0.33893350330232047
0.5825425,CP_Structure9_RF,LOCO,P5-R6-TTE,0.348885,0,0.3939703474908439
0.5825425,CP_Structure9_RF,LOCO,P5-R6-TWD,0.59784,1,0.42597264571953114
0.5825425,CP_Structure9_RF,LOCO,P5-R6-TYE,0.44306,0,0.5889503400496267
0.5825425,CP_Structure9_RF,LOCO,P5-R6-VFN,0.5554349999999999,0,0.8662943895567112
0.5825425,CP_Structure9_RF,LOCO,P6-R7-MHQ,0.2532999999999999,0,0.3784646302275334
0.5825425,CP_Structure9_RF,LOCO,P6-R7-QFW,0.67784,1,0.6103508359770402
0.5825425,CP_Structure9_RF,LOCO,P6-R7-QRW,0.60431,1,0.7087500743889749
0.5825425,CP_Structure9_RF,LOCO,P6-R7-TRQ,0.657745,1,0.7179974944686645
0.5825425,CP_Structure9_RF,LOCO,P6-R7-WFD,0.70041,1,0.5377329517450942
0.5825425,CP_Structure9_RF,LOCO,P6-R7-WFQ,0.651535,1,0.4863893965515094
0.5825425,CP_Structure9_RF,LOCO,P7-R5-SYVIRR,0.79377,1,0.4372285034641874
0.5825425,CP_Structure9_RF,LOCO,P8-R6-GVE,0.658565,1,0.8508760483766564
0.5825425,CP_Structure9_RF,LOCO,PUF12-9,0.7256100000000001,1,0.5918911930531483
0.5825425,CP_Structure9_RF,mutation_group_out,P4-R5-ETD,0.0,0,0.3727706186050389
0.5825425,CP_Structure9_RF,mutation_group_out,P4-R5-SHE,0.616825,1,0.4909226632266045
0.5825425,CP_Structure9_RF,mutation_group_out,P4-R5-SHE+P7-R5-SHE,0.7531399999999999,1,0.25388035428929995
0.5825425,CP_Structure9_RF,mutation_group_out,P4-R5-SNE,0.7430950000000001,1,0.8546318677967695
0.5825425,CP_Structure9_RF,mutation_group_out,P4-R5-SNE+P7-R5-SNE,0.80335,1,0.30769424010071517
0.5825425,CP_Structure9_RF,mutation_group_out,P4-R5-SWD+P7-R5-SWD,0.518925,0,0.8168070513957426
0.5825425,CP_Structure9_RF,mutation_group_out,P4-R5-THE+P7-R5-THE,0.68814,1,0.7193883162549064
0.5825425,CP_Structure9_RF,mutation_group_out,P4-R5-YTH+P7-R5-YTH,0.0,0,0.2761449507317747
0.5825425,CP_Structure9_RF,mutation_group_out,P4-R5-YYE+P7-P5-YYE,0.0866649999999999,0,0.7404243386280592
0.5825425,CP_Structure9_RF,mutation_group_out,P5-R6-AYE,0.55629,0,0.8984704884996104
0.5825425,CP_Structure9_RF,mutation_group_out,P5-R6-DFE,0.32484,0,0.866280615955126
0.5825425,CP_Structure9_RF,mutation_group_out,P5-R6-FWD,0.37332,0,0.24460349000531084
0.5825425,CP_Structure9_RF,mutation_group_out,P5-R6-LRD,0.23336,0,0.49850834944043343
0.5825425,CP_Structure9_RF,mutation_group_out,P5-R6-NYE,0.57387,0,0.21469730172354645
0.5825425,CP_Structure9_RF,mutation_group_out,P5-R6-SFE,0.6291599999999999,1,0.8984704884996104
0.5825425,CP_Structure9_RF,mutation_group_out,P5-R6-SWD,0.666435,1,0.866605409134531
0.5825425,CP_Structure9_RF,mutation_group_out,P5-R6-SYQ,0.591215,1,0.9048119519142445
0.5825425,CP_Structure9_RF,mutation_group_out,P5-R6-THN,0.529215,0,0.8518694994593179
0.5825425,CP_Structure9_RF,mutation_group_out,P5-R6-TTE,0.348885,0,0.7892900437413841
0.5825425,CP_Structure9_RF,mutation_group_out,P5-R6-TWD,0.59784,1,0.332618563479027
0.5825425,CP_Structure9_RF,mutation_group_out,P5-R6-TYE,0.44306,0,0.8700760422390315
0.5825425,CP_Structure9_RF,mutation_group_out,P5-R6-VFN,0.5554349999999999,0,0.9177569169960473
0.5825425,CP_Structure9_RF,mutation_group_out,P6-R7-MHQ,0.2532999999999999,0,0.21221442519081993
0.5825425,CP_Structure9_RF,mutation_group_out,P6-R7-QFW,0.67784,1,0.3679501534170243
0.5825425,CP_Structure9_RF,mutation_group_out,P6-R7-QRW,0.60431,1,0.3736572842622107
0.5825425,CP_Structure9_RF,mutation_group_out,P6-R7-TRQ,0.657745,1,0.4748646292545486
0.5825425,CP_Structure9_RF,mutation_group_out,P6-R7-WFD,0.70041,1,0.1950611190157808
0.5825425,CP_Structure9_RF,mutation_group_out,P6-R7-WFQ,0.651535,1,0.2356693732405868
0.5825425,CP_Structure9_RF,mutation_group_out,P7-R5-SYVIRR,0.79377,1,0.4372285034641874
0.5825425,CP_Structure9_RF,mutation_group_out,P8-R6-GVE,0.658565,1,0.8508760483766564
0.5825425,CP_Structure9_RF,mutation_group_out,PUF12-9,0.7256100000000001,1,0.5918911930531483
0.5945275000000001,CP3_LR,LOCO,P4-R5-ETD,0.0,0,0.47092645034075686
0.5945275000000001,CP3_LR,LOCO,P4-R5-SHE,0.616825,1,0.41896996785608426
0.5945275000000001,CP3_LR,LOCO,P4-R5-SHE+P7-R5-SHE,0.7531399999999999,1,0.4081191668469458
0.5945275000000001,CP3_LR,LOCO,P4-R5-SNE,0.7430950000000001,1,0.5592005623492454
0.5945275000000001,CP3_LR,LOCO,P4-R5-SNE+P7-R5-SNE,0.80335,1,0.3761118668139676
0.5945275000000001,CP3_LR,LOCO,P4-R5-SWD+P7-R5-SWD,0.518925,0,0.5128931043037813
0.5945275000000001,CP3_LR,LOCO,P4-R5-THE+P7-R5-THE,0.68814,1,0.5040436477197769
0.5945275000000001,CP3_LR,LOCO,P4-R5-YTH+P7-R5-YTH,0.0,0,0.452635466703521
0.5945275000000001,CP3_LR,LOCO,P4-R5-YYE+P7-P5-YYE,0.0866649999999999,0,0.5296723249991292
0.5945275000000001,CP3_LR,LOCO,P5-R6-AYE,0.55629,0,0.5891994688029684
0.5945275000000001,CP3_LR,LOCO,P5-R6-DFE,0.32484,0,0.458521717568627
0.5945275000000001,CP3_LR,LOCO,P5-R6-FWD,0.37332,0,0.47875540839640995
0.5945275000000001,CP3_LR,LOCO,P5-R6-LRD,0.23336,0,0.608764587113434
0.5945275000000001,CP3_LR,LOCO,P5-R6-NYE,0.57387,0,0.48230232819414137
0.5945275000000001,CP3_LR,LOCO,P5-R6-SFE,0.6291599999999999,1,0.5290481141844579
0.5945275000000001,CP3_LR,LOCO,P5-R6-SWD,0.666435,1,0.48797213959529656
0.5945275000000001,CP3_LR,LOCO,P5-R6-SYQ,0.591215,0,0.5207953597395075
0.5945275000000001,CP3_LR,LOCO,P5-R6-THN,0.529215,0,0.4656073143559649
0.5945275000000001,CP3_LR,LOCO,P5-R6-TTE,0.348885,0,0.4627056546441881
0.5945275000000001,CP3_LR,LOCO,P5-R6-TWD,0.59784,1,0.476649301243713
0.5945275000000001,CP3_LR,LOCO,P5-R6-TYE,0.44306,0,0.49333748254256415
0.5945275000000001,CP3_LR,LOCO,P5-R6-VFN,0.5554349999999999,0,0.5249833237759178
0.5945275000000001,CP3_LR,LOCO,P6-R7-MHQ,0.2532999999999999,0,0.43401638350188815
0.5945275000000001,CP3_LR,LOCO,P6-R7-QFW,0.67784,1,0.4722065117850339
0.5945275000000001,CP3_LR,LOCO,P6-R7-QRW,0.60431,1,0.5199829502862313
0.5945275000000001,CP3_LR,LOCO,P6-R7-TRQ,0.657745,1,0.5425595956353227
0.5945275000000001,CP3_LR,LOCO,P6-R7-WFD,0.70041,1,0.475263353173007
0.5945275000000001,CP3_LR,LOCO,P6-R7-WFQ,0.651535,1,0.5283341310994517
0.5945275000000001,CP3_LR,LOCO,P7-R5-SYVIRR,0.79377,1,0.5366289707332162
0.5945275000000001,CP3_LR,LOCO,P8-R6-GVE,0.658565,1,0.5583500173175697
0.5945275000000001,CP3_LR,LOCO,PUF12-9,0.7256100000000001,1,0.4947270762422793
0.5945275000000001,CP3_LR,mutation_group_out,P4-R5-ETD,0.0,0,0.45943444563063174
0.5945275000000001,CP3_LR,mutation_group_out,P4-R5-SHE,0.616825,1,0.435620934341006
0.5945275000000001,CP3_LR,mutation_group_out,P4-R5-SHE+P7-R5-SHE,0.7531399999999999,1,0.3843220340437107
0.5945275000000001,CP3_LR,mutation_group_out,P4-R5-SNE,0.7430950000000001,1,0.5564698112969245
0.5945275000000001,CP3_LR,mutation_group_out,P4-R5-SNE+P7-R5-SNE,0.80335,1,0.3605211533908826
0.5945275000000001,CP3_LR,mutation_group_out,P4-R5-SWD+P7-R5-SWD,0.518925,0,0.5064527470951553
0.5945275000000001,CP3_LR,mutation_group_out,P4-R5-THE+P7-R5-THE,0.68814,1,0.5070272410727693
0.5945275000000001,CP3_LR,mutation_group_out,P4-R5-YTH+P7-R5-YTH,0.0,0,0.3927858622066003
0.5945275000000001,CP3_LR,mutation_group_out,P4-R5-YYE+P7-P5-YYE,0.0866649999999999,0,0.513614766338735
0.5945275000000001,CP3_LR,mutation_group_out,P5-R6-AYE,0.55629,0,0.6575088714810022
0.5945275000000001,CP3_LR,mutation_group_out,P5-R6-DFE,0.32484,0,0.4555690224223274
0.5945275000000001,CP3_LR,mutation_group_out,P5-R6-FWD,0.37332,0,0.49102449141590004
0.5945275000000001,CP3_LR,mutation_group_out,P5-R6-LRD,0.23336,0,0.683282093727757
0.5945275000000001,CP3_LR,mutation_group_out,P5-R6-NYE,0.57387,0,0.4752326345419392
0.5945275000000001,CP3_LR,mutation_group_out,P5-R6-SFE,0.6291599999999999,1,0.5817583882744791
0.5945275000000001,CP3_LR,mutation_group_out,P5-R6-SWD,0.666435,1,0.5267579918377111
0.5945275000000001,CP3_LR,mutation_group_out,P5-R6-SYQ,0.591215,0,0.5498639406036963
0.5945275000000001,CP3_LR,mutation_group_out,P5-R6-THN,0.529215,0,0.48443945092369994
0.5945275000000001,CP3_LR,mutation_group_out,P5-R6-TTE,0.348885,0,0.48914442865800817
0.5945275000000001,CP3_LR,mutation_group_out,P5-R6-TWD,0.59784,1,0.6576724004047146
0.5945275000000001,CP3_LR,mutation_group_out,P5-R6-TYE,0.44306,0,0.49761264800809685
0.5945275000000001,CP3_LR,mutation_group_out,P5-R6-VFN,0.5554349999999999,0,0.5883330644213193
0.5945275000000001,CP3_LR,mutation_group_out,P6-R7-MHQ,0.2532999999999999,0,0.5376091813889888
0.5945275000000001,CP3_LR,mutation_group_out,P6-R7-QFW,0.67784,1,0.3634809009660135
0.5945275000000001,CP3_LR,mutation_group_out,P6-R7-QRW,0.60431,1,0.4439657556401411
0.5945275000000001,CP3_LR,mutation_group_out,P6-R7-TRQ,0.657745,1,0.5365525977128678
0.5945275000000001,CP3_LR,mutation_group_out,P6-R7-WFD,0.70041,1,0.45071427602659986
0.5945275000000001,CP3_LR,mutation_group_out,P6-R7-WFQ,0.651535,1,0.5227004346552928
0.5945275000000001,CP3_LR,mutation_group_out,P7-R5-SYVIRR,0.79377,1,0.5366289707332162
0.5945275000000001,CP3_LR,mutation_group_out,P8-R6-GVE,0.658565,1,0.5583500173175697
0.5945275000000001,CP3_LR,mutation_group_out,PUF12-9,0.7256100000000001,1,0.4947270762422793
0.5945275000000001,CP_Structure9_LR,LOCO,P4-R5-ETD,0.0,0,0.4302709679615117
0.5945275000000001,CP_Structure9_LR,LOCO,P4-R5-SHE,0.616825,1,0.5813446307941889
0.5945275000000001,CP_Structure9_LR,LOCO,P4-R5-SHE+P7-R5-SHE,0.7531399999999999,1,0.46593750696288294
0.5945275000000001,CP_Structure9_LR,LOCO,P4-R5-SNE,0.7430950000000001,1,0.6982057864097648
0.5945275000000001,CP_Structure9_LR,LOCO,P4-R5-SNE+P7-R5-SNE,0.80335,1,0.4959135305110602
0.5945275000000001,CP_Structure9_LR,LOCO,P4-R5-SWD+P7-R5-SWD,0.518925,0,0.40330170825282546
0.5945275000000001,CP_Structure9_LR,LOCO,P4-R5-THE+P7-R5-THE,0.68814,1,0.4286663592518241
0.5945275000000001,CP_Structure9_LR,LOCO,P4-R5-YTH+P7-R5-YTH,0.0,0,0.27266497705917286
0.5945275000000001,CP_Structure9_LR,LOCO,P4-R5-YYE+P7-P5-YYE,0.0866649999999999,0,0.4150781501079195
0.5945275000000001,CP_Structure9_LR,LOCO,P5-R6-AYE,0.55629,0,0.6778650522507152
0.5945275000000001,CP_Structure9_LR,LOCO,P5-R6-DFE,0.32484,0,0.5293051307666234
0.5945275000000001,CP_Structure9_LR,LOCO,P5-R6-FWD,0.37332,0,0.39013948100216145
0.5945275000000001,CP_Structure9_LR,LOCO,P5-R6-LRD,0.23336,0,0.49921083939557953
0.5945275000000001,CP_Structure9_LR,LOCO,P5-R6-NYE,0.57387,0,0.3733897528766801
0.5945275000000001,CP_Structure9_LR,LOCO,P5-R6-SFE,0.6291599999999999,1,0.5111427557956261
0.5945275000000001,CP_Structure9_LR,LOCO,P5-R6-SWD,0.666435,1,0.6170859742597267
0.5945275000000001,CP_Structure9_LR,LOCO,P5-R6-SYQ,0.591215,0,0.5400235743165254
0.5945275000000001,CP_Structure9_LR,LOCO,P5-R6-THN,0.529215,0,0.5448066637722573
0.5945275000000001,CP_Structure9_LR,LOCO,P5-R6-TTE,0.348885,0,0.4024257819286638
0.5945275000000001,CP_Structure9_LR,LOCO,P5-R6-TWD,0.59784,1,0.31010122158524106
0.5945275000000001,CP_Structure9_LR,LOCO,P5-R6-TYE,0.44306,0,0.5256574657089627
0.5945275000000001,CP_Structure9_LR,LOCO,P5-R6-VFN,0.5554349999999999,0,0.7376396072594286
0.5945275000000001,CP_Structure9_LR,LOCO,P6-R7-MHQ,0.2532999999999999,0,0.2995427798894578
0.5945275000000001,CP_Structure9_LR,LOCO,P6-R7-QFW,0.67784,1,0.48877108405325914
0.5945275000000001,CP_Structure9_LR,LOCO,P6-R7-QRW,0.60431,1,0.5872851396326296
0.5945275000000001,CP_Structure9_LR,LOCO,P6-R7-TRQ,0.657745,1,0.5711268226849372
0.5945275000000001,CP_Structure9_LR,LOCO,P6-R7-WFD,0.70041,1,0.42589756075086704
0.5945275000000001,CP_Structure9_LR,LOCO,P6-R7-WFQ,0.651535,1,0.4626859619768927
0.5945275000000001,CP_Structure9_LR,LOCO,P7-R5-SYVIRR,0.79377,1,0.4382404323605867
0.5945275000000001,CP_Structure9_LR,LOCO,P8-R6-GVE,0.658565,1,0.9616424625605681
0.5945275000000001,CP_Structure9_LR,LOCO,PUF12-9,0.7256100000000001,1,0.5353635932043139
0.5945275000000001,CP_Structure9_LR,mutation_group_out,P4-R5-ETD,0.0,0,0.43592488146498215
0.5945275000000001,CP_Structure9_LR,mutation_group_out,P4-R5-SHE,0.616825,1,0.5804719774198108
0.5945275000000001,CP_Structure9_LR,mutation_group_out,P4-R5-SHE+P7-R5-SHE,0.7531399999999999,1,0.39198030091204
0.5945275000000001,CP_Structure9_LR,mutation_group_out,P4-R5-SNE,0.7430950000000001,1,0.6781138581058992
0.5945275000000001,CP_Structure9_LR,mutation_group_out,P4-R5-SNE+P7-R5-SNE,0.80335,1,0.38524726189248093
0.5945275000000001,CP_Structure9_LR,mutation_group_out,P4-R5-SWD+P7-R5-SWD,0.518925,0,0.43506009536507906
0.5945275000000001,CP_Structure9_LR,mutation_group_out,P4-R5-THE+P7-R5-THE,0.68814,1,0.36205847140987824
0.5945275000000001,CP_Structure9_LR,mutation_group_out,P4-R5-YTH+P7-R5-YTH,0.0,0,0.3323180336542012
0.5945275000000001,CP_Structure9_LR,mutation_group_out,P4-R5-YYE+P7-P5-YYE,0.0866649999999999,0,0.37591094825740673
0.5945275000000001,CP_Structure9_LR,mutation_group_out,P5-R6-AYE,0.55629,0,0.6942436446231169
0.5945275000000001,CP_Structure9_LR,mutation_group_out,P5-R6-DFE,0.32484,0,0.5569130086719293
0.5945275000000001,CP_Structure9_LR,mutation_group_out,P5-R6-FWD,0.37332,0,0.39920975124681374
0.5945275000000001,CP_Structure9_LR,mutation_group_out,P5-R6-LRD,0.23336,0,0.37819784739359524
0.5945275000000001,CP_Structure9_LR,mutation_group_out,P5-R6-NYE,0.57387,0,0.38344504053698686
0.5945275000000001,CP_Structure9_LR,mutation_group_out,P5-R6-SFE,0.6291599999999999,1,0.6143700139429863
0.5945275000000001,CP_Structure9_LR,mutation_group_out,P5-R6-SWD,0.666435,1,0.701075269080195
0.5945275000000001,CP_Structure9_LR,mutation_group_out,P5-R6-SYQ,0.591215,0,0.5852514199099719
0.5945275000000001,CP_Structure9_LR,mutation_group_out,P5-R6-THN,0.529215,0,0.5809385983928375
0.5945275000000001,CP_Structure9_LR,mutation_group_out,P5-R6-TTE,0.348885,0,0.43729525268175184
0.5945275000000001,CP_Structure9_LR,mutation_group_out,P5-R6-TWD,0.59784,1,0.48055268912086785
0.5945275000000001,CP_Structure9_LR,mutation_group_out,P5-R6-TYE,0.44306,0,0.5591528377371483
0.5945275000000001,CP_Structure9_LR,mutation_group_out,P5-R6-VFN,0.5554349999999999,0,0.665901875958015
0.5945275000000001,CP_Structure9_LR,mutation_group_out,P6-R7-MHQ,0.2532999999999999,0,0.3464191696963003
0.5945275000000001,CP_Structure9_LR,mutation_group_out,P6-R7-QFW,0.67784,1,0.3512375415105734
0.5945275000000001,CP_Structure9_LR,mutation_group_out,P6-R7-QRW,0.60431,1,0.43795565938030084
0.5945275000000001,CP_Structure9_LR,mutation_group_out,P6-R7-TRQ,0.657745,1,0.5148440323850237
0.5945275000000001,CP_Structure9_LR,mutation_group_out,P6-R7-WFD,0.70041,1,0.36546085861291144
0.5945275000000001,CP_Structure9_LR,mutation_group_out,P6-R7-WFQ,0.651535,1,0.42176025997020883
0.5945275000000001,CP_Structure9_LR,mutation_group_out,P7-R5-SYVIRR,0.79377,1,0.4382404323605867
0.5945275000000001,CP_Structure9_LR,mutation_group_out,P8-R6-GVE,0.658565,1,0.9616424625605681
0.5945275000000001,CP_Structure9_LR,mutation_group_out,PUF12-9,0.7256100000000001,1,0.5353635932043139
0.5945275000000001,CP3_RF,LOCO,P4-R5-ETD,0.0,0,0.23562198180649116
0.5945275000000001,CP3_RF,LOCO,P4-R5-SHE,0.616825,1,0.4930349242261006
0.5945275000000001,CP3_RF,LOCO,P4-R5-SHE+P7-R5-SHE,0.7531399999999999,1,0.5209799791711556
0.5945275000000001,CP3_RF,LOCO,P4-R5-SNE,0.7430950000000001,1,0.6793860951140364
0.5945275000000001,CP3_RF,LOCO,P4-R5-SNE+P7-R5-SNE,0.80335,1,0.5040906324068088
0.5945275000000001,CP3_RF,LOCO,P4-R5-SWD+P7-R5-SWD,0.518925,0,0.5724861385653606
0.5945275000000001,CP3_RF,LOCO,P4-R5-THE+P7-R5-THE,0.68814,1,0.6617862837626766
0.5945275000000001,CP3_RF,LOCO,P4-R5-YTH+P7-R5-YTH,0.0,0,0.32849355717680906
0.5945275000000001,CP3_RF,LOCO,P4-R5-YYE+P7-P5-YYE,0.0866649999999999,0,0.7480266762007569
0.5945275000000001,CP3_RF,LOCO,P5-R6-AYE,0.55629,0,0.6681219445550813
0.5945275000000001,CP3_RF,LOCO,P5-R6-DFE,0.32484,0,0.06867866607544812
0.5945275000000001,CP3_RF,LOCO,P5-R6-FWD,0.37332,0,0.09078424291665715
0.5945275000000001,CP3_RF,LOCO,P5-R6-LRD,0.23336,0,0.6809408403797694
0.5945275000000001,CP3_RF,LOCO,P5-R6-NYE,0.57387,0,0.09423303262366742
0.5945275000000001,CP3_RF,LOCO,P5-R6-SFE,0.6291599999999999,1,0.6549114021942968
0.5945275000000001,CP3_RF,LOCO,P5-R6-SWD,0.666435,1,0.45666384093202994
0.5945275000000001,CP3_RF,LOCO,P5-R6-SYQ,0.591215,0,0.7460570350792066
0.5945275000000001,CP3_RF,LOCO,P5-R6-THN,0.529215,0,0.08031002526462755
0.5945275000000001,CP3_RF,LOCO,P5-R6-TTE,0.348885,0,0.2733061672013445
0.5945275000000001,CP3_RF,LOCO,P5-R6-TWD,0.59784,1,0.5557866904337492
0.5945275000000001,CP3_RF,LOCO,P5-R6-TYE,0.44306,0,0.13013431585925167
0.5945275000000001,CP3_RF,LOCO,P5-R6-VFN,0.5554349999999999,0,0.7963424411180436
0.5945275000000001,CP3_RF,LOCO,P6-R7-MHQ,0.2532999999999999,0,0.6855424778580074
0.5945275000000001,CP3_RF,LOCO,P6-R7-QFW,0.67784,1,0.5503765817515817
0.5945275000000001,CP3_RF,LOCO,P6-R7-QRW,0.60431,1,0.6128920940170938
0.5945275000000001,CP3_RF,LOCO,P6-R7-TRQ,0.657745,1,0.525620417722972
0.5945275000000001,CP3_RF,LOCO,P6-R7-WFD,0.70041,1,0.5619550985650055
0.5945275000000001,CP3_RF,LOCO,P6-R7-WFQ,0.651535,1,0.6497934742416166
0.5945275000000001,CP3_RF,LOCO,P7-R5-SYVIRR,0.79377,1,0.532984203704792
0.5945275000000001,CP3_RF,LOCO,P8-R6-GVE,0.658565,1,0.720325829399359
0.5945275000000001,CP3_RF,LOCO,PUF12-9,0.7256100000000001,1,0.263198496506933
0.5945275000000001,CP3_RF,mutation_group_out,P4-R5-ETD,0.0,0,0.18973204573204572
0.5945275000000001,CP3_RF,mutation_group_out,P4-R5-SHE,0.616825,1,0.4928232323232324
0.5945275000000001,CP3_RF,mutation_group_out,P4-R5-SHE+P7-R5-SHE,0.7531399999999999,1,0.31383700930196246
0.5945275000000001,CP3_RF,mutation_group_out,P4-R5-SNE,0.7430950000000001,1,0.7742821728924666
0.5945275000000001,CP3_RF,mutation_group_out,P4-R5-SNE+P7-R5-SNE,0.80335,1,0.31383700930196246
0.5945275000000001,CP3_RF,mutation_group_out,P4-R5-SWD+P7-R5-SWD,0.518925,0,0.6575486984638524
0.5945275000000001,CP3_RF,mutation_group_out,P4-R5-THE+P7-R5-THE,0.68814,1,0.7104902497537737
0.5945275000000001,CP3_RF,mutation_group_out,P4-R5-YTH+P7-R5-YTH,0.0,0,0.3059681568429461
0.5945275000000001,CP3_RF,mutation_group_out,P4-R5-YYE+P7-P5-YYE,0.0866649999999999,0,0.8702304754900813
0.5945275000000001,CP3_RF,mutation_group_out,P5-R6-AYE,0.55629,0,0.9913086770981507
0.5945275000000001,CP3_RF,mutation_group_out,P5-R6-DFE,0.32484,0,0.23786244515817
0.5945275000000001,CP3_RF,mutation_group_out,P5-R6-FWD,0.37332,0,0.3062839415871023
0.5945275000000001,CP3_RF,mutation_group_out,P5-R6-LRD,0.23336,0,0.9913086770981507
0.5945275000000001,CP3_RF,mutation_group_out,P5-R6-NYE,0.57387,0,0.2357439667112741
0.5945275000000001,CP3_RF,mutation_group_out,P5-R6-SFE,0.6291599999999999,1,0.9913086770981507
0.5945275000000001,CP3_RF,mutation_group_out,P5-R6-SWD,0.666435,1,0.6091720274175904
0.5945275000000001,CP3_RF,mutation_group_out,P5-R6-SYQ,0.591215,0,0.9729001557948928
0.5945275000000001,CP3_RF,mutation_group_out,P5-R6-THN,0.529215,0,0.3028628889555234
0.5945275000000001,CP3_RF,mutation_group_out,P5-R6-TTE,0.348885,0,0.5513498886885904
0.5945275000000001,CP3_RF,mutation_group_out,P5-R6-TWD,0.59784,1,0.9913086770981507
0.5945275000000001,CP3_RF,mutation_group_out,P5-R6-TYE,0.44306,0,0.34400620251906733
0.5945275000000001,CP3_RF,mutation_group_out,P5-R6-VFN,0.5554349999999999,0,0.9913086770981507
0.5945275000000001,CP3_RF,mutation_group_out,P6-R7-MHQ,0.2532999999999999,0,0.7876793792201976
0.5945275000000001,CP3_RF,mutation_group_out,P6-R7-QFW,0.67784,1,0.5776967515355338
0.5945275000000001,CP3_RF,mutation_group_out,P6-R7-QRW,0.60431,1,0.5830166392423897
0.5945275000000001,CP3_RF,mutation_group_out,P6-R7-TRQ,0.657745,1,0.5321084620405481
0.5945275000000001,CP3_RF,mutation_group_out,P6-R7-WFD,0.70041,1,0.5897119732736107
0.5945275000000001,CP3_RF,mutation_group_out,P6-R7-WFQ,0.651535,1,0.5848282968908197
0.5945275000000001,CP3_RF,mutation_group_out,P7-R5-SYVIRR,0.79377,1,0.532984203704792
0.5945275000000001,CP3_RF,mutation_group_out,P8-R6-GVE,0.658565,1,0.720325829399359
0.5945275000000001,CP3_RF,mutation_group_out,PUF12-9,0.7256100000000001,1,0.263198496506933
0.5945275000000001,CP_Structure9_RF,LOCO,P4-R5-ETD,0.0,0,0.42973672329767076
0.5945275000000001,CP_Structure9_RF,LOCO,P4-R5-SHE,0.616825,1,0.533034188034188
0.5945275000000001,CP_Structure9_RF,LOCO,P4-R5-SHE+P7-R5-SHE,0.7531399999999999,1,0.5437050792774478
0.5945275000000001,CP_Structure9_RF,LOCO,P4-R5-SNE,0.7430950000000001,1,0.8297406044248145
0.5945275000000001,CP_Structure9_RF,LOCO,P4-R5-SNE+P7-R5-SNE,0.80335,1,0.6381597583702847
0.5945275000000001,CP_Structure9_RF,LOCO,P4-R5-SWD+P7-R5-SWD,0.518925,0,0.5741038374895603
0.5945275000000001,CP_Structure9_RF,LOCO,P4-R5-THE+P7-R5-THE,0.68814,1,0.36649042624042627
0.5945275000000001,CP_Structure9_RF,LOCO,P4-R5-YTH+P7-R5-YTH,0.0,0,0.4803088819678999
0.5945275000000001,CP_Structure9_RF,LOCO,P4-R5-YYE+P7-P5-YYE,0.0866649999999999,0,0.35550920581428896
0.5945275000000001,CP_Structure9_RF,LOCO,P5-R6-AYE,0.55629,0,0.7794705638885213
0.5945275000000001,CP_Structure9_RF,LOCO,P5-R6-DFE,0.32484,0,0.4547093267128834
0.5945275000000001,CP_Structure9_RF,LOCO,P5-R6-FWD,0.37332,0,0.10979724546692962
0.5945275000000001,CP_Structure9_RF,LOCO,P5-R6-LRD,0.23336,0,0.8123952361882192
0.5945275000000001,CP_Structure9_RF,LOCO,P5-R6-NYE,0.57387,0,0.0911966319661847
0.5945275000000001,CP_Structure9_RF,LOCO,P5-R6-SFE,0.6291599999999999,1,0.44515929581254676
0.5945275000000001,CP_Structure9_RF,LOCO,P5-R6-SWD,0.666435,1,0.6549538306980258
0.5945275000000001,CP_Structure9_RF,LOCO,P5-R6-SYQ,0.591215,0,0.5757274158008635
0.5945275000000001,CP_Structure9_RF,LOCO,P5-R6-THN,0.529215,0,0.2920511967626942
0.5945275000000001,CP_Structure9_RF,LOCO,P5-R6-TTE,0.348885,0,0.25788424201165017
0.5945275000000001,CP_Structure9_RF,LOCO,P5-R6-TWD,0.59784,1,0.35052142813327014
0.5945275000000001,CP_Structure9_RF,LOCO,P5-R6-TYE,0.44306,0,0.5672729557768652
0.5945275000000001,CP_Structure9_RF,LOCO,P5-R6-VFN,0.5554349999999999,0,0.8882366513542717
0.5945275000000001,CP_Structure9_RF,LOCO,P6-R7-MHQ,0.2532999999999999,0,0.37006562712638724
0.5945275000000001,CP_Structure9_RF,LOCO,P6-R7-QFW,0.67784,1,0.6376400125931859
0.5945275000000001,CP_Structure9_RF,LOCO,P6-R7-QRW,0.60431,1,0.707841992372952
0.5945275000000001,CP_Structure9_RF,LOCO,P6-R7-TRQ,0.657745,1,0.6258381335296967
0.5945275000000001,CP_Structure9_RF,LOCO,P6-R7-WFD,0.70041,1,0.5572243453570852
0.5945275000000001,CP_Structure9_RF,LOCO,P6-R7-WFQ,0.651535,1,0.44551946337975756
0.5945275000000001,CP_Structure9_RF,LOCO,P7-R5-SYVIRR,0.79377,1,0.4558706047134839
0.5945275000000001,CP_Structure9_RF,LOCO,P8-R6-GVE,0.658565,1,0.8660344572008657
0.5945275000000001,CP_Structure9_RF,LOCO,PUF12-9,0.7256100000000001,1,0.6639299122360269
0.5945275000000001,CP_Structure9_RF,mutation_group_out,P4-R5-ETD,0.0,0,0.481976126814362
0.5945275000000001,CP_Structure9_RF,mutation_group_out,P4-R5-SHE,0.616825,1,0.522873556998557
0.5945275000000001,CP_Structure9_RF,mutation_group_out,P4-R5-SHE+P7-R5-SHE,0.7531399999999999,1,0.4145701038646505
0.5945275000000001,CP_Structure9_RF,mutation_group_out,P4-R5-SNE,0.7430950000000001,1,0.7961612929554104
0.5945275000000001,CP_Structure9_RF,mutation_group_out,P4-R5-SNE+P7-R5-SNE,0.80335,1,0.48253081629005934
0.5945275000000001,CP_Structure9_RF,mutation_group_out,P4-R5-SWD+P7-R5-SWD,0.518925,0,0.6217118092121494
0.5945275000000001,CP_Structure9_RF,mutation_group_out,P4-R5-THE+P7-R5-THE,0.68814,1,0.45435799346094646
0.5945275000000001,CP_Structure9_RF,mutation_group_out,P4-R5-YTH+P7-R5-YTH,0.0,0,0.4634460126541961
0.5945275000000001,CP_Structure9_RF,mutation_group_out,P4-R5-YYE+P7-P5-YYE,0.0866649999999999,0,0.39467995806229067
0.5945275000000001,CP_Structure9_RF,mutation_group_out,P5-R6-AYE,0.55629,0,0.8984704884996104
0.5945275000000001,CP_Structure9_RF,mutation_group_out,P5-R6-DFE,0.32484,0,0.866280615955126
0.5945275000000001,CP_Structure9_RF,mutation_group_out,P5-R6-FWD,0.37332,0,0.24460349000531084
0.5945275000000001,CP_Structure9_RF,mutation_group_out,P5-R6-LRD,0.23336,0,0.49850834944043343
0.5945275000000001,CP_Structure9_RF,mutation_group_out,P5-R6-NYE,0.57387,0,0.21469730172354645
0.5945275000000001,CP_Structure9_RF,mutation_group_out,P5-R6-SFE,0.6291599999999999,1,0.8984704884996104
0.5945275000000001,CP_Structure9_RF,mutation_group_out,P5-R6-SWD,0.666435,1,0.866605409134531
0.5945275000000001,CP_Structure9_RF,mutation_group_out,P5-R6-SYQ,0.591215,0,0.9048119519142445
0.5945275000000001,CP_Structure9_RF,mutation_group_out,P5-R6-THN,0.529215,0,0.8518694994593179
0.5945275000000001,CP_Structure9_RF,mutation_group_out,P5-R6-TTE,0.348885,0,0.7892900437413841
0.5945275000000001,CP_Structure9_RF,mutation_group_out,P5-R6-TWD,0.59784,1,0.332618563479027
0.5945275000000001,CP_Structure9_RF,mutation_group_out,P5-R6-TYE,0.44306,0,0.8700760422390315
0.5945275000000001,CP_Structure9_RF,mutation_group_out,P5-R6-VFN,0.5554349999999999,0,0.9177569169960473
0.5945275000000001,CP_Structure9_RF,mutation_group_out,P6-R7-MHQ,0.2532999999999999,0,0.17526796537769487
0.5945275000000001,CP_Structure9_RF,mutation_group_out,P6-R7-QFW,0.67784,1,0.38318964420613016
0.5945275000000001,CP_Structure9_RF,mutation_group_out,P6-R7-QRW,0.60431,1,0.3106268419783532
0.5945275000000001,CP_Structure9_RF,mutation_group_out,P6-R7-TRQ,0.657745,1,0.30776677411993897
0.5945275000000001,CP_Structure9_RF,mutation_group_out,P6-R7-WFD,0.70041,1,0.20036711736047516
0.5945275000000001,CP_Structure9_RF,mutation_group_out,P6-R7-WFQ,0.651535,1,0.20157620392011272
0.5945275000000001,CP_Structure9_RF,mutation_group_out,P7-R5-SYVIRR,0.79377,1,0.4558706047134839
0.5945275000000001,CP_Structure9_RF,mutation_group_out,P8-R6-GVE,0.658565,1,0.8660344572008657
0.5945275000000001,CP_Structure9_RF,mutation_group_out,PUF12-9,0.7256100000000001,1,0.6639299122360269
0.6000000000000001,CP3_LR,LOCO,P4-R5-ETD,0.0,0,0.4948518784318818
0.6000000000000001,CP3_LR,LOCO,P4-R5-SHE,0.616825,1,0.4836994762136011
0.6000000000000001,CP3_LR,LOCO,P4-R5-SHE+P7-R5-SHE,0.7531399999999999,1,0.46539440792100867
0.6000000000000001,CP3_LR,LOCO,P4-R5-SNE,0.7430950000000001,1,0.5609267251961889
0.6000000000000001,CP3_LR,LOCO,P4-R5-SNE+P7-R5-SNE,0.80335,1,0.4429730045394876
0.6000000000000001,CP3_LR,LOCO,P4-R5-SWD+P7-R5-SWD,0.518925,0,0.5094496359945907
0.6000000000000001,CP3_LR,LOCO,P4-R5-THE+P7-R5-THE,0.68814,1,0.4842795308419299
0.6000000000000001,CP3_LR,LOCO,P4-R5-YTH+P7-R5-YTH,0.0,0,0.48703300785012327
0.6000000000000001,CP3_LR,LOCO,P4-R5-YYE+P7-P5-YYE,0.0866649999999999,0,0.5461696755328757
0.6000000000000001,CP3_LR,LOCO,P5-R6-AYE,0.55629,0,0.5243072683481373
0.6000000000000001,CP3_LR,LOCO,P5-R6-DFE,0.32484,0,0.4764889842499658
0.6000000000000001,CP3_LR,LOCO,P5-R6-FWD,0.37332,0,0.4866399039300931
0.6000000000000001,CP3_LR,LOCO,P5-R6-LRD,0.23336,0,0.5158466285566491
0.6000000000000001,CP3_LR,LOCO,P5-R6-NYE,0.57387,0,0.49931552723050976
0.6000000000000001,CP3_LR,LOCO,P5-R6-SFE,0.6291599999999999,1,0.5096612598832678
0.6000000000000001,CP3_LR,LOCO,P5-R6-SWD,0.666435,1,0.47963925293679854
0.6000000000000001,CP3_LR,LOCO,P5-R6-SYQ,0.591215,0,0.5134973780398354
0.6000000000000001,CP3_LR,LOCO,P5-R6-THN,0.529215,0,0.46973142825475156
0.6000000000000001,CP3_LR,LOCO,P5-R6-TTE,0.348885,0,0.4633824128519474
0.6000000000000001,CP3_LR,LOCO,P5-R6-TWD,0.59784,0,0.476649301243713
0.6000000000000001,CP3_LR,LOCO,P5-R6-TYE,0.44306,0,0.5048928462585607
0.6000000000000001,CP3_LR,LOCO,P5-R6-VFN,0.5554349999999999,0,0.4902253664920164
0.6000000000000001,CP3_LR,LOCO,P6-R7-MHQ,0.2532999999999999,0,0.5012824528629002
0.6000000000000001,CP3_LR,LOCO,P6-R7-QFW,0.67784,1,0.3475602388570766
0.6000000000000001,CP3_LR,LOCO,P6-R7-QRW,0.60431,1,0.47658442408188145
0.6000000000000001,CP3_LR,LOCO,P6-R7-TRQ,0.657745,1,0.5489904062104218
0.6000000000000001,CP3_LR,LOCO,P6-R7-WFD,0.70041,1,0.45466940617817975
0.6000000000000001,CP3_LR,LOCO,P6-R7-WFQ,0.651535,1,0.5348334230738776
0.6000000000000001,CP3_LR,LOCO,P7-R5-SYVIRR,0.79377,1,0.5583641883844349
0.6000000000000001,CP3_LR,LOCO,P8-R6-GVE,0.658565,1,0.5859870163897768
0.6000000000000001,CP3_LR,LOCO,PUF12-9,0.7256100000000001,1,0.5003872441603197
0.6000000000000001,CP3_LR,mutation_group_out,P4-R5-ETD,0.0,0,0.48682253842562295
0.6000000000000001,CP3_LR,mutation_group_out,P4-R5-SHE,0.616825,1,0.5007433811664124
0.6000000000000001,CP3_LR,mutation_group_out,P4-R5-SHE+P7-R5-SHE,0.7531399999999999,1,0.4473104471364547
0.6000000000000001,CP3_LR,mutation_group_out,P4-R5-SNE,0.7430950000000001,1,0.5613193856954366
0.6000000000000001,CP3_LR,mutation_group_out,P4-R5-SNE+P7-R5-SNE,0.80335,1,0.4317849853156393
0.6000000000000001,CP3_LR,mutation_group_out,P4-R5-SWD+P7-R5-SWD,0.518925,0,0.5087590199551362
0.6000000000000001,CP3_LR,mutation_group_out,P4-R5-THE+P7-R5-THE,0.68814,1,0.4929358415376202
0.6000000000000001,CP3_LR,mutation_group_out,P4-R5-YTH+P7-R5-YTH,0.0,0,0.4339559839295453
0.6000000000000001,CP3_LR,mutation_group_out,P4-R5-YYE+P7-P5-YYE,0.0866649999999999,0,0.5360747099043063
0.6000000000000001,CP3_LR,mutation_group_out,P5-R6-AYE,0.55629,0,0.6575088714810022
0.6000000000000001,CP3_LR,mutation_group_out,P5-R6-DFE,0.32484,0,0.4555690224223274
0.6000000000000001,CP3_LR,mutation_group_out,P5-R6-FWD,0.37332,0,0.49102449141590004
0.6000000000000001,CP3_LR,mutation_group_out,P5-R6-LRD,0.23336,0,0.683282093727757
0.6000000000000001,CP3_LR,mutation_group_out,P5-R6-NYE,0.57387,0,0.4752326345419392
0.6000000000000001,CP3_LR,mutation_group_out,P5-R6-SFE,0.6291599999999999,1,0.5817583882744791
0.6000000000000001,CP3_LR,mutation_group_out,P5-R6-SWD,0.666435,1,0.5267579918377111
0.6000000000000001,CP3_LR,mutation_group_out,P5-R6-SYQ,0.591215,0,0.5498639406036963
0.6000000000000001,CP3_LR,mutation_group_out,P5-R6-THN,0.529215,0,0.48443945092369994
0.6000000000000001,CP3_LR,mutation_group_out,P5-R6-TTE,0.348885,0,0.48914442865800817
0.6000000000000001,CP3_LR,mutation_group_out,P5-R6-TWD,0.59784,0,0.6576724004047146
0.6000000000000001,CP3_LR,mutation_group_out,P5-R6-TYE,0.44306,0,0.49761264800809685
0.6000000000000001,CP3_LR,mutation_group_out,P5-R6-VFN,0.5554349999999999,0,0.5883330644213193
0.6000000000000001,CP3_LR,mutation_group_out,P6-R7-MHQ,0.2532999999999999,0,0.6283681097163111
0.6000000000000001,CP3_LR,mutation_group_out,P6-R7-QFW,0.67784,1,0.22834925293768807
0.6000000000000001,CP3_LR,mutation_group_out,P6-R7-QRW,0.60431,1,0.37231520301687543
0.6000000000000001,CP3_LR,mutation_group_out,P6-R7-TRQ,0.657745,1,0.5381866816144277
0.6000000000000001,CP3_LR,mutation_group_out,P6-R7-WFD,0.70041,1,0.41275035582619074
0.6000000000000001,CP3_LR,mutation_group_out,P6-R7-WFQ,0.651535,1,0.5238236197124897
0.6000000000000001,CP3_LR,mutation_group_out,P7-R5-SYVIRR,0.79377,1,0.5583641883844349
0.6000000000000001,CP3_LR,mutation_group_out,P8-R6-GVE,0.658565,1,0.5859870163897768
0.6000000000000001,CP3_LR,mutation_group_out,PUF12-9,0.7256100000000001,1,0.5003872441603197
0.6000000000000001,CP_Structure9_LR,LOCO,P4-R5-ETD,0.0,0,0.4482329896462588
0.6000000000000001,CP_Structure9_LR,LOCO,P4-R5-SHE,0.616825,1,0.6661315955437596
0.6000000000000001,CP_Structure9_LR,LOCO,P4-R5-SHE+P7-R5-SHE,0.7531399999999999,1,0.5253997008545143
0.6000000000000001,CP_Structure9_LR,LOCO,P4-R5-SNE,0.7430950000000001,1,0.7096611632842371
0.6000000000000001,CP_Structure9_LR,LOCO,P4-R5-SNE+P7-R5-SNE,0.80335,1,0.5654182469673474
0.6000000000000001,CP_Structure9_LR,LOCO,P4-R5-SWD+P7-R5-SWD,0.518925,0,0.39166370613348217
0.6000000000000001,CP_Structure9_LR,LOCO,P4-R5-THE+P7-R5-THE,0.68814,1,0.36290708198622396
0.6000000000000001,CP_Structure9_LR,LOCO,P4-R5-YTH+P7-R5-YTH,0.0,0,0.24750741879121443
0.6000000000000001,CP_Structure9_LR,LOCO,P4-R5-YYE+P7-P5-YYE,0.0866649999999999,0,0.40072754797384047
0.6000000000000001,CP_Structure9_LR,LOCO,P5-R6-AYE,0.55629,0,0.6333276257338213
0.6000000000000001,CP_Structure9_LR,LOCO,P5-R6-DFE,0.32484,0,0.55417839240644
0.6000000000000001,CP_Structure9_LR,LOCO,P5-R6-FWD,0.37332,0,0.35511223424542626
0.6000000000000001,CP_Structure9_LR,LOCO,P5-R6-LRD,0.23336,0,0.29581942390538807
0.6000000000000001,CP_Structure9_LR,LOCO,P5-R6-NYE,0.57387,0,0.3722517970150718
0.6000000000000001,CP_Structure9_LR,LOCO,P5-R6-SFE,0.6291599999999999,1,0.502841804301171
0.6000000000000001,CP_Structure9_LR,LOCO,P5-R6-SWD,0.666435,1,0.625937748636575
0.6000000000000001,CP_Structure9_LR,LOCO,P5-R6-SYQ,0.591215,0,0.5350273481914498
0.6000000000000001,CP_Structure9_LR,LOCO,P5-R6-THN,0.529215,0,0.5356863843212575
0.6000000000000001,CP_Structure9_LR,LOCO,P5-R6-TTE,0.348885,0,0.37268851394195246
0.6000000000000001,CP_Structure9_LR,LOCO,P5-R6-TWD,0.59784,0,0.31010122158524106
0.6000000000000001,CP_Structure9_LR,LOCO,P5-R6-TYE,0.44306,0,0.551523287827869
0.6000000000000001,CP_Structure9_LR,LOCO,P5-R6-VFN,0.5554349999999999,0,0.7401394664820194
0.6000000000000001,CP_Structure9_LR,LOCO,P6-R7-MHQ,0.2532999999999999,0,0.36957729057607835
0.6000000000000001,CP_Structure9_LR,LOCO,P6-R7-QFW,0.67784,1,0.3524490792598509
0.6000000000000001,CP_Structure9_LR,LOCO,P6-R7-QRW,0.60431,1,0.567233956176709
0.6000000000000001,CP_Structure9_LR,LOCO,P6-R7-TRQ,0.657745,1,0.6041345419655407
0.6000000000000001,CP_Structure9_LR,LOCO,P6-R7-WFD,0.70041,1,0.40224366871306994
0.6000000000000001,CP_Structure9_LR,LOCO,P6-R7-WFQ,0.651535,1,0.46646996297426135
0.6000000000000001,CP_Structure9_LR,LOCO,P7-R5-SYVIRR,0.79377,1,0.4631838319866825
0.6000000000000001,CP_Structure9_LR,LOCO,P8-R6-GVE,0.658565,1,0.9872776271345483
0.6000000000000001,CP_Structure9_LR,LOCO,PUF12-9,0.7256100000000001,1,0.5595141968992338
0.6000000000000001,CP_Structure9_LR,mutation_group_out,P4-R5-ETD,0.0,0,0.4586822899920562
0.6000000000000001,CP_Structure9_LR,mutation_group_out,P4-R5-SHE,0.616825,1,0.6650147555520778
0.6000000000000001,CP_Structure9_LR,mutation_group_out,P4-R5-SHE+P7-R5-SHE,0.7531399999999999,1,0.4537932044620078
0.6000000000000001,CP_Structure9_LR,mutation_group_out,P4-R5-SNE,0.7430950000000001,1,0.6958141954199344
0.6000000000000001,CP_Structure9_LR,mutation_group_out,P4-R5-SNE+P7-R5-SNE,0.80335,1,0.451761573031428
0.6000000000000001,CP_Structure9_LR,mutation_group_out,P4-R5-SWD+P7-R5-SWD,0.518925,0,0.4259422794045116
0.6000000000000001,CP_Structure9_LR,mutation_group_out,P4-R5-THE+P7-R5-THE,0.68814,1,0.30702310639935093
0.6000000000000001,CP_Structure9_LR,mutation_group_out,P4-R5-YTH+P7-R5-YTH,0.0,0,0.32074503565243584
0.6000000000000001,CP_Structure9_LR,mutation_group_out,P4-R5-YYE+P7-P5-YYE,0.0866649999999999,0,0.3488959030497979
0.6000000000000001,CP_Structure9_LR,mutation_group_out,P5-R6-AYE,0.55629,0,0.6942436446231169
0.6000000000000001,CP_Structure9_LR,mutation_group_out,P5-R6-DFE,0.32484,0,0.5569130086719293
0.6000000000000001,CP_Structure9_LR,mutation_group_out,P5-R6-FWD,0.37332,0,0.39920975124681374
0.6000000000000001,CP_Structure9_LR,mutation_group_out,P5-R6-LRD,0.23336,0,0.37819784739359524
0.6000000000000001,CP_Structure9_LR,mutation_group_out,P5-R6-NYE,0.57387,0,0.38344504053698686
0.6000000000000001,CP_Structure9_LR,mutation_group_out,P5-R6-SFE,0.6291599999999999,1,0.6143700139429863
0.6000000000000001,CP_Structure9_LR,mutation_group_out,P5-R6-SWD,0.666435,1,0.701075269080195
0.6000000000000001,CP_Structure9_LR,mutation_group_out,P5-R6-SYQ,0.591215,0,0.5852514199099719
0.6000000000000001,CP_Structure9_LR,mutation_group_out,P5-R6-THN,0.529215,0,0.5809385983928375
0.6000000000000001,CP_Structure9_LR,mutation_group_out,P5-R6-TTE,0.348885,0,0.43729525268175184
0.6000000000000001,CP_Structure9_LR,mutation_group_out,P5-R6-TWD,0.59784,0,0.48055268912086785
0.6000000000000001,CP_Structure9_LR,mutation_group_out,P5-R6-TYE,0.44306,0,0.5591528377371483
0.6000000000000001,CP_Structure9_LR,mutation_group_out,P5-R6-VFN,0.5554349999999999,0,0.665901875958015
0.6000000000000001,CP_Structure9_LR,mutation_group_out,P6-R7-MHQ,0.2532999999999999,0,0.4494978259385091
0.6000000000000001,CP_Structure9_LR,mutation_group_out,P6-R7-QFW,0.67784,1,0.1980596837864087
0.6000000000000001,CP_Structure9_LR,mutation_group_out,P6-R7-QRW,0.60431,1,0.371926344532842
0.6000000000000001,CP_Structure9_LR,mutation_group_out,P6-R7-TRQ,0.657745,1,0.5436910386322746
0.6000000000000001,CP_Structure9_LR,mutation_group_out,P6-R7-WFD,0.70041,1,0.31804052480035905
0.6000000000000001,CP_Structure9_LR,mutation_group_out,P6-R7-WFQ,0.651535,1,0.40898118771384423
0.6000000000000001,CP_Structure9_LR,mutation_group_out,P7-R5-SYVIRR,0.79377,1,0.4631838319866825
0.6000000000000001,CP_Structure9_LR,mutation_group_out,P8-R6-GVE,0.658565,1,0.9872776271345483
0.6000000000000001,CP_Structure9_LR,mutation_group_out,PUF12-9,0.7256100000000001,1,0.5595141968992338
0.6000000000000001,CP3_RF,LOCO,P4-R5-ETD,0.0,0,0.27513017293164344
0.6000000000000001,CP3_RF,LOCO,P4-R5-SHE,0.616825,1,0.509729726599543
0.6000000000000001,CP3_RF,LOCO,P4-R5-SHE+P7-R5-SHE,0.7531399999999999,1,0.5308449609202074
0.6000000000000001,CP3_RF,LOCO,P4-R5-SNE,0.7430950000000001,1,0.6596518198154494
0.6000000000000001,CP3_RF,LOCO,P4-R5-SNE+P7-R5-SNE,0.80335,1,0.48777372562215304
0.6000000000000001,CP3_RF,LOCO,P4-R5-SWD+P7-R5-SWD,0.518925,0,0.6030606715695723
0.6000000000000001,CP3_RF,LOCO,P4-R5-THE+P7-R5-THE,0.68814,1,0.5992815798090663
0.6000000000000001,CP3_RF,LOCO,P4-R5-YTH+P7-R5-YTH,0.0,0,0.3516452582505214
0.6000000000000001,CP3_RF,LOCO,P4-R5-YYE+P7-P5-YYE,0.0866649999999999,0,0.7907659284300148
0.6000000000000001,CP3_RF,LOCO,P5-R6-AYE,0.55629,0,0.5413479151567386
0.6000000000000001,CP3_RF,LOCO,P5-R6-DFE,0.32484,0,0.09366092722207271
0.6000000000000001,CP3_RF,LOCO,P5-R6-FWD,0.37332,0,0.11352456358570906
0.6000000000000001,CP3_RF,LOCO,P5-R6-LRD,0.23336,0,0.5485270415858651
0.6000000000000001,CP3_RF,LOCO,P5-R6-NYE,0.57387,0,0.0878286109315521
0.6000000000000001,CP3_RF,LOCO,P5-R6-SFE,0.6291599999999999,1,0.61775416399569
0.6000000000000001,CP3_RF,LOCO,P5-R6-SWD,0.666435,1,0.4851850906624665
0.6000000000000001,CP3_RF,LOCO,P5-R6-SYQ,0.591215,0,0.7194045387017519
0.6000000000000001,CP3_RF,LOCO,P5-R6-THN,0.529215,0,0.06951310127780713
0.6000000000000001,CP3_RF,LOCO,P5-R6-TTE,0.348885,0,0.23519995690583925
0.6000000000000001,CP3_RF,LOCO,P5-R6-TWD,0.59784,0,0.5557866904337492
0.6000000000000001,CP3_RF,LOCO,P5-R6-TYE,0.44306,0,0.1482308867602985
0.6000000000000001,CP3_RF,LOCO,P5-R6-VFN,0.5554349999999999,0,0.7309457303532377
0.6000000000000001,CP3_RF,LOCO,P6-R7-MHQ,0.2532999999999999,0,0.6827301587301585
0.6000000000000001,CP3_RF,LOCO,P6-R7-QFW,0.67784,1,0.40276322472711107
0.6000000000000001,CP3_RF,LOCO,P6-R7-QRW,0.60431,1,0.47202388763011904
0.6000000000000001,CP3_RF,LOCO,P6-R7-TRQ,0.657745,1,0.6106026575002201
0.6000000000000001,CP3_RF,LOCO,P6-R7-WFD,0.70041,1,0.5364412237750994
0.6000000000000001,CP3_RF,LOCO,P6-R7-WFQ,0.651535,1,0.6724736945286708
0.6000000000000001,CP3_RF,LOCO,P7-R5-SYVIRR,0.79377,1,0.5728190117641919
0.6000000000000001,CP3_RF,LOCO,P8-R6-GVE,0.658565,1,0.7507690622323985
0.6000000000000001,CP3_RF,LOCO,PUF12-9,0.7256100000000001,1,0.292268612905308
0.6000000000000001,CP3_RF,mutation_group_out,P4-R5-ETD,0.0,0,0.1955534720421383
0.6000000000000001,CP3_RF,mutation_group_out,P4-R5-SHE,0.616825,1,0.5221065910343153
0.6000000000000001,CP3_RF,mutation_group_out,P4-R5-SHE+P7-R5-SHE,0.7531399999999999,1,0.36862946722156975
0.6000000000000001,CP3_RF,mutation_group_out,P4-R5-SNE,0.7430950000000001,1,0.7055926004755719
0.6000000000000001,CP3_RF,mutation_group_out,P4-R5-SNE+P7-R5-SNE,0.80335,1,0.36862946722156975
0.6000000000000001,CP3_RF,mutation_group_out,P4-R5-SWD+P7-R5-SWD,0.518925,0,0.6693922103244329
0.6000000000000001,CP3_RF,mutation_group_out,P4-R5-THE+P7-R5-THE,0.68814,1,0.7103237071146629
0.6000000000000001,CP3_RF,mutation_group_out,P4-R5-YTH+P7-R5-YTH,0.0,0,0.36862946722156975
0.6000000000000001,CP3_RF,mutation_group_out,P4-R5-YYE+P7-P5-YYE,0.0866649999999999,0,0.9100254856061415
0.6000000000000001,CP3_RF,mutation_group_out,P5-R6-AYE,0.55629,0,0.9913086770981507
0.6000000000000001,CP3_RF,mutation_group_out,P5-R6-DFE,0.32484,0,0.23786244515817
0.6000000000000001,CP3_RF,mutation_group_out,P5-R6-FWD,0.37332,0,0.3062839415871023
0.6000000000000001,CP3_RF,mutation_group_out,P5-R6-LRD,0.23336,0,0.9913086770981507
0.6000000000000001,CP3_RF,mutation_group_out,P5-R6-NYE,0.57387,0,0.2357439667112741
0.6000000000000001,CP3_RF,mutation_group_out,P5-R6-SFE,0.6291599999999999,1,0.9913086770981507
0.6000000000000001,CP3_RF,mutation_group_out,P5-R6-SWD,0.666435,1,0.6091720274175904
0.6000000000000001,CP3_RF,mutation_group_out,P5-R6-SYQ,0.591215,0,0.9729001557948928
0.6000000000000001,CP3_RF,mutation_group_out,P5-R6-THN,0.529215,0,0.3028628889555234
0.6000000000000001,CP3_RF,mutation_group_out,P5-R6-TTE,0.348885,0,0.5513498886885904
0.6000000000000001,CP3_RF,mutation_group_out,P5-R6-TWD,0.59784,0,0.9913086770981507
0.6000000000000001,CP3_RF,mutation_group_out,P5-R6-TYE,0.44306,0,0.34400620251906733
0.6000000000000001,CP3_RF,mutation_group_out,P5-R6-VFN,0.5554349999999999,0,0.9913086770981507
0.6000000000000001,CP3_RF,mutation_group_out,P6-R7-MHQ,0.2532999999999999,0,0.810609554344135
0.6000000000000001,CP3_RF,mutation_group_out,P6-R7-QFW,0.67784,1,0.43767072277430485
0.6000000000000001,CP3_RF,mutation_group_out,P6-R7-QRW,0.60431,1,0.4528666979702801
0.6000000000000001,CP3_RF,mutation_group_out,P6-R7-TRQ,0.657745,1,0.5048205721500669
0.6000000000000001,CP3_RF,mutation_group_out,P6-R7-WFD,0.70041,1,0.5600743522319102
0.6000000000000001,CP3_RF,mutation_group_out,P6-R7-WFQ,0.651535,1,0.5853035541536292
0.6000000000000001,CP3_RF,mutation_group_out,P7-R5-SYVIRR,0.79377,1,0.5728190117641919
0.6000000000000001,CP3_RF,mutation_group_out,P8-R6-GVE,0.658565,1,0.7507690622323985
0.6000000000000001,CP3_RF,mutation_group_out,PUF12-9,0.7256100000000001,1,0.292268612905308
0.6000000000000001,CP_Structure9_RF,LOCO,P4-R5-ETD,0.0,0,0.34811067119155353
0.6000000000000001,CP_Structure9_RF,LOCO,P4-R5-SHE,0.616825,1,0.5781809100379964
0.6000000000000001,CP_Structure9_RF,LOCO,P4-R5-SHE+P7-R5-SHE,0.7531399999999999,1,0.5477843194528442
0.6000000000000001,CP_Structure9_RF,LOCO,P4-R5-SNE,0.7430950000000001,1,0.8067282925129198
0.6000000000000001,CP_Structure9_RF,LOCO,P4-R5-SNE+P7-R5-SNE,0.80335,1,0.7089299785134305
0.6000000000000001,CP_Structure9_RF,LOCO,P4-R5-SWD+P7-R5-SWD,0.518925,0,0.434087490940432
0.6000000000000001,CP_Structure9_RF,LOCO,P4-R5-THE+P7-R5-THE,0.68814,1,0.36310697528475516
0.6000000000000001,CP_Structure9_RF,LOCO,P4-R5-YTH+P7-R5-YTH,0.0,0,0.5113775015833838
0.6000000000000001,CP_Structure9_RF,LOCO,P4-R5-YYE+P7-P5-YYE,0.0866649999999999,0,0.2956770770079594
0.6000000000000001,CP_Structure9_RF,LOCO,P5-R6-AYE,0.55629,0,0.7887256232329759
0.6000000000000001,CP_Structure9_RF,LOCO,P5-R6-DFE,0.32484,0,0.5507945494478004
0.6000000000000001,CP_Structure9_RF,LOCO,P5-R6-FWD,0.37332,0,0.07384864400305576
0.6000000000000001,CP_Structure9_RF,LOCO,P5-R6-LRD,0.23336,0,0.681757272139625
0.6000000000000001,CP_Structure9_RF,LOCO,P5-R6-NYE,0.57387,0,0.0999699907935202
0.6000000000000001,CP_Structure9_RF,LOCO,P5-R6-SFE,0.6291599999999999,1,0.4725177494359649
0.6000000000000001,CP_Structure9_RF,LOCO,P5-R6-SWD,0.666435,1,0.6382571513935651
0.6000000000000001,CP_Structure9_RF,LOCO,P5-R6-SYQ,0.591215,0,0.4557403825964197
0.6000000000000001,CP_Structure9_RF,LOCO,P5-R6-THN,0.529215,0,0.329466646528566
0.6000000000000001,CP_Structure9_RF,LOCO,P5-R6-TTE,0.348885,0,0.20533270895770897
0.6000000000000001,CP_Structure9_RF,LOCO,P5-R6-TWD,0.59784,0,0.35052142813327014
0.6000000000000001,CP_Structure9_RF,LOCO,P5-R6-TYE,0.44306,0,0.6604581072522248
0.6000000000000001,CP_Structure9_RF,LOCO,P5-R6-VFN,0.5554349999999999,0,0.8980457516339869
0.6000000000000001,CP_Structure9_RF,LOCO,P6-R7-MHQ,0.2532999999999999,0,0.4689022260419318
0.6000000000000001,CP_Structure9_RF,LOCO,P6-R7-QFW,0.67784,1,0.557744192712389
0.6000000000000001,CP_Structure9_RF,LOCO,P6-R7-QRW,0.60431,1,0.6663334136564757
0.6000000000000001,CP_Structure9_RF,LOCO,P6-R7-TRQ,0.657745,1,0.6532963736657754
0.6000000000000001,CP_Structure9_RF,LOCO,P6-R7-WFD,0.70041,1,0.5394760488041325
0.6000000000000001,CP_Structure9_RF,LOCO,P6-R7-WFQ,0.651535,1,0.4580406779343111
0.6000000000000001,CP_Structure9_RF,LOCO,P7-R5-SYVIRR,0.79377,1,0.4578699791757343
0.6000000000000001,CP_Structure9_RF,LOCO,P8-R6-GVE,0.658565,1,0.8656798512587813
0.6000000000000001,CP_Structure9_RF,LOCO,PUF12-9,0.7256100000000001,1,0.6871367311064489
0.6000000000000001,CP_Structure9_RF,mutation_group_out,P4-R5-ETD,0.0,0,0.3558907341600289
0.6000000000000001,CP_Structure9_RF,mutation_group_out,P4-R5-SHE,0.616825,1,0.5602234380570794
0.6000000000000001,CP_Structure9_RF,mutation_group_out,P4-R5-SHE+P7-R5-SHE,0.7531399999999999,1,0.4564704432113963
0.6000000000000001,CP_Structure9_RF,mutation_group_out,P4-R5-SNE,0.7430950000000001,1,0.8008778228812697
0.6000000000000001,CP_Structure9_RF,mutation_group_out,P4-R5-SNE+P7-R5-SNE,0.80335,1,0.5372573014004373
0.6000000000000001,CP_Structure9_RF,mutation_group_out,P4-R5-SWD+P7-R5-SWD,0.518925,0,0.4593989134894745
0.6000000000000001,CP_Structure9_RF,mutation_group_out,P4-R5-THE+P7-R5-THE,0.68814,1,0.45405072723936063
0.6000000000000001,CP_Structure9_RF,mutation_group_out,P4-R5-YTH+P7-R5-YTH,0.0,0,0.5593031770451021
0.6000000000000001,CP_Structure9_RF,mutation_group_out,P4-R5-YYE+P7-P5-YYE,0.0866649999999999,0,0.29985711291256983
0.6000000000000001,CP_Structure9_RF,mutation_group_out,P5-R6-AYE,0.55629,0,0.8984704884996104
0.6000000000000001,CP_Structure9_RF,mutation_group_out,P5-R6-DFE,0.32484,0,0.866280615955126
0.6000000000000001,CP_Structure9_RF,mutation_group_out,P5-R6-FWD,0.37332,0,0.24460349000531084
0.6000000000000001,CP_Structure9_RF,mutation_group_out,P5-R6-LRD,0.23336,0,0.49850834944043343
0.6000000000000001,CP_Structure9_RF,mutation_group_out,P5-R6-NYE,0.57387,0,0.21469730172354645
0.6000000000000001,CP_Structure9_RF,mutation_group_out,P5-R6-SFE,0.6291599999999999,1,0.8984704884996104
0.6000000000000001,CP_Structure9_RF,mutation_group_out,P5-R6-SWD,0.666435,1,0.866605409134531
0.6000000000000001,CP_Structure9_RF,mutation_group_out,P5-R6-SYQ,0.591215,0,0.9048119519142445
0.6000000000000001,CP_Structure9_RF,mutation_group_out,P5-R6-THN,0.529215,0,0.8518694994593179
0.6000000000000001,CP_Structure9_RF,mutation_group_out,P5-R6-TTE,0.348885,0,0.7892900437413841
0.6000000000000001,CP_Structure9_RF,mutation_group_out,P5-R6-TWD,0.59784,0,0.332618563479027
0.6000000000000001,CP_Structure9_RF,mutation_group_out,P5-R6-TYE,0.44306,0,0.8700760422390315
0.6000000000000001,CP_Structure9_RF,mutation_group_out,P5-R6-VFN,0.5554349999999999,0,0.9177569169960473
0.6000000000000001,CP_Structure9_RF,mutation_group_out,P6-R7-MHQ,0.2532999999999999,0,0.2247990381711312
0.6000000000000001,CP_Structure9_RF,mutation_group_out,P6-R7-QFW,0.67784,1,0.18418443874965607
0.6000000000000001,CP_Structure9_RF,mutation_group_out,P6-R7-QRW,0.60431,1,0.20619670426192158
0.6000000000000001,CP_Structure9_RF,mutation_group_out,P6-R7-TRQ,0.657745,1,0.2881318285691388
0.6000000000000001,CP_Structure9_RF,mutation_group_out,P6-R7-WFD,0.70041,1,0.07394139194139193
0.6000000000000001,CP_Structure9_RF,mutation_group_out,P6-R7-WFQ,0.651535,1,0.14856922450653495
0.6000000000000001,CP_Structure9_RF,mutation_group_out,P7-R5-SYVIRR,0.79377,1,0.4578699791757343
0.6000000000000001,CP_Structure9_RF,mutation_group_out,P8-R6-GVE,0.658565,1,0.8656798512587813
0.6000000000000001,CP_Structure9_RF,mutation_group_out,PUF12-9,0.7256100000000001,1,0.6871367311064489
0.6105674999999999,CP3_LR,LOCO,P4-R5-ETD,0.0,0,0.5107810057871761
0.6105674999999999,CP3_LR,LOCO,P4-R5-SHE,0.616825,1,0.5231238614124994
0.6105674999999999,CP3_LR,LOCO,P4-R5-SHE+P7-R5-SHE,0.7531399999999999,1,0.5011978342851247
0.6105674999999999,CP3_LR,LOCO,P4-R5-SNE,0.7430950000000001,1,0.5540316365552685
0.6105674999999999,CP3_LR,LOCO,P4-R5-SNE+P7-R5-SNE,0.80335,1,0.4851261347054454
0.6105674999999999,CP3_LR,LOCO,P4-R5-SWD+P7-R5-SWD,0.518925,0,0.5082199920979554
0.6105674999999999,CP3_LR,LOCO,P4-R5-THE+P7-R5-THE,0.68814,1,0.47247798895571036
0.6105674999999999,CP3_LR,LOCO,P4-R5-YTH+P7-R5-YTH,0.0,0,0.5098356837029396
0.6105674999999999,CP3_LR,LOCO,P4-R5-YYE+P7-P5-YYE,0.0866649999999999,0,0.5507070206618211
0.6105674999999999,CP3_LR,LOCO,P5-R6-AYE,0.55629,0,0.4826652154405898
0.6105674999999999,CP3_LR,LOCO,P5-R6-DFE,0.32484,0,0.4895993338115335
0.6105674999999999,CP3_LR,LOCO,P5-R6-FWD,0.37332,0,0.4931298382457415
0.6105674999999999,CP3_LR,LOCO,P5-R6-LRD,0.23336,0,0.45989009822495297
0.6105674999999999,CP3_LR,LOCO,P5-R6-NYE,0.57387,0,0.5120292137160867
0.6105674999999999,CP3_LR,LOCO,P5-R6-SFE,0.6291599999999999,1,0.4945748197590459
0.6105674999999999,CP3_LR,LOCO,P5-R6-SWD,0.666435,1,0.47632739738281527
0.6105674999999999,CP3_LR,LOCO,P5-R6-SYQ,0.591215,0,0.5080535121673107
0.6105674999999999,CP3_LR,LOCO,P5-R6-THN,0.529215,0,0.475855040415669
0.6105674999999999,CP3_LR,LOCO,P5-R6-TTE,0.348885,0,0.4654015614071127
0.6105674999999999,CP3_LR,LOCO,P5-R6-TWD,0.59784,0,0.4286880898886918
0.6105674999999999,CP3_LR,LOCO,P5-R6-TYE,0.44306,0,0.5116611654129961
0.6105674999999999,CP3_LR,LOCO,P5-R6-VFN,0.5554349999999999,0,0.47139515751899747
0.6105674999999999,CP3_LR,LOCO,P6-R7-MHQ,0.2532999999999999,0,0.5453983305085381
0.6105674999999999,CP3_LR,LOCO,P6-R7-QFW,0.67784,1,0.27547457521728935
0.6105674999999999,CP3_LR,LOCO,P6-R7-QRW,0.60431,0,0.47658442408188145
0.6105674999999999,CP3_LR,LOCO,P6-R7-TRQ,0.657745,1,0.5470640920703113
0.6105674999999999,CP3_LR,LOCO,P6-R7-WFD,0.70041,1,0.44569352566287707
0.6105674999999999,CP3_LR,LOCO,P6-R7-WFQ,0.651535,1,0.5324525047916583
0.6105674999999999,CP3_LR,LOCO,P7-R5-SYVIRR,0.79377,1,0.5650619174388588
0.6105674999999999,CP3_LR,LOCO,P8-R6-GVE,0.658565,1,0.5903997563966356
0.6105674999999999,CP3_LR,LOCO,PUF12-9,0.7256100000000001,1,0.5049063233865388
0.6105674999999999,CP3_LR,mutation_group_out,P4-R5-ETD,0.0,0,0.5047308862979387
0.6105674999999999,CP3_LR,mutation_group_out,P4-R5-SHE,0.616825,1,0.5400749682408124
0.6105674999999999,CP3_LR,mutation_group_out,P4-R5-SHE+P7-R5-SHE,0.7531399999999999,1,0.4849142763563001
0.6105674999999999,CP3_LR,mutation_group_out,P4-R5-SNE,0.7430950000000001,1,0.5566295348803636
0.6105674999999999,CP3_LR,mutation_group_out,P4-R5-SNE+P7-R5-SNE,0.80335,1,0.47478768710561714
0.6105674999999999,CP3_LR,mutation_group_out,P4-R5-SWD+P7-R5-SWD,0.518925,0,0.5111471548472194
0.6105674999999999,CP3_LR,mutation_group_out,P4-R5-THE+P7-R5-THE,0.68814,1,0.48552278042400276
0.6105674999999999,CP3_LR,mutation_group_out,P4-R5-YTH+P7-R5-YTH,0.0,0,0.45947331879782144
0.6105674999999999,CP3_LR,mutation_group_out,P4-R5-YYE+P7-P5-YYE,0.0866649999999999,0,0.5441876794528777
0.6105674999999999,CP3_LR,mutation_group_out,P5-R6-AYE,0.55629,0,0.5556114831994029
0.6105674999999999,CP3_LR,mutation_group_out,P5-R6-DFE,0.32484,0,0.4678389557509828
0.6105674999999999,CP3_LR,mutation_group_out,P5-R6-FWD,0.37332,0,0.48725495375030686
0.6105674999999999,CP3_LR,mutation_group_out,P5-R6-LRD,0.23336,0,0.5592674773743862
0.6105674999999999,CP3_LR,mutation_group_out,P5-R6-NYE,0.57387,0,0.4859242976470016
0.6105674999999999,CP3_LR,mutation_group_out,P5-R6-SFE,0.6291599999999999,1,0.5313072831992915
0.6105674999999999,CP3_LR,mutation_group_out,P5-R6-SWD,0.666435,1,0.4996969456805622
0.6105674999999999,CP3_LR,mutation_group_out,P5-R6-SYQ,0.591215,0,0.5192172650873296
0.6105674999999999,CP3_LR,mutation_group_out,P5-R6-THN,0.529215,0,0.4785255634658951
0.6105674999999999,CP3_LR,mutation_group_out,P5-R6-TTE,0.348885,0,0.4753684379511028
0.6105674999999999,CP3_LR,mutation_group_out,P5-R6-TWD,0.59784,0,0.5406462184290596
0.6105674999999999,CP3_LR,mutation_group_out,P5-R6-TYE,0.44306,0,0.49599212562687606
0.6105674999999999,CP3_LR,mutation_group_out,P5-R6-VFN,0.5554349999999999,0,0.5249609706291531
0.6105674999999999,CP3_LR,mutation_group_out,P6-R7-MHQ,0.2532999999999999,0,0.6283681097163111
0.6105674999999999,CP3_LR,mutation_group_out,P6-R7-QFW,0.67784,1,0.22834925293768807
0.6105674999999999,CP3_LR,mutation_group_out,P6-R7-QRW,0.60431,0,0.37231520301687543
0.6105674999999999,CP3_LR,mutation_group_out,P6-R7-TRQ,0.657745,1,0.5381866816144277
0.6105674999999999,CP3_LR,mutation_group_out,P6-R7-WFD,0.70041,1,0.41275035582619074
0.6105674999999999,CP3_LR,mutation_group_out,P6-R7-WFQ,0.651535,1,0.5238236197124897
0.6105674999999999,CP3_LR,mutation_group_out,P7-R5-SYVIRR,0.79377,1,0.5650619174388588
0.6105674999999999,CP3_LR,mutation_group_out,P8-R6-GVE,0.658565,1,0.5903997563966356
0.6105674999999999,CP3_LR,mutation_group_out,PUF12-9,0.7256100000000001,1,0.5049063233865388
0.6105674999999999,CP_Structure9_LR,LOCO,P4-R5-ETD,0.0,0,0.46152159093573936
0.6105674999999999,CP_Structure9_LR,LOCO,P4-R5-SHE,0.616825,1,0.7065779814222917
0.6105674999999999,CP_Structure9_LR,LOCO,P4-R5-SHE+P7-R5-SHE,0.7531399999999999,1,0.559530564942499
0.6105674999999999,CP_Structure9_LR,LOCO,P4-R5-SNE,0.7430950000000001,1,0.6939441819324521
0.6105674999999999,CP_Structure9_LR,LOCO,P4-R5-SNE+P7-R5-SNE,0.80335,1,0.6090341626452083
0.6105674999999999,CP_Structure9_LR,LOCO,P4-R5-SWD+P7-R5-SWD,0.518925,0,0.3884848833460297
0.6105674999999999,CP_Structure9_LR,LOCO,P4-R5-THE+P7-R5-THE,0.68814,1,0.4072235184968447
0.6105674999999999,CP_Structure9_LR,LOCO,P4-R5-YTH+P7-R5-YTH,0.0,0,0.24229849704594375
0.6105674999999999,CP_Structure9_LR,LOCO,P4-R5-YYE+P7-P5-YYE,0.0866649999999999,0,0.42646067681028016
0.6105674999999999,CP_Structure9_LR,LOCO,P5-R6-AYE,0.55629,0,0.6008392501505277
0.6105674999999999,CP_Structure9_LR,LOCO,P5-R6-DFE,0.32484,0,0.5564979505904403
0.6105674999999999,CP_Structure9_LR,LOCO,P5-R6-FWD,0.37332,0,0.3910086981819592
0.6105674999999999,CP_Structure9_LR,LOCO,P5-R6-LRD,0.23336,0,0.2594828222932291
0.6105674999999999,CP_Structure9_LR,LOCO,P5-R6-NYE,0.57387,0,0.39943097513398473
0.6105674999999999,CP_Structure9_LR,LOCO,P5-R6-SFE,0.6291599999999999,1,0.48852657659320153
0.6105674999999999,CP_Structure9_LR,LOCO,P5-R6-SWD,0.666435,1,0.623903140616253
0.6105674999999999,CP_Structure9_LR,LOCO,P5-R6-SYQ,0.591215,0,0.5354687506591508
0.6105674999999999,CP_Structure9_LR,LOCO,P5-R6-THN,0.529215,0,0.5428387116666706
0.6105674999999999,CP_Structure9_LR,LOCO,P5-R6-TTE,0.348885,0,0.3953407874906538
0.6105674999999999,CP_Structure9_LR,LOCO,P5-R6-TWD,0.59784,0,0.2894483104201541
0.6105674999999999,CP_Structure9_LR,LOCO,P5-R6-TYE,0.44306,0,0.553630796627293
0.6105674999999999,CP_Structure9_LR,LOCO,P5-R6-VFN,0.5554349999999999,0,0.664647960063684
0.6105674999999999,CP_Structure9_LR,LOCO,P6-R7-MHQ,0.2532999999999999,0,0.4437236942627659
0.6105674999999999,CP_Structure9_LR,LOCO,P6-R7-QFW,0.67784,1,0.26422884995270235
0.6105674999999999,CP_Structure9_LR,LOCO,P6-R7-QRW,0.60431,0,0.567233956176709
0.6105674999999999,CP_Structure9_LR,LOCO,P6-R7-TRQ,0.657745,1,0.5746281426069828
0.6105674999999999,CP_Structure9_LR,LOCO,P6-R7-WFD,0.70041,1,0.3755638260200834
0.6105674999999999,CP_Structure9_LR,LOCO,P6-R7-WFQ,0.651535,1,0.4414766787277318
0.6105674999999999,CP_Structure9_LR,LOCO,P7-R5-SYVIRR,0.79377,1,0.46037349137296785
0.6105674999999999,CP_Structure9_LR,LOCO,P8-R6-GVE,0.658565,1,0.9800555297011382
0.6105674999999999,CP_Structure9_LR,LOCO,PUF12-9,0.7256100000000001,1,0.530736775505743
0.6105674999999999,CP_Structure9_LR,mutation_group_out,P4-R5-ETD,0.0,0,0.47497948784166655
0.6105674999999999,CP_Structure9_LR,mutation_group_out,P4-R5-SHE,0.616825,1,0.7031317123144185
0.6105674999999999,CP_Structure9_LR,mutation_group_out,P4-R5-SHE+P7-R5-SHE,0.7531399999999999,1,0.4934834993744869
0.6105674999999999,CP_Structure9_LR,mutation_group_out,P4-R5-SNE,0.7430950000000001,1,0.6823266850377518
0.6105674999999999,CP_Structure9_LR,mutation_group_out,P4-R5-SNE+P7-R5-SNE,0.80335,1,0.5019648842964942
0.6105674999999999,CP_Structure9_LR,mutation_group_out,P4-R5-SWD+P7-R5-SWD,0.518925,0,0.42696293869005464
0.6105674999999999,CP_Structure9_LR,mutation_group_out,P4-R5-THE+P7-R5-THE,0.68814,1,0.36033057165918436
0.6105674999999999,CP_Structure9_LR,mutation_group_out,P4-R5-YTH+P7-R5-YTH,0.0,0,0.3132386694356708
0.6105674999999999,CP_Structure9_LR,mutation_group_out,P4-R5-YYE+P7-P5-YYE,0.0866649999999999,0,0.38053806121086725
0.6105674999999999,CP_Structure9_LR,mutation_group_out,P5-R6-AYE,0.55629,0,0.6159305539812707
0.6105674999999999,CP_Structure9_LR,mutation_group_out,P5-R6-DFE,0.32484,0,0.5560456929612704
0.6105674999999999,CP_Structure9_LR,mutation_group_out,P5-R6-FWD,0.37332,0,0.4430032437142231
0.6105674999999999,CP_Structure9_LR,mutation_group_out,P5-R6-LRD,0.23336,0,0.30250249661837175
0.6105674999999999,CP_Structure9_LR,mutation_group_out,P5-R6-NYE,0.57387,0,0.4197511596866311
0.6105674999999999,CP_Structure9_LR,mutation_group_out,P5-R6-SFE,0.6291599999999999,1,0.5735866036967807
0.6105674999999999,CP_Structure9_LR,mutation_group_out,P5-R6-SWD,0.666435,1,0.6707179107016539
0.6105674999999999,CP_Structure9_LR,mutation_group_out,P5-R6-SYQ,0.591215,0,0.5664332948182316
0.6105674999999999,CP_Structure9_LR,mutation_group_out,P5-R6-THN,0.529215,0,0.5783071848652206
0.6105674999999999,CP_Structure9_LR,mutation_group_out,P5-R6-TTE,0.348885,0,0.4569450643515419
0.6105674999999999,CP_Structure9_LR,mutation_group_out,P5-R6-TWD,0.59784,0,0.4086437595686528
0.6105674999999999,CP_Structure9_LR,mutation_group_out,P5-R6-TYE,0.44306,0,0.5508377872712498
0.6105674999999999,CP_Structure9_LR,mutation_group_out,P5-R6-VFN,0.5554349999999999,0,0.5461611741587261
0.6105674999999999,CP_Structure9_LR,mutation_group_out,P6-R7-MHQ,0.2532999999999999,0,0.4494978259385091
0.6105674999999999,CP_Structure9_LR,mutation_group_out,P6-R7-QFW,0.67784,1,0.1980596837864087
0.6105674999999999,CP_Structure9_LR,mutation_group_out,P6-R7-QRW,0.60431,0,0.371926344532842
0.6105674999999999,CP_Structure9_LR,mutation_group_out,P6-R7-TRQ,0.657745,1,0.5436910386322746
0.6105674999999999,CP_Structure9_LR,mutation_group_out,P6-R7-WFD,0.70041,1,0.31804052480035905
0.6105674999999999,CP_Structure9_LR,mutation_group_out,P6-R7-WFQ,0.651535,1,0.40898118771384423
0.6105674999999999,CP_Structure9_LR,mutation_group_out,P7-R5-SYVIRR,0.79377,1,0.46037349137296785
0.6105674999999999,CP_Structure9_LR,mutation_group_out,P8-R6-GVE,0.658565,1,0.9800555297011382
0.6105674999999999,CP_Structure9_LR,mutation_group_out,PUF12-9,0.7256100000000001,1,0.530736775505743
0.6105674999999999,CP3_RF,LOCO,P4-R5-ETD,0.0,0,0.3175153659008596
0.6105674999999999,CP3_RF,LOCO,P4-R5-SHE,0.616825,1,0.531200751442609
0.6105674999999999,CP3_RF,LOCO,P4-R5-SHE+P7-R5-SHE,0.7531399999999999,1,0.5452467020577424
0.6105674999999999,CP3_RF,LOCO,P4-R5-SNE,0.7430950000000001,1,0.6673752860238372
0.6105674999999999,CP3_RF,LOCO,P4-R5-SNE+P7-R5-SNE,0.80335,1,0.5089021042397216
0.6105674999999999,CP3_RF,LOCO,P4-R5-SWD+P7-R5-SWD,0.518925,0,0.5904119415684345
0.6105674999999999,CP3_RF,LOCO,P4-R5-THE+P7-R5-THE,0.68814,1,0.5718231729318964
0.6105674999999999,CP3_RF,LOCO,P4-R5-YTH+P7-R5-YTH,0.0,0,0.3904687422892383
0.6105674999999999,CP3_RF,LOCO,P4-R5-YYE+P7-P5-YYE,0.0866649999999999,0,0.8007642556557477
0.6105674999999999,CP3_RF,LOCO,P5-R6-AYE,0.55629,0,0.40004427404409215
0.6105674999999999,CP3_RF,LOCO,P5-R6-DFE,0.32484,0,0.1274433306465389
0.6105674999999999,CP3_RF,LOCO,P5-R6-FWD,0.37332,0,0.14672226747460543
0.6105674999999999,CP3_RF,LOCO,P5-R6-LRD,0.23336,0,0.4433463426278274
0.6105674999999999,CP3_RF,LOCO,P5-R6-NYE,0.57387,0,0.11406786175039317
0.6105674999999999,CP3_RF,LOCO,P5-R6-SFE,0.6291599999999999,1,0.5533559375713768
0.6105674999999999,CP3_RF,LOCO,P5-R6-SWD,0.666435,1,0.4958906578281419
0.6105674999999999,CP3_RF,LOCO,P5-R6-SYQ,0.591215,0,0.7032700992663712
0.6105674999999999,CP3_RF,LOCO,P5-R6-THN,0.529215,0,0.10531713350713243
0.6105674999999999,CP3_RF,LOCO,P5-R6-TTE,0.348885,0,0.2712423606218121
0.6105674999999999,CP3_RF,LOCO,P5-R6-TWD,0.59784,0,0.4474930775124456
0.6105674999999999,CP3_RF,LOCO,P5-R6-TYE,0.44306,0,0.1608418484481961
0.6105674999999999,CP3_RF,LOCO,P5-R6-VFN,0.5554349999999999,0,0.5971420206850834
0.6105674999999999,CP3_RF,LOCO,P6-R7-MHQ,0.2532999999999999,0,0.684586808992315
0.6105674999999999,CP3_RF,LOCO,P6-R7-QFW,0.67784,1,0.27601213677523107
0.6105674999999999,CP3_RF,LOCO,P6-R7-QRW,0.60431,0,0.47202388763011904
0.6105674999999999,CP3_RF,LOCO,P6-R7-TRQ,0.657745,1,0.636792635291828
0.6105674999999999,CP3_RF,LOCO,P6-R7-WFD,0.70041,1,0.46119521357165993
0.6105674999999999,CP3_RF,LOCO,P6-R7-WFQ,0.651535,1,0.6860210175468009
0.6105674999999999,CP3_RF,LOCO,P7-R5-SYVIRR,0.79377,1,0.6272343639658728
0.6105674999999999,CP3_RF,LOCO,P8-R6-GVE,0.658565,1,0.7904717536705596
0.6105674999999999,CP3_RF,LOCO,PUF12-9,0.7256100000000001,1,0.2692219626031703
0.6105674999999999,CP3_RF,mutation_group_out,P4-R5-ETD,0.0,0,0.21902535031785395
0.6105674999999999,CP3_RF,mutation_group_out,P4-R5-SHE,0.616825,1,0.541221769905994
0.6105674999999999,CP3_RF,mutation_group_out,P4-R5-SHE+P7-R5-SHE,0.7531399999999999,1,0.40006064782418144
0.6105674999999999,CP3_RF,mutation_group_out,P4-R5-SNE,0.7430950000000001,1,0.7249752175662048
0.6105674999999999,CP3_RF,mutation_group_out,P4-R5-SNE+P7-R5-SNE,0.80335,1,0.40006064782418144
0.6105674999999999,CP3_RF,mutation_group_out,P4-R5-SWD+P7-R5-SWD,0.518925,0,0.6498037473378554
0.6105674999999999,CP3_RF,mutation_group_out,P4-R5-THE+P7-R5-THE,0.68814,1,0.70674081372742
0.6105674999999999,CP3_RF,mutation_group_out,P4-R5-YTH+P7-R5-YTH,0.0,0,0.40006064782418144
0.6105674999999999,CP3_RF,mutation_group_out,P4-R5-YYE+P7-P5-YYE,0.0866649999999999,0,0.9278090751124333
0.6105674999999999,CP3_RF,mutation_group_out,P5-R6-AYE,0.55629,0,0.6433161625955744
0.6105674999999999,CP3_RF,mutation_group_out,P5-R6-DFE,0.32484,0,0.2901426318779259
0.6105674999999999,CP3_RF,mutation_group_out,P5-R6-FWD,0.37332,0,0.35788123641064823
0.6105674999999999,CP3_RF,mutation_group_out,P5-R6-LRD,0.23336,0,0.6433161625955744
0.6105674999999999,CP3_RF,mutation_group_out,P5-R6-NYE,0.57387,0,0.2951707704060644
0.6105674999999999,CP3_RF,mutation_group_out,P5-R6-SFE,0.6291599999999999,1,0.6895066387860509
0.6105674999999999,CP3_RF,mutation_group_out,P5-R6-SWD,0.666435,1,0.5104418147212266
0.6105674999999999,CP3_RF,mutation_group_out,P5-R6-SYQ,0.591215,0,0.7334114006908127
0.6105674999999999,CP3_RF,mutation_group_out,P5-R6-THN,0.529215,0,0.3149319079613196
0.6105674999999999,CP3_RF,mutation_group_out,P5-R6-TTE,0.348885,0,0.4767507280301399
0.6105674999999999,CP3_RF,mutation_group_out,P5-R6-TWD,0.59784,0,0.6433161625955744
0.6105674999999999,CP3_RF,mutation_group_out,P5-R6-TYE,0.44306,0,0.40758119331648773
0.6105674999999999,CP3_RF,mutation_group_out,P5-R6-VFN,0.5554349999999999,0,0.6795066387860509
0.6105674999999999,CP3_RF,mutation_group_out,P6-R7-MHQ,0.2532999999999999,0,0.810609554344135
0.6105674999999999,CP3_RF,mutation_group_out,P6-R7-QFW,0.67784,1,0.43767072277430485
0.6105674999999999,CP3_RF,mutation_group_out,P6-R7-QRW,0.60431,0,0.4528666979702801
0.6105674999999999,CP3_RF,mutation_group_out,P6-R7-TRQ,0.657745,1,0.5048205721500669
0.6105674999999999,CP3_RF,mutation_group_out,P6-R7-WFD,0.70041,1,0.5600743522319102
0.6105674999999999,CP3_RF,mutation_group_out,P6-R7-WFQ,0.651535,1,0.5853035541536292
0.6105674999999999,CP3_RF,mutation_group_out,P7-R5-SYVIRR,0.79377,1,0.6272343639658728
0.6105674999999999,CP3_RF,mutation_group_out,P8-R6-GVE,0.658565,1,0.7904717536705596
0.6105674999999999,CP3_RF,mutation_group_out,PUF12-9,0.7256100000000001,1,0.2692219626031703
0.6105674999999999,CP_Structure9_RF,LOCO,P4-R5-ETD,0.0,0,0.3330089493996858
0.6105674999999999,CP_Structure9_RF,LOCO,P4-R5-SHE,0.616825,1,0.6568136152027745
0.6105674999999999,CP_Structure9_RF,LOCO,P4-R5-SHE+P7-R5-SHE,0.7531399999999999,1,0.6138101638523983
0.6105674999999999,CP_Structure9_RF,LOCO,P4-R5-SNE,0.7430950000000001,1,0.7690430686194002
0.6105674999999999,CP_Structure9_RF,LOCO,P4-R5-SNE+P7-R5-SNE,0.80335,1,0.775149686751902
0.6105674999999999,CP_Structure9_RF,LOCO,P4-R5-SWD+P7-R5-SWD,0.518925,0,0.4376801512663164
0.6105674999999999,CP_Structure9_RF,LOCO,P4-R5-THE+P7-R5-THE,0.68814,1,0.34587070274040044
0.6105674999999999,CP_Structure9_RF,LOCO,P4-R5-YTH+P7-R5-YTH,0.0,0,0.48360685467238923
0.6105674999999999,CP_Structure9_RF,LOCO,P4-R5-YYE+P7-P5-YYE,0.0866649999999999,0,0.3411954712797445
0.6105674999999999,CP_Structure9_RF,LOCO,P5-R6-AYE,0.55629,0,0.7933445151082296
0.6105674999999999,CP_Structure9_RF,LOCO,P5-R6-DFE,0.32484,0,0.41184206792034755
0.6105674999999999,CP_Structure9_RF,LOCO,P5-R6-FWD,0.37332,0,0.09456014273472128
0.6105674999999999,CP_Structure9_RF,LOCO,P5-R6-LRD,0.23336,0,0.5388058304975943
0.6105674999999999,CP_Structure9_RF,LOCO,P5-R6-NYE,0.57387,0,0.1013522343544664
0.6105674999999999,CP_Structure9_RF,LOCO,P5-R6-SFE,0.6291599999999999,1,0.47411144775390296
0.6105674999999999,CP_Structure9_RF,LOCO,P5-R6-SWD,0.666435,1,0.6388372475047994
0.6105674999999999,CP_Structure9_RF,LOCO,P5-R6-SYQ,0.591215,0,0.3683987489157979
0.6105674999999999,CP_Structure9_RF,LOCO,P5-R6-THN,0.529215,0,0.25479757608822223
0.6105674999999999,CP_Structure9_RF,LOCO,P5-R6-TTE,0.348885,0,0.15789335862273599
0.6105674999999999,CP_Structure9_RF,LOCO,P5-R6-TWD,0.59784,0,0.2864281796926291
0.6105674999999999,CP_Structure9_RF,LOCO,P5-R6-TYE,0.44306,0,0.7136881766770427
0.6105674999999999,CP_Structure9_RF,LOCO,P5-R6-VFN,0.5554349999999999,0,0.8375987512331329
0.6105674999999999,CP_Structure9_RF,LOCO,P6-R7-MHQ,0.2532999999999999,0,0.45277108600447746
0.6105674999999999,CP_Structure9_RF,LOCO,P6-R7-QFW,0.67784,1,0.4308153357842254
0.6105674999999999,CP_Structure9_RF,LOCO,P6-R7-QRW,0.60431,0,0.6663334136564757
0.6105674999999999,CP_Structure9_RF,LOCO,P6-R7-TRQ,0.657745,1,0.5336852108183812
0.6105674999999999,CP_Structure9_RF,LOCO,P6-R7-WFD,0.70041,1,0.44189731262688325
0.6105674999999999,CP_Structure9_RF,LOCO,P6-R7-WFQ,0.651535,1,0.45375771035691626
0.6105674999999999,CP_Structure9_RF,LOCO,P7-R5-SYVIRR,0.79377,1,0.435115482626262
0.6105674999999999,CP_Structure9_RF,LOCO,P8-R6-GVE,0.658565,1,0.8927069040585464
0.6105674999999999,CP_Structure9_RF,LOCO,PUF12-9,0.7256100000000001,1,0.6304496376500921
0.6105674999999999,CP_Structure9_RF,mutation_group_out,P4-R5-ETD,0.0,0,0.3114756956158591
0.6105674999999999,CP_Structure9_RF,mutation_group_out,P4-R5-SHE,0.616825,1,0.6568818624156387
0.6105674999999999,CP_Structure9_RF,mutation_group_out,P4-R5-SHE+P7-R5-SHE,0.7531399999999999,1,0.5153545458967288
0.6105674999999999,CP_Structure9_RF,mutation_group_out,P4-R5-SNE,0.7430950000000001,1,0.8103657486950834
0.6105674999999999,CP_Structure9_RF,mutation_group_out,P4-R5-SNE+P7-R5-SNE,0.80335,1,0.6363550388799549
0.6105674999999999,CP_Structure9_RF,mutation_group_out,P4-R5-SWD+P7-R5-SWD,0.518925,0,0.4574428819936559
0.6105674999999999,CP_Structure9_RF,mutation_group_out,P4-R5-THE+P7-R5-THE,0.68814,1,0.4593914950783668
0.6105674999999999,CP_Structure9_RF,mutation_group_out,P4-R5-YTH+P7-R5-YTH,0.0,0,0.48194821905387153
0.6105674999999999,CP_Structure9_RF,mutation_group_out,P4-R5-YYE+P7-P5-YYE,0.0866649999999999,0,0.4040267613481368
0.6105674999999999,CP_Structure9_RF,mutation_group_out,P5-R6-AYE,0.55629,0,0.883894660894661
0.6105674999999999,CP_Structure9_RF,mutation_group_out,P5-R6-DFE,0.32484,0,0.9320454545454546
0.6105674999999999,CP_Structure9_RF,mutation_group_out,P5-R6-FWD,0.37332,0,0.2893968763434707
0.6105674999999999,CP_Structure9_RF,mutation_group_out,P5-R6-LRD,0.23336,0,0.5399774722181846
0.6105674999999999,CP_Structure9_RF,mutation_group_out,P5-R6-NYE,0.57387,0,0.2508184449709217
0.6105674999999999,CP_Structure9_RF,mutation_group_out,P5-R6-SFE,0.6291599999999999,1,0.893894660894661
0.6105674999999999,CP_Structure9_RF,mutation_group_out,P5-R6-SWD,0.666435,1,0.9215137085137086
0.6105674999999999,CP_Structure9_RF,mutation_group_out,P5-R6-SYQ,0.591215,0,0.893894660894661
0.6105674999999999,CP_Structure9_RF,mutation_group_out,P5-R6-THN,0.529215,0,0.7956098803157627
0.6105674999999999,CP_Structure9_RF,mutation_group_out,P5-R6-TTE,0.348885,0,0.42743999988659437
0.6105674999999999,CP_Structure9_RF,mutation_group_out,P5-R6-TWD,0.59784,0,0.4225705458112581
0.6105674999999999,CP_Structure9_RF,mutation_group_out,P5-R6-TYE,0.44306,0,0.9111645021645022
0.6105674999999999,CP_Structure9_RF,mutation_group_out,P5-R6-VFN,0.5554349999999999,0,0.8454115884115884
0.6105674999999999,CP_Structure9_RF,mutation_group_out,P6-R7-MHQ,0.2532999999999999,0,0.2247990381711312
0.6105674999999999,CP_Structure9_RF,mutation_group_out,P6-R7-QFW,0.67784,1,0.18418443874965607
0.6105674999999999,CP_Structure9_RF,mutation_group_out,P6-R7-QRW,0.60431,0,0.20619670426192158
0.6105674999999999,CP_Structure9_RF,mutation_group_out,P6-R7-TRQ,0.657745,1,0.2881318285691388
0.6105674999999999,CP_Structure9_RF,mutation_group_out,P6-R7-WFD,0.70041,1,0.07394139194139193
0.6105674999999999,CP_Structure9_RF,mutation_group_out,P6-R7-WFQ,0.651535,1,0.14856922450653495
0.6105674999999999,CP_Structure9_RF,mutation_group_out,P7-R5-SYVIRR,0.79377,1,0.435115482626262
0.6105674999999999,CP_Structure9_RF,mutation_group_out,P8-R6-GVE,0.658565,1,0.8927069040585464
0.6105674999999999,CP_Structure9_RF,mutation_group_out,PUF12-9,0.7256100000000001,1,0.6304496376500921
0.6229925,CP3_LR,LOCO,P4-R5-ETD,0.0,0,0.484837196794143
0.6229925,CP3_LR,LOCO,P4-R5-SHE,0.616825,0,0.5231238614124994
0.6229925,CP3_LR,LOCO,P4-R5-SHE+P7-R5-SHE,0.7531399999999999,1,0.4377202403196116
0.6229925,CP3_LR,LOCO,P4-R5-SNE,0.7430950000000001,1,0.5622680191578248
0.6229925,CP3_LR,LOCO,P4-R5-SNE+P7-R5-SNE,0.80335,1,0.40761317827414617
0.6229925,CP3_LR,LOCO,P4-R5-SWD+P7-R5-SWD,0.518925,0,0.5099520253785312
0.6229925,CP3_LR,LOCO,P4-R5-THE+P7-R5-THE,0.68814,1,0.4884685192158214
0.6229925,CP3_LR,LOCO,P4-R5-YTH+P7-R5-YTH,0.0,0,0.4715948001306114
0.6229925,CP3_LR,LOCO,P4-R5-YYE+P7-P5-YYE,0.0866649999999999,0,0.5407809921823341
0.6229925,CP3_LR,LOCO,P5-R6-AYE,0.55629,0,0.5398930296144708
0.6229925,CP3_LR,LOCO,P5-R6-DFE,0.32484,0,0.46735507564819284
0.6229925,CP3_LR,LOCO,P5-R6-FWD,0.37332,0,0.4823043879578723
0.6229925,CP3_LR,LOCO,P5-R6-LRD,0.23336,0,0.5363044882308374
0.6229925,CP3_LR,LOCO,P5-R6-NYE,0.57387,0,0.49227711200646646
0.6229925,CP3_LR,LOCO,P5-R6-SFE,0.6291599999999999,1,0.5151812337925324
0.6229925,CP3_LR,LOCO,P5-R6-SWD,0.666435,1,0.47995175534671997
0.6229925,CP3_LR,LOCO,P5-R6-SYQ,0.591215,0,0.5153264359125185
0.6229925,CP3_LR,LOCO,P5-R6-THN,0.529215,0,0.46551836106056194
0.6229925,CP3_LR,LOCO,P5-R6-TTE,0.348885,0,0.45930837088121307
0.6229925,CP3_LR,LOCO,P5-R6-TWD,0.59784,0,0.4961182482594592
0.6229925,CP3_LR,LOCO,P5-R6-TYE,0.44306,0,0.5002303490818815
0.6229925,CP3_LR,LOCO,P5-R6-VFN,0.5554349999999999,0,0.4988099286831279
0.6229925,CP3_LR,LOCO,P6-R7-MHQ,0.2532999999999999,0,0.4695130560930326
0.6229925,CP3_LR,LOCO,P6-R7-QFW,0.67784,1,0.3618340123987863
0.6229925,CP3_LR,LOCO,P6-R7-QRW,0.60431,0,0.5156667628499428
0.6229925,CP3_LR,LOCO,P6-R7-TRQ,0.657745,1,0.5485511766257656
0.6229925,CP3_LR,LOCO,P6-R7-WFD,0.70041,1,0.4568805550037229
0.6229925,CP3_LR,LOCO,P6-R7-WFQ,0.651535,1,0.5334530976771712
0.6229925,CP3_LR,LOCO,P7-R5-SYVIRR,0.79377,1,0.5531599972462165
0.6229925,CP3_LR,LOCO,P8-R6-GVE,0.658565,1,0.5793414486718628
0.6229925,CP3_LR,LOCO,PUF12-9,0.7256100000000001,1,0.49755326313121734
0.6229925,CP3_LR,mutation_group_out,P4-R5-ETD,0.0,0,0.5047308862979387
0.6229925,CP3_LR,mutation_group_out,P4-R5-SHE,0.616825,0,0.5400749682408124
0.6229925,CP3_LR,mutation_group_out,P4-R5-SHE+P7-R5-SHE,0.7531399999999999,1,0.39901489895303893
0.6229925,CP3_LR,mutation_group_out,P4-R5-SNE,0.7430950000000001,1,0.5566295348803636
0.6229925,CP3_LR,mutation_group_out,P4-R5-SNE+P7-R5-SNE,0.80335,1,0.37648806583220124
0.6229925,CP3_LR,mutation_group_out,P4-R5-SWD+P7-R5-SWD,0.518925,0,0.5057755455286426
0.6229925,CP3_LR,mutation_group_out,P4-R5-THE+P7-R5-THE,0.68814,1,0.4982412766966689
0.6229925,CP3_LR,mutation_group_out,P4-R5-YTH+P7-R5-YTH,0.0,0,0.39784279353906377
0.6229925,CP3_LR,mutation_group_out,P4-R5-YYE+P7-P5-YYE,0.0866649999999999,0,0.5239526609284435
0.6229925,CP3_LR,mutation_group_out,P5-R6-AYE,0.55629,0,0.6242602596887927
0.6229925,CP3_LR,mutation_group_out,P5-R6-DFE,0.32484,0,0.45720750244977043
0.6229925,CP3_LR,mutation_group_out,P5-R6-FWD,0.37332,0,0.4877017865471911
0.6229925,CP3_LR,mutation_group_out,P5-R6-LRD,0.23336,0,0.6436154301278602
0.6229925,CP3_LR,mutation_group_out,P5-R6-NYE,0.57387,0,0.47662467660899005
0.6229925,CP3_LR,mutation_group_out,P5-R6-SFE,0.6291599999999999,1,0.5640207964205396
0.6229925,CP3_LR,mutation_group_out,P5-R6-SWD,0.666435,1,0.5159999821867558
0.6229925,CP3_LR,mutation_group_out,P5-R6-SYQ,0.591215,0,0.5382943417405035
0.6229925,CP3_LR,mutation_group_out,P5-R6-THN,0.529215,0,0.48025851943549797
0.6229925,CP3_LR,mutation_group_out,P5-R6-TTE,0.348885,0,0.48235464152374374
0.6229925,CP3_LR,mutation_group_out,P5-R6-TWD,0.59784,0,0.6194267610122051
0.6229925,CP3_LR,mutation_group_out,P5-R6-TYE,0.44306,0,0.4951505117450971
0.6229925,CP3_LR,mutation_group_out,P5-R6-VFN,0.5554349999999999,0,0.5662938758775146
0.6229925,CP3_LR,mutation_group_out,P6-R7-MHQ,0.2532999999999999,0,0.5542541322445529
0.6229925,CP3_LR,mutation_group_out,P6-R7-QFW,0.67784,1,0.3153174603003263
0.6229925,CP3_LR,mutation_group_out,P6-R7-QRW,0.60431,0,0.4229477470016288
0.6229925,CP3_LR,mutation_group_out,P6-R7-TRQ,0.657745,1,0.545890247985362
0.6229925,CP3_LR,mutation_group_out,P6-R7-WFD,0.70041,1,0.4310739555052988
0.6229925,CP3_LR,mutation_group_out,P6-R7-WFQ,0.651535,1,0.5305433391532852
0.6229925,CP3_LR,mutation_group_out,P7-R5-SYVIRR,0.79377,1,0.5531599972462165
0.6229925,CP3_LR,mutation_group_out,P8-R6-GVE,0.658565,1,0.5793414486718628
0.6229925,CP3_LR,mutation_group_out,PUF12-9,0.7256100000000001,1,0.49755326313121734
0.6229925,CP_Structure9_LR,LOCO,P4-R5-ETD,0.0,0,0.4426464669635434
0.6229925,CP_Structure9_LR,LOCO,P4-R5-SHE,0.616825,0,0.7065779814222917
0.6229925,CP_Structure9_LR,LOCO,P4-R5-SHE+P7-R5-SHE,0.7531399999999999,1,0.4680941704404423
0.6229925,CP_Structure9_LR,LOCO,P4-R5-SNE,0.7430950000000001,1,0.6635142160704632
0.6229925,CP_Structure9_LR,LOCO,P4-R5-SNE+P7-R5-SNE,0.80335,1,0.48055365359520336
0.6229925,CP_Structure9_LR,LOCO,P4-R5-SWD+P7-R5-SWD,0.518925,0,0.412671046453698
0.6229925,CP_Structure9_LR,LOCO,P4-R5-THE+P7-R5-THE,0.68814,1,0.36586909612724194
0.6229925,CP_Structure9_LR,LOCO,P4-R5-YTH+P7-R5-YTH,0.0,0,0.3076038026741186
0.6229925,CP_Structure9_LR,LOCO,P4-R5-YYE+P7-P5-YYE,0.0866649999999999,0,0.4423286060932561
0.6229925,CP_Structure9_LR,LOCO,P5-R6-AYE,0.55629,0,0.6216006012700556
0.6229925,CP_Structure9_LR,LOCO,P5-R6-DFE,0.32484,0,0.5195065545134413
0.6229925,CP_Structure9_LR,LOCO,P5-R6-FWD,0.37332,0,0.38848382253008223
0.6229925,CP_Structure9_LR,LOCO,P5-R6-LRD,0.23336,0,0.4047517208083853
0.6229925,CP_Structure9_LR,LOCO,P5-R6-NYE,0.57387,0,0.3957203747889555
0.6229925,CP_Structure9_LR,LOCO,P5-R6-SFE,0.6291599999999999,1,0.4921720561778
0.6229925,CP_Structure9_LR,LOCO,P5-R6-SWD,0.666435,1,0.5632760517746964
0.6229925,CP_Structure9_LR,LOCO,P5-R6-SYQ,0.591215,0,0.5274723687555033
0.6229925,CP_Structure9_LR,LOCO,P5-R6-THN,0.529215,0,0.5079946881802389
0.6229925,CP_Structure9_LR,LOCO,P5-R6-TTE,0.348885,0,0.3857487729257403
0.6229925,CP_Structure9_LR,LOCO,P5-R6-TWD,0.59784,0,0.3673195435217869
0.6229925,CP_Structure9_LR,LOCO,P5-R6-TYE,0.44306,0,0.5256833651174742
0.6229925,CP_Structure9_LR,LOCO,P5-R6-VFN,0.5554349999999999,0,0.6840049066974129
0.6229925,CP_Structure9_LR,LOCO,P6-R7-MHQ,0.2532999999999999,0,0.3876710298786927
0.6229925,CP_Structure9_LR,LOCO,P6-R7-QFW,0.67784,1,0.3747702406761206
0.6229925,CP_Structure9_LR,LOCO,P6-R7-QRW,0.60431,0,0.6122579209175024
0.6229925,CP_Structure9_LR,LOCO,P6-R7-TRQ,0.657745,1,0.5819020271057187
0.6229925,CP_Structure9_LR,LOCO,P6-R7-WFD,0.70041,1,0.4100841303434935
0.6229925,CP_Structure9_LR,LOCO,P6-R7-WFQ,0.651535,1,0.46016368701778404
0.6229925,CP_Structure9_LR,LOCO,P7-R5-SYVIRR,0.79377,1,0.4830583168226983
0.6229925,CP_Structure9_LR,LOCO,P8-R6-GVE,0.658565,1,0.978042441346015
0.6229925,CP_Structure9_LR,LOCO,PUF12-9,0.7256100000000001,1,0.5186069459965005
0.6229925,CP_Structure9_LR,mutation_group_out,P4-R5-ETD,0.0,0,0.47497948784166655
0.6229925,CP_Structure9_LR,mutation_group_out,P4-R5-SHE,0.616825,0,0.7031317123144185
0.6229925,CP_Structure9_LR,mutation_group_out,P4-R5-SHE+P7-R5-SHE,0.7531399999999999,1,0.37041177796669084
0.6229925,CP_Structure9_LR,mutation_group_out,P4-R5-SNE,0.7430950000000001,1,0.6823266850377518
0.6229925,CP_Structure9_LR,mutation_group_out,P4-R5-SNE+P7-R5-SNE,0.80335,1,0.3393998595971813
0.6229925,CP_Structure9_LR,mutation_group_out,P4-R5-SWD+P7-R5-SWD,0.518925,0,0.4582859550792352
0.6229925,CP_Structure9_LR,mutation_group_out,P4-R5-THE+P7-R5-THE,0.68814,1,0.3020260675418066
0.6229925,CP_Structure9_LR,mutation_group_out,P4-R5-YTH+P7-R5-YTH,0.0,0,0.3776050083554592
0.6229925,CP_Structure9_LR,mutation_group_out,P4-R5-YYE+P7-P5-YYE,0.0866649999999999,0,0.38906486652711264
0.6229925,CP_Structure9_LR,mutation_group_out,P5-R6-AYE,0.55629,0,0.6298421498986894
0.6229925,CP_Structure9_LR,mutation_group_out,P5-R6-DFE,0.32484,0,0.5001689190329011
0.6229925,CP_Structure9_LR,mutation_group_out,P5-R6-FWD,0.37332,0,0.4444094013023489
0.6229925,CP_Structure9_LR,mutation_group_out,P5-R6-LRD,0.23336,0,0.5124881838859209
0.6229925,CP_Structure9_LR,mutation_group_out,P5-R6-NYE,0.57387,0,0.4160759605142326
0.6229925,CP_Structure9_LR,mutation_group_out,P5-R6-SFE,0.6291599999999999,1,0.5653114943171301
0.6229925,CP_Structure9_LR,mutation_group_out,P5-R6-SWD,0.666435,1,0.5915737979757713
0.6229925,CP_Structure9_LR,mutation_group_out,P5-R6-SYQ,0.591215,0,0.5462249797352726
0.6229925,CP_Structure9_LR,mutation_group_out,P5-R6-THN,0.529215,0,0.529963775705333
0.6229925,CP_Structure9_LR,mutation_group_out,P5-R6-TTE,0.348885,0,0.4505381003484101
0.6229925,CP_Structure9_LR,mutation_group_out,P5-R6-TWD,0.59784,0,0.5328748408880167
0.6229925,CP_Structure9_LR,mutation_group_out,P5-R6-TYE,0.44306,0,0.5052471897000793
0.6229925,CP_Structure9_LR,mutation_group_out,P5-R6-VFN,0.5554349999999999,0,0.5862990129760896
0.6229925,CP_Structure9_LR,mutation_group_out,P6-R7-MHQ,0.2532999999999999,0,0.3862072225407156
0.6229925,CP_Structure9_LR,mutation_group_out,P6-R7-QFW,0.67784,1,0.30230292059457536
0.6229925,CP_Structure9_LR,mutation_group_out,P6-R7-QRW,0.60431,0,0.43960325054302185
0.6229925,CP_Structure9_LR,mutation_group_out,P6-R7-TRQ,0.657745,1,0.5609345652288383
0.6229925,CP_Structure9_LR,mutation_group_out,P6-R7-WFD,0.70041,1,0.3601302213197182
0.6229925,CP_Structure9_LR,mutation_group_out,P6-R7-WFQ,0.651535,1,0.43482886828622475
0.6229925,CP_Structure9_LR,mutation_group_out,P7-R5-SYVIRR,0.79377,1,0.4830583168226983
0.6229925,CP_Structure9_LR,mutation_group_out,P8-R6-GVE,0.658565,1,0.978042441346015
0.6229925,CP_Structure9_LR,mutation_group_out,PUF12-9,0.7256100000000001,1,0.5186069459965005
0.6229925,CP3_RF,LOCO,P4-R5-ETD,0.0,0,0.23781668170763237
0.6229925,CP3_RF,LOCO,P4-R5-SHE,0.616825,0,0.531200751442609
0.6229925,CP3_RF,LOCO,P4-R5-SHE+P7-R5-SHE,0.7531399999999999,1,0.3015639270874984
0.6229925,CP3_RF,LOCO,P4-R5-SNE,0.7430950000000001,1,0.7146496909198906
0.6229925,CP3_RF,LOCO,P4-R5-SNE+P7-R5-SNE,0.80335,1,0.2782805211417783
0.6229925,CP3_RF,LOCO,P4-R5-SWD+P7-R5-SWD,0.518925,0,0.6587267992919585
0.6229925,CP3_RF,LOCO,P4-R5-THE+P7-R5-THE,0.68814,1,0.6108420766978481
0.6229925,CP3_RF,LOCO,P4-R5-YTH+P7-R5-YTH,0.0,0,0.28063716025306523
0.6229925,CP3_RF,LOCO,P4-R5-YYE+P7-P5-YYE,0.0866649999999999,0,0.823892498237459
0.6229925,CP3_RF,LOCO,P5-R6-AYE,0.55629,0,0.36616563958180826
0.6229925,CP3_RF,LOCO,P5-R6-DFE,0.32484,0,0.1061235870266454
0.6229925,CP3_RF,LOCO,P5-R6-FWD,0.37332,0,0.11569219013054564
0.6229925,CP3_RF,LOCO,P5-R6-LRD,0.23336,0,0.39373120199681955
0.6229925,CP3_RF,LOCO,P5-R6-NYE,0.57387,0,0.10699730882387147
0.6229925,CP3_RF,LOCO,P5-R6-SFE,0.6291599999999999,1,0.6043119866363198
0.6229925,CP3_RF,LOCO,P5-R6-SWD,0.666435,1,0.5144287016640867
0.6229925,CP3_RF,LOCO,P5-R6-SYQ,0.591215,0,0.7595553832508435
0.6229925,CP3_RF,LOCO,P5-R6-THN,0.529215,0,0.06844341246458498
0.6229925,CP3_RF,LOCO,P5-R6-TTE,0.348885,0,0.22568549992078576
0.6229925,CP3_RF,LOCO,P5-R6-TWD,0.59784,0,0.40100508947847735
0.6229925,CP3_RF,LOCO,P5-R6-TYE,0.44306,0,0.13732349799136082
0.6229925,CP3_RF,LOCO,P5-R6-VFN,0.5554349999999999,0,0.6019222222587384
0.6229925,CP3_RF,LOCO,P6-R7-MHQ,0.2532999999999999,0,0.46215760035517994
0.6229925,CP3_RF,LOCO,P6-R7-QFW,0.67784,1,0.20823056596734493
0.6229925,CP3_RF,LOCO,P6-R7-QRW,0.60431,0,0.45610002267698185
0.6229925,CP3_RF,LOCO,P6-R7-TRQ,0.657745,1,0.762009197137684
0.6229925,CP3_RF,LOCO,P6-R7-WFD,0.70041,1,0.40195949922902047
0.6229925,CP3_RF,LOCO,P6-R7-WFQ,0.651535,1,0.7507709728949348
0.6229925,CP3_RF,LOCO,P7-R5-SYVIRR,0.79377,1,0.6545574479104466
0.6229925,CP3_RF,LOCO,P8-R6-GVE,0.658565,1,0.7494946964753472
0.6229925,CP3_RF,LOCO,PUF12-9,0.7256100000000001,1,0.3943017317511449
0.6229925,CP3_RF,mutation_group_out,P4-R5-ETD,0.0,0,0.21902535031785395
0.6229925,CP3_RF,mutation_group_out,P4-R5-SHE,0.616825,0,0.541221769905994
0.6229925,CP3_RF,mutation_group_out,P4-R5-SHE+P7-R5-SHE,0.7531399999999999,1,0.055749482401656315
0.6229925,CP3_RF,mutation_group_out,P4-R5-SNE,0.7430950000000001,1,0.7249752175662048
0.6229925,CP3_RF,mutation_group_out,P4-R5-SNE+P7-R5-SNE,0.80335,1,0.055749482401656315
0.6229925,CP3_RF,mutation_group_out,P4-R5-SWD+P7-R5-SWD,0.518925,0,0.8049127857827972
0.6229925,CP3_RF,mutation_group_out,P4-R5-THE+P7-R5-THE,0.68814,1,0.7985234806434921
0.6229925,CP3_RF,mutation_group_out,P4-R5-YTH+P7-R5-YTH,0.0,0,0.055749482401656315
0.6229925,CP3_RF,mutation_group_out,P4-R5-YYE+P7-P5-YYE,0.0866649999999999,0,0.9478522631899561
0.6229925,CP3_RF,mutation_group_out,P5-R6-AYE,0.55629,0,0.6729744894901247
0.6229925,CP3_RF,mutation_group_out,P5-R6-DFE,0.32484,0,0.26489855723430195
0.6229925,CP3_RF,mutation_group_out,P5-R6-FWD,0.37332,0,0.37218340304695724
0.6229925,CP3_RF,mutation_group_out,P5-R6-LRD,0.23336,0,0.6729744894901247
0.6229925,CP3_RF,mutation_group_out,P5-R6-NYE,0.57387,0,0.2667889627064687
0.6229925,CP3_RF,mutation_group_out,P5-R6-SFE,0.6291599999999999,1,0.7300252406781067
0.6229925,CP3_RF,mutation_group_out,P5-R6-SWD,0.666435,1,0.5336685582660141
0.6229925,CP3_RF,mutation_group_out,P5-R6-SYQ,0.591215,0,0.7736649291063596
0.6229925,CP3_RF,mutation_group_out,P5-R6-THN,0.529215,0,0.32578485161813875
0.6229925,CP3_RF,mutation_group_out,P5-R6-TTE,0.348885,0,0.45695205245639414
0.6229925,CP3_RF,mutation_group_out,P5-R6-TWD,0.59784,0,0.6729744894901247
0.6229925,CP3_RF,mutation_group_out,P5-R6-TYE,0.44306,0,0.4776617229903995
0.6229925,CP3_RF,mutation_group_out,P5-R6-VFN,0.5554349999999999,0,0.7142039640823622
0.6229925,CP3_RF,mutation_group_out,P6-R7-MHQ,0.2532999999999999,0,0.5816073399690194
0.6229925,CP3_RF,mutation_group_out,P6-R7-QFW,0.67784,1,0.3812985731957116
0.6229925,CP3_RF,mutation_group_out,P6-R7-QRW,0.60431,0,0.3956590958373036
0.6229925,CP3_RF,mutation_group_out,P6-R7-TRQ,0.657745,1,0.6340938026181479
0.6229925,CP3_RF,mutation_group_out,P6-R7-WFD,0.70041,1,0.5649057514449332
0.6229925,CP3_RF,mutation_group_out,P6-R7-WFQ,0.651535,1,0.6450048471729827
0.6229925,CP3_RF,mutation_group_out,P7-R5-SYVIRR,0.79377,1,0.6545574479104466
0.6229925,CP3_RF,mutation_group_out,P8-R6-GVE,0.658565,1,0.7494946964753472
0.6229925,CP3_RF,mutation_group_out,PUF12-9,0.7256100000000001,1,0.3943017317511449
0.6229925,CP_Structure9_RF,LOCO,P4-R5-ETD,0.0,0,0.30601515067135465
0.6229925,CP_Structure9_RF,LOCO,P4-R5-SHE,0.616825,0,0.6568136152027745
0.6229925,CP_Structure9_RF,LOCO,P4-R5-SHE+P7-R5-SHE,0.7531399999999999,1,0.34311377623378564
0.6229925,CP_Structure9_RF,LOCO,P4-R5-SNE,0.7430950000000001,1,0.7803477251827968
0.6229925,CP_Structure9_RF,LOCO,P4-R5-SNE+P7-R5-SNE,0.80335,1,0.47567512488308494
0.6229925,CP_Structure9_RF,LOCO,P4-R5-SWD+P7-R5-SWD,0.518925,0,0.5163642572385034
0.6229925,CP_Structure9_RF,LOCO,P4-R5-THE+P7-R5-THE,0.68814,1,0.3453167529133146
0.6229925,CP_Structure9_RF,LOCO,P4-R5-YTH+P7-R5-YTH,0.0,0,0.4942381222526915
0.6229925,CP_Structure9_RF,LOCO,P4-R5-YYE+P7-P5-YYE,0.0866649999999999,0,0.3541238107193106
0.6229925,CP_Structure9_RF,LOCO,P5-R6-AYE,0.55629,0,0.7012753073250849
0.6229925,CP_Structure9_RF,LOCO,P5-R6-DFE,0.32484,0,0.49821479444456535
0.6229925,CP_Structure9_RF,LOCO,P5-R6-FWD,0.37332,0,0.11197086533709102
0.6229925,CP_Structure9_RF,LOCO,P5-R6-LRD,0.23336,0,0.540099665665132
0.6229925,CP_Structure9_RF,LOCO,P5-R6-NYE,0.57387,0,0.1204932251008103
0.6229925,CP_Structure9_RF,LOCO,P5-R6-SFE,0.6291599999999999,1,0.43879559348908076
0.6229925,CP_Structure9_RF,LOCO,P5-R6-SWD,0.666435,1,0.46447779437218645
0.6229925,CP_Structure9_RF,LOCO,P5-R6-SYQ,0.591215,0,0.4323629699006253
0.6229925,CP_Structure9_RF,LOCO,P5-R6-THN,0.529215,0,0.27051890447565435
0.6229925,CP_Structure9_RF,LOCO,P5-R6-TTE,0.348885,0,0.16871835835923826
0.6229925,CP_Structure9_RF,LOCO,P5-R6-TWD,0.59784,0,0.35254666348779723
0.6229925,CP_Structure9_RF,LOCO,P5-R6-TYE,0.44306,0,0.5093680378351576
0.6229925,CP_Structure9_RF,LOCO,P5-R6-VFN,0.5554349999999999,0,0.8067006128391171
0.6229925,CP_Structure9_RF,LOCO,P6-R7-MHQ,0.2532999999999999,0,0.36460084432910805
0.6229925,CP_Structure9_RF,LOCO,P6-R7-QFW,0.67784,1,0.43646722127781634
0.6229925,CP_Structure9_RF,LOCO,P6-R7-QRW,0.60431,0,0.6578363874903485
0.6229925,CP_Structure9_RF,LOCO,P6-R7-TRQ,0.657745,1,0.650687329441162
0.6229925,CP_Structure9_RF,LOCO,P6-R7-WFD,0.70041,1,0.4655769242881729
0.6229925,CP_Structure9_RF,LOCO,P6-R7-WFQ,0.651535,1,0.5453530388534588
0.6229925,CP_Structure9_RF,LOCO,P7-R5-SYVIRR,0.79377,1,0.5262309308691976
0.6229925,CP_Structure9_RF,LOCO,P8-R6-GVE,0.658565,1,0.8463544362475255
0.6229925,CP_Structure9_RF,LOCO,PUF12-9,0.7256100000000001,1,0.6559266576825619
0.6229925,CP_Structure9_RF,mutation_group_out,P4-R5-ETD,0.0,0,0.3114756956158591
0.6229925,CP_Structure9_RF,mutation_group_out,P4-R5-SHE,0.616825,0,0.6568818624156387
0.6229925,CP_Structure9_RF,mutation_group_out,P4-R5-SHE+P7-R5-SHE,0.7531399999999999,1,0.20355032835891154
0.6229925,CP_Structure9_RF,mutation_group_out,P4-R5-SNE,0.7430950000000001,1,0.8103657486950834
0.6229925,CP_Structure9_RF,mutation_group_out,P4-R5-SNE+P7-R5-SNE,0.80335,1,0.30282761015625465
0.6229925,CP_Structure9_RF,mutation_group_out,P4-R5-SWD+P7-R5-SWD,0.518925,0,0.5491316346178347
0.6229925,CP_Structure9_RF,mutation_group_out,P4-R5-THE+P7-R5-THE,0.68814,1,0.4349714241702041
0.6229925,CP_Structure9_RF,mutation_group_out,P4-R5-YTH+P7-R5-YTH,0.0,0,0.32221445059691023
0.6229925,CP_Structure9_RF,mutation_group_out,P4-R5-YYE+P7-P5-YYE,0.0866649999999999,0,0.4232037251393646
0.6229925,CP_Structure9_RF,mutation_group_out,P5-R6-AYE,0.55629,0,0.5787007846196672
0.6229925,CP_Structure9_RF,mutation_group_out,P5-R6-DFE,0.32484,0,0.6329150762204881
0.6229925,CP_Structure9_RF,mutation_group_out,P5-R6-FWD,0.37332,0,0.27959702379637896
0.6229925,CP_Structure9_RF,mutation_group_out,P5-R6-LRD,0.23336,0,0.6029590324579388
0.6229925,CP_Structure9_RF,mutation_group_out,P5-R6-NYE,0.57387,0,0.19897029712721498
0.6229925,CP_Structure9_RF,mutation_group_out,P5-R6-SFE,0.6291599999999999,1,0.5836118957307782
0.6229925,CP_Structure9_RF,mutation_group_out,P5-R6-SWD,0.666435,1,0.5951369123306454
0.6229925,CP_Structure9_RF,mutation_group_out,P5-R6-SYQ,0.591215,0,0.5865892859116567
0.6229925,CP_Structure9_RF,mutation_group_out,P5-R6-THN,0.529215,0,0.5318869034407772
0.6229925,CP_Structure9_RF,mutation_group_out,P5-R6-TTE,0.348885,0,0.29592866036697385
0.6229925,CP_Structure9_RF,mutation_group_out,P5-R6-TWD,0.59784,0,0.40586942388998554
0.6229925,CP_Structure9_RF,mutation_group_out,P5-R6-TYE,0.44306,0,0.542754467903994
0.6229925,CP_Structure9_RF,mutation_group_out,P5-R6-VFN,0.5554349999999999,0,0.7498339764307052
0.6229925,CP_Structure9_RF,mutation_group_out,P6-R7-MHQ,0.2532999999999999,0,0.19974727583082938
0.6229925,CP_Structure9_RF,mutation_group_out,P6-R7-QFW,0.67784,1,0.2298887458370726
0.6229925,CP_Structure9_RF,mutation_group_out,P6-R7-QRW,0.60431,0,0.26474757174353303
0.6229925,CP_Structure9_RF,mutation_group_out,P6-R7-TRQ,0.657745,1,0.35331323909354145
0.6229925,CP_Structure9_RF,mutation_group_out,P6-R7-WFD,0.70041,1,0.14439133194803863
0.6229925,CP_Structure9_RF,mutation_group_out,P6-R7-WFQ,0.651535,1,0.21707714654142066
0.6229925,CP_Structure9_RF,mutation_group_out,P7-R5-SYVIRR,0.79377,1,0.5262309308691976
0.6229925,CP_Structure9_RF,mutation_group_out,P8-R6-GVE,0.658565,1,0.8463544362475255
0.6229925,CP_Structure9_RF,mutation_group_out,PUF12-9,0.7256100000000001,1,0.6559266576825619
0.6500000000000001,CP3_LR,LOCO,P4-R5-ETD,0.0,0,0.4946000419476247
0.6500000000000001,CP3_LR,LOCO,P4-R5-SHE,0.616825,0,0.5432396681531013
0.6500000000000001,CP3_LR,LOCO,P4-R5-SHE+P7-R5-SHE,0.7531399999999999,1,0.45701135155764994
0.6500000000000001,CP3_LR,LOCO,P4-R5-SNE,0.7430950000000001,1,0.5526138170696006
0.6500000000000001,CP3_LR,LOCO,P4-R5-SNE+P7-R5-SNE,0.80335,1,0.43013766850374363
0.6500000000000001,CP3_LR,LOCO,P4-R5-SWD+P7-R5-SWD,0.518925,0,0.5083766336912059
0.6500000000000001,CP3_LR,LOCO,P4-R5-THE+P7-R5-THE,0.68814,1,0.48245405903258876
0.6500000000000001,CP3_LR,LOCO,P4-R5-YTH+P7-R5-YTH,0.0,0,0.48646624334592814
0.6500000000000001,CP3_LR,LOCO,P4-R5-YYE+P7-P5-YYE,0.0866649999999999,0,0.5405423048156107
0.6500000000000001,CP3_LR,LOCO,P5-R6-AYE,0.55629,0,0.5162119001919313
0.6500000000000001,CP3_LR,LOCO,P5-R6-DFE,0.32484,0,0.47700959029777795
0.6500000000000001,CP3_LR,LOCO,P5-R6-FWD,0.37332,0,0.4870054331959114
0.6500000000000001,CP3_LR,LOCO,P5-R6-LRD,0.23336,0,0.5061102492014311
0.6500000000000001,CP3_LR,LOCO,P5-R6-NYE,0.57387,0,0.4995257902683334
0.6500000000000001,CP3_LR,LOCO,P5-R6-SFE,0.6291599999999999,0,0.5151812337925324
0.6500000000000001,CP3_LR,LOCO,P5-R6-SWD,0.666435,1,0.479278881525879
0.6500000000000001,CP3_LR,LOCO,P5-R6-SYQ,0.591215,0,0.5112554915712506
0.6500000000000001,CP3_LR,LOCO,P5-R6-THN,0.529215,0,0.4712948755307261
0.6500000000000001,CP3_LR,LOCO,P5-R6-TTE,0.348885,0,0.46373846210483266
0.6500000000000001,CP3_LR,LOCO,P5-R6-TWD,0.59784,0,0.4723315343642047
0.6500000000000001,CP3_LR,LOCO,P5-R6-TYE,0.44306,0,0.5037904223512184
0.6500000000000001,CP3_LR,LOCO,P5-R6-VFN,0.5554349999999999,0,0.4889670181289753
0.6500000000000001,CP3_LR,LOCO,P6-R7-MHQ,0.2532999999999999,0,0.497415214832371
0.6500000000000001,CP3_LR,LOCO,P6-R7-QFW,0.67784,1,0.315956984090194
0.6500000000000001,CP3_LR,LOCO,P6-R7-QRW,0.60431,0,0.5001331333852258
0.6500000000000001,CP3_LR,LOCO,P6-R7-TRQ,0.657745,1,0.5433394649668547
0.6500000000000001,CP3_LR,LOCO,P6-R7-WFD,0.70041,1,0.4541124586725178
0.6500000000000001,CP3_LR,LOCO,P6-R7-WFQ,0.651535,1,0.529586546672312
0.6500000000000001,CP3_LR,LOCO,P7-R5-SYVIRR,0.79377,1,0.5518482889447468
0.6500000000000001,CP3_LR,LOCO,P8-R6-GVE,0.658565,1,0.5733319826550468
0.6500000000000001,CP3_LR,LOCO,PUF12-9,0.7256100000000001,1,0.49988098931753183
0.6500000000000001,CP3_LR,mutation_group_out,P4-R5-ETD,0.0,0,0.5151780415179738
0.6500000000000001,CP3_LR,mutation_group_out,P4-R5-SHE,0.616825,0,0.5599818628496994
0.6500000000000001,CP3_LR,mutation_group_out,P4-R5-SHE+P7-R5-SHE,0.7531399999999999,1,0.41465738608571245
0.6500000000000001,CP3_LR,mutation_group_out,P4-R5-SNE,0.7430950000000001,1,0.5476081354321797
0.6500000000000001,CP3_LR,mutation_group_out,P4-R5-SNE+P7-R5-SNE,0.80335,1,0.3944628122521795
0.6500000000000001,CP3_LR,mutation_group_out,P4-R5-SWD+P7-R5-SWD,0.518925,0,0.5061009835424507
0.6500000000000001,CP3_LR,mutation_group_out,P4-R5-THE+P7-R5-THE,0.68814,1,0.49548894772444696
0.6500000000000001,CP3_LR,mutation_group_out,P4-R5-YTH+P7-R5-YTH,0.0,0,0.40964720229321183
0.6500000000000001,CP3_LR,mutation_group_out,P4-R5-YYE+P7-P5-YYE,0.0866649999999999,0,0.5251422534012424
0.6500000000000001,CP3_LR,mutation_group_out,P5-R6-AYE,0.55629,0,0.6242602596887927
0.6500000000000001,CP3_LR,mutation_group_out,P5-R6-DFE,0.32484,0,0.45720750244977043
0.6500000000000001,CP3_LR,mutation_group_out,P5-R6-FWD,0.37332,0,0.4877017865471911
0.6500000000000001,CP3_LR,mutation_group_out,P5-R6-LRD,0.23336,0,0.6436154301278602
0.6500000000000001,CP3_LR,mutation_group_out,P5-R6-NYE,0.57387,0,0.47662467660899005
0.6500000000000001,CP3_LR,mutation_group_out,P5-R6-SFE,0.6291599999999999,0,0.5640207964205396
0.6500000000000001,CP3_LR,mutation_group_out,P5-R6-SWD,0.666435,1,0.5159999821867558
0.6500000000000001,CP3_LR,mutation_group_out,P5-R6-SYQ,0.591215,0,0.5382943417405035
0.6500000000000001,CP3_LR,mutation_group_out,P5-R6-THN,0.529215,0,0.48025851943549797
0.6500000000000001,CP3_LR,mutation_group_out,P5-R6-TTE,0.348885,0,0.48235464152374374
0.6500000000000001,CP3_LR,mutation_group_out,P5-R6-TWD,0.59784,0,0.6194267610122051
0.6500000000000001,CP3_LR,mutation_group_out,P5-R6-TYE,0.44306,0,0.4951505117450971
0.6500000000000001,CP3_LR,mutation_group_out,P5-R6-VFN,0.5554349999999999,0,0.5662938758775146
0.6500000000000001,CP3_LR,mutation_group_out,P6-R7-MHQ,0.2532999999999999,0,0.6010724686339485
0.6500000000000001,CP3_LR,mutation_group_out,P6-R7-QFW,0.67784,1,0.2586004054125992
0.6500000000000001,CP3_LR,mutation_group_out,P6-R7-QRW,0.60431,0,0.38917891784789366
0.6500000000000001,CP3_LR,mutation_group_out,P6-R7-TRQ,0.657745,1,0.5371332256918974
0.6500000000000001,CP3_LR,mutation_group_out,P6-R7-WFD,0.70041,1,0.4195669739441658
0.6500000000000001,CP3_LR,mutation_group_out,P6-R7-WFQ,0.651535,1,0.5226119156829199
0.6500000000000001,CP3_LR,mutation_group_out,P7-R5-SYVIRR,0.79377,1,0.5518482889447468
0.6500000000000001,CP3_LR,mutation_group_out,P8-R6-GVE,0.658565,1,0.5733319826550468
0.6500000000000001,CP3_LR,mutation_group_out,PUF12-9,0.7256100000000001,1,0.49988098931753183
0.6500000000000001,CP_Structure9_LR,LOCO,P4-R5-ETD,0.0,0,0.44827556218468545
0.6500000000000001,CP_Structure9_LR,LOCO,P4-R5-SHE,0.616825,0,0.7056055380720714
0.6500000000000001,CP_Structure9_LR,LOCO,P4-R5-SHE+P7-R5-SHE,0.7531399999999999,1,0.5026725779263836
0.6500000000000001,CP_Structure9_LR,LOCO,P4-R5-SNE,0.7430950000000001,1,0.6592831353197887
0.6500000000000001,CP_Structure9_LR,LOCO,P4-R5-SNE+P7-R5-SNE,0.80335,1,0.5218744337792578
0.6500000000000001,CP_Structure9_LR,LOCO,P4-R5-SWD+P7-R5-SWD,0.518925,0,0.41044868335398976
0.6500000000000001,CP_Structure9_LR,LOCO,P4-R5-THE+P7-R5-THE,0.68814,1,0.3127420063106433
0.6500000000000001,CP_Structure9_LR,LOCO,P4-R5-YTH+P7-R5-YTH,0.0,0,0.40691289856954244
0.6500000000000001,CP_Structure9_LR,LOCO,P4-R5-YYE+P7-P5-YYE,0.0866649999999999,0,0.3866001496754827
0.6500000000000001,CP_Structure9_LR,LOCO,P5-R6-AYE,0.55629,0,0.5326415222165696
0.6500000000000001,CP_Structure9_LR,LOCO,P5-R6-DFE,0.32484,0,0.5123876738887702
0.6500000000000001,CP_Structure9_LR,LOCO,P5-R6-FWD,0.37332,0,0.37413400942519903
0.6500000000000001,CP_Structure9_LR,LOCO,P5-R6-LRD,0.23336,0,0.4712542713998151
0.6500000000000001,CP_Structure9_LR,LOCO,P5-R6-NYE,0.57387,0,0.3787081464996877
0.6500000000000001,CP_Structure9_LR,LOCO,P5-R6-SFE,0.6291599999999999,0,0.4921720561778
0.6500000000000001,CP_Structure9_LR,LOCO,P5-R6-SWD,0.666435,1,0.5436539429052838
0.6500000000000001,CP_Structure9_LR,LOCO,P5-R6-SYQ,0.591215,0,0.4872730079043998
0.6500000000000001,CP_Structure9_LR,LOCO,P5-R6-THN,0.529215,0,0.5102609520272501
0.6500000000000001,CP_Structure9_LR,LOCO,P5-R6-TTE,0.348885,0,0.3984027490490413
0.6500000000000001,CP_Structure9_LR,LOCO,P5-R6-TWD,0.59784,0,0.35523181556247113
0.6500000000000001,CP_Structure9_LR,LOCO,P5-R6-TYE,0.44306,0,0.5052301777427871
0.6500000000000001,CP_Structure9_LR,LOCO,P5-R6-VFN,0.5554349999999999,0,0.7004230150298387
0.6500000000000001,CP_Structure9_LR,LOCO,P6-R7-MHQ,0.2532999999999999,0,0.4398836119166281
0.6500000000000001,CP_Structure9_LR,LOCO,P6-R7-QFW,0.67784,1,0.35089492571692543
0.6500000000000001,CP_Structure9_LR,LOCO,P6-R7-QRW,0.60431,0,0.5988361063713258
0.6500000000000001,CP_Structure9_LR,LOCO,P6-R7-TRQ,0.657745,1,0.5498461267025279
0.6500000000000001,CP_Structure9_LR,LOCO,P6-R7-WFD,0.70041,1,0.41460124698292083
0.6500000000000001,CP_Structure9_LR,LOCO,P6-R7-WFQ,0.651535,1,0.48447083730630713
0.6500000000000001,CP_Structure9_LR,LOCO,P7-R5-SYVIRR,0.79377,1,0.4504460678471017
0.6500000000000001,CP_Structure9_LR,LOCO,P8-R6-GVE,0.658565,1,0.9863255372266163
0.6500000000000001,CP_Structure9_LR,LOCO,PUF12-9,0.7256100000000001,1,0.5284118526630058
0.6500000000000001,CP_Structure9_LR,mutation_group_out,P4-R5-ETD,0.0,0,0.4807993613927139
0.6500000000000001,CP_Structure9_LR,mutation_group_out,P4-R5-SHE,0.616825,0,0.700717249039225
0.6500000000000001,CP_Structure9_LR,mutation_group_out,P4-R5-SHE+P7-R5-SHE,0.7531399999999999,1,0.41002070213567426
0.6500000000000001,CP_Structure9_LR,mutation_group_out,P4-R5-SNE,0.7430950000000001,1,0.6759051912508347
0.6500000000000001,CP_Structure9_LR,mutation_group_out,P4-R5-SNE+P7-R5-SNE,0.80335,1,0.37734722960237643
0.6500000000000001,CP_Structure9_LR,mutation_group_out,P4-R5-SWD+P7-R5-SWD,0.518925,0,0.4649355567833175
0.6500000000000001,CP_Structure9_LR,mutation_group_out,P4-R5-THE+P7-R5-THE,0.68814,1,0.24485382712364862
0.6500000000000001,CP_Structure9_LR,mutation_group_out,P4-R5-YTH+P7-R5-YTH,0.0,0,0.5057952337654016
0.6500000000000001,CP_Structure9_LR,mutation_group_out,P4-R5-YYE+P7-P5-YYE,0.0866649999999999,0,0.3226829336559173
0.6500000000000001,CP_Structure9_LR,mutation_group_out,P5-R6-AYE,0.55629,0,0.6298421498986894
0.6500000000000001,CP_Structure9_LR,mutation_group_out,P5-R6-DFE,0.32484,0,0.5001689190329011
0.6500000000000001,CP_Structure9_LR,mutation_group_out,P5-R6-FWD,0.37332,0,0.4444094013023489
0.6500000000000001,CP_Structure9_LR,mutation_group_out,P5-R6-LRD,0.23336,0,0.5124881838859209
0.6500000000000001,CP_Structure9_LR,mutation_group_out,P5-R6-NYE,0.57387,0,0.4160759605142326
0.6500000000000001,CP_Structure9_LR,mutation_group_out,P5-R6-SFE,0.6291599999999999,0,0.5653114943171301
0.6500000000000001,CP_Structure9_LR,mutation_group_out,P5-R6-SWD,0.666435,1,0.5915737979757713
0.6500000000000001,CP_Structure9_LR,mutation_group_out,P5-R6-SYQ,0.591215,0,0.5462249797352726
0.6500000000000001,CP_Structure9_LR,mutation_group_out,P5-R6-THN,0.529215,0,0.529963775705333
0.6500000000000001,CP_Structure9_LR,mutation_group_out,P5-R6-TTE,0.348885,0,0.4505381003484101
0.6500000000000001,CP_Structure9_LR,mutation_group_out,P5-R6-TWD,0.59784,0,0.5328748408880167
0.6500000000000001,CP_Structure9_LR,mutation_group_out,P5-R6-TYE,0.44306,0,0.5052471897000793
0.6500000000000001,CP_Structure9_LR,mutation_group_out,P5-R6-VFN,0.5554349999999999,0,0.5862990129760896
0.6500000000000001,CP_Structure9_LR,mutation_group_out,P6-R7-MHQ,0.2532999999999999,0,0.4503200236830669
0.6500000000000001,CP_Structure9_LR,mutation_group_out,P6-R7-QFW,0.67784,1,0.26469907469801995
0.6500000000000001,CP_Structure9_LR,mutation_group_out,P6-R7-QRW,0.60431,0,0.4034063065847292
0.6500000000000001,CP_Structure9_LR,mutation_group_out,P6-R7-TRQ,0.657745,1,0.5228045692397784
0.6500000000000001,CP_Structure9_LR,mutation_group_out,P6-R7-WFD,0.70041,1,0.3542555988174951
0.6500000000000001,CP_Structure9_LR,mutation_group_out,P6-R7-WFQ,0.651535,1,0.4520162122684226
0.6500000000000001,CP_Structure9_LR,mutation_group_out,P7-R5-SYVIRR,0.79377,1,0.4504460678471017
0.6500000000000001,CP_Structure9_LR,mutation_group_out,P8-R6-GVE,0.658565,1,0.9863255372266163
0.6500000000000001,CP_Structure9_LR,mutation_group_out,PUF12-9,0.7256100000000001,1,0.5284118526630058
0.6500000000000001,CP3_RF,LOCO,P4-R5-ETD,0.0,0,0.26177471916382655
0.6500000000000001,CP3_RF,LOCO,P4-R5-SHE,0.616825,0,0.5211383065841328
0.6500000000000001,CP3_RF,LOCO,P4-R5-SHE+P7-R5-SHE,0.7531399999999999,1,0.3199917140740664
0.6500000000000001,CP3_RF,LOCO,P4-R5-SNE,0.7430950000000001,1,0.7179490693905741
0.6500000000000001,CP3_RF,LOCO,P4-R5-SNE+P7-R5-SNE,0.80335,1,0.3001819375072271
0.6500000000000001,CP3_RF,LOCO,P4-R5-SWD+P7-R5-SWD,0.518925,0,0.6295205032967319
0.6500000000000001,CP3_RF,LOCO,P4-R5-THE+P7-R5-THE,0.68814,1,0.32645344636960105
0.6500000000000001,CP3_RF,LOCO,P4-R5-YTH+P7-R5-YTH,0.0,0,0.33936069486988435
0.6500000000000001,CP3_RF,LOCO,P4-R5-YYE+P7-P5-YYE,0.0866649999999999,0,0.8562137872942184
0.6500000000000001,CP3_RF,LOCO,P5-R6-AYE,0.55629,0,0.3189293915663474
0.6500000000000001,CP3_RF,LOCO,P5-R6-DFE,0.32484,0,0.12828785102354645
0.6500000000000001,CP3_RF,LOCO,P5-R6-FWD,0.37332,0,0.1495465512713131
0.6500000000000001,CP3_RF,LOCO,P5-R6-LRD,0.23336,0,0.33346446937677077
0.6500000000000001,CP3_RF,LOCO,P5-R6-NYE,0.57387,0,0.1353323706982609
0.6500000000000001,CP3_RF,LOCO,P5-R6-SFE,0.6291599999999999,0,0.6043119866363198
0.6500000000000001,CP3_RF,LOCO,P5-R6-SWD,0.666435,1,0.478854280459742
0.6500000000000001,CP3_RF,LOCO,P5-R6-SYQ,0.591215,0,0.7230484241096063
0.6500000000000001,CP3_RF,LOCO,P5-R6-THN,0.529215,0,0.09805790229898864
0.6500000000000001,CP3_RF,LOCO,P5-R6-TTE,0.348885,0,0.21699890863957294
0.6500000000000001,CP3_RF,LOCO,P5-R6-TWD,0.59784,0,0.3687425473719437
0.6500000000000001,CP3_RF,LOCO,P5-R6-TYE,0.44306,0,0.16172678173673158
0.6500000000000001,CP3_RF,LOCO,P5-R6-VFN,0.5554349999999999,0,0.4075775318371453
0.6500000000000001,CP3_RF,LOCO,P6-R7-MHQ,0.2532999999999999,0,0.4682101879003591
0.6500000000000001,CP3_RF,LOCO,P6-R7-QFW,0.67784,1,0.14350929196405593
0.6500000000000001,CP3_RF,LOCO,P6-R7-QRW,0.60431,0,0.36332195418761404
0.6500000000000001,CP3_RF,LOCO,P6-R7-TRQ,0.657745,1,0.7353092761498878
0.6500000000000001,CP3_RF,LOCO,P6-R7-WFD,0.70041,1,0.5228430398856927
0.6500000000000001,CP3_RF,LOCO,P6-R7-WFQ,0.651535,1,0.7643216707541319
0.6500000000000001,CP3_RF,LOCO,P7-R5-SYVIRR,0.79377,1,0.7022083667809167
0.6500000000000001,CP3_RF,LOCO,P8-R6-GVE,0.658565,1,0.7657379678856767
0.6500000000000001,CP3_RF,LOCO,PUF12-9,0.7256100000000001,1,0.35148398490144606
0.6500000000000001,CP3_RF,mutation_group_out,P4-R5-ETD,0.0,0,0.30610017647156346
0.6500000000000001,CP3_RF,mutation_group_out,P4-R5-SHE,0.616825,0,0.5852495246717598
0.6500000000000001,CP3_RF,mutation_group_out,P4-R5-SHE+P7-R5-SHE,0.7531399999999999,1,0.12052479356294465
0.6500000000000001,CP3_RF,mutation_group_out,P4-R5-SNE,0.7430950000000001,1,0.6894942975560977
0.6500000000000001,CP3_RF,mutation_group_out,P4-R5-SNE+P7-R5-SNE,0.80335,1,0.12052479356294465
0.6500000000000001,CP3_RF,mutation_group_out,P4-R5-SWD+P7-R5-SWD,0.518925,0,0.7252093063957281
0.6500000000000001,CP3_RF,mutation_group_out,P4-R5-THE+P7-R5-THE,0.68814,1,0.6890579189920739
0.6500000000000001,CP3_RF,mutation_group_out,P4-R5-YTH+P7-R5-YTH,0.0,0,0.12052479356294465
0.6500000000000001,CP3_RF,mutation_group_out,P4-R5-YYE+P7-P5-YYE,0.0866649999999999,0,0.9337335343220886
0.6500000000000001,CP3_RF,mutation_group_out,P5-R6-AYE,0.55629,0,0.6729744894901247
0.6500000000000001,CP3_RF,mutation_group_out,P5-R6-DFE,0.32484,0,0.26489855723430195
0.6500000000000001,CP3_RF,mutation_group_out,P5-R6-FWD,0.37332,0,0.37218340304695724
0.6500000000000001,CP3_RF,mutation_group_out,P5-R6-LRD,0.23336,0,0.6729744894901247
0.6500000000000001,CP3_RF,mutation_group_out,P5-R6-NYE,0.57387,0,0.2667889627064687
0.6500000000000001,CP3_RF,mutation_group_out,P5-R6-SFE,0.6291599999999999,0,0.7300252406781067
0.6500000000000001,CP3_RF,mutation_group_out,P5-R6-SWD,0.666435,1,0.5336685582660141
0.6500000000000001,CP3_RF,mutation_group_out,P5-R6-SYQ,0.591215,0,0.7736649291063596
0.6500000000000001,CP3_RF,mutation_group_out,P5-R6-THN,0.529215,0,0.32578485161813875
0.6500000000000001,CP3_RF,mutation_group_out,P5-R6-TTE,0.348885,0,0.45695205245639414
0.6500000000000001,CP3_RF,mutation_group_out,P5-R6-TWD,0.59784,0,0.6729744894901247
0.6500000000000001,CP3_RF,mutation_group_out,P5-R6-TYE,0.44306,0,0.4776617229903995
0.6500000000000001,CP3_RF,mutation_group_out,P5-R6-VFN,0.5554349999999999,0,0.7142039640823622
0.6500000000000001,CP3_RF,mutation_group_out,P6-R7-MHQ,0.2532999999999999,0,0.6241478183470849
0.6500000000000001,CP3_RF,mutation_group_out,P6-R7-QFW,0.67784,1,0.27812572885876574
0.6500000000000001,CP3_RF,mutation_group_out,P6-R7-QRW,0.60431,0,0.2739793873953511
0.6500000000000001,CP3_RF,mutation_group_out,P6-R7-TRQ,0.657745,1,0.5902757042727329
0.6500000000000001,CP3_RF,mutation_group_out,P6-R7-WFD,0.70041,1,0.5611648003684153
0.6500000000000001,CP3_RF,mutation_group_out,P6-R7-WFQ,0.651535,1,0.6390822021767998
0.6500000000000001,CP3_RF,mutation_group_out,P7-R5-SYVIRR,0.79377,1,0.7022083667809167
0.6500000000000001,CP3_RF,mutation_group_out,P8-R6-GVE,0.658565,1,0.7657379678856767
0.6500000000000001,CP3_RF,mutation_group_out,PUF12-9,0.7256100000000001,1,0.35148398490144606
0.6500000000000001,CP_Structure9_RF,LOCO,P4-R5-ETD,0.0,0,0.34591228711771804
0.6500000000000001,CP_Structure9_RF,LOCO,P4-R5-SHE,0.616825,0,0.5698729173786499
0.6500000000000001,CP_Structure9_RF,LOCO,P4-R5-SHE+P7-R5-SHE,0.7531399999999999,1,0.36389649714467026
0.6500000000000001,CP_Structure9_RF,LOCO,P4-R5-SNE,0.7430950000000001,1,0.8062754398672674
0.6500000000000001,CP_Structure9_RF,LOCO,P4-R5-SNE+P7-R5-SNE,0.80335,1,0.563869921783816
0.6500000000000001,CP_Structure9_RF,LOCO,P4-R5-SWD+P7-R5-SWD,0.518925,0,0.4479409171888122
0.6500000000000001,CP_Structure9_RF,LOCO,P4-R5-THE+P7-R5-THE,0.68814,1,0.10192493294314779
0.6500000000000001,CP_Structure9_RF,LOCO,P4-R5-YTH+P7-R5-YTH,0.0,0,0.5925285730975842
0.6500000000000001,CP_Structure9_RF,LOCO,P4-R5-YYE+P7-P5-YYE,0.0866649999999999,0,0.2632680880399171
0.6500000000000001,CP_Structure9_RF,LOCO,P5-R6-AYE,0.55629,0,0.4728224626461121
0.6500000000000001,CP_Structure9_RF,LOCO,P5-R6-DFE,0.32484,0,0.5958931806964425
0.6500000000000001,CP_Structure9_RF,LOCO,P5-R6-FWD,0.37332,0,0.1142775543452963
0.6500000000000001,CP_Structure9_RF,LOCO,P5-R6-LRD,0.23336,0,0.5242153816414905
0.6500000000000001,CP_Structure9_RF,LOCO,P5-R6-NYE,0.57387,0,0.08393140850232973
0.6500000000000001,CP_Structure9_RF,LOCO,P5-R6-SFE,0.6291599999999999,0,0.43879559348908076
0.6500000000000001,CP_Structure9_RF,LOCO,P5-R6-SWD,0.666435,1,0.2508322867230099
0.6500000000000001,CP_Structure9_RF,LOCO,P5-R6-SYQ,0.591215,0,0.22090259754061883
0.6500000000000001,CP_Structure9_RF,LOCO,P5-R6-THN,0.529215,0,0.32425704652191567
0.6500000000000001,CP_Structure9_RF,LOCO,P5-R6-TTE,0.348885,0,0.1534377545103222
0.6500000000000001,CP_Structure9_RF,LOCO,P5-R6-TWD,0.59784,0,0.3607560379093054
0.6500000000000001,CP_Structure9_RF,LOCO,P5-R6-TYE,0.44306,0,0.3969703490834333
0.6500000000000001,CP_Structure9_RF,LOCO,P5-R6-VFN,0.5554349999999999,0,0.6699487378924128
0.6500000000000001,CP_Structure9_RF,LOCO,P6-R7-MHQ,0.2532999999999999,0,0.45538390314829896
0.6500000000000001,CP_Structure9_RF,LOCO,P6-R7-QFW,0.67784,1,0.4806931208439048
0.6500000000000001,CP_Structure9_RF,LOCO,P6-R7-QRW,0.60431,0,0.6545099005192145
0.6500000000000001,CP_Structure9_RF,LOCO,P6-R7-TRQ,0.657745,1,0.6837489107350297
0.6500000000000001,CP_Structure9_RF,LOCO,P6-R7-WFD,0.70041,1,0.6087534755756177
0.6500000000000001,CP_Structure9_RF,LOCO,P6-R7-WFQ,0.651535,1,0.6088673295045617
0.6500000000000001,CP_Structure9_RF,LOCO,P7-R5-SYVIRR,0.79377,1,0.6157407977854672
0.6500000000000001,CP_Structure9_RF,LOCO,P8-R6-GVE,0.658565,1,0.8207056691743364
0.6500000000000001,CP_Structure9_RF,LOCO,PUF12-9,0.7256100000000001,1,0.6034574716150768
0.6500000000000001,CP_Structure9_RF,mutation_group_out,P4-R5-ETD,0.0,0,0.40231193170068136
0.6500000000000001,CP_Structure9_RF,mutation_group_out,P4-R5-SHE,0.616825,0,0.535305636743197
0.6500000000000001,CP_Structure9_RF,mutation_group_out,P4-R5-SHE+P7-R5-SHE,0.7531399999999999,1,0.37008757043728524
0.6500000000000001,CP_Structure9_RF,mutation_group_out,P4-R5-SNE,0.7430950000000001,1,0.8465389778159017
0.6500000000000001,CP_Structure9_RF,mutation_group_out,P4-R5-SNE+P7-R5-SNE,0.80335,1,0.4003657473807717
0.6500000000000001,CP_Structure9_RF,mutation_group_out,P4-R5-SWD+P7-R5-SWD,0.518925,0,0.47390827111790396
0.6500000000000001,CP_Structure9_RF,mutation_group_out,P4-R5-THE+P7-R5-THE,0.68814,1,0.165353959916991
0.6500000000000001,CP_Structure9_RF,mutation_group_out,P4-R5-YTH+P7-R5-YTH,0.0,0,0.5898596862468484
0.6500000000000001,CP_Structure9_RF,mutation_group_out,P4-R5-YYE+P7-P5-YYE,0.0866649999999999,0,0.18949641913924709
0.6500000000000001,CP_Structure9_RF,mutation_group_out,P5-R6-AYE,0.55629,0,0.5787007846196672
0.6500000000000001,CP_Structure9_RF,mutation_group_out,P5-R6-DFE,0.32484,0,0.6329150762204881
0.6500000000000001,CP_Structure9_RF,mutation_group_out,P5-R6-FWD,0.37332,0,0.27959702379637896
0.6500000000000001,CP_Structure9_RF,mutation_group_out,P5-R6-LRD,0.23336,0,0.6029590324579388
0.6500000000000001,CP_Structure9_RF,mutation_group_out,P5-R6-NYE,0.57387,0,0.19897029712721498
0.6500000000000001,CP_Structure9_RF,mutation_group_out,P5-R6-SFE,0.6291599999999999,0,0.5836118957307782
0.6500000000000001,CP_Structure9_RF,mutation_group_out,P5-R6-SWD,0.666435,1,0.5951369123306454
0.6500000000000001,CP_Structure9_RF,mutation_group_out,P5-R6-SYQ,0.591215,0,0.5865892859116567
0.6500000000000001,CP_Structure9_RF,mutation_group_out,P5-R6-THN,0.529215,0,0.5318869034407772
0.6500000000000001,CP_Structure9_RF,mutation_group_out,P5-R6-TTE,0.348885,0,0.29592866036697385
0.6500000000000001,CP_Structure9_RF,mutation_group_out,P5-R6-TWD,0.59784,0,0.40586942388998554
0.6500000000000001,CP_Structure9_RF,mutation_group_out,P5-R6-TYE,0.44306,0,0.542754467903994
0.6500000000000001,CP_Structure9_RF,mutation_group_out,P5-R6-VFN,0.5554349999999999,0,0.7498339764307052
0.6500000000000001,CP_Structure9_RF,mutation_group_out,P6-R7-MHQ,0.2532999999999999,0,0.27103730011026683
0.6500000000000001,CP_Structure9_RF,mutation_group_out,P6-R7-QFW,0.67784,1,0.26361444136325946
0.6500000000000001,CP_Structure9_RF,mutation_group_out,P6-R7-QRW,0.60431,0,0.315251365988736
0.6500000000000001,CP_Structure9_RF,mutation_group_out,P6-R7-TRQ,0.657745,1,0.361182807986026
0.6500000000000001,CP_Structure9_RF,mutation_group_out,P6-R7-WFD,0.70041,1,0.2177956295586057
0.6500000000000001,CP_Structure9_RF,mutation_group_out,P6-R7-WFQ,0.651535,1,0.2505403617303109
0.6500000000000001,CP_Structure9_RF,mutation_group_out,P7-R5-SYVIRR,0.79377,1,0.6157407977854672
0.6500000000000001,CP_Structure9_RF,mutation_group_out,P8-R6-GVE,0.658565,1,0.8207056691743364
0.6500000000000001,CP_Structure9_RF,mutation_group_out,PUF12-9,0.7256100000000001,1,0.6034574716150768
0.65464,CP3_LR,LOCO,P4-R5-ETD,0.0,0,0.4974753756348797
0.65464,CP3_LR,LOCO,P4-R5-SHE,0.616825,0,0.5429036295234488
0.65464,CP3_LR,LOCO,P4-R5-SHE+P7-R5-SHE,0.7531399999999999,1,0.45715637800133885
0.65464,CP3_LR,LOCO,P4-R5-SNE,0.7430950000000001,1,0.5399116278526984
0.65464,CP3_LR,LOCO,P4-R5-SNE+P7-R5-SNE,0.80335,1,0.4295433932286983
0.65464,CP3_LR,LOCO,P4-R5-SWD+P7-R5-SWD,0.518925,0,0.5089209714152384
0.65464,CP3_LR,LOCO,P4-R5-THE+P7-R5-THE,0.68814,1,0.48337257365701075
0.65464,CP3_LR,LOCO,P4-R5-YTH+P7-R5-YTH,0.0,0,0.4908451884177678
0.65464,CP3_LR,LOCO,P4-R5-YYE+P7-P5-YYE,0.0866649999999999,0,0.5335444001975543
0.65464,CP3_LR,LOCO,P5-R6-AYE,0.55629,0,0.5116279843423702
0.65464,CP3_LR,LOCO,P5-R6-DFE,0.32484,0,0.48163929822562673
0.65464,CP3_LR,LOCO,P5-R6-FWD,0.37332,0,0.49009079315719384
0.65464,CP3_LR,LOCO,P5-R6-LRD,0.23336,0,0.5039897720889014
0.65464,CP3_LR,LOCO,P5-R6-NYE,0.57387,0,0.5028228332622134
0.65464,CP3_LR,LOCO,P5-R6-SFE,0.6291599999999999,0,0.5111863179583691
0.65464,CP3_LR,LOCO,P5-R6-SWD,0.666435,1,0.48237097621624886
0.65464,CP3_LR,LOCO,P5-R6-SYQ,0.591215,0,0.5096325490942446
0.65464,CP3_LR,LOCO,P5-R6-THN,0.529215,0,0.477209242772554
0.65464,CP3_LR,LOCO,P5-R6-TTE,0.348885,0,0.46811599873178095
0.65464,CP3_LR,LOCO,P5-R6-TWD,0.59784,0,0.4783382767910414
0.65464,CP3_LR,LOCO,P5-R6-TYE,0.44306,0,0.5039906181565181
0.65464,CP3_LR,LOCO,P5-R6-VFN,0.5554349999999999,0,0.4911182310981737
0.65464,CP3_LR,LOCO,P6-R7-MHQ,0.2532999999999999,0,0.5042653929334004
0.65464,CP3_LR,LOCO,P6-R7-QFW,0.67784,1,0.30863926818159076
0.65464,CP3_LR,LOCO,P6-R7-QRW,0.60431,0,0.4973675973658825
0.65464,CP3_LR,LOCO,P6-R7-TRQ,0.657745,1,0.5344104268060612
0.65464,CP3_LR,LOCO,P6-R7-WFD,0.70041,1,0.4596593585739916
0.65464,CP3_LR,LOCO,P6-R7-WFQ,0.651535,0,0.529586546672312
0.65464,CP3_LR,LOCO,P7-R5-SYVIRR,0.79377,1,0.5416065259868532
0.65464,CP3_LR,LOCO,P8-R6-GVE,0.658565,1,0.5535842904651914
0.65464,CP3_LR,LOCO,PUF12-9,0.7256100000000001,1,0.5014183214789539
0.65464,CP3_LR,mutation_group_out,P4-R5-ETD,0.0,0,0.5175249908545855
0.65464,CP3_LR,mutation_group_out,P4-R5-SHE,0.616825,0,0.5592563618421883
0.65464,CP3_LR,mutation_group_out,P4-R5-SHE+P7-R5-SHE,0.7531399999999999,1,0.4055574203944569
0.65464,CP3_LR,mutation_group_out,P4-R5-SNE,0.7430950000000001,1,0.5349604351286575
0.65464,CP3_LR,mutation_group_out,P4-R5-SNE+P7-R5-SNE,0.80335,1,0.3842303937971091
0.65464,CP3_LR,mutation_group_out,P4-R5-SWD+P7-R5-SWD,0.518925,0,0.5064828539852253
0.65464,CP3_LR,mutation_group_out,P4-R5-THE+P7-R5-THE,0.68814,1,0.4981016561744836
0.65464,CP3_LR,mutation_group_out,P4-R5-YTH+P7-R5-YTH,0.0,0,0.4048517791973761
0.65464,CP3_LR,mutation_group_out,P4-R5-YYE+P7-P5-YYE,0.0866649999999999,0,0.5164889183605508
0.65464,CP3_LR,mutation_group_out,P5-R6-AYE,0.55629,0,0.6058689848270103
0.65464,CP3_LR,mutation_group_out,P5-R6-DFE,0.32484,0,0.4647852780013628
0.65464,CP3_LR,mutation_group_out,P5-R6-FWD,0.37332,0,0.49085293851675876
0.65464,CP3_LR,mutation_group_out,P5-R6-LRD,0.23336,0,0.624281443862455
0.65464,CP3_LR,mutation_group_out,P5-R6-NYE,0.57387,0,0.48218280014326864
0.65464,CP3_LR,mutation_group_out,P5-R6-SFE,0.6291599999999999,0,0.5530478539625632
0.65464,CP3_LR,mutation_group_out,P5-R6-SWD,0.666435,1,0.5153232510606457
0.65464,CP3_LR,mutation_group_out,P5-R6-SYQ,0.591215,0,0.532419765674975
0.65464,CP3_LR,mutation_group_out,P5-R6-THN,0.529215,0,0.4858247269270466
0.65464,CP3_LR,mutation_group_out,P5-R6-TTE,0.348885,0,0.4856455559604876
0.65464,CP3_LR,mutation_group_out,P5-R6-TWD,0.59784,0,0.6065436045768188
0.65464,CP3_LR,mutation_group_out,P5-R6-TYE,0.44306,0,0.495883001522105
0.65464,CP3_LR,mutation_group_out,P5-R6-VFN,0.5554349999999999,0,0.558713611621917
0.65464,CP3_LR,mutation_group_out,P6-R7-MHQ,0.2532999999999999,0,0.6010724686339485
0.65464,CP3_LR,mutation_group_out,P6-R7-QFW,0.67784,1,0.2586004054125992
0.65464,CP3_LR,mutation_group_out,P6-R7-QRW,0.60431,0,0.38917891784789366
0.65464,CP3_LR,mutation_group_out,P6-R7-TRQ,0.657745,1,0.5371332256918974
0.65464,CP3_LR,mutation_group_out,P6-R7-WFD,0.70041,1,0.4195669739441658
0.65464,CP3_LR,mutation_group_out,P6-R7-WFQ,0.651535,0,0.5226119156829199
0.65464,CP3_LR,mutation_group_out,P7-R5-SYVIRR,0.79377,1,0.5416065259868532
0.65464,CP3_LR,mutation_group_out,P8-R6-GVE,0.658565,1,0.5535842904651914
0.65464,CP3_LR,mutation_group_out,PUF12-9,0.7256100000000001,1,0.5014183214789539
0.65464,CP_Structure9_LR,LOCO,P4-R5-ETD,0.0,0,0.4429087488088425
0.65464,CP_Structure9_LR,LOCO,P4-R5-SHE,0.616825,0,0.7236488340119316
0.65464,CP_Structure9_LR,LOCO,P4-R5-SHE+P7-R5-SHE,0.7531399999999999,1,0.49255835208699733
0.65464,CP_Structure9_LR,LOCO,P4-R5-SNE,0.7430950000000001,1,0.6555216600955391
0.65464,CP_Structure9_LR,LOCO,P4-R5-SNE+P7-R5-SNE,0.80335,1,0.5323576853068358
0.65464,CP_Structure9_LR,LOCO,P4-R5-SWD+P7-R5-SWD,0.518925,0,0.3834748688572486
0.65464,CP_Structure9_LR,LOCO,P4-R5-THE+P7-R5-THE,0.68814,1,0.36514309781542076
0.65464,CP_Structure9_LR,LOCO,P4-R5-YTH+P7-R5-YTH,0.0,0,0.31734630064130204
0.65464,CP_Structure9_LR,LOCO,P4-R5-YYE+P7-P5-YYE,0.0866649999999999,0,0.414840760083118
0.65464,CP_Structure9_LR,LOCO,P5-R6-AYE,0.55629,0,0.5612982437937595
0.65464,CP_Structure9_LR,LOCO,P5-R6-DFE,0.32484,0,0.5320532771850464
0.65464,CP_Structure9_LR,LOCO,P5-R6-FWD,0.37332,0,0.4044468884906084
0.65464,CP_Structure9_LR,LOCO,P5-R6-LRD,0.23336,0,0.3994040457741069
0.65464,CP_Structure9_LR,LOCO,P5-R6-NYE,0.57387,0,0.3900286634447434
0.65464,CP_Structure9_LR,LOCO,P5-R6-SFE,0.6291599999999999,0,0.5207626702281903
0.65464,CP_Structure9_LR,LOCO,P5-R6-SWD,0.666435,1,0.5612887753424434
0.65464,CP_Structure9_LR,LOCO,P5-R6-SYQ,0.591215,0,0.5099794073603656
0.65464,CP_Structure9_LR,LOCO,P5-R6-THN,0.529215,0,0.5354750934756392
0.65464,CP_Structure9_LR,LOCO,P5-R6-TTE,0.348885,0,0.3996395407220777
0.65464,CP_Structure9_LR,LOCO,P5-R6-TWD,0.59784,0,0.3590280261336613
0.65464,CP_Structure9_LR,LOCO,P5-R6-TYE,0.44306,0,0.50985192812354
0.65464,CP_Structure9_LR,LOCO,P5-R6-VFN,0.5554349999999999,0,0.6462405147996295
0.65464,CP_Structure9_LR,LOCO,P6-R7-MHQ,0.2532999999999999,0,0.3670720163943983
0.65464,CP_Structure9_LR,LOCO,P6-R7-QFW,0.67784,1,0.3226071741875453
0.65464,CP_Structure9_LR,LOCO,P6-R7-QRW,0.60431,0,0.5767233690176016
0.65464,CP_Structure9_LR,LOCO,P6-R7-TRQ,0.657745,1,0.5380917192002822
0.65464,CP_Structure9_LR,LOCO,P6-R7-WFD,0.70041,1,0.39831519872926247
0.65464,CP_Structure9_LR,LOCO,P6-R7-WFQ,0.651535,0,0.48447083730630713
0.65464,CP_Structure9_LR,LOCO,P7-R5-SYVIRR,0.79377,1,0.4404771452270518
0.65464,CP_Structure9_LR,LOCO,P8-R6-GVE,0.658565,1,0.9852765480554307
0.65464,CP_Structure9_LR,LOCO,PUF12-9,0.7256100000000001,1,0.49963185132317167
0.65464,CP_Structure9_LR,mutation_group_out,P4-R5-ETD,0.0,0,0.4764508772384402
0.65464,CP_Structure9_LR,mutation_group_out,P4-R5-SHE,0.616825,0,0.7170723974930646
0.65464,CP_Structure9_LR,mutation_group_out,P4-R5-SHE+P7-R5-SHE,0.7531399999999999,1,0.39012681268101557
0.65464,CP_Structure9_LR,mutation_group_out,P4-R5-SNE,0.7430950000000001,1,0.6713962931886864
0.65464,CP_Structure9_LR,mutation_group_out,P4-R5-SNE+P7-R5-SNE,0.80335,1,0.37587820581129155
0.65464,CP_Structure9_LR,mutation_group_out,P4-R5-SWD+P7-R5-SWD,0.518925,0,0.4310571114589604
0.65464,CP_Structure9_LR,mutation_group_out,P4-R5-THE+P7-R5-THE,0.68814,1,0.3006097493051549
0.65464,CP_Structure9_LR,mutation_group_out,P4-R5-YTH+P7-R5-YTH,0.0,0,0.3948369418303289
0.65464,CP_Structure9_LR,mutation_group_out,P4-R5-YYE+P7-P5-YYE,0.0866649999999999,0,0.35102529359470824
0.65464,CP_Structure9_LR,mutation_group_out,P5-R6-AYE,0.55629,0,0.6479566931948922
0.65464,CP_Structure9_LR,mutation_group_out,P5-R6-DFE,0.32484,0,0.5292239483436453
0.65464,CP_Structure9_LR,mutation_group_out,P5-R6-FWD,0.37332,0,0.48082015742638373
0.65464,CP_Structure9_LR,mutation_group_out,P5-R6-LRD,0.23336,0,0.4405642044251549
0.65464,CP_Structure9_LR,mutation_group_out,P5-R6-NYE,0.57387,0,0.44080249095598506
0.65464,CP_Structure9_LR,mutation_group_out,P5-R6-SFE,0.6291599999999999,0,0.5946903911895234
0.65464,CP_Structure9_LR,mutation_group_out,P5-R6-SWD,0.666435,1,0.6059032222112697
0.65464,CP_Structure9_LR,mutation_group_out,P5-R6-SYQ,0.591215,0,0.5722197332675066
0.65464,CP_Structure9_LR,mutation_group_out,P5-R6-THN,0.529215,0,0.5565418633888369
0.65464,CP_Structure9_LR,mutation_group_out,P5-R6-TTE,0.348885,0,0.45573688060989415
0.65464,CP_Structure9_LR,mutation_group_out,P5-R6-TWD,0.59784,0,0.5190754718167317
0.65464,CP_Structure9_LR,mutation_group_out,P5-R6-TYE,0.44306,0,0.5200144429664247
0.65464,CP_Structure9_LR,mutation_group_out,P5-R6-VFN,0.5554349999999999,0,0.5339941848812183
0.65464,CP_Structure9_LR,mutation_group_out,P6-R7-MHQ,0.2532999999999999,0,0.4503200236830669
0.65464,CP_Structure9_LR,mutation_group_out,P6-R7-QFW,0.67784,1,0.26469907469801995
0.65464,CP_Structure9_LR,mutation_group_out,P6-R7-QRW,0.60431,0,0.4034063065847292
0.65464,CP_Structure9_LR,mutation_group_out,P6-R7-TRQ,0.657745,1,0.5228045692397784
0.65464,CP_Structure9_LR,mutation_group_out,P6-R7-WFD,0.70041,1,0.3542555988174951
0.65464,CP_Structure9_LR,mutation_group_out,P6-R7-WFQ,0.651535,0,0.4520162122684226
0.65464,CP_Structure9_LR,mutation_group_out,P7-R5-SYVIRR,0.79377,1,0.4404771452270518
0.65464,CP_Structure9_LR,mutation_group_out,P8-R6-GVE,0.658565,1,0.9852765480554307
0.65464,CP_Structure9_LR,mutation_group_out,PUF12-9,0.7256100000000001,1,0.49963185132317167
0.65464,CP3_RF,LOCO,P4-R5-ETD,0.0,0,0.22759835598469988
0.65464,CP3_RF,LOCO,P4-R5-SHE,0.616825,0,0.614062064117597
0.65464,CP3_RF,LOCO,P4-R5-SHE+P7-R5-SHE,0.7531399999999999,1,0.3612638141797179
0.65464,CP3_RF,LOCO,P4-R5-SNE,0.7430950000000001,1,0.482915815998962
0.65464,CP3_RF,LOCO,P4-R5-SNE+P7-R5-SNE,0.80335,1,0.337675602175602
0.65464,CP3_RF,LOCO,P4-R5-SWD+P7-R5-SWD,0.518925,0,0.6045275448310219
0.65464,CP3_RF,LOCO,P4-R5-THE+P7-R5-THE,0.68814,1,0.28698096315162863
0.65464,CP3_RF,LOCO,P4-R5-YTH+P7-R5-YTH,0.0,0,0.2857353647287372
0.65464,CP3_RF,LOCO,P4-R5-YYE+P7-P5-YYE,0.0866649999999999,0,0.6856020609477228
0.65464,CP3_RF,LOCO,P5-R6-AYE,0.55629,0,0.397478012293835
0.65464,CP3_RF,LOCO,P5-R6-DFE,0.32484,0,0.15640373452672426
0.65464,CP3_RF,LOCO,P5-R6-FWD,0.37332,0,0.17965358931637104
0.65464,CP3_RF,LOCO,P5-R6-LRD,0.23336,0,0.4017998155840157
0.65464,CP3_RF,LOCO,P5-R6-NYE,0.57387,0,0.15259059066903397
0.65464,CP3_RF,LOCO,P5-R6-SFE,0.6291599999999999,0,0.59639046765076
0.65464,CP3_RF,LOCO,P5-R6-SWD,0.666435,1,0.46978265586982765
0.65464,CP3_RF,LOCO,P5-R6-SYQ,0.591215,0,0.6397200044750069
0.65464,CP3_RF,LOCO,P5-R6-THN,0.529215,0,0.12336327390408379
0.65464,CP3_RF,LOCO,P5-R6-TTE,0.348885,0,0.24273676163812374
0.65464,CP3_RF,LOCO,P5-R6-TWD,0.59784,0,0.4229110895068904
0.65464,CP3_RF,LOCO,P5-R6-TYE,0.44306,0,0.15276146919581707
0.65464,CP3_RF,LOCO,P5-R6-VFN,0.5554349999999999,0,0.42918662594550233
0.65464,CP3_RF,LOCO,P6-R7-MHQ,0.2532999999999999,0,0.5184688914062303
0.65464,CP3_RF,LOCO,P6-R7-QFW,0.67784,1,0.16821905593247635
0.65464,CP3_RF,LOCO,P6-R7-QRW,0.60431,0,0.3929165184803222
0.65464,CP3_RF,LOCO,P6-R7-TRQ,0.657745,1,0.5854171440315127
0.65464,CP3_RF,LOCO,P6-R7-WFD,0.70041,1,0.4808622232159788
0.65464,CP3_RF,LOCO,P6-R7-WFQ,0.651535,0,0.7643216707541319
0.65464,CP3_RF,LOCO,P7-R5-SYVIRR,0.79377,1,0.6064298481452536
0.65464,CP3_RF,LOCO,P8-R6-GVE,0.658565,1,0.7382284097002088
0.65464,CP3_RF,LOCO,PUF12-9,0.7256100000000001,1,0.3613507901726706
0.65464,CP3_RF,mutation_group_out,P4-R5-ETD,0.0,0,0.2161671670677264
0.65464,CP3_RF,mutation_group_out,P4-R5-SHE,0.616825,0,0.6335605614516416
0.65464,CP3_RF,mutation_group_out,P4-R5-SHE+P7-R5-SHE,0.7531399999999999,1,0.09266486243227597
0.65464,CP3_RF,mutation_group_out,P4-R5-SNE,0.7430950000000001,1,0.5202793631618987
0.65464,CP3_RF,mutation_group_out,P4-R5-SNE+P7-R5-SNE,0.80335,1,0.09266486243227597
0.65464,CP3_RF,mutation_group_out,P4-R5-SWD+P7-R5-SWD,0.518925,0,0.7093540060889236
0.65464,CP3_RF,mutation_group_out,P4-R5-THE+P7-R5-THE,0.68814,1,0.6022354132685532
0.65464,CP3_RF,mutation_group_out,P4-R5-YTH+P7-R5-YTH,0.0,0,0.08586486243227597
0.65464,CP3_RF,mutation_group_out,P4-R5-YYE+P7-P5-YYE,0.0866649999999999,0,0.8455083867387753
0.65464,CP3_RF,mutation_group_out,P5-R6-AYE,0.55629,0,0.7015181249671661
0.65464,CP3_RF,mutation_group_out,P5-R6-DFE,0.32484,0,0.3173330103164403
0.65464,CP3_RF,mutation_group_out,P5-R6-FWD,0.37332,0,0.42480353994721315
0.65464,CP3_RF,mutation_group_out,P5-R6-LRD,0.23336,0,0.7015181249671661
0.65464,CP3_RF,mutation_group_out,P5-R6-NYE,0.57387,0,0.3115240774079497
0.65464,CP3_RF,mutation_group_out,P5-R6-SFE,0.6291599999999999,0,0.7119373973044322
0.65464,CP3_RF,mutation_group_out,P5-R6-SWD,0.666435,1,0.49761936998809403
0.65464,CP3_RF,mutation_group_out,P5-R6-SYQ,0.591215,0,0.6333518593999125
0.65464,CP3_RF,mutation_group_out,P5-R6-THN,0.529215,0,0.3883113564146856
0.65464,CP3_RF,mutation_group_out,P5-R6-TTE,0.348885,0,0.41987891221551266
0.65464,CP3_RF,mutation_group_out,P5-R6-TWD,0.59784,0,0.7015181249671661
0.65464,CP3_RF,mutation_group_out,P5-R6-TYE,0.44306,0,0.48752026578942825
0.65464,CP3_RF,mutation_group_out,P5-R6-VFN,0.5554349999999999,0,0.7083568346445855
0.65464,CP3_RF,mutation_group_out,P6-R7-MHQ,0.2532999999999999,0,0.6241478183470849
0.65464,CP3_RF,mutation_group_out,P6-R7-QFW,0.67784,1,0.27812572885876574
0.65464,CP3_RF,mutation_group_out,P6-R7-QRW,0.60431,0,0.2739793873953511
0.65464,CP3_RF,mutation_group_out,P6-R7-TRQ,0.657745,1,0.5902757042727329
0.65464,CP3_RF,mutation_group_out,P6-R7-WFD,0.70041,1,0.5611648003684153
0.65464,CP3_RF,mutation_group_out,P6-R7-WFQ,0.651535,0,0.6390822021767998
0.65464,CP3_RF,mutation_group_out,P7-R5-SYVIRR,0.79377,1,0.6064298481452536
0.65464,CP3_RF,mutation_group_out,P8-R6-GVE,0.658565,1,0.7382284097002088
0.65464,CP3_RF,mutation_group_out,PUF12-9,0.7256100000000001,1,0.3613507901726706
0.65464,CP_Structure9_RF,LOCO,P4-R5-ETD,0.0,0,0.32718489436116127
0.65464,CP_Structure9_RF,LOCO,P4-R5-SHE,0.616825,0,0.6614593091980503
0.65464,CP_Structure9_RF,LOCO,P4-R5-SHE+P7-R5-SHE,0.7531399999999999,1,0.3796185653318577
0.65464,CP_Structure9_RF,LOCO,P4-R5-SNE,0.7430950000000001,1,0.7445524884483815
0.65464,CP_Structure9_RF,LOCO,P4-R5-SNE+P7-R5-SNE,0.80335,1,0.5169347163156758
0.65464,CP_Structure9_RF,LOCO,P4-R5-SWD+P7-R5-SWD,0.518925,0,0.35680214577875974
0.65464,CP_Structure9_RF,LOCO,P4-R5-THE+P7-R5-THE,0.68814,1,0.15736368163999745
0.65464,CP_Structure9_RF,LOCO,P4-R5-YTH+P7-R5-YTH,0.0,0,0.41988320048662864
0.65464,CP_Structure9_RF,LOCO,P4-R5-YYE+P7-P5-YYE,0.0866649999999999,0,0.24858426823546734
0.65464,CP_Structure9_RF,LOCO,P5-R6-AYE,0.55629,0,0.5828082116556114
0.65464,CP_Structure9_RF,LOCO,P5-R6-DFE,0.32484,0,0.5213487118565167
0.65464,CP_Structure9_RF,LOCO,P5-R6-FWD,0.37332,0,0.13896827495793007
0.65464,CP_Structure9_RF,LOCO,P5-R6-LRD,0.23336,0,0.5330596231292408
0.65464,CP_Structure9_RF,LOCO,P5-R6-NYE,0.57387,0,0.07190414172831479
0.65464,CP_Structure9_RF,LOCO,P5-R6-SFE,0.6291599999999999,0,0.4586135588570021
0.65464,CP_Structure9_RF,LOCO,P5-R6-SWD,0.666435,1,0.35680294855709427
0.65464,CP_Structure9_RF,LOCO,P5-R6-SYQ,0.591215,0,0.16951554588162804
0.65464,CP_Structure9_RF,LOCO,P5-R6-THN,0.529215,0,0.32916841482937187
0.65464,CP_Structure9_RF,LOCO,P5-R6-TTE,0.348885,0,0.11528093360414239
0.65464,CP_Structure9_RF,LOCO,P5-R6-TWD,0.59784,0,0.3711111143998338
0.65464,CP_Structure9_RF,LOCO,P5-R6-TYE,0.44306,0,0.4157226144523367
0.65464,CP_Structure9_RF,LOCO,P5-R6-VFN,0.5554349999999999,0,0.622054255792978
0.65464,CP_Structure9_RF,LOCO,P6-R7-MHQ,0.2532999999999999,0,0.3172566320814958
0.65464,CP_Structure9_RF,LOCO,P6-R7-QFW,0.67784,1,0.45617944916058556
0.65464,CP_Structure9_RF,LOCO,P6-R7-QRW,0.60431,0,0.7144503455618668
0.65464,CP_Structure9_RF,LOCO,P6-R7-TRQ,0.657745,1,0.5282028339606765
0.65464,CP_Structure9_RF,LOCO,P6-R7-WFD,0.70041,1,0.44785689624275066
0.65464,CP_Structure9_RF,LOCO,P6-R7-WFQ,0.651535,0,0.6088673295045617
0.65464,CP_Structure9_RF,LOCO,P7-R5-SYVIRR,0.79377,1,0.514973250088918
0.65464,CP_Structure9_RF,LOCO,P8-R6-GVE,0.658565,1,0.8481620231149973
0.65464,CP_Structure9_RF,LOCO,PUF12-9,0.7256100000000001,1,0.5440192734045912
0.65464,CP_Structure9_RF,mutation_group_out,P4-R5-ETD,0.0,0,0.38854303738714085
0.65464,CP_Structure9_RF,mutation_group_out,P4-R5-SHE,0.616825,0,0.5956488988731905
0.65464,CP_Structure9_RF,mutation_group_out,P4-R5-SHE+P7-R5-SHE,0.7531399999999999,1,0.30571578054909193
0.65464,CP_Structure9_RF,mutation_group_out,P4-R5-SNE,0.7430950000000001,1,0.7999053869412811
0.65464,CP_Structure9_RF,mutation_group_out,P4-R5-SNE+P7-R5-SNE,0.80335,1,0.32726111419172876
0.65464,CP_Structure9_RF,mutation_group_out,P4-R5-SWD+P7-R5-SWD,0.518925,0,0.4539946896757179
0.65464,CP_Structure9_RF,mutation_group_out,P4-R5-THE+P7-R5-THE,0.68814,1,0.16819964326210926
0.65464,CP_Structure9_RF,mutation_group_out,P4-R5-YTH+P7-R5-YTH,0.0,0,0.4203087527359016
0.65464,CP_Structure9_RF,mutation_group_out,P4-R5-YYE+P7-P5-YYE,0.0866649999999999,0,0.18235326566675913
0.65464,CP_Structure9_RF,mutation_group_out,P5-R6-AYE,0.55629,0,0.6485611958006423
0.65464,CP_Structure9_RF,mutation_group_out,P5-R6-DFE,0.32484,0,0.7463785048573159
0.65464,CP_Structure9_RF,mutation_group_out,P5-R6-FWD,0.37332,0,0.3261156484193712
0.65464,CP_Structure9_RF,mutation_group_out,P5-R6-LRD,0.23336,0,0.5803737799153643
0.65464,CP_Structure9_RF,mutation_group_out,P5-R6-NYE,0.57387,0,0.26532726056201783
0.65464,CP_Structure9_RF,mutation_group_out,P5-R6-SFE,0.6291599999999999,0,0.6524073496467961
0.65464,CP_Structure9_RF,mutation_group_out,P5-R6-SWD,0.666435,1,0.6457485787769653
0.65464,CP_Structure9_RF,mutation_group_out,P5-R6-SYQ,0.591215,0,0.6436076354291254
0.65464,CP_Structure9_RF,mutation_group_out,P5-R6-THN,0.529215,0,0.6012218120673798
0.65464,CP_Structure9_RF,mutation_group_out,P5-R6-TTE,0.348885,0,0.2665867803146518
0.65464,CP_Structure9_RF,mutation_group_out,P5-R6-TWD,0.59784,0,0.3538774383639798
0.65464,CP_Structure9_RF,mutation_group_out,P5-R6-TYE,0.44306,0,0.642443175889519
0.65464,CP_Structure9_RF,mutation_group_out,P5-R6-VFN,0.5554349999999999,0,0.7106354767247183
0.65464,CP_Structure9_RF,mutation_group_out,P6-R7-MHQ,0.2532999999999999,0,0.27103730011026683
0.65464,CP_Structure9_RF,mutation_group_out,P6-R7-QFW,0.67784,1,0.26361444136325946
0.65464,CP_Structure9_RF,mutation_group_out,P6-R7-QRW,0.60431,0,0.315251365988736
0.65464,CP_Structure9_RF,mutation_group_out,P6-R7-TRQ,0.657745,1,0.361182807986026
0.65464,CP_Structure9_RF,mutation_group_out,P6-R7-WFD,0.70041,1,0.2177956295586057
0.65464,CP_Structure9_RF,mutation_group_out,P6-R7-WFQ,0.651535,0,0.2505403617303109
0.65464,CP_Structure9_RF,mutation_group_out,P7-R5-SYVIRR,0.79377,1,0.514973250088918
0.65464,CP_Structure9_RF,mutation_group_out,P8-R6-GVE,0.658565,1,0.8481620231149973
0.65464,CP_Structure9_RF,mutation_group_out,PUF12-9,0.7256100000000001,1,0.5440192734045912
0.658155,CP3_LR,LOCO,P4-R5-ETD,0.0,0,0.502758092779803
0.658155,CP3_LR,LOCO,P4-R5-SHE,0.616825,0,0.5434711287553712
0.658155,CP3_LR,LOCO,P4-R5-SHE+P7-R5-SHE,0.7531399999999999,1,0.4613739993296882
0.658155,CP3_LR,LOCO,P4-R5-SNE,0.7430950000000001,1,0.51907096437104
0.658155,CP3_LR,LOCO,P4-R5-SNE+P7-R5-SNE,0.80335,1,0.43538651578694665
0.658155,CP3_LR,LOCO,P4-R5-SWD+P7-R5-SWD,0.518925,0,0.5066184257891374
0.658155,CP3_LR,LOCO,P4-R5-THE+P7-R5-THE,0.68814,1,0.4848605751160744
0.658155,CP3_LR,LOCO,P4-R5-YTH+P7-R5-YTH,0.0,0,0.5011679137666103
0.658155,CP3_LR,LOCO,P4-R5-YYE+P7-P5-YYE,0.0866649999999999,0,0.5250147767547083
0.658155,CP3_LR,LOCO,P5-R6-AYE,0.55629,0,0.5057318363377022
0.658155,CP3_LR,LOCO,P5-R6-DFE,0.32484,0,0.491376979765396
0.658155,CP3_LR,LOCO,P5-R6-FWD,0.37332,0,0.4949339589353203
0.658155,CP3_LR,LOCO,P5-R6-LRD,0.23336,0,0.5016870815837708
0.658155,CP3_LR,LOCO,P5-R6-NYE,0.57387,0,0.5056147420500423
0.658155,CP3_LR,LOCO,P5-R6-SFE,0.6291599999999999,0,0.5058820138859694
0.658155,CP3_LR,LOCO,P5-R6-SWD,0.666435,1,0.4867608190322701
0.658155,CP3_LR,LOCO,P5-R6-SYQ,0.591215,0,0.506082865440527
0.658155,CP3_LR,LOCO,P5-R6-THN,0.529215,0,0.4864019525129762
0.658155,CP3_LR,LOCO,P5-R6-TTE,0.348885,0,0.47950308068314146
0.658155,CP3_LR,LOCO,P5-R6-TWD,0.59784,0,0.48468943280742305
0.658155,CP3_LR,LOCO,P5-R6-TYE,0.44306,0,0.5044707005335256
0.658155,CP3_LR,LOCO,P5-R6-VFN,0.5554349999999999,0,0.49204490873531187
0.658155,CP3_LR,LOCO,P6-R7-MHQ,0.2532999999999999,0,0.521290566081357
0.658155,CP3_LR,LOCO,P6-R7-QFW,0.67784,1,0.3010907069339258
0.658155,CP3_LR,LOCO,P6-R7-QRW,0.60431,0,0.4953933403755539
0.658155,CP3_LR,LOCO,P6-R7-TRQ,0.657745,0,0.5344104268060612
0.658155,CP3_LR,LOCO,P6-R7-WFD,0.70041,1,0.4677548423278418
0.658155,CP3_LR,LOCO,P6-R7-WFQ,0.651535,0,0.5207573505156842
0.658155,CP3_LR,LOCO,P7-R5-SYVIRR,0.79377,1,0.524730134537446
0.658155,CP3_LR,LOCO,P8-R6-GVE,0.658565,1,0.523698143392968
0.658155,CP3_LR,LOCO,PUF12-9,0.7256100000000001,1,0.5018202180690775
0.658155,CP3_LR,mutation_group_out,P4-R5-ETD,0.0,0,0.5222643414966969
0.658155,CP3_LR,mutation_group_out,P4-R5-SHE,0.616825,0,0.5595079415751064
0.658155,CP3_LR,mutation_group_out,P4-R5-SHE+P7-R5-SHE,0.7531399999999999,1,0.4012012182610785
0.658155,CP3_LR,mutation_group_out,P4-R5-SNE,0.7430950000000001,1,0.5145348208216453
0.658155,CP3_LR,mutation_group_out,P4-R5-SNE+P7-R5-SNE,0.80335,1,0.3805135971721197
0.658155,CP3_LR,mutation_group_out,P4-R5-SWD+P7-R5-SWD,0.518925,0,0.5044528828893242
0.658155,CP3_LR,mutation_group_out,P4-R5-THE+P7-R5-THE,0.68814,1,0.5019271472350438
0.658155,CP3_LR,mutation_group_out,P4-R5-YTH+P7-R5-YTH,0.0,0,0.4067708661830003
0.658155,CP3_LR,mutation_group_out,P4-R5-YYE+P7-P5-YYE,0.0866649999999999,0,0.5068554123085469
0.658155,CP3_LR,mutation_group_out,P5-R6-AYE,0.55629,0,0.5892374403985746
0.658155,CP3_LR,mutation_group_out,P5-R6-DFE,0.32484,0,0.4759346663467377
0.658155,CP3_LR,mutation_group_out,P5-R6-FWD,0.37332,0,0.4955587669378677
0.658155,CP3_LR,mutation_group_out,P5-R6-LRD,0.23336,0,0.6075612349796375
0.658155,CP3_LR,mutation_group_out,P5-R6-NYE,0.57387,0,0.4871092090971819
0.658155,CP3_LR,mutation_group_out,P5-R6-SFE,0.6291599999999999,0,0.5429379213774328
0.658155,CP3_LR,mutation_group_out,P5-R6-SWD,0.666435,1,0.5162732016266255
0.658155,CP3_LR,mutation_group_out,P5-R6-SYQ,0.591215,0,0.5262390007341733
0.658155,CP3_LR,mutation_group_out,P5-R6-THN,0.529215,0,0.49390329194929217
0.658155,CP3_LR,mutation_group_out,P5-R6-TTE,0.348885,0,0.4947287016668469
0.658155,CP3_LR,mutation_group_out,P5-R6-TWD,0.59784,0,0.5962870276117485
0.658155,CP3_LR,mutation_group_out,P5-R6-TYE,0.44306,0,0.4972143393129106
0.658155,CP3_LR,mutation_group_out,P5-R6-VFN,0.5554349999999999,0,0.5518139473173077
0.658155,CP3_LR,mutation_group_out,P6-R7-MHQ,0.2532999999999999,0,0.6010724686339485
0.658155,CP3_LR,mutation_group_out,P6-R7-QFW,0.67784,1,0.2586004054125992
0.658155,CP3_LR,mutation_group_out,P6-R7-QRW,0.60431,0,0.38917891784789366
0.658155,CP3_LR,mutation_group_out,P6-R7-TRQ,0.657745,0,0.5371332256918974
0.658155,CP3_LR,mutation_group_out,P6-R7-WFD,0.70041,1,0.4195669739441658
0.658155,CP3_LR,mutation_group_out,P6-R7-WFQ,0.651535,0,0.5226119156829199
0.658155,CP3_LR,mutation_group_out,P7-R5-SYVIRR,0.79377,1,0.524730134537446
0.658155,CP3_LR,mutation_group_out,P8-R6-GVE,0.658565,1,0.523698143392968
0.658155,CP3_LR,mutation_group_out,PUF12-9,0.7256100000000001,1,0.5018202180690775
0.658155,CP_Structure9_LR,LOCO,P4-R5-ETD,0.0,0,0.44244548856383015
0.658155,CP_Structure9_LR,LOCO,P4-R5-SHE,0.616825,0,0.7268285103949632
0.658155,CP_Structure9_LR,LOCO,P4-R5-SHE+P7-R5-SHE,0.7531399999999999,1,0.5092960636846604
0.658155,CP_Structure9_LR,LOCO,P4-R5-SNE,0.7430950000000001,1,0.6418054691188834
0.658155,CP_Structure9_LR,LOCO,P4-R5-SNE+P7-R5-SNE,0.80335,1,0.5631947557123422
0.658155,CP_Structure9_LR,LOCO,P4-R5-SWD+P7-R5-SWD,0.518925,0,0.3737014091121366
0.658155,CP_Structure9_LR,LOCO,P4-R5-THE+P7-R5-THE,0.68814,1,0.3967745949126748
0.658155,CP_Structure9_LR,LOCO,P4-R5-YTH+P7-R5-YTH,0.0,0,0.3320330495526894
0.658155,CP_Structure9_LR,LOCO,P4-R5-YYE+P7-P5-YYE,0.0866649999999999,0,0.389180750129314
0.658155,CP_Structure9_LR,LOCO,P5-R6-AYE,0.55629,0,0.5318130509117633
0.658155,CP_Structure9_LR,LOCO,P5-R6-DFE,0.32484,0,0.5310219246812684
0.658155,CP_Structure9_LR,LOCO,P5-R6-FWD,0.37332,0,0.4241682656610628
0.658155,CP_Structure9_LR,LOCO,P5-R6-LRD,0.23336,0,0.4575825756411637
0.658155,CP_Structure9_LR,LOCO,P5-R6-NYE,0.57387,0,0.3871558327645863
0.658155,CP_Structure9_LR,LOCO,P5-R6-SFE,0.6291599999999999,0,0.4873894652620434
0.658155,CP_Structure9_LR,LOCO,P5-R6-SWD,0.666435,1,0.5681625673034736
0.658155,CP_Structure9_LR,LOCO,P5-R6-SYQ,0.591215,0,0.4949716868210553
0.658155,CP_Structure9_LR,LOCO,P5-R6-THN,0.529215,0,0.5560229285973686
0.658155,CP_Structure9_LR,LOCO,P5-R6-TTE,0.348885,0,0.43622629121706863
0.658155,CP_Structure9_LR,LOCO,P5-R6-TWD,0.59784,0,0.3917219991734474
0.658155,CP_Structure9_LR,LOCO,P5-R6-TYE,0.44306,0,0.49597990053900726
0.658155,CP_Structure9_LR,LOCO,P5-R6-VFN,0.5554349999999999,0,0.6190666378517611
0.658155,CP_Structure9_LR,LOCO,P6-R7-MHQ,0.2532999999999999,0,0.3845985388519995
0.658155,CP_Structure9_LR,LOCO,P6-R7-QFW,0.67784,1,0.314789118438252
0.658155,CP_Structure9_LR,LOCO,P6-R7-QRW,0.60431,0,0.5455367495253661
0.658155,CP_Structure9_LR,LOCO,P6-R7-TRQ,0.657745,0,0.5380917192002822
0.658155,CP_Structure9_LR,LOCO,P6-R7-WFD,0.70041,1,0.39306856739776297
0.658155,CP_Structure9_LR,LOCO,P6-R7-WFQ,0.651535,0,0.47135785148490245
0.658155,CP_Structure9_LR,LOCO,P7-R5-SYVIRR,0.79377,1,0.3774390197796426
0.658155,CP_Structure9_LR,LOCO,P8-R6-GVE,0.658565,1,0.9705711593808762
0.658155,CP_Structure9_LR,LOCO,PUF12-9,0.7256100000000001,1,0.47865706598952934
0.658155,CP_Structure9_LR,mutation_group_out,P4-R5-ETD,0.0,0,0.47630637596410175
0.658155,CP_Structure9_LR,mutation_group_out,P4-R5-SHE,0.616825,0,0.7181227450199599
0.658155,CP_Structure9_LR,mutation_group_out,P4-R5-SHE+P7-R5-SHE,0.7531399999999999,1,0.4079053750436196
0.658155,CP_Structure9_LR,mutation_group_out,P4-R5-SNE,0.7430950000000001,1,0.6563010067948942
0.658155,CP_Structure9_LR,mutation_group_out,P4-R5-SNE+P7-R5-SNE,0.80335,1,0.40407164260248446
0.658155,CP_Structure9_LR,mutation_group_out,P4-R5-SWD+P7-R5-SWD,0.518925,0,0.42309832169484696
0.658155,CP_Structure9_LR,mutation_group_out,P4-R5-THE+P7-R5-THE,0.68814,1,0.32900142413261513
0.658155,CP_Structure9_LR,mutation_group_out,P4-R5-YTH+P7-R5-YTH,0.0,0,0.411744002940582
0.658155,CP_Structure9_LR,mutation_group_out,P4-R5-YYE+P7-P5-YYE,0.0866649999999999,0,0.32669660136513456
0.658155,CP_Structure9_LR,mutation_group_out,P5-R6-AYE,0.55629,0,0.6074392589201396
0.658155,CP_Structure9_LR,mutation_group_out,P5-R6-DFE,0.32484,0,0.5271059489021952
0.658155,CP_Structure9_LR,mutation_group_out,P5-R6-FWD,0.37332,0,0.5001020608712562
0.658155,CP_Structure9_LR,mutation_group_out,P5-R6-LRD,0.23336,0,0.4956874579280284
0.658155,CP_Structure9_LR,mutation_group_out,P5-R6-NYE,0.57387,0,0.44093037827396286
0.658155,CP_Structure9_LR,mutation_group_out,P5-R6-SFE,0.6291599999999999,0,0.5545199963114279
0.658155,CP_Structure9_LR,mutation_group_out,P5-R6-SWD,0.666435,1,0.6044870605095457
0.658155,CP_Structure9_LR,mutation_group_out,P5-R6-SYQ,0.591215,0,0.5513104472117873
0.658155,CP_Structure9_LR,mutation_group_out,P5-R6-THN,0.529215,0,0.5734968966804775
0.658155,CP_Structure9_LR,mutation_group_out,P5-R6-TTE,0.348885,0,0.4939842285382277
0.658155,CP_Structure9_LR,mutation_group_out,P5-R6-TWD,0.59784,0,0.54505751973205
0.658155,CP_Structure9_LR,mutation_group_out,P5-R6-TYE,0.44306,0,0.5044299645283142
0.658155,CP_Structure9_LR,mutation_group_out,P5-R6-VFN,0.5554349999999999,0,0.5159846412534858
0.658155,CP_Structure9_LR,mutation_group_out,P6-R7-MHQ,0.2532999999999999,0,0.4503200236830669
0.658155,CP_Structure9_LR,mutation_group_out,P6-R7-QFW,0.67784,1,0.26469907469801995
0.658155,CP_Structure9_LR,mutation_group_out,P6-R7-QRW,0.60431,0,0.4034063065847292
0.658155,CP_Structure9_LR,mutation_group_out,P6-R7-TRQ,0.657745,0,0.5228045692397784
0.658155,CP_Structure9_LR,mutation_group_out,P6-R7-WFD,0.70041,1,0.3542555988174951
0.658155,CP_Structure9_LR,mutation_group_out,P6-R7-WFQ,0.651535,0,0.4520162122684226
0.658155,CP_Structure9_LR,mutation_group_out,P7-R5-SYVIRR,0.79377,1,0.3774390197796426
0.658155,CP_Structure9_LR,mutation_group_out,P8-R6-GVE,0.658565,1,0.9705711593808762
0.658155,CP_Structure9_LR,mutation_group_out,PUF12-9,0.7256100000000001,1,0.47865706598952934
0.658155,CP3_RF,LOCO,P4-R5-ETD,0.0,0,0.20651569535495753
0.658155,CP3_RF,LOCO,P4-R5-SHE,0.616825,0,0.6898565727632221
0.658155,CP3_RF,LOCO,P4-R5-SHE+P7-R5-SHE,0.7531399999999999,1,0.4343372612977116
0.658155,CP3_RF,LOCO,P4-R5-SNE,0.7430950000000001,1,0.23719211101785256
0.658155,CP3_RF,LOCO,P4-R5-SNE+P7-R5-SNE,0.80335,1,0.38524732287910907
0.658155,CP3_RF,LOCO,P4-R5-SWD+P7-R5-SWD,0.518925,0,0.5007382270857611
0.658155,CP3_RF,LOCO,P4-R5-THE+P7-R5-THE,0.68814,1,0.34969797795055946
0.658155,CP3_RF,LOCO,P4-R5-YTH+P7-R5-YTH,0.0,0,0.26947241162764785
0.658155,CP3_RF,LOCO,P4-R5-YYE+P7-P5-YYE,0.0866649999999999,0,0.5649016436460841
0.658155,CP3_RF,LOCO,P5-R6-AYE,0.55629,0,0.46116209278150977
0.658155,CP3_RF,LOCO,P5-R6-DFE,0.32484,0,0.14453561746131402
0.658155,CP3_RF,LOCO,P5-R6-FWD,0.37332,0,0.18469243389909024
0.658155,CP3_RF,LOCO,P5-R6-LRD,0.23336,0,0.47530766049084777
0.658155,CP3_RF,LOCO,P5-R6-NYE,0.57387,0,0.15601394066067645
0.658155,CP3_RF,LOCO,P5-R6-SFE,0.6291599999999999,0,0.556548819367119
0.658155,CP3_RF,LOCO,P5-R6-SWD,0.666435,1,0.381234005029781
0.658155,CP3_RF,LOCO,P5-R6-SYQ,0.591215,0,0.5381423405829449
0.658155,CP3_RF,LOCO,P5-R6-THN,0.529215,0,0.14357798956476436
0.658155,CP3_RF,LOCO,P5-R6-TTE,0.348885,0,0.22336662250045616
0.658155,CP3_RF,LOCO,P5-R6-TWD,0.59784,0,0.48550489586175716
0.658155,CP3_RF,LOCO,P5-R6-TYE,0.44306,0,0.1799982611800487
0.658155,CP3_RF,LOCO,P5-R6-VFN,0.5554349999999999,0,0.4356435299232107
0.658155,CP3_RF,LOCO,P6-R7-MHQ,0.2532999999999999,0,0.5733306815004886
0.658155,CP3_RF,LOCO,P6-R7-QFW,0.67784,1,0.2276317837222681
0.658155,CP3_RF,LOCO,P6-R7-QRW,0.60431,0,0.4638929618526129
0.658155,CP3_RF,LOCO,P6-R7-TRQ,0.657745,0,0.5854171440315127
0.658155,CP3_RF,LOCO,P6-R7-WFD,0.70041,1,0.5232167942383458
0.658155,CP3_RF,LOCO,P6-R7-WFQ,0.651535,0,0.6388143052562217
0.658155,CP3_RF,LOCO,P7-R5-SYVIRR,0.79377,1,0.42769267874262273
0.658155,CP3_RF,LOCO,P8-R6-GVE,0.658565,1,0.5767697256570918
0.658155,CP3_RF,LOCO,PUF12-9,0.7256100000000001,1,0.2673356919586124
0.658155,CP3_RF,mutation_group_out,P4-R5-ETD,0.0,0,0.1582177533807324
0.658155,CP3_RF,mutation_group_out,P4-R5-SHE,0.616825,0,0.6937700513770926
0.658155,CP3_RF,mutation_group_out,P4-R5-SHE+P7-R5-SHE,0.7531399999999999,1,0.07486569831814768
0.658155,CP3_RF,mutation_group_out,P4-R5-SNE,0.7430950000000001,1,0.24199032272211315
0.658155,CP3_RF,mutation_group_out,P4-R5-SNE+P7-R5-SNE,0.80335,1,0.07486569831814768
0.658155,CP3_RF,mutation_group_out,P4-R5-SWD+P7-R5-SWD,0.518925,0,0.6698817292793986
0.658155,CP3_RF,mutation_group_out,P4-R5-THE+P7-R5-THE,0.68814,1,0.6319396975226512
0.658155,CP3_RF,mutation_group_out,P4-R5-YTH+P7-R5-YTH,0.0,0,0.06766569831814769
0.658155,CP3_RF,mutation_group_out,P4-R5-YYE+P7-P5-YYE,0.0866649999999999,0,0.7807679646034558
0.658155,CP3_RF,mutation_group_out,P5-R6-AYE,0.55629,0,0.7003766233766232
0.658155,CP3_RF,mutation_group_out,P5-R6-DFE,0.32484,0,0.3806984126984127
0.658155,CP3_RF,mutation_group_out,P5-R6-FWD,0.37332,0,0.44594444444444464
0.658155,CP3_RF,mutation_group_out,P5-R6-LRD,0.23336,0,0.7003766233766232
0.658155,CP3_RF,mutation_group_out,P5-R6-NYE,0.57387,0,0.3798095238095239
0.658155,CP3_RF,mutation_group_out,P5-R6-SFE,0.6291599999999999,0,0.6334599567099566
0.658155,CP3_RF,mutation_group_out,P5-R6-SWD,0.666435,1,0.4667186147186149
0.658155,CP3_RF,mutation_group_out,P5-R6-SYQ,0.591215,0,0.593011544011544
0.658155,CP3_RF,mutation_group_out,P5-R6-THN,0.529215,0,0.43979365079365096
0.658155,CP3_RF,mutation_group_out,P5-R6-TTE,0.348885,0,0.4018232323232324
0.658155,CP3_RF,mutation_group_out,P5-R6-TWD,0.59784,0,0.7003766233766232
0.658155,CP3_RF,mutation_group_out,P5-R6-TYE,0.44306,0,0.46618253968253986
0.658155,CP3_RF,mutation_group_out,P5-R6-VFN,0.5554349999999999,0,0.6299599567099566
0.658155,CP3_RF,mutation_group_out,P6-R7-MHQ,0.2532999999999999,0,0.6241478183470849
0.658155,CP3_RF,mutation_group_out,P6-R7-QFW,0.67784,1,0.27812572885876574
0.658155,CP3_RF,mutation_group_out,P6-R7-QRW,0.60431,0,0.2739793873953511
0.658155,CP3_RF,mutation_group_out,P6-R7-TRQ,0.657745,0,0.5902757042727329
0.658155,CP3_RF,mutation_group_out,P6-R7-WFD,0.70041,1,0.5611648003684153
0.658155,CP3_RF,mutation_group_out,P6-R7-WFQ,0.651535,0,0.6390822021767998
0.658155,CP3_RF,mutation_group_out,P7-R5-SYVIRR,0.79377,1,0.42769267874262273
0.658155,CP3_RF,mutation_group_out,P8-R6-GVE,0.658565,1,0.5767697256570918
0.658155,CP3_RF,mutation_group_out,PUF12-9,0.7256100000000001,1,0.2673356919586124
0.658155,CP_Structure9_RF,LOCO,P4-R5-ETD,0.0,0,0.3136846972675379
0.658155,CP_Structure9_RF,LOCO,P4-R5-SHE,0.616825,0,0.7421781785465995
0.658155,CP_Structure9_RF,LOCO,P4-R5-SHE+P7-R5-SHE,0.7531399999999999,1,0.44134410357803616
0.658155,CP_Structure9_RF,LOCO,P4-R5-SNE,0.7430950000000001,1,0.6580836591763743
0.658155,CP_Structure9_RF,LOCO,P4-R5-SNE+P7-R5-SNE,0.80335,1,0.5913640166746776
0.658155,CP_Structure9_RF,LOCO,P4-R5-SWD+P7-R5-SWD,0.518925,0,0.33117240242146684
0.658155,CP_Structure9_RF,LOCO,P4-R5-THE+P7-R5-THE,0.68814,1,0.16610896911559997
0.658155,CP_Structure9_RF,LOCO,P4-R5-YTH+P7-R5-YTH,0.0,0,0.3713831985008457
0.658155,CP_Structure9_RF,LOCO,P4-R5-YYE+P7-P5-YYE,0.0866649999999999,0,0.21032384318243783
0.658155,CP_Structure9_RF,LOCO,P5-R6-AYE,0.55629,0,0.6171132421218624
0.658155,CP_Structure9_RF,LOCO,P5-R6-DFE,0.32484,0,0.38796435246003147
0.658155,CP_Structure9_RF,LOCO,P5-R6-FWD,0.37332,0,0.14326872322051348
0.658155,CP_Structure9_RF,LOCO,P5-R6-LRD,0.23336,0,0.5241340085173101
0.658155,CP_Structure9_RF,LOCO,P5-R6-NYE,0.57387,0,0.05940141427200249
0.658155,CP_Structure9_RF,LOCO,P5-R6-SFE,0.6291599999999999,0,0.5378362757962634
0.658155,CP_Structure9_RF,LOCO,P5-R6-SWD,0.666435,1,0.4329030107357563
0.658155,CP_Structure9_RF,LOCO,P5-R6-SYQ,0.591215,0,0.12012093384024332
0.658155,CP_Structure9_RF,LOCO,P5-R6-THN,0.529215,0,0.2853680434543829
0.658155,CP_Structure9_RF,LOCO,P5-R6-TTE,0.348885,0,0.1202926535073905
0.658155,CP_Structure9_RF,LOCO,P5-R6-TWD,0.59784,0,0.4136529220243259
0.658155,CP_Structure9_RF,LOCO,P5-R6-TYE,0.44306,0,0.4751332056004866
0.658155,CP_Structure9_RF,LOCO,P5-R6-VFN,0.5554349999999999,0,0.7106454116059376
0.658155,CP_Structure9_RF,LOCO,P6-R7-MHQ,0.2532999999999999,0,0.2262885661510981
0.658155,CP_Structure9_RF,LOCO,P6-R7-QFW,0.67784,1,0.39274683151540485
0.658155,CP_Structure9_RF,LOCO,P6-R7-QRW,0.60431,0,0.6333464046622246
0.658155,CP_Structure9_RF,LOCO,P6-R7-TRQ,0.657745,0,0.5282028339606765
0.658155,CP_Structure9_RF,LOCO,P6-R7-WFD,0.70041,1,0.2608173989309318
0.658155,CP_Structure9_RF,LOCO,P6-R7-WFQ,0.651535,0,0.40493818503826573
0.658155,CP_Structure9_RF,LOCO,P7-R5-SYVIRR,0.79377,1,0.29322015431795634
0.658155,CP_Structure9_RF,LOCO,P8-R6-GVE,0.658565,1,0.7169108378420102
0.658155,CP_Structure9_RF,LOCO,PUF12-9,0.7256100000000001,1,0.32205998311249734
0.658155,CP_Structure9_RF,mutation_group_out,P4-R5-ETD,0.0,0,0.31560306543851097
0.658155,CP_Structure9_RF,mutation_group_out,P4-R5-SHE,0.616825,0,0.6973297462885306
0.658155,CP_Structure9_RF,mutation_group_out,P4-R5-SHE+P7-R5-SHE,0.7531399999999999,1,0.336829741754595
0.658155,CP_Structure9_RF,mutation_group_out,P4-R5-SNE,0.7430950000000001,1,0.6948457430339243
0.658155,CP_Structure9_RF,mutation_group_out,P4-R5-SNE+P7-R5-SNE,0.80335,1,0.32114304410035344
0.658155,CP_Structure9_RF,mutation_group_out,P4-R5-SWD+P7-R5-SWD,0.518925,0,0.36636784072626954
0.658155,CP_Structure9_RF,mutation_group_out,P4-R5-THE+P7-R5-THE,0.68814,1,0.1844816448760769
0.658155,CP_Structure9_RF,mutation_group_out,P4-R5-YTH+P7-R5-YTH,0.0,0,0.3430093277882348
0.658155,CP_Structure9_RF,mutation_group_out,P4-R5-YYE+P7-P5-YYE,0.0866649999999999,0,0.18561031040581674
0.658155,CP_Structure9_RF,mutation_group_out,P5-R6-AYE,0.55629,0,0.6571349206349205
0.658155,CP_Structure9_RF,mutation_group_out,P5-R6-DFE,0.32484,0,0.7521861471861468
0.658155,CP_Structure9_RF,mutation_group_out,P5-R6-FWD,0.37332,0,0.38064718614718607
0.658155,CP_Structure9_RF,mutation_group_out,P5-R6-LRD,0.23336,0,0.5911154401154401
0.658155,CP_Structure9_RF,mutation_group_out,P5-R6-NYE,0.57387,0,0.30859163059163053
0.658155,CP_Structure9_RF,mutation_group_out,P5-R6-SFE,0.6291599999999999,0,0.6554682539682538
0.658155,CP_Structure9_RF,mutation_group_out,P5-R6-SWD,0.666435,1,0.6812813852813853
0.658155,CP_Structure9_RF,mutation_group_out,P5-R6-SYQ,0.591215,0,0.4595873015873017
0.658155,CP_Structure9_RF,mutation_group_out,P5-R6-THN,0.529215,0,0.4419202741702742
0.658155,CP_Structure9_RF,mutation_group_out,P5-R6-TTE,0.348885,0,0.35017496392496383
0.658155,CP_Structure9_RF,mutation_group_out,P5-R6-TWD,0.59784,0,0.44729401154401155
0.658155,CP_Structure9_RF,mutation_group_out,P5-R6-TYE,0.44306,0,0.6517536075036073
0.658155,CP_Structure9_RF,mutation_group_out,P5-R6-VFN,0.5554349999999999,0,0.6095988455988455
0.658155,CP_Structure9_RF,mutation_group_out,P6-R7-MHQ,0.2532999999999999,0,0.27103730011026683
0.658155,CP_Structure9_RF,mutation_group_out,P6-R7-QFW,0.67784,1,0.26361444136325946
0.658155,CP_Structure9_RF,mutation_group_out,P6-R7-QRW,0.60431,0,0.315251365988736
0.658155,CP_Structure9_RF,mutation_group_out,P6-R7-TRQ,0.657745,0,0.361182807986026
0.658155,CP_Structure9_RF,mutation_group_out,P6-R7-WFD,0.70041,1,0.2177956295586057
0.658155,CP_Structure9_RF,mutation_group_out,P6-R7-WFQ,0.651535,0,0.2505403617303109
0.658155,CP_Structure9_RF,mutation_group_out,P7-R5-SYVIRR,0.79377,1,0.29322015431795634
0.658155,CP_Structure9_RF,mutation_group_out,P8-R6-GVE,0.658565,1,0.7169108378420102
0.658155,CP_Structure9_RF,mutation_group_out,PUF12-9,0.7256100000000001,1,0.32205998311249734
0.6625,CP3_LR,LOCO,P4-R5-ETD,0.0,0,0.5075954823515534
0.6625,CP3_LR,LOCO,P4-R5-SHE,0.616825,0,0.5320226226989526
0.6625,CP3_LR,LOCO,P4-R5-SHE+P7-R5-SHE,0.7531399999999999,1,0.45799780520674893
0.6625,CP3_LR,LOCO,P4-R5-SNE,0.7430950000000001,1,0.47696325610503093
0.6625,CP3_LR,LOCO,P4-R5-SNE+P7-R5-SNE,0.80335,1,0.4337094514926421
0.6625,CP3_LR,LOCO,P4-R5-SWD+P7-R5-SWD,0.518925,0,0.503765642290611
0.6625,CP3_LR,LOCO,P4-R5-THE+P7-R5-THE,0.68814,1,0.49247603517613386
0.6625,CP3_LR,LOCO,P4-R5-YTH+P7-R5-YTH,0.0,0,0.5129117007523999
0.6625,CP3_LR,LOCO,P4-R5-YYE+P7-P5-YYE,0.0866649999999999,0,0.5048802724579838
0.6625,CP3_LR,LOCO,P5-R6-AYE,0.55629,0,0.5088230734211614
0.6625,CP3_LR,LOCO,P5-R6-DFE,0.32484,0,0.5055124728390556
0.6625,CP3_LR,LOCO,P5-R6-FWD,0.37332,0,0.502401844591407
0.6625,CP3_LR,LOCO,P5-R6-LRD,0.23336,0,0.5178962695545662
0.6625,CP3_LR,LOCO,P5-R6-NYE,0.57387,0,0.5079401849463825
0.6625,CP3_LR,LOCO,P5-R6-SFE,0.6291599999999999,0,0.49986556015088096
0.6625,CP3_LR,LOCO,P5-R6-SWD,0.666435,1,0.49742597754343243
0.6625,CP3_LR,LOCO,P5-R6-SYQ,0.591215,0,0.5011417796560145
0.6625,CP3_LR,LOCO,P5-R6-THN,0.529215,0,0.5030352124841512
0.6625,CP3_LR,LOCO,P5-R6-TTE,0.348885,0,0.4999719092717754
0.6625,CP3_LR,LOCO,P5-R6-TWD,0.59784,0,0.5175899594433803
0.6625,CP3_LR,LOCO,P5-R6-TYE,0.44306,0,0.5028425496074724
0.6625,CP3_LR,LOCO,P5-R6-VFN,0.5554349999999999,0,0.5019713975296525
0.6625,CP3_LR,LOCO,P6-R7-MHQ,0.2532999999999999,0,0.5392678071851016
0.6625,CP3_LR,LOCO,P6-R7-QFW,0.67784,1,0.32446008664920045
0.6625,CP3_LR,LOCO,P6-R7-QRW,0.60431,0,0.500686385463862
0.6625,CP3_LR,LOCO,P6-R7-TRQ,0.657745,0,0.5076534864292594
0.6625,CP3_LR,LOCO,P6-R7-WFD,0.70041,1,0.48903710730220346
0.6625,CP3_LR,LOCO,P6-R7-WFQ,0.651535,0,0.5018683442622782
0.6625,CP3_LR,LOCO,P7-R5-SYVIRR,0.79377,1,0.48564408451114116
0.6625,CP3_LR,LOCO,P8-R6-GVE,0.658565,0,0.523698143392968
0.6625,CP3_LR,LOCO,PUF12-9,0.7256100000000001,1,0.5016985946952666
0.6625,CP3_LR,mutation_group_out,P4-R5-ETD,0.0,0,0.5255214780941811
0.6625,CP3_LR,mutation_group_out,P4-R5-SHE,0.616825,0,0.5467881315684098
0.6625,CP3_LR,mutation_group_out,P4-R5-SHE+P7-R5-SHE,0.7531399999999999,1,0.38612646488079566
0.6625,CP3_LR,mutation_group_out,P4-R5-SNE,0.7430950000000001,1,0.4736018793212689
0.6625,CP3_LR,mutation_group_out,P4-R5-SNE+P7-R5-SNE,0.80335,1,0.3659125103386744
0.6625,CP3_LR,mutation_group_out,P4-R5-SWD+P7-R5-SWD,0.518925,0,0.5007132372010423
0.6625,CP3_LR,mutation_group_out,P4-R5-THE+P7-R5-THE,0.68814,1,0.511682404722676
0.6625,CP3_LR,mutation_group_out,P4-R5-YTH+P7-R5-YTH,0.0,0,0.407092550514794
0.6625,CP3_LR,mutation_group_out,P4-R5-YYE+P7-P5-YYE,0.0866649999999999,0,0.4826111669514643
0.6625,CP3_LR,mutation_group_out,P5-R6-AYE,0.55629,0,0.5912740707036487
0.6625,CP3_LR,mutation_group_out,P5-R6-DFE,0.32484,0,0.4924190219866352
0.6625,CP3_LR,mutation_group_out,P5-R6-FWD,0.37332,0,0.5059591342899915
0.6625,CP3_LR,mutation_group_out,P5-R6-LRD,0.23336,0,0.617345104956474
0.6625,CP3_LR,mutation_group_out,P5-R6-NYE,0.57387,0,0.4943071731254264
0.6625,CP3_LR,mutation_group_out,P5-R6-SFE,0.6291599999999999,0,0.539766112329429
0.6625,CP3_LR,mutation_group_out,P5-R6-SWD,0.666435,1,0.5274695166080129
0.6625,CP3_LR,mutation_group_out,P5-R6-SYQ,0.591215,0,0.524963135789802
0.6625,CP3_LR,mutation_group_out,P5-R6-THN,0.529215,0,0.5116844640757786
0.6625,CP3_LR,mutation_group_out,P5-R6-TTE,0.348885,0,0.5148354681810561
0.6625,CP3_LR,mutation_group_out,P5-R6-TWD,0.59784,0,0.6171578621637489
0.6625,CP3_LR,mutation_group_out,P5-R6-TYE,0.44306,0,0.5002322411606062
0.6625,CP3_LR,mutation_group_out,P5-R6-VFN,0.5554349999999999,0,0.5608862677597821
0.6625,CP3_LR,mutation_group_out,P6-R7-MHQ,0.2532999999999999,0,0.62570969709879
0.6625,CP3_LR,mutation_group_out,P6-R7-QFW,0.67784,1,0.273904383612825
0.6625,CP3_LR,mutation_group_out,P6-R7-QRW,0.60431,0,0.3909773943580345
0.6625,CP3_LR,mutation_group_out,P6-R7-TRQ,0.657745,0,0.5093246180701951
0.6625,CP3_LR,mutation_group_out,P6-R7-WFD,0.70041,1,0.44057402179876975
0.6625,CP3_LR,mutation_group_out,P6-R7-WFQ,0.651535,0,0.5028685045616058
0.6625,CP3_LR,mutation_group_out,P7-R5-SYVIRR,0.79377,1,0.48564408451114116
0.6625,CP3_LR,mutation_group_out,P8-R6-GVE,0.658565,0,0.523698143392968
0.6625,CP3_LR,mutation_group_out,PUF12-9,0.7256100000000001,1,0.5016985946952666
0.6625,CP_Structure9_LR,LOCO,P4-R5-ETD,0.0,0,0.4744963037926145
0.6625,CP_Structure9_LR,LOCO,P4-R5-SHE,0.616825,0,0.7139630954359559
0.6625,CP_Structure9_LR,LOCO,P4-R5-SHE+P7-R5-SHE,0.7531399999999999,1,0.5151611598158505
0.6625,CP_Structure9_LR,LOCO,P4-R5-SNE,0.7430950000000001,1,0.5744371519585134
0.6625,CP_Structure9_LR,LOCO,P4-R5-SNE+P7-R5-SNE,0.80335,1,0.5439129266423005
0.6625,CP_Structure9_LR,LOCO,P4-R5-SWD+P7-R5-SWD,0.518925,0,0.4210498592977743
0.6625,CP_Structure9_LR,LOCO,P4-R5-THE+P7-R5-THE,0.68814,1,0.43159213840154914
0.6625,CP_Structure9_LR,LOCO,P4-R5-YTH+P7-R5-YTH,0.0,0,0.3708332910522761
0.6625,CP_Structure9_LR,LOCO,P4-R5-YYE+P7-P5-YYE,0.0866649999999999,0,0.4148501299640054
0.6625,CP_Structure9_LR,LOCO,P5-R6-AYE,0.55629,0,0.56431374482722
0.6625,CP_Structure9_LR,LOCO,P5-R6-DFE,0.32484,0,0.5379208745933933
0.6625,CP_Structure9_LR,LOCO,P5-R6-FWD,0.37332,0,0.4802508743969375
0.6625,CP_Structure9_LR,LOCO,P5-R6-LRD,0.23336,0,0.5151529523417894
0.6625,CP_Structure9_LR,LOCO,P5-R6-NYE,0.57387,0,0.42948487273023084
0.6625,CP_Structure9_LR,LOCO,P5-R6-SFE,0.6291599999999999,0,0.5088513786022503
0.6625,CP_Structure9_LR,LOCO,P5-R6-SWD,0.666435,1,0.6005851265865216
0.6625,CP_Structure9_LR,LOCO,P5-R6-SYQ,0.591215,0,0.5130749513924884
0.6625,CP_Structure9_LR,LOCO,P5-R6-THN,0.529215,0,0.5789383828929168
0.6625,CP_Structure9_LR,LOCO,P5-R6-TTE,0.348885,0,0.49644121762294996
0.6625,CP_Structure9_LR,LOCO,P5-R6-TWD,0.59784,0,0.49192858284790586
0.6625,CP_Structure9_LR,LOCO,P5-R6-TYE,0.44306,0,0.5100818909029345
0.6625,CP_Structure9_LR,LOCO,P5-R6-VFN,0.5554349999999999,0,0.5896793516141686
0.6625,CP_Structure9_LR,LOCO,P6-R7-MHQ,0.2532999999999999,0,0.4265317661330573
0.6625,CP_Structure9_LR,LOCO,P6-R7-QFW,0.67784,1,0.29172937673448157
0.6625,CP_Structure9_LR,LOCO,P6-R7-QRW,0.60431,0,0.5271208479246756
0.6625,CP_Structure9_LR,LOCO,P6-R7-TRQ,0.657745,0,0.48797427413758476
0.6625,CP_Structure9_LR,LOCO,P6-R7-WFD,0.70041,1,0.40894439633038154
0.6625,CP_Structure9_LR,LOCO,P6-R7-WFQ,0.651535,0,0.468780639112666
0.6625,CP_Structure9_LR,LOCO,P7-R5-SYVIRR,0.79377,1,0.2988912877102655
0.6625,CP_Structure9_LR,LOCO,P8-R6-GVE,0.658565,0,0.9705711593808762
0.6625,CP_Structure9_LR,LOCO,PUF12-9,0.7256100000000001,1,0.48620866385627026
0.6625,CP_Structure9_LR,mutation_group_out,P4-R5-ETD,0.0,0,0.5072473266693737
0.6625,CP_Structure9_LR,mutation_group_out,P4-R5-SHE,0.616825,0,0.6996684970889554
0.6625,CP_Structure9_LR,mutation_group_out,P4-R5-SHE+P7-R5-SHE,0.7531399999999999,1,0.40441307936608806
0.6625,CP_Structure9_LR,mutation_group_out,P4-R5-SNE,0.7430950000000001,1,0.5877405412316096
0.6625,CP_Structure9_LR,mutation_group_out,P4-R5-SNE+P7-R5-SNE,0.80335,1,0.37763670110930597
0.6625,CP_Structure9_LR,mutation_group_out,P4-R5-SWD+P7-R5-SWD,0.518925,0,0.47832768563590045
0.6625,CP_Structure9_LR,mutation_group_out,P4-R5-THE+P7-R5-THE,0.68814,1,0.355678547195412
0.6625,CP_Structure9_LR,mutation_group_out,P4-R5-YTH+P7-R5-YTH,0.0,0,0.4572408301922805
0.6625,CP_Structure9_LR,mutation_group_out,P4-R5-YYE+P7-P5-YYE,0.0866649999999999,0,0.3520836761785641
0.6625,CP_Structure9_LR,mutation_group_out,P5-R6-AYE,0.55629,0,0.6384408592676413
0.6625,CP_Structure9_LR,mutation_group_out,P5-R6-DFE,0.32484,0,0.5452685275419142
0.6625,CP_Structure9_LR,mutation_group_out,P5-R6-FWD,0.37332,0,0.5700299225691994
0.6625,CP_Structure9_LR,mutation_group_out,P5-R6-LRD,0.23336,0,0.571692369320464
0.6625,CP_Structure9_LR,mutation_group_out,P5-R6-NYE,0.57387,0,0.49622500365405714
0.6625,CP_Structure9_LR,mutation_group_out,P5-R6-SFE,0.6291599999999999,0,0.5790576668931939
0.6625,CP_Structure9_LR,mutation_group_out,P5-R6-SWD,0.666435,1,0.63411955130401
0.6625,CP_Structure9_LR,mutation_group_out,P5-R6-SYQ,0.591215,0,0.5765991531296043
0.6625,CP_Structure9_LR,mutation_group_out,P5-R6-THN,0.529215,0,0.6086441162920713
0.6625,CP_Structure9_LR,mutation_group_out,P5-R6-TTE,0.348885,0,0.5680197078543684
0.6625,CP_Structure9_LR,mutation_group_out,P5-R6-TWD,0.59784,0,0.6478051072658001
0.6625,CP_Structure9_LR,mutation_group_out,P5-R6-TYE,0.44306,0,0.5251327412446436
0.6625,CP_Structure9_LR,mutation_group_out,P5-R6-VFN,0.5554349999999999,0,0.5007375481421189
0.6625,CP_Structure9_LR,mutation_group_out,P6-R7-MHQ,0.2532999999999999,0,0.4994856056288244
0.6625,CP_Structure9_LR,mutation_group_out,P6-R7-QFW,0.67784,1,0.23532141482470886
0.6625,CP_Structure9_LR,mutation_group_out,P6-R7-QRW,0.60431,0,0.36832742320848333
0.6625,CP_Structure9_LR,mutation_group_out,P6-R7-TRQ,0.657745,0,0.4692080821314133
0.6625,CP_Structure9_LR,mutation_group_out,P6-R7-WFD,0.70041,1,0.35912067962360394
0.6625,CP_Structure9_LR,mutation_group_out,P6-R7-WFQ,0.651535,0,0.43904642510578695
0.6625,CP_Structure9_LR,mutation_group_out,P7-R5-SYVIRR,0.79377,1,0.2988912877102655
0.6625,CP_Structure9_LR,mutation_group_out,P8-R6-GVE,0.658565,0,0.9705711593808762
0.6625,CP_Structure9_LR,mutation_group_out,PUF12-9,0.7256100000000001,1,0.48620866385627026
0.6625,CP3_RF,LOCO,P4-R5-ETD,0.0,0,0.2838076445869629
0.6625,CP3_RF,LOCO,P4-R5-SHE,0.616825,0,0.622707938474034
0.6625,CP3_RF,LOCO,P4-R5-SHE+P7-R5-SHE,0.7531399999999999,1,0.3930451809939598
0.6625,CP3_RF,LOCO,P4-R5-SNE,0.7430950000000001,1,0.12907183344312448
0.6625,CP3_RF,LOCO,P4-R5-SNE+P7-R5-SNE,0.80335,1,0.3653604609280132
0.6625,CP3_RF,LOCO,P4-R5-SWD+P7-R5-SWD,0.518925,0,0.4543849308007297
0.6625,CP3_RF,LOCO,P4-R5-THE+P7-R5-THE,0.68814,1,0.3675566774272504
0.6625,CP3_RF,LOCO,P4-R5-YTH+P7-R5-YTH,0.0,0,0.3403232583168777
0.6625,CP3_RF,LOCO,P4-R5-YYE+P7-P5-YYE,0.0866649999999999,0,0.5254731079682935
0.6625,CP3_RF,LOCO,P5-R6-AYE,0.55629,0,0.4409483190856045
0.6625,CP3_RF,LOCO,P5-R6-DFE,0.32484,0,0.21399179414875366
0.6625,CP3_RF,LOCO,P5-R6-FWD,0.37332,0,0.26848624298094076
0.6625,CP3_RF,LOCO,P5-R6-LRD,0.23336,0,0.47899047493336283
0.6625,CP3_RF,LOCO,P5-R6-NYE,0.57387,0,0.21706238078055037
0.6625,CP3_RF,LOCO,P5-R6-SFE,0.6291599999999999,0,0.5659035385922268
0.6625,CP3_RF,LOCO,P5-R6-SWD,0.666435,1,0.35103912185676384
0.6625,CP3_RF,LOCO,P5-R6-SYQ,0.591215,0,0.4952467991115477
0.6625,CP3_RF,LOCO,P5-R6-THN,0.529215,0,0.22774332637059125
0.6625,CP3_RF,LOCO,P5-R6-TTE,0.348885,0,0.3175837384981029
0.6625,CP3_RF,LOCO,P5-R6-TWD,0.59784,0,0.4572842976788774
0.6625,CP3_RF,LOCO,P5-R6-TYE,0.44306,0,0.23589842132870906
0.6625,CP3_RF,LOCO,P5-R6-VFN,0.5554349999999999,0,0.4260171132785466
0.6625,CP3_RF,LOCO,P6-R7-MHQ,0.2532999999999999,0,0.5369878362819788
0.6625,CP3_RF,LOCO,P6-R7-QFW,0.67784,1,0.23729394277273447
0.6625,CP3_RF,LOCO,P6-R7-QRW,0.60431,0,0.4579051797410256
0.6625,CP3_RF,LOCO,P6-R7-TRQ,0.657745,0,0.4637127986450574
0.6625,CP3_RF,LOCO,P6-R7-WFD,0.70041,1,0.5897319385217596
0.6625,CP3_RF,LOCO,P6-R7-WFQ,0.651535,0,0.6525137267738532
0.6625,CP3_RF,LOCO,P7-R5-SYVIRR,0.79377,1,0.28608167276876256
0.6625,CP3_RF,LOCO,P8-R6-GVE,0.658565,0,0.5767697256570918
0.6625,CP3_RF,LOCO,PUF12-9,0.7256100000000001,1,0.2346774546863558
0.6625,CP3_RF,mutation_group_out,P4-R5-ETD,0.0,0,0.2460495530750183
0.6625,CP3_RF,mutation_group_out,P4-R5-SHE,0.616825,0,0.5845043123881788
0.6625,CP3_RF,mutation_group_out,P4-R5-SHE+P7-R5-SHE,0.7531399999999999,1,0.04338003472941361
0.6625,CP3_RF,mutation_group_out,P4-R5-SNE,0.7430950000000001,1,0.10789194095373592
0.6625,CP3_RF,mutation_group_out,P4-R5-SNE+P7-R5-SNE,0.80335,1,0.04338003472941361
0.6625,CP3_RF,mutation_group_out,P4-R5-SWD+P7-R5-SWD,0.518925,0,0.6375689189180097
0.6625,CP3_RF,mutation_group_out,P4-R5-THE+P7-R5-THE,0.68814,1,0.6781320416278791
0.6625,CP3_RF,mutation_group_out,P4-R5-YTH+P7-R5-YTH,0.0,0,0.05264832741234044
0.6625,CP3_RF,mutation_group_out,P4-R5-YYE+P7-P5-YYE,0.0866649999999999,0,0.7015368711381232
0.6625,CP3_RF,mutation_group_out,P5-R6-AYE,0.55629,0,0.6965865021226486
0.6625,CP3_RF,mutation_group_out,P5-R6-DFE,0.32484,0,0.4842092079994494
0.6625,CP3_RF,mutation_group_out,P5-R6-FWD,0.37332,0,0.5213567271469686
0.6625,CP3_RF,mutation_group_out,P5-R6-LRD,0.23336,0,0.6965865021226486
0.6625,CP3_RF,mutation_group_out,P5-R6-NYE,0.57387,0,0.4758949732146264
0.6625,CP3_RF,mutation_group_out,P5-R6-SFE,0.6291599999999999,0,0.6698323638124464
0.6625,CP3_RF,mutation_group_out,P5-R6-SWD,0.666435,1,0.4894814686297792
0.6625,CP3_RF,mutation_group_out,P5-R6-SYQ,0.591215,0,0.645003433405606
0.6625,CP3_RF,mutation_group_out,P5-R6-THN,0.529215,0,0.5249873951511943
0.6625,CP3_RF,mutation_group_out,P5-R6-TTE,0.348885,0,0.43722907696418056
0.6625,CP3_RF,mutation_group_out,P5-R6-TWD,0.59784,0,0.6965865021226486
0.6625,CP3_RF,mutation_group_out,P5-R6-TYE,0.44306,0,0.5406207964110379
0.6625,CP3_RF,mutation_group_out,P5-R6-VFN,0.5554349999999999,0,0.6664830815157957
0.6625,CP3_RF,mutation_group_out,P6-R7-MHQ,0.2532999999999999,0,0.5393294186730443
0.6625,CP3_RF,mutation_group_out,P6-R7-QFW,0.67784,1,0.26545965009870204
0.6625,CP3_RF,mutation_group_out,P6-R7-QRW,0.60431,0,0.2608442654833174
0.6625,CP3_RF,mutation_group_out,P6-R7-TRQ,0.657745,0,0.5230350525874757
0.6625,CP3_RF,mutation_group_out,P6-R7-WFD,0.70041,1,0.6225248816661239
0.6625,CP3_RF,mutation_group_out,P6-R7-WFQ,0.651535,0,0.6496202392261207
0.6625,CP3_RF,mutation_group_out,P7-R5-SYVIRR,0.79377,1,0.28608167276876256
0.6625,CP3_RF,mutation_group_out,P8-R6-GVE,0.658565,0,0.5767697256570918
0.6625,CP3_RF,mutation_group_out,PUF12-9,0.7256100000000001,1,0.2346774546863558
0.6625,CP_Structure9_RF,LOCO,P4-R5-ETD,0.0,0,0.39638250293664584
0.6625,CP_Structure9_RF,LOCO,P4-R5-SHE,0.616825,0,0.7161452778965806
0.6625,CP_Structure9_RF,LOCO,P4-R5-SHE+P7-R5-SHE,0.7531399999999999,1,0.3724404957002484
0.6625,CP_Structure9_RF,LOCO,P4-R5-SNE,0.7430950000000001,1,0.5234627690717969
0.6625,CP_Structure9_RF,LOCO,P4-R5-SNE+P7-R5-SNE,0.80335,1,0.5296595033309701
0.6625,CP_Structure9_RF,LOCO,P4-R5-SWD+P7-R5-SWD,0.518925,0,0.4246036911075489
0.6625,CP_Structure9_RF,LOCO,P4-R5-THE+P7-R5-THE,0.68814,1,0.13946228906021832
0.6625,CP_Structure9_RF,LOCO,P4-R5-YTH+P7-R5-YTH,0.0,0,0.3735328763554271
0.6625,CP_Structure9_RF,LOCO,P4-R5-YYE+P7-P5-YYE,0.0866649999999999,0,0.19837095673215824
0.6625,CP_Structure9_RF,LOCO,P5-R6-AYE,0.55629,0,0.4798804631244034
0.6625,CP_Structure9_RF,LOCO,P5-R6-DFE,0.32484,0,0.2776746377411128
0.6625,CP_Structure9_RF,LOCO,P5-R6-FWD,0.37332,0,0.1883902950313274
0.6625,CP_Structure9_RF,LOCO,P5-R6-LRD,0.23336,0,0.5436987524687386
0.6625,CP_Structure9_RF,LOCO,P5-R6-NYE,0.57387,0,0.07076773953369239
0.6625,CP_Structure9_RF,LOCO,P5-R6-SFE,0.6291599999999999,0,0.429522313128121
0.6625,CP_Structure9_RF,LOCO,P5-R6-SWD,0.666435,1,0.4574336635427991
0.6625,CP_Structure9_RF,LOCO,P5-R6-SYQ,0.591215,0,0.10674790379648344
0.6625,CP_Structure9_RF,LOCO,P5-R6-THN,0.529215,0,0.4004181345665737
0.6625,CP_Structure9_RF,LOCO,P5-R6-TTE,0.348885,0,0.256489474026932
0.6625,CP_Structure9_RF,LOCO,P5-R6-TWD,0.59784,0,0.45623369113098566
0.6625,CP_Structure9_RF,LOCO,P5-R6-TYE,0.44306,0,0.457892885496205
0.6625,CP_Structure9_RF,LOCO,P5-R6-VFN,0.5554349999999999,0,0.5799782508228541
0.6625,CP_Structure9_RF,LOCO,P6-R7-MHQ,0.2532999999999999,0,0.2784695477721886
0.6625,CP_Structure9_RF,LOCO,P6-R7-QFW,0.67784,1,0.40167807751985
0.6625,CP_Structure9_RF,LOCO,P6-R7-QRW,0.60431,0,0.5982554746360254
0.6625,CP_Structure9_RF,LOCO,P6-R7-TRQ,0.657745,0,0.3953435449046245
0.6625,CP_Structure9_RF,LOCO,P6-R7-WFD,0.70041,1,0.3657414661591125
0.6625,CP_Structure9_RF,LOCO,P6-R7-WFQ,0.651535,0,0.4512145989452824
0.6625,CP_Structure9_RF,LOCO,P7-R5-SYVIRR,0.79377,1,0.1373158663581838
0.6625,CP_Structure9_RF,LOCO,P8-R6-GVE,0.658565,0,0.7169108378420102
0.6625,CP_Structure9_RF,LOCO,PUF12-9,0.7256100000000001,1,0.3435979411143568
0.6625,CP_Structure9_RF,mutation_group_out,P4-R5-ETD,0.0,0,0.47079565310689
0.6625,CP_Structure9_RF,mutation_group_out,P4-R5-SHE,0.616825,0,0.7158609317856661
0.6625,CP_Structure9_RF,mutation_group_out,P4-R5-SHE+P7-R5-SHE,0.7531399999999999,1,0.26365474115498133
0.6625,CP_Structure9_RF,mutation_group_out,P4-R5-SNE,0.7430950000000001,1,0.5020944028133193
0.6625,CP_Structure9_RF,mutation_group_out,P4-R5-SNE+P7-R5-SNE,0.80335,1,0.2974766972389431
0.6625,CP_Structure9_RF,mutation_group_out,P4-R5-SWD+P7-R5-SWD,0.518925,0,0.48930754721486
0.6625,CP_Structure9_RF,mutation_group_out,P4-R5-THE+P7-R5-THE,0.68814,1,0.16266151483034705
0.6625,CP_Structure9_RF,mutation_group_out,P4-R5-YTH+P7-R5-YTH,0.0,0,0.4127052515217469
0.6625,CP_Structure9_RF,mutation_group_out,P4-R5-YYE+P7-P5-YYE,0.0866649999999999,0,0.20442380608355254
0.6625,CP_Structure9_RF,mutation_group_out,P5-R6-AYE,0.55629,0,0.5901688849659624
0.6625,CP_Structure9_RF,mutation_group_out,P5-R6-DFE,0.32484,0,0.648721092161021
0.6625,CP_Structure9_RF,mutation_group_out,P5-R6-FWD,0.37332,0,0.46311249900081713
0.6625,CP_Structure9_RF,mutation_group_out,P5-R6-LRD,0.23336,0,0.6625777589864021
0.6625,CP_Structure9_RF,mutation_group_out,P5-R6-NYE,0.57387,0,0.3623204447381746
0.6625,CP_Structure9_RF,mutation_group_out,P5-R6-SFE,0.6291599999999999,0,0.5983965396642055
0.6625,CP_Structure9_RF,mutation_group_out,P5-R6-SWD,0.666435,1,0.5784047598631644
0.6625,CP_Structure9_RF,mutation_group_out,P5-R6-SYQ,0.591215,0,0.49199047027009274
0.6625,CP_Structure9_RF,mutation_group_out,P5-R6-THN,0.529215,0,0.5129547629223649
0.6625,CP_Structure9_RF,mutation_group_out,P5-R6-TTE,0.348885,0,0.4562790606999876
0.6625,CP_Structure9_RF,mutation_group_out,P5-R6-TWD,0.59784,0,0.5552300051803438
0.6625,CP_Structure9_RF,mutation_group_out,P5-R6-TYE,0.44306,0,0.5534901864191792
0.6625,CP_Structure9_RF,mutation_group_out,P5-R6-VFN,0.5554349999999999,0,0.5389616996795219
0.6625,CP_Structure9_RF,mutation_group_out,P6-R7-MHQ,0.2532999999999999,0,0.30617672557024256
0.6625,CP_Structure9_RF,mutation_group_out,P6-R7-QFW,0.67784,1,0.19905115272628485
0.6625,CP_Structure9_RF,mutation_group_out,P6-R7-QRW,0.60431,0,0.30274911958335
0.6625,CP_Structure9_RF,mutation_group_out,P6-R7-TRQ,0.657745,0,0.3359749087067147
0.6625,CP_Structure9_RF,mutation_group_out,P6-R7-WFD,0.70041,1,0.194441276028976
0.6625,CP_Structure9_RF,mutation_group_out,P6-R7-WFQ,0.651535,0,0.2232282374615666
0.6625,CP_Structure9_RF,mutation_group_out,P7-R5-SYVIRR,0.79377,1,0.1373158663581838
0.6625,CP_Structure9_RF,mutation_group_out,P8-R6-GVE,0.658565,0,0.7169108378420102
0.6625,CP_Structure9_RF,mutation_group_out,PUF12-9,0.7256100000000001,1,0.3435979411143568
0.6721375,CP3_LR,LOCO,P4-R5-ETD,0.0,0,0.5076826898123336
0.6721375,CP3_LR,LOCO,P4-R5-SHE,0.616825,0,0.5356274294464279
0.6721375,CP3_LR,LOCO,P4-R5-SHE+P7-R5-SHE,0.7531399999999999,1,0.4565203846488608
0.6721375,CP3_LR,LOCO,P4-R5-SNE,0.7430950000000001,1,0.4812771921327289
0.6721375,CP3_LR,LOCO,P4-R5-SNE+P7-R5-SNE,0.80335,1,0.429383793255628
0.6721375,CP3_LR,LOCO,P4-R5-SWD+P7-R5-SWD,0.518925,0,0.5038764518593429
0.6721375,CP3_LR,LOCO,P4-R5-THE+P7-R5-THE,0.68814,1,0.48931571144785013
0.6721375,CP3_LR,LOCO,P4-R5-YTH+P7-R5-YTH,0.0,0,0.5119389539829292
0.6721375,CP3_LR,LOCO,P4-R5-YYE+P7-P5-YYE,0.0866649999999999,0,0.5095534278814575
0.6721375,CP3_LR,LOCO,P5-R6-AYE,0.55629,0,0.5032472534371277
0.6721375,CP3_LR,LOCO,P5-R6-DFE,0.32484,0,0.5036495107957952
0.6721375,CP3_LR,LOCO,P5-R6-FWD,0.37332,0,0.5013698152258637
0.6721375,CP3_LR,LOCO,P5-R6-LRD,0.23336,0,0.5072652908218307
0.6721375,CP3_LR,LOCO,P5-R6-NYE,0.57387,0,0.5080603388203125
0.6721375,CP3_LR,LOCO,P5-R6-SFE,0.6291599999999999,0,0.4997817163367709
0.6721375,CP3_LR,LOCO,P5-R6-SWD,0.666435,0,0.49742597754343243
0.6721375,CP3_LR,LOCO,P5-R6-SYQ,0.591215,0,0.5015785791862268
0.6721375,CP3_LR,LOCO,P5-R6-THN,0.529215,0,0.5000025718382889
0.6721375,CP3_LR,LOCO,P5-R6-TTE,0.348885,0,0.49625921233632114
0.6721375,CP3_LR,LOCO,P5-R6-TWD,0.59784,0,0.5041004651338309
0.6721375,CP3_LR,LOCO,P5-R6-TYE,0.44306,0,0.5037391803856817
0.6721375,CP3_LR,LOCO,P5-R6-VFN,0.5554349999999999,0,0.4976883878433761
0.6721375,CP3_LR,LOCO,P6-R7-MHQ,0.2532999999999999,0,0.536810646385937
0.6721375,CP3_LR,LOCO,P6-R7-QFW,0.67784,1,0.29062631076529116
0.6721375,CP3_LR,LOCO,P6-R7-QRW,0.60431,0,0.49676885513868957
0.6721375,CP3_LR,LOCO,P6-R7-TRQ,0.657745,0,0.5127626613717912
0.6721375,CP3_LR,LOCO,P6-R7-WFD,0.70041,1,0.48231445260215583
0.6721375,CP3_LR,LOCO,P6-R7-WFQ,0.651535,0,0.5058715935844513
0.6721375,CP3_LR,LOCO,P7-R5-SYVIRR,0.79377,1,0.4915774456985034
0.6721375,CP3_LR,LOCO,P8-R6-GVE,0.658565,0,0.5345186100787456
0.6721375,CP3_LR,LOCO,PUF12-9,0.7256100000000001,1,0.5017997731007682
0.6721375,CP3_LR,mutation_group_out,P4-R5-ETD,0.0,0,0.5260049494060639
0.6721375,CP3_LR,mutation_group_out,P4-R5-SHE,0.616825,0,0.5503345678890309
0.6721375,CP3_LR,mutation_group_out,P4-R5-SHE+P7-R5-SHE,0.7531399999999999,1,0.36563329778511505
0.6721375,CP3_LR,mutation_group_out,P4-R5-SNE,0.7430950000000001,1,0.4782867482088997
0.6721375,CP3_LR,mutation_group_out,P4-R5-SNE+P7-R5-SNE,0.80335,1,0.3419984683314552
0.6721375,CP3_LR,mutation_group_out,P4-R5-SWD+P7-R5-SWD,0.518925,0,0.499634474130516
0.6721375,CP3_LR,mutation_group_out,P4-R5-THE+P7-R5-THE,0.68814,1,0.5105509200651976
0.6721375,CP3_LR,mutation_group_out,P4-R5-YTH+P7-R5-YTH,0.0,0,0.387304761719469
0.6721375,CP3_LR,mutation_group_out,P4-R5-YYE+P7-P5-YYE,0.0866649999999999,0,0.483652903484449
0.6721375,CP3_LR,mutation_group_out,P5-R6-AYE,0.55629,0,0.5912740707036487
0.6721375,CP3_LR,mutation_group_out,P5-R6-DFE,0.32484,0,0.4924190219866352
0.6721375,CP3_LR,mutation_group_out,P5-R6-FWD,0.37332,0,0.5059591342899915
0.6721375,CP3_LR,mutation_group_out,P5-R6-LRD,0.23336,0,0.617345104956474
0.6721375,CP3_LR,mutation_group_out,P5-R6-NYE,0.57387,0,0.4943071731254264
0.6721375,CP3_LR,mutation_group_out,P5-R6-SFE,0.6291599999999999,0,0.539766112329429
0.6721375,CP3_LR,mutation_group_out,P5-R6-SWD,0.666435,0,0.5274695166080129
0.6721375,CP3_LR,mutation_group_out,P5-R6-SYQ,0.591215,0,0.524963135789802
0.6721375,CP3_LR,mutation_group_out,P5-R6-THN,0.529215,0,0.5116844640757786
0.6721375,CP3_LR,mutation_group_out,P5-R6-TTE,0.348885,0,0.5148354681810561
0.6721375,CP3_LR,mutation_group_out,P5-R6-TWD,0.59784,0,0.6171578621637489
0.6721375,CP3_LR,mutation_group_out,P5-R6-TYE,0.44306,0,0.5002322411606062
0.6721375,CP3_LR,mutation_group_out,P5-R6-VFN,0.5554349999999999,0,0.5608862677597821
0.6721375,CP3_LR,mutation_group_out,P6-R7-MHQ,0.2532999999999999,0,0.6404366838227663
0.6721375,CP3_LR,mutation_group_out,P6-R7-QFW,0.67784,1,0.2358392667715316
0.6721375,CP3_LR,mutation_group_out,P6-R7-QRW,0.60431,0,0.36997109554428226
0.6721375,CP3_LR,mutation_group_out,P6-R7-TRQ,0.657745,0,0.5145442894580926
0.6721375,CP3_LR,mutation_group_out,P6-R7-WFD,0.70041,1,0.42335041182407834
0.6721375,CP3_LR,mutation_group_out,P6-R7-WFQ,0.651535,0,0.5056966446532315
0.6721375,CP3_LR,mutation_group_out,P7-R5-SYVIRR,0.79377,1,0.4915774456985034
0.6721375,CP3_LR,mutation_group_out,P8-R6-GVE,0.658565,0,0.5345186100787456
0.6721375,CP3_LR,mutation_group_out,PUF12-9,0.7256100000000001,1,0.5017997731007682
0.6721375,CP_Structure9_LR,LOCO,P4-R5-ETD,0.0,0,0.4765775986932523
0.6721375,CP_Structure9_LR,LOCO,P4-R5-SHE,0.616825,0,0.6555646512060215
0.6721375,CP_Structure9_LR,LOCO,P4-R5-SHE+P7-R5-SHE,0.7531399999999999,1,0.48638504752395073
0.6721375,CP_Structure9_LR,LOCO,P4-R5-SNE,0.7430950000000001,1,0.549111332263597
0.6721375,CP_Structure9_LR,LOCO,P4-R5-SNE+P7-R5-SNE,0.80335,1,0.5047419931507118
0.6721375,CP_Structure9_LR,LOCO,P4-R5-SWD+P7-R5-SWD,0.518925,0,0.4317351119078441
0.6721375,CP_Structure9_LR,LOCO,P4-R5-THE+P7-R5-THE,0.68814,1,0.3840693480674983
0.6721375,CP_Structure9_LR,LOCO,P4-R5-YTH+P7-R5-YTH,0.0,0,0.4872957469331228
0.6721375,CP_Structure9_LR,LOCO,P4-R5-YYE+P7-P5-YYE,0.0866649999999999,0,0.4637714557265245
0.6721375,CP_Structure9_LR,LOCO,P5-R6-AYE,0.55629,0,0.5110347439739169
0.6721375,CP_Structure9_LR,LOCO,P5-R6-DFE,0.32484,0,0.5305830455390718
0.6721375,CP_Structure9_LR,LOCO,P5-R6-FWD,0.37332,0,0.5034482241497136
0.6721375,CP_Structure9_LR,LOCO,P5-R6-LRD,0.23336,0,0.5757198710302843
0.6721375,CP_Structure9_LR,LOCO,P5-R6-NYE,0.57387,0,0.45048572995171265
0.6721375,CP_Structure9_LR,LOCO,P5-R6-SFE,0.6291599999999999,0,0.4883131494220978
0.6721375,CP_Structure9_LR,LOCO,P5-R6-SWD,0.666435,0,0.6005851265865216
0.6721375,CP_Structure9_LR,LOCO,P5-R6-SYQ,0.591215,0,0.5015620533949187
0.6721375,CP_Structure9_LR,LOCO,P5-R6-THN,0.529215,0,0.5697098434841404
0.6721375,CP_Structure9_LR,LOCO,P5-R6-TTE,0.348885,0,0.5061650490716016
0.6721375,CP_Structure9_LR,LOCO,P5-R6-TWD,0.59784,0,0.5002324176252982
0.6721375,CP_Structure9_LR,LOCO,P5-R6-TYE,0.44306,0,0.49524535111530005
0.6721375,CP_Structure9_LR,LOCO,P5-R6-VFN,0.5554349999999999,0,0.5565469165299743
0.6721375,CP_Structure9_LR,LOCO,P6-R7-MHQ,0.2532999999999999,0,0.44071521114521517
0.6721375,CP_Structure9_LR,LOCO,P6-R7-QFW,0.67784,1,0.27696030931230103
0.6721375,CP_Structure9_LR,LOCO,P6-R7-QRW,0.60431,0,0.5250869059500363
0.6721375,CP_Structure9_LR,LOCO,P6-R7-TRQ,0.657745,0,0.49522667323101704
0.6721375,CP_Structure9_LR,LOCO,P6-R7-WFD,0.70041,1,0.4271470578253047
0.6721375,CP_Structure9_LR,LOCO,P6-R7-WFQ,0.651535,0,0.48489781288670775
0.6721375,CP_Structure9_LR,LOCO,P7-R5-SYVIRR,0.79377,1,0.3288028206121356
0.6721375,CP_Structure9_LR,LOCO,P8-R6-GVE,0.658565,0,0.985674069734427
0.6721375,CP_Structure9_LR,LOCO,PUF12-9,0.7256100000000001,1,0.4616614770649117
0.6721375,CP_Structure9_LR,mutation_group_out,P4-R5-ETD,0.0,0,0.5083817037998432
0.6721375,CP_Structure9_LR,mutation_group_out,P4-R5-SHE,0.616825,0,0.6352779756104904
0.6721375,CP_Structure9_LR,mutation_group_out,P4-R5-SHE+P7-R5-SHE,0.7531399999999999,1,0.3397839797356026
0.6721375,CP_Structure9_LR,mutation_group_out,P4-R5-SNE,0.7430950000000001,1,0.5583205179587437
0.6721375,CP_Structure9_LR,mutation_group_out,P4-R5-SNE+P7-R5-SNE,0.80335,1,0.2938072220684201
0.6721375,CP_Structure9_LR,mutation_group_out,P4-R5-SWD+P7-R5-SWD,0.518925,0,0.5090322324215246
0.6721375,CP_Structure9_LR,mutation_group_out,P4-R5-THE+P7-R5-THE,0.68814,1,0.2843018539856701
0.6721375,CP_Structure9_LR,mutation_group_out,P4-R5-YTH+P7-R5-YTH,0.0,0,0.6182471814545943
0.6721375,CP_Structure9_LR,mutation_group_out,P4-R5-YYE+P7-P5-YYE,0.0866649999999999,0,0.40167025784036586
0.6721375,CP_Structure9_LR,mutation_group_out,P5-R6-AYE,0.55629,0,0.6384408592676413
0.6721375,CP_Structure9_LR,mutation_group_out,P5-R6-DFE,0.32484,0,0.5452685275419142
0.6721375,CP_Structure9_LR,mutation_group_out,P5-R6-FWD,0.37332,0,0.5700299225691994
0.6721375,CP_Structure9_LR,mutation_group_out,P5-R6-LRD,0.23336,0,0.571692369320464
0.6721375,CP_Structure9_LR,mutation_group_out,P5-R6-NYE,0.57387,0,0.49622500365405714
0.6721375,CP_Structure9_LR,mutation_group_out,P5-R6-SFE,0.6291599999999999,0,0.5790576668931939
0.6721375,CP_Structure9_LR,mutation_group_out,P5-R6-SWD,0.666435,0,0.63411955130401
0.6721375,CP_Structure9_LR,mutation_group_out,P5-R6-SYQ,0.591215,0,0.5765991531296043
0.6721375,CP_Structure9_LR,mutation_group_out,P5-R6-THN,0.529215,0,0.6086441162920713
0.6721375,CP_Structure9_LR,mutation_group_out,P5-R6-TTE,0.348885,0,0.5680197078543684
0.6721375,CP_Structure9_LR,mutation_group_out,P5-R6-TWD,0.59784,0,0.6478051072658001
0.6721375,CP_Structure9_LR,mutation_group_out,P5-R6-TYE,0.44306,0,0.5251327412446436
0.6721375,CP_Structure9_LR,mutation_group_out,P5-R6-VFN,0.5554349999999999,0,0.5007375481421189
0.6721375,CP_Structure9_LR,mutation_group_out,P6-R7-MHQ,0.2532999999999999,0,0.5246835676141564
0.6721375,CP_Structure9_LR,mutation_group_out,P6-R7-QFW,0.67784,1,0.21279933859152356
0.6721375,CP_Structure9_LR,mutation_group_out,P6-R7-QRW,0.60431,0,0.3490960370938101
0.6721375,CP_Structure9_LR,mutation_group_out,P6-R7-TRQ,0.657745,0,0.47612440264924366
0.6721375,CP_Structure9_LR,mutation_group_out,P6-R7-WFD,0.70041,1,0.3634928744109599
0.6721375,CP_Structure9_LR,mutation_group_out,P6-R7-WFQ,0.651535,0,0.44836830593709726
0.6721375,CP_Structure9_LR,mutation_group_out,P7-R5-SYVIRR,0.79377,1,0.3288028206121356
0.6721375,CP_Structure9_LR,mutation_group_out,P8-R6-GVE,0.658565,0,0.985674069734427
0.6721375,CP_Structure9_LR,mutation_group_out,PUF12-9,0.7256100000000001,1,0.4616614770649117
0.6721375,CP3_RF,LOCO,P4-R5-ETD,0.0,0,0.2713244367187884
0.6721375,CP3_RF,LOCO,P4-R5-SHE,0.616825,0,0.6650042860314511
0.6721375,CP3_RF,LOCO,P4-R5-SHE+P7-R5-SHE,0.7531399999999999,1,0.46048971275559375
0.6721375,CP3_RF,LOCO,P4-R5-SNE,0.7430950000000001,1,0.12470346316775859
0.6721375,CP3_RF,LOCO,P4-R5-SNE+P7-R5-SNE,0.80335,1,0.411540661527573
0.6721375,CP3_RF,LOCO,P4-R5-SWD+P7-R5-SWD,0.518925,0,0.344852160611295
0.6721375,CP3_RF,LOCO,P4-R5-THE+P7-R5-THE,0.68814,1,0.2720533001730119
0.6721375,CP3_RF,LOCO,P4-R5-YTH+P7-R5-YTH,0.0,0,0.37797731075080016
0.6721375,CP3_RF,LOCO,P4-R5-YYE+P7-P5-YYE,0.0866649999999999,0,0.41883198468333227
0.6721375,CP3_RF,LOCO,P5-R6-AYE,0.55629,0,0.5040755937274064
0.6721375,CP3_RF,LOCO,P5-R6-DFE,0.32484,0,0.251617298387005
0.6721375,CP3_RF,LOCO,P5-R6-FWD,0.37332,0,0.2729177106546984
0.6721375,CP3_RF,LOCO,P5-R6-LRD,0.23336,0,0.5127160812624479
0.6721375,CP3_RF,LOCO,P5-R6-NYE,0.57387,0,0.21275897809404046
0.6721375,CP3_RF,LOCO,P5-R6-SFE,0.6291599999999999,0,0.50303013030974
0.6721375,CP3_RF,LOCO,P5-R6-SWD,0.666435,0,0.35103912185676384
0.6721375,CP3_RF,LOCO,P5-R6-SYQ,0.591215,0,0.3069152254199462
0.6721375,CP3_RF,LOCO,P5-R6-THN,0.529215,0,0.23352883237794908
0.6721375,CP3_RF,LOCO,P5-R6-TTE,0.348885,0,0.18107230312377992
0.6721375,CP3_RF,LOCO,P5-R6-TWD,0.59784,0,0.5314262390386033
0.6721375,CP3_RF,LOCO,P5-R6-TYE,0.44306,0,0.22831647861640672
0.6721375,CP3_RF,LOCO,P5-R6-VFN,0.5554349999999999,0,0.46764011191326305
0.6721375,CP3_RF,LOCO,P6-R7-MHQ,0.2532999999999999,0,0.5839436477376324
0.6721375,CP3_RF,LOCO,P6-R7-QFW,0.67784,1,0.26701633154347487
0.6721375,CP3_RF,LOCO,P6-R7-QRW,0.60431,0,0.48139624713922335
0.6721375,CP3_RF,LOCO,P6-R7-TRQ,0.657745,0,0.32738298010688976
0.6721375,CP3_RF,LOCO,P6-R7-WFD,0.70041,1,0.45480967583188425
0.6721375,CP3_RF,LOCO,P6-R7-WFQ,0.651535,0,0.6748908936846371
0.6721375,CP3_RF,LOCO,P7-R5-SYVIRR,0.79377,1,0.24633957082699345
0.6721375,CP3_RF,LOCO,P8-R6-GVE,0.658565,0,0.5564597804395371
0.6721375,CP3_RF,LOCO,PUF12-9,0.7256100000000001,1,0.0972298015351302
0.6721375,CP3_RF,mutation_group_out,P4-R5-ETD,0.0,0,0.2220377061449043
0.6721375,CP3_RF,mutation_group_out,P4-R5-SHE,0.616825,0,0.6434643438216257
0.6721375,CP3_RF,mutation_group_out,P4-R5-SHE+P7-R5-SHE,0.7531399999999999,1,0.07337606837606839
0.6721375,CP3_RF,mutation_group_out,P4-R5-SNE,0.7430950000000001,1,0.1044567597790104
0.6721375,CP3_RF,mutation_group_out,P4-R5-SNE+P7-R5-SNE,0.80335,1,0.07337606837606839
0.6721375,CP3_RF,mutation_group_out,P4-R5-SWD+P7-R5-SWD,0.518925,0,0.4298467466754729
0.6721375,CP3_RF,mutation_group_out,P4-R5-THE+P7-R5-THE,0.68814,1,0.5184835888046423
0.6721375,CP3_RF,mutation_group_out,P4-R5-YTH+P7-R5-YTH,0.0,0,0.08278783308195074
0.6721375,CP3_RF,mutation_group_out,P4-R5-YYE+P7-P5-YYE,0.0866649999999999,0,0.5912095438818556
0.6721375,CP3_RF,mutation_group_out,P5-R6-AYE,0.55629,0,0.6965865021226486
0.6721375,CP3_RF,mutation_group_out,P5-R6-DFE,0.32484,0,0.4842092079994494
0.6721375,CP3_RF,mutation_group_out,P5-R6-FWD,0.37332,0,0.5213567271469686
0.6721375,CP3_RF,mutation_group_out,P5-R6-LRD,0.23336,0,0.6965865021226486
0.6721375,CP3_RF,mutation_group_out,P5-R6-NYE,0.57387,0,0.4758949732146264
0.6721375,CP3_RF,mutation_group_out,P5-R6-SFE,0.6291599999999999,0,0.6698323638124464
0.6721375,CP3_RF,mutation_group_out,P5-R6-SWD,0.666435,0,0.4894814686297792
0.6721375,CP3_RF,mutation_group_out,P5-R6-SYQ,0.591215,0,0.645003433405606
0.6721375,CP3_RF,mutation_group_out,P5-R6-THN,0.529215,0,0.5249873951511943
0.6721375,CP3_RF,mutation_group_out,P5-R6-TTE,0.348885,0,0.43722907696418056
0.6721375,CP3_RF,mutation_group_out,P5-R6-TWD,0.59784,0,0.6965865021226486
0.6721375,CP3_RF,mutation_group_out,P5-R6-TYE,0.44306,0,0.5406207964110379
0.6721375,CP3_RF,mutation_group_out,P5-R6-VFN,0.5554349999999999,0,0.6664830815157957
0.6721375,CP3_RF,mutation_group_out,P6-R7-MHQ,0.2532999999999999,0,0.6039140473701062
0.6721375,CP3_RF,mutation_group_out,P6-R7-QFW,0.67784,1,0.27105299002426303
0.6721375,CP3_RF,mutation_group_out,P6-R7-QRW,0.60431,0,0.2659178548891279
0.6721375,CP3_RF,mutation_group_out,P6-R7-TRQ,0.657745,0,0.4887182777187896
0.6721375,CP3_RF,mutation_group_out,P6-R7-WFD,0.70041,1,0.4005385896886338
0.6721375,CP3_RF,mutation_group_out,P6-R7-WFQ,0.651535,0,0.6552064296489898
0.6721375,CP3_RF,mutation_group_out,P7-R5-SYVIRR,0.79377,1,0.24633957082699345
0.6721375,CP3_RF,mutation_group_out,P8-R6-GVE,0.658565,0,0.5564597804395371
0.6721375,CP3_RF,mutation_group_out,PUF12-9,0.7256100000000001,1,0.0972298015351302
0.6721375,CP_Structure9_RF,LOCO,P4-R5-ETD,0.0,0,0.255184879905986
0.6721375,CP_Structure9_RF,LOCO,P4-R5-SHE,0.616825,0,0.4649393867595146
0.6721375,CP_Structure9_RF,LOCO,P4-R5-SHE+P7-R5-SHE,0.7531399999999999,1,0.16912613288860093
0.6721375,CP_Structure9_RF,LOCO,P4-R5-SNE,0.7430950000000001,1,0.5108550239673021
0.6721375,CP_Structure9_RF,LOCO,P4-R5-SNE+P7-R5-SNE,0.80335,1,0.5547343891218799
0.6721375,CP_Structure9_RF,LOCO,P4-R5-SWD+P7-R5-SWD,0.518925,0,0.2945773635993803
0.6721375,CP_Structure9_RF,LOCO,P4-R5-THE+P7-R5-THE,0.68814,1,0.04477851227224419
0.6721375,CP_Structure9_RF,LOCO,P4-R5-YTH+P7-R5-YTH,0.0,0,0.3834755969396275
0.6721375,CP_Structure9_RF,LOCO,P4-R5-YYE+P7-P5-YYE,0.0866649999999999,0,0.1601113996642002
0.6721375,CP_Structure9_RF,LOCO,P5-R6-AYE,0.55629,0,0.39536434704534335
0.6721375,CP_Structure9_RF,LOCO,P5-R6-DFE,0.32484,0,0.37453835632517934
0.6721375,CP_Structure9_RF,LOCO,P5-R6-FWD,0.37332,0,0.23109320440063222
0.6721375,CP_Structure9_RF,LOCO,P5-R6-LRD,0.23336,0,0.5851263343572589
0.6721375,CP_Structure9_RF,LOCO,P5-R6-NYE,0.57387,0,0.06484026599187069
0.6721375,CP_Structure9_RF,LOCO,P5-R6-SFE,0.6291599999999999,0,0.32328157563571425
0.6721375,CP_Structure9_RF,LOCO,P5-R6-SWD,0.666435,0,0.4574336635427991
0.6721375,CP_Structure9_RF,LOCO,P5-R6-SYQ,0.591215,0,0.08641363812220232
0.6721375,CP_Structure9_RF,LOCO,P5-R6-THN,0.529215,0,0.3504205292716056
0.6721375,CP_Structure9_RF,LOCO,P5-R6-TTE,0.348885,0,0.18471526273348396
0.6721375,CP_Structure9_RF,LOCO,P5-R6-TWD,0.59784,0,0.39186871413272717
0.6721375,CP_Structure9_RF,LOCO,P5-R6-TYE,0.44306,0,0.317099636213837
0.6721375,CP_Structure9_RF,LOCO,P5-R6-VFN,0.5554349999999999,0,0.5475976104166965
0.6721375,CP_Structure9_RF,LOCO,P6-R7-MHQ,0.2532999999999999,0,0.3069339762099866
0.6721375,CP_Structure9_RF,LOCO,P6-R7-QFW,0.67784,1,0.4541848549372127
0.6721375,CP_Structure9_RF,LOCO,P6-R7-QRW,0.60431,0,0.6433518707938832
0.6721375,CP_Structure9_RF,LOCO,P6-R7-TRQ,0.657745,0,0.5382932563325125
0.6721375,CP_Structure9_RF,LOCO,P6-R7-WFD,0.70041,1,0.37108335801854525
0.6721375,CP_Structure9_RF,LOCO,P6-R7-WFQ,0.651535,0,0.5324578754462989
0.6721375,CP_Structure9_RF,LOCO,P7-R5-SYVIRR,0.79377,1,0.2640116615707705
0.6721375,CP_Structure9_RF,LOCO,P8-R6-GVE,0.658565,0,0.6883518380907823
0.6721375,CP_Structure9_RF,LOCO,PUF12-9,0.7256100000000001,1,0.26175162421538245
0.6721375,CP_Structure9_RF,mutation_group_out,P4-R5-ETD,0.0,0,0.29064651297017485
0.6721375,CP_Structure9_RF,mutation_group_out,P4-R5-SHE,0.616825,0,0.49258422012885705
0.6721375,CP_Structure9_RF,mutation_group_out,P4-R5-SHE+P7-R5-SHE,0.7531399999999999,1,0.05211853162317558
0.6721375,CP_Structure9_RF,mutation_group_out,P4-R5-SNE,0.7430950000000001,1,0.46993425995435184
0.6721375,CP_Structure9_RF,mutation_group_out,P4-R5-SNE+P7-R5-SNE,0.80335,1,0.26417804359320646
0.6721375,CP_Structure9_RF,mutation_group_out,P4-R5-SWD+P7-R5-SWD,0.518925,0,0.23341414134067065
0.6721375,CP_Structure9_RF,mutation_group_out,P4-R5-THE+P7-R5-THE,0.68814,1,0.03769015298427063
0.6721375,CP_Structure9_RF,mutation_group_out,P4-R5-YTH+P7-R5-YTH,0.0,0,0.5747472769471634
0.6721375,CP_Structure9_RF,mutation_group_out,P4-R5-YYE+P7-P5-YYE,0.0866649999999999,0,0.13295559793850276
0.6721375,CP_Structure9_RF,mutation_group_out,P5-R6-AYE,0.55629,0,0.5901688849659624
0.6721375,CP_Structure9_RF,mutation_group_out,P5-R6-DFE,0.32484,0,0.648721092161021
0.6721375,CP_Structure9_RF,mutation_group_out,P5-R6-FWD,0.37332,0,0.46311249900081713
0.6721375,CP_Structure9_RF,mutation_group_out,P5-R6-LRD,0.23336,0,0.6625777589864021
0.6721375,CP_Structure9_RF,mutation_group_out,P5-R6-NYE,0.57387,0,0.3623204447381746
0.6721375,CP_Structure9_RF,mutation_group_out,P5-R6-SFE,0.6291599999999999,0,0.5983965396642055
0.6721375,CP_Structure9_RF,mutation_group_out,P5-R6-SWD,0.666435,0,0.5784047598631644
0.6721375,CP_Structure9_RF,mutation_group_out,P5-R6-SYQ,0.591215,0,0.49199047027009274
0.6721375,CP_Structure9_RF,mutation_group_out,P5-R6-THN,0.529215,0,0.5129547629223649
0.6721375,CP_Structure9_RF,mutation_group_out,P5-R6-TTE,0.348885,0,0.4562790606999876
0.6721375,CP_Structure9_RF,mutation_group_out,P5-R6-TWD,0.59784,0,0.5552300051803438
0.6721375,CP_Structure9_RF,mutation_group_out,P5-R6-TYE,0.44306,0,0.5534901864191792
0.6721375,CP_Structure9_RF,mutation_group_out,P5-R6-VFN,0.5554349999999999,0,0.5389616996795219
0.6721375,CP_Structure9_RF,mutation_group_out,P6-R7-MHQ,0.2532999999999999,0,0.44871582786048037
0.6721375,CP_Structure9_RF,mutation_group_out,P6-R7-QFW,0.67784,1,0.28811667609026004
0.6721375,CP_Structure9_RF,mutation_group_out,P6-R7-QRW,0.60431,0,0.3527477224882453
0.6721375,CP_Structure9_RF,mutation_group_out,P6-R7-TRQ,0.657745,0,0.4262970033311031
0.6721375,CP_Structure9_RF,mutation_group_out,P6-R7-WFD,0.70041,1,0.27729107610002596
0.6721375,CP_Structure9_RF,mutation_group_out,P6-R7-WFQ,0.651535,0,0.33598226069118964
0.6721375,CP_Structure9_RF,mutation_group_out,P7-R5-SYVIRR,0.79377,1,0.2640116615707705
0.6721375,CP_Structure9_RF,mutation_group_out,P8-R6-GVE,0.658565,0,0.6883518380907823
0.6721375,CP_Structure9_RF,mutation_group_out,PUF12-9,0.7256100000000001,1,0.26175162421538245
0.68299,CP3_LR,LOCO,P4-R5-ETD,0.0,0,0.5555462403273604
0.68299,CP3_LR,LOCO,P4-R5-SHE,0.616825,0,0.6649915478090055
0.68299,CP3_LR,LOCO,P4-R5-SHE+P7-R5-SHE,0.7531399999999999,1,0.5822027224394731
0.68299,CP3_LR,LOCO,P4-R5-SNE,0.7430950000000001,1,0.464449509890774
0.68299,CP3_LR,LOCO,P4-R5-SNE+P7-R5-SNE,0.80335,1,0.5808043598518743
0.68299,CP3_LR,LOCO,P4-R5-SWD+P7-R5-SWD,0.518925,0,0.49417373747060067
0.68299,CP3_LR,LOCO,P4-R5-THE+P7-R5-THE,0.68814,1,0.4341277240615315
0.68299,CP3_LR,LOCO,P4-R5-YTH+P7-R5-YTH,0.0,0,0.5824362842092389
0.68299,CP3_LR,LOCO,P4-R5-YYE+P7-P5-YYE,0.0866649999999999,0,0.5333891782131737
0.68299,CP3_LR,LOCO,P5-R6-AYE,0.55629,0,0.3718402570084007
0.68299,CP3_LR,LOCO,P5-R6-DFE,0.32484,0,0.5399526665927352
0.68299,CP3_LR,LOCO,P5-R6-FWD,0.37332,0,0.5157682842334491
0.68299,CP3_LR,LOCO,P5-R6-LRD,0.23336,0,0.3318949727757834
0.68299,CP3_LR,LOCO,P5-R6-NYE,0.57387,0,0.5429840806564383
0.68299,CP3_LR,LOCO,P5-R6-SFE,0.6291599999999999,0,0.452167844254852
0.68299,CP3_LR,LOCO,P5-R6-SWD,0.666435,0,0.4788269261792193
0.68299,CP3_LR,LOCO,P5-R6-SYQ,0.591215,0,0.48125827617393535
0.68299,CP3_LR,LOCO,P5-R6-THN,0.529215,0,0.509169098527295
0.68299,CP3_LR,LOCO,P5-R6-TTE,0.348885,0,0.495305446005934
0.68299,CP3_LR,LOCO,P5-R6-TWD,0.59784,0,0.33879726658753817
0.68299,CP3_LR,LOCO,P5-R6-TYE,0.44306,0,0.523336832419953
0.68299,CP3_LR,LOCO,P5-R6-VFN,0.5554349999999999,0,0.4267686298363055
0.68299,CP3_LR,LOCO,P6-R7-MHQ,0.2532999999999999,0,0.6736879093279177
0.68299,CP3_LR,LOCO,P6-R7-QFW,0.67784,0,0.29062631076529116
0.68299,CP3_LR,LOCO,P6-R7-QRW,0.60431,0,0.40373401694502015
0.68299,CP3_LR,LOCO,P6-R7-TRQ,0.657745,0,0.5145556363452867
0.68299,CP3_LR,LOCO,P6-R7-WFD,0.70041,1,0.4298461678266295
0.68299,CP3_LR,LOCO,P6-R7-WFQ,0.651535,0,0.506646488525922
0.68299,CP3_LR,LOCO,P7-R5-SYVIRR,0.79377,1,0.5262457168815001
0.68299,CP3_LR,LOCO,P8-R6-GVE,0.658565,0,0.5725699311064284
0.68299,CP3_LR,LOCO,PUF12-9,0.7256100000000001,1,0.5110785867494093
0.68299,CP3_LR,mutation_group_out,P4-R5-ETD,0.0,0,0.5838181421574047
0.68299,CP3_LR,mutation_group_out,P4-R5-SHE,0.616825,0,0.6859510797009548
0.68299,CP3_LR,mutation_group_out,P4-R5-SHE+P7-R5-SHE,0.7531399999999999,1,0.5276462491262497
0.68299,CP3_LR,mutation_group_out,P4-R5-SNE,0.7430950000000001,1,0.4665295002862296
0.68299,CP3_LR,mutation_group_out,P4-R5-SNE+P7-R5-SNE,0.80335,1,0.5259726309731323
0.68299,CP3_LR,mutation_group_out,P4-R5-SWD+P7-R5-SWD,0.518925,0,0.5106924626694234
0.68299,CP3_LR,mutation_group_out,P4-R5-THE+P7-R5-THE,0.68814,1,0.48025549267718765
0.68299,CP3_LR,mutation_group_out,P4-R5-YTH+P7-R5-YTH,0.0,0,0.49679798124358227
0.68299,CP3_LR,mutation_group_out,P4-R5-YYE+P7-P5-YYE,0.0866649999999999,0,0.5338997870968989
0.68299,CP3_LR,mutation_group_out,P5-R6-AYE,0.55629,0,0.4508320825001879
0.68299,CP3_LR,mutation_group_out,P5-R6-DFE,0.32484,0,0.5093527580775167
0.68299,CP3_LR,mutation_group_out,P5-R6-FWD,0.37332,0,0.501931473174628
0.68299,CP3_LR,mutation_group_out,P5-R6-LRD,0.23336,0,0.4405033377764916
0.68299,CP3_LR,mutation_group_out,P5-R6-NYE,0.57387,0,0.5098084129772144
0.68299,CP3_LR,mutation_group_out,P5-R6-SFE,0.6291599999999999,0,0.47644323872538935
0.68299,CP3_LR,mutation_group_out,P5-R6-SWD,0.666435,0,0.4912180964964649
0.68299,CP3_LR,mutation_group_out,P5-R6-SYQ,0.591215,0,0.48763224147202167
0.68299,CP3_LR,mutation_group_out,P5-R6-THN,0.529215,0,0.5021932002893703
0.68299,CP3_LR,mutation_group_out,P5-R6-TTE,0.348885,0,0.49611859372034767
0.68299,CP3_LR,mutation_group_out,P5-R6-TWD,0.59784,0,0.44880183880306557
0.68299,CP3_LR,mutation_group_out,P5-R6-TYE,0.44306,0,0.5016697450014016
0.68299,CP3_LR,mutation_group_out,P5-R6-VFN,0.5554349999999999,0,0.4741362535256921
0.68299,CP3_LR,mutation_group_out,P6-R7-MHQ,0.2532999999999999,0,0.6404366838227663
0.68299,CP3_LR,mutation_group_out,P6-R7-QFW,0.67784,0,0.2358392667715316
0.68299,CP3_LR,mutation_group_out,P6-R7-QRW,0.60431,0,0.36997109554428226
0.68299,CP3_LR,mutation_group_out,P6-R7-TRQ,0.657745,0,0.5145442894580926
0.68299,CP3_LR,mutation_group_out,P6-R7-WFD,0.70041,1,0.42335041182407834
0.68299,CP3_LR,mutation_group_out,P6-R7-WFQ,0.651535,0,0.5056966446532315
0.68299,CP3_LR,mutation_group_out,P7-R5-SYVIRR,0.79377,1,0.5262457168815001
0.68299,CP3_LR,mutation_group_out,P8-R6-GVE,0.658565,0,0.5725699311064284
0.68299,CP3_LR,mutation_group_out,PUF12-9,0.7256100000000001,1,0.5110785867494093
0.68299,CP_Structure9_LR,LOCO,P4-R5-ETD,0.0,0,0.523867747902709
0.68299,CP_Structure9_LR,LOCO,P4-R5-SHE,0.616825,0,0.7923964490462397
0.68299,CP_Structure9_LR,LOCO,P4-R5-SHE+P7-R5-SHE,0.7531399999999999,1,0.612167114601211
0.68299,CP_Structure9_LR,LOCO,P4-R5-SNE,0.7430950000000001,1,0.5351914511323017
0.68299,CP_Structure9_LR,LOCO,P4-R5-SNE+P7-R5-SNE,0.80335,1,0.6680122476136914
0.68299,CP_Structure9_LR,LOCO,P4-R5-SWD+P7-R5-SWD,0.518925,0,0.4153182489679049
0.68299,CP_Structure9_LR,LOCO,P4-R5-THE+P7-R5-THE,0.68814,1,0.3600526801241516
0.68299,CP_Structure9_LR,LOCO,P4-R5-YTH+P7-R5-YTH,0.0,0,0.4659488208835381
0.68299,CP_Structure9_LR,LOCO,P4-R5-YYE+P7-P5-YYE,0.0866649999999999,0,0.5250455212855815
0.68299,CP_Structure9_LR,LOCO,P5-R6-AYE,0.55629,0,0.40858710858378516
0.68299,CP_Structure9_LR,LOCO,P5-R6-DFE,0.32484,0,0.581091555556205
0.68299,CP_Structure9_LR,LOCO,P5-R6-FWD,0.37332,0,0.5375422212482628
0.68299,CP_Structure9_LR,LOCO,P5-R6-LRD,0.23336,0,0.29000822042006347
0.68299,CP_Structure9_LR,LOCO,P5-R6-NYE,0.57387,0,0.503638322703913
0.68299,CP_Structure9_LR,LOCO,P5-R6-SFE,0.6291599999999999,0,0.4744934278347742
0.68299,CP_Structure9_LR,LOCO,P5-R6-SWD,0.666435,0,0.5997703969245224
0.68299,CP_Structure9_LR,LOCO,P5-R6-SYQ,0.591215,0,0.508072948544009
0.68299,CP_Structure9_LR,LOCO,P5-R6-THN,0.529215,0,0.5934612323119081
0.68299,CP_Structure9_LR,LOCO,P5-R6-TTE,0.348885,0,0.5156216954104864
0.68299,CP_Structure9_LR,LOCO,P5-R6-TWD,0.59784,0,0.32889735221261734
0.68299,CP_Structure9_LR,LOCO,P5-R6-TYE,0.44306,0,0.5353803058311509
0.68299,CP_Structure9_LR,LOCO,P5-R6-VFN,0.5554349999999999,0,0.43505482869099166
0.68299,CP_Structure9_LR,LOCO,P6-R7-MHQ,0.2532999999999999,0,0.5761998626909044
0.68299,CP_Structure9_LR,LOCO,P6-R7-QFW,0.67784,0,0.27696030931230103
0.68299,CP_Structure9_LR,LOCO,P6-R7-QRW,0.60431,0,0.41384699179694734
0.68299,CP_Structure9_LR,LOCO,P6-R7-TRQ,0.657745,0,0.49723236503250445
0.68299,CP_Structure9_LR,LOCO,P6-R7-WFD,0.70041,1,0.3516752676544686
0.68299,CP_Structure9_LR,LOCO,P6-R7-WFQ,0.651535,0,0.4588745380682938
0.68299,CP_Structure9_LR,LOCO,P7-R5-SYVIRR,0.79377,1,0.3371360777956939
0.68299,CP_Structure9_LR,LOCO,P8-R6-GVE,0.658565,0,0.9665693449577938
0.68299,CP_Structure9_LR,LOCO,PUF12-9,0.7256100000000001,1,0.44828993008665835
0.68299,CP_Structure9_LR,mutation_group_out,P4-R5-ETD,0.0,0,0.5683303069300003
0.68299,CP_Structure9_LR,mutation_group_out,P4-R5-SHE,0.616825,0,0.7794337878644352
0.68299,CP_Structure9_LR,mutation_group_out,P4-R5-SHE+P7-R5-SHE,0.7531399999999999,1,0.49627003006998444
0.68299,CP_Structure9_LR,mutation_group_out,P4-R5-SNE,0.7430950000000001,1,0.5541787713218043
0.68299,CP_Structure9_LR,mutation_group_out,P4-R5-SNE+P7-R5-SNE,0.80335,1,0.47473180260603637
0.68299,CP_Structure9_LR,mutation_group_out,P4-R5-SWD+P7-R5-SWD,0.518925,0,0.5093564353998288
0.68299,CP_Structure9_LR,mutation_group_out,P4-R5-THE+P7-R5-THE,0.68814,1,0.2849043642438039
0.68299,CP_Structure9_LR,mutation_group_out,P4-R5-YTH+P7-R5-YTH,0.0,0,0.6535924193931513
0.68299,CP_Structure9_LR,mutation_group_out,P4-R5-YYE+P7-P5-YYE,0.0866649999999999,0,0.4585742361649028
0.68299,CP_Structure9_LR,mutation_group_out,P5-R6-AYE,0.55629,0,0.5342847007269202
0.68299,CP_Structure9_LR,mutation_group_out,P5-R6-DFE,0.32484,0,0.580454496448216
0.68299,CP_Structure9_LR,mutation_group_out,P5-R6-FWD,0.37332,0,0.5713688850166377
0.68299,CP_Structure9_LR,mutation_group_out,P5-R6-LRD,0.23336,0,0.3226620254110854
0.68299,CP_Structure9_LR,mutation_group_out,P5-R6-NYE,0.57387,0,0.5231703778555757
0.68299,CP_Structure9_LR,mutation_group_out,P5-R6-SFE,0.6291599999999999,0,0.5494610098426383
0.68299,CP_Structure9_LR,mutation_group_out,P5-R6-SWD,0.666435,0,0.6175719930675538
0.68299,CP_Structure9_LR,mutation_group_out,P5-R6-SYQ,0.591215,0,0.5642784137981538
0.68299,CP_Structure9_LR,mutation_group_out,P5-R6-THN,0.529215,0,0.6118978311834523
0.68299,CP_Structure9_LR,mutation_group_out,P5-R6-TTE,0.348885,0,0.5507835876132724
0.68299,CP_Structure9_LR,mutation_group_out,P5-R6-TWD,0.59784,0,0.4611231052809905
0.68299,CP_Structure9_LR,mutation_group_out,P5-R6-TYE,0.44306,0,0.5497080064305465
0.68299,CP_Structure9_LR,mutation_group_out,P5-R6-VFN,0.5554349999999999,0,0.398163276357038
0.68299,CP_Structure9_LR,mutation_group_out,P6-R7-MHQ,0.2532999999999999,0,0.5246835676141564
0.68299,CP_Structure9_LR,mutation_group_out,P6-R7-QFW,0.67784,0,0.21279933859152356
0.68299,CP_Structure9_LR,mutation_group_out,P6-R7-QRW,0.60431,0,0.3490960370938101
0.68299,CP_Structure9_LR,mutation_group_out,P6-R7-TRQ,0.657745,0,0.47612440264924366
0.68299,CP_Structure9_LR,mutation_group_out,P6-R7-WFD,0.70041,1,0.3634928744109599
0.68299,CP_Structure9_LR,mutation_group_out,P6-R7-WFQ,0.651535,0,0.44836830593709726
0.68299,CP_Structure9_LR,mutation_group_out,P7-R5-SYVIRR,0.79377,1,0.3371360777956939
0.68299,CP_Structure9_LR,mutation_group_out,P8-R6-GVE,0.658565,0,0.9665693449577938
0.68299,CP_Structure9_LR,mutation_group_out,PUF12-9,0.7256100000000001,1,0.44828993008665835
0.68299,CP3_RF,LOCO,P4-R5-ETD,0.0,0,0.33945961717701884
0.68299,CP3_RF,LOCO,P4-R5-SHE,0.616825,0,0.6090248644797246
0.68299,CP3_RF,LOCO,P4-R5-SHE+P7-R5-SHE,0.7531399999999999,1,0.4192065760783387
0.68299,CP3_RF,LOCO,P4-R5-SNE,0.7430950000000001,1,0.04204184704184705
0.68299,CP3_RF,LOCO,P4-R5-SNE+P7-R5-SNE,0.80335,1,0.3591439763643423
0.68299,CP3_RF,LOCO,P4-R5-SWD+P7-R5-SWD,0.518925,0,0.39558921659382057
0.68299,CP3_RF,LOCO,P4-R5-THE+P7-R5-THE,0.68814,1,0.20332060542257677
0.68299,CP3_RF,LOCO,P4-R5-YTH+P7-R5-YTH,0.0,0,0.367682420638919
0.68299,CP3_RF,LOCO,P4-R5-YYE+P7-P5-YYE,0.0866649999999999,0,0.5166351622291799
0.68299,CP3_RF,LOCO,P5-R6-AYE,0.55629,0,0.23460047218469915
0.68299,CP3_RF,LOCO,P5-R6-DFE,0.32484,0,0.3170502056640855
0.68299,CP3_RF,LOCO,P5-R6-FWD,0.37332,0,0.3424957605246206
0.68299,CP3_RF,LOCO,P5-R6-LRD,0.23336,0,0.26005443030984204
0.68299,CP3_RF,LOCO,P5-R6-NYE,0.57387,0,0.2820931278648182
0.68299,CP3_RF,LOCO,P5-R6-SFE,0.6291599999999999,0,0.3904659388363462
0.68299,CP3_RF,LOCO,P5-R6-SWD,0.666435,0,0.4564502152114284
0.68299,CP3_RF,LOCO,P5-R6-SYQ,0.591215,0,0.4062410346198213
0.68299,CP3_RF,LOCO,P5-R6-THN,0.529215,0,0.2635812949216969
0.68299,CP3_RF,LOCO,P5-R6-TTE,0.348885,0,0.23200815269603045
0.68299,CP3_RF,LOCO,P5-R6-TWD,0.59784,0,0.2734493039380154
0.68299,CP3_RF,LOCO,P5-R6-TYE,0.44306,0,0.3017181609824858
0.68299,CP3_RF,LOCO,P5-R6-VFN,0.5554349999999999,0,0.28439236627453235
0.68299,CP3_RF,LOCO,P6-R7-MHQ,0.2532999999999999,0,0.5308271096334495
0.68299,CP3_RF,LOCO,P6-R7-QFW,0.67784,0,0.26701633154347487
0.68299,CP3_RF,LOCO,P6-R7-QRW,0.60431,0,0.24293773413043698
0.68299,CP3_RF,LOCO,P6-R7-TRQ,0.657745,0,0.374901474730829
0.68299,CP3_RF,LOCO,P6-R7-WFD,0.70041,1,0.4587010039169354
0.68299,CP3_RF,LOCO,P6-R7-WFQ,0.651535,0,0.7168066089643035
0.68299,CP3_RF,LOCO,P7-R5-SYVIRR,0.79377,1,0.28652438042674033
0.68299,CP3_RF,LOCO,P8-R6-GVE,0.658565,0,0.5086879894839131
0.68299,CP3_RF,LOCO,PUF12-9,0.7256100000000001,1,0.23377860220023614
0.68299,CP3_RF,mutation_group_out,P4-R5-ETD,0.0,0,0.31952937833747946
0.68299,CP3_RF,mutation_group_out,P4-R5-SHE,0.616825,0,0.6335316474386702
0.68299,CP3_RF,mutation_group_out,P4-R5-SHE+P7-R5-SHE,0.7531399999999999,1,0.08976704307110937
0.68299,CP3_RF,mutation_group_out,P4-R5-SNE,0.7430950000000001,1,0.04826551575150159
0.68299,CP3_RF,mutation_group_out,P4-R5-SNE+P7-R5-SNE,0.80335,1,0.08976704307110937
0.68299,CP3_RF,mutation_group_out,P4-R5-SWD+P7-R5-SWD,0.518925,0,0.4331576874782621
0.68299,CP3_RF,mutation_group_out,P4-R5-THE+P7-R5-THE,0.68814,1,0.5125177819758359
0.68299,CP3_RF,mutation_group_out,P4-R5-YTH+P7-R5-YTH,0.0,0,0.08976704307110937
0.68299,CP3_RF,mutation_group_out,P4-R5-YYE+P7-P5-YYE,0.0866649999999999,0,0.6890379980441849
0.68299,CP3_RF,mutation_group_out,P5-R6-AYE,0.55629,0,0.46128676116441475
0.68299,CP3_RF,mutation_group_out,P5-R6-DFE,0.32484,0,0.5004868112224363
0.68299,CP3_RF,mutation_group_out,P5-R6-FWD,0.37332,0,0.5462349336746698
0.68299,CP3_RF,mutation_group_out,P5-R6-LRD,0.23336,0,0.46128676116441475
0.68299,CP3_RF,mutation_group_out,P5-R6-NYE,0.57387,0,0.4956971178476758
0.68299,CP3_RF,mutation_group_out,P5-R6-SFE,0.6291599999999999,0,0.44413694736103826
0.68299,CP3_RF,mutation_group_out,P5-R6-SWD,0.666435,0,0.5025233524558828
0.68299,CP3_RF,mutation_group_out,P5-R6-SYQ,0.591215,0,0.5664907606127683
0.68299,CP3_RF,mutation_group_out,P5-R6-THN,0.529215,0,0.5288561173921622
0.68299,CP3_RF,mutation_group_out,P5-R6-TTE,0.348885,0,0.4520858610927251
0.68299,CP3_RF,mutation_group_out,P5-R6-TWD,0.59784,0,0.46128676116441475
0.68299,CP3_RF,mutation_group_out,P5-R6-TYE,0.44306,0,0.5837041619920224
0.68299,CP3_RF,mutation_group_out,P5-R6-VFN,0.5554349999999999,0,0.44413694736103826
0.68299,CP3_RF,mutation_group_out,P6-R7-MHQ,0.2532999999999999,0,0.6039140473701062
0.68299,CP3_RF,mutation_group_out,P6-R7-QFW,0.67784,0,0.27105299002426303
0.68299,CP3_RF,mutation_group_out,P6-R7-QRW,0.60431,0,0.2659178548891279
0.68299,CP3_RF,mutation_group_out,P6-R7-TRQ,0.657745,0,0.4887182777187896
0.68299,CP3_RF,mutation_group_out,P6-R7-WFD,0.70041,1,0.4005385896886338
0.68299,CP3_RF,mutation_group_out,P6-R7-WFQ,0.651535,0,0.6552064296489898
0.68299,CP3_RF,mutation_group_out,P7-R5-SYVIRR,0.79377,1,0.28652438042674033
0.68299,CP3_RF,mutation_group_out,P8-R6-GVE,0.658565,0,0.5086879894839131
0.68299,CP3_RF,mutation_group_out,PUF12-9,0.7256100000000001,1,0.23377860220023614
0.68299,CP_Structure9_RF,LOCO,P4-R5-ETD,0.0,0,0.2465513002605171
0.68299,CP_Structure9_RF,LOCO,P4-R5-SHE,0.616825,0,0.5533585281416298
0.68299,CP_Structure9_RF,LOCO,P4-R5-SHE+P7-R5-SHE,0.7531399999999999,1,0.20958588167938014
0.68299,CP_Structure9_RF,LOCO,P4-R5-SNE,0.7430950000000001,1,0.29737359290848137
0.68299,CP_Structure9_RF,LOCO,P4-R5-SNE+P7-R5-SNE,0.80335,1,0.5925647105649009
0.68299,CP_Structure9_RF,LOCO,P4-R5-SWD+P7-R5-SWD,0.518925,0,0.2414224343752215
0.68299,CP_Structure9_RF,LOCO,P4-R5-THE+P7-R5-THE,0.68814,1,0.08690943043884221
0.68299,CP_Structure9_RF,LOCO,P4-R5-YTH+P7-R5-YTH,0.0,0,0.4371492009701898
0.68299,CP_Structure9_RF,LOCO,P4-R5-YYE+P7-P5-YYE,0.0866649999999999,0,0.25408323787878717
0.68299,CP_Structure9_RF,LOCO,P5-R6-AYE,0.55629,0,0.3919008360212608
0.68299,CP_Structure9_RF,LOCO,P5-R6-DFE,0.32484,0,0.3684079227111149
0.68299,CP_Structure9_RF,LOCO,P5-R6-FWD,0.37332,0,0.26737743730963337
0.68299,CP_Structure9_RF,LOCO,P5-R6-LRD,0.23336,0,0.3431303882865759
0.68299,CP_Structure9_RF,LOCO,P5-R6-NYE,0.57387,0,0.07678098654953425
0.68299,CP_Structure9_RF,LOCO,P5-R6-SFE,0.6291599999999999,0,0.3186275234689197
0.68299,CP_Structure9_RF,LOCO,P5-R6-SWD,0.666435,0,0.5204127265022682
0.68299,CP_Structure9_RF,LOCO,P5-R6-SYQ,0.591215,0,0.1239995481476652
0.68299,CP_Structure9_RF,LOCO,P5-R6-THN,0.529215,0,0.34954361912190257
0.68299,CP_Structure9_RF,LOCO,P5-R6-TTE,0.348885,0,0.1287814865015514
0.68299,CP_Structure9_RF,LOCO,P5-R6-TWD,0.59784,0,0.1901721097392911
0.68299,CP_Structure9_RF,LOCO,P5-R6-TYE,0.44306,0,0.39880704228672537
0.68299,CP_Structure9_RF,LOCO,P5-R6-VFN,0.5554349999999999,0,0.540588954269466
0.68299,CP_Structure9_RF,LOCO,P6-R7-MHQ,0.2532999999999999,0,0.4078908165184987
0.68299,CP_Structure9_RF,LOCO,P6-R7-QFW,0.67784,0,0.4541848549372127
0.68299,CP_Structure9_RF,LOCO,P6-R7-QRW,0.60431,0,0.4446264593786852
0.68299,CP_Structure9_RF,LOCO,P6-R7-TRQ,0.657745,0,0.40858378069199797
0.68299,CP_Structure9_RF,LOCO,P6-R7-WFD,0.70041,1,0.0917125761211968
0.68299,CP_Structure9_RF,LOCO,P6-R7-WFQ,0.651535,0,0.49484228328698626
0.68299,CP_Structure9_RF,LOCO,P7-R5-SYVIRR,0.79377,1,0.1181410051572454
0.68299,CP_Structure9_RF,LOCO,P8-R6-GVE,0.658565,0,0.6917653005320862
0.68299,CP_Structure9_RF,LOCO,PUF12-9,0.7256100000000001,1,0.2394720105119648
0.68299,CP_Structure9_RF,mutation_group_out,P4-R5-ETD,0.0,0,0.20298464801994281
0.68299,CP_Structure9_RF,mutation_group_out,P4-R5-SHE,0.616825,0,0.5450615533239065
0.68299,CP_Structure9_RF,mutation_group_out,P4-R5-SHE+P7-R5-SHE,0.7531399999999999,1,0.09822334258459349
0.68299,CP_Structure9_RF,mutation_group_out,P4-R5-SNE,0.7430950000000001,1,0.33552751825656424
0.68299,CP_Structure9_RF,mutation_group_out,P4-R5-SNE+P7-R5-SNE,0.80335,1,0.22719132335033584
0.68299,CP_Structure9_RF,mutation_group_out,P4-R5-SWD+P7-R5-SWD,0.518925,0,0.22675031727010558
0.68299,CP_Structure9_RF,mutation_group_out,P4-R5-THE+P7-R5-THE,0.68814,1,0.047411117068776536
0.68299,CP_Structure9_RF,mutation_group_out,P4-R5-YTH+P7-R5-YTH,0.0,0,0.4901095024757621
0.68299,CP_Structure9_RF,mutation_group_out,P4-R5-YYE+P7-P5-YYE,0.0866649999999999,0,0.09896701423634817
0.68299,CP_Structure9_RF,mutation_group_out,P5-R6-AYE,0.55629,0,0.5566787785984328
0.68299,CP_Structure9_RF,mutation_group_out,P5-R6-DFE,0.32484,0,0.7158324666133088
0.68299,CP_Structure9_RF,mutation_group_out,P5-R6-FWD,0.37332,0,0.44819818670844286
0.68299,CP_Structure9_RF,mutation_group_out,P5-R6-LRD,0.23336,0,0.31589518375871717
0.68299,CP_Structure9_RF,mutation_group_out,P5-R6-NYE,0.57387,0,0.36077062901351986
0.68299,CP_Structure9_RF,mutation_group_out,P5-R6-SFE,0.6291599999999999,0,0.5595334115889551
0.68299,CP_Structure9_RF,mutation_group_out,P5-R6-SWD,0.666435,0,0.6060820476893962
0.68299,CP_Structure9_RF,mutation_group_out,P5-R6-SYQ,0.591215,0,0.42825483641705786
0.68299,CP_Structure9_RF,mutation_group_out,P5-R6-THN,0.529215,0,0.5105587883524852
0.68299,CP_Structure9_RF,mutation_group_out,P5-R6-TTE,0.348885,0,0.3356247916577523
0.68299,CP_Structure9_RF,mutation_group_out,P5-R6-TWD,0.59784,0,0.33976121327089737
0.68299,CP_Structure9_RF,mutation_group_out,P5-R6-TYE,0.44306,0,0.6002395883569323
0.68299,CP_Structure9_RF,mutation_group_out,P5-R6-VFN,0.5554349999999999,0,0.501581707169017
0.68299,CP_Structure9_RF,mutation_group_out,P6-R7-MHQ,0.2532999999999999,0,0.44871582786048037
0.68299,CP_Structure9_RF,mutation_group_out,P6-R7-QFW,0.67784,0,0.28811667609026004
0.68299,CP_Structure9_RF,mutation_group_out,P6-R7-QRW,0.60431,0,0.3527477224882453
0.68299,CP_Structure9_RF,mutation_group_out,P6-R7-TRQ,0.657745,0,0.4262970033311031
0.68299,CP_Structure9_RF,mutation_group_out,P6-R7-WFD,0.70041,1,0.27729107610002596
0.68299,CP_Structure9_RF,mutation_group_out,P6-R7-WFQ,0.651535,0,0.33598226069118964
0.68299,CP_Structure9_RF,mutation_group_out,P7-R5-SYVIRR,0.79377,1,0.1181410051572454
0.68299,CP_Structure9_RF,mutation_group_out,P8-R6-GVE,0.658565,0,0.6917653005320862
0.68299,CP_Structure9_RF,mutation_group_out,PUF12-9,0.7256100000000001,1,0.2394720105119648
0.7000000000000001,CP3_LR,LOCO,P4-R5-ETD,0.0,0,0.5670353977757483
0.7000000000000001,CP3_LR,LOCO,P4-R5-SHE,0.616825,0,0.6991115123018672
0.7000000000000001,CP3_LR,LOCO,P4-R5-SHE+P7-R5-SHE,0.7531399999999999,1,0.6170526643038199
0.7000000000000001,CP3_LR,LOCO,P4-R5-SNE,0.7430950000000001,1,0.4529262829930746
0.7000000000000001,CP3_LR,LOCO,P4-R5-SNE+P7-R5-SNE,0.80335,1,0.6220069295248001
0.7000000000000001,CP3_LR,LOCO,P4-R5-SWD+P7-R5-SWD,0.518925,0,0.488206352105563
0.7000000000000001,CP3_LR,LOCO,P4-R5-THE+P7-R5-THE,0.68814,0,0.4341277240615315
0.7000000000000001,CP3_LR,LOCO,P4-R5-YTH+P7-R5-YTH,0.0,0,0.5997065748498809
0.7000000000000001,CP3_LR,LOCO,P4-R5-YYE+P7-P5-YYE,0.0866649999999999,0,0.5394469106098226
0.7000000000000001,CP3_LR,LOCO,P5-R6-AYE,0.55629,0,0.32662842294099226
0.7000000000000001,CP3_LR,LOCO,P5-R6-DFE,0.32484,0,0.5468401172081276
0.7000000000000001,CP3_LR,LOCO,P5-R6-FWD,0.37332,0,0.5165610564679324
0.7000000000000001,CP3_LR,LOCO,P5-R6-LRD,0.23336,0,0.27449551648462006
0.7000000000000001,CP3_LR,LOCO,P5-R6-NYE,0.57387,0,0.5508899158402883
0.7000000000000001,CP3_LR,LOCO,P5-R6-SFE,0.6291599999999999,0,0.43372671730488377
0.7000000000000001,CP3_LR,LOCO,P5-R6-SWD,0.666435,0,0.4686622446264574
0.7000000000000001,CP3_LR,LOCO,P5-R6-SYQ,0.591215,0,0.47186586652132334
0.7000000000000001,CP3_LR,LOCO,P5-R6-THN,0.529215,0,0.5073681588782037
0.7000000000000001,CP3_LR,LOCO,P5-R6-TTE,0.348885,0,0.4895056675585559
0.7000000000000001,CP3_LR,LOCO,P5-R6-TWD,0.59784,0,0.28285103077589036
0.7000000000000001,CP3_LR,LOCO,P5-R6-TYE,0.44306,0,0.5266396446863225
0.7000000000000001,CP3_LR,LOCO,P5-R6-VFN,0.5554349999999999,0,0.39961354324667214
0.7000000000000001,CP3_LR,LOCO,P6-R7-MHQ,0.2532999999999999,0,0.7061827096883293
0.7000000000000001,CP3_LR,LOCO,P6-R7-QFW,0.67784,0,0.22245421276285124
0.7000000000000001,CP3_LR,LOCO,P6-R7-QRW,0.60431,0,0.3697648606808126
0.7000000000000001,CP3_LR,LOCO,P6-R7-TRQ,0.657745,0,0.5140751105474406
0.7000000000000001,CP3_LR,LOCO,P6-R7-WFD,0.70041,1,0.40078079985157417
0.7000000000000001,CP3_LR,LOCO,P6-R7-WFQ,0.651535,0,0.5050276148896651
0.7000000000000001,CP3_LR,LOCO,P7-R5-SYVIRR,0.79377,1,0.5354079615563334
0.7000000000000001,CP3_LR,LOCO,P8-R6-GVE,0.658565,0,0.5851802018072666
0.7000000000000001,CP3_LR,LOCO,PUF12-9,0.7256100000000001,1,0.5099513791695928
0.7000000000000001,CP3_LR,mutation_group_out,P4-R5-ETD,0.0,0,0.5985221678318993
0.7000000000000001,CP3_LR,mutation_group_out,P4-R5-SHE,0.616825,0,0.7230681490138211
0.7000000000000001,CP3_LR,mutation_group_out,P4-R5-SHE+P7-R5-SHE,0.7531399999999999,1,0.5276462491262497
0.7000000000000001,CP3_LR,mutation_group_out,P4-R5-SNE,0.7430950000000001,1,0.4574478639687533
0.7000000000000001,CP3_LR,mutation_group_out,P4-R5-SNE+P7-R5-SNE,0.80335,1,0.5259726309731323
0.7000000000000001,CP3_LR,mutation_group_out,P4-R5-SWD+P7-R5-SWD,0.518925,0,0.5106924626694234
0.7000000000000001,CP3_LR,mutation_group_out,P4-R5-THE+P7-R5-THE,0.68814,0,0.48025549267718765
0.7000000000000001,CP3_LR,mutation_group_out,P4-R5-YTH+P7-R5-YTH,0.0,0,0.49679798124358227
0.7000000000000001,CP3_LR,mutation_group_out,P4-R5-YYE+P7-P5-YYE,0.0866649999999999,0,0.5338997870968989
0.7000000000000001,CP3_LR,mutation_group_out,P5-R6-AYE,0.55629,0,0.4018813344618109
0.7000000000000001,CP3_LR,mutation_group_out,P5-R6-DFE,0.32484,0,0.5127240311464862
0.7000000000000001,CP3_LR,mutation_group_out,P5-R6-FWD,0.37332,0,0.4986080767115194
0.7000000000000001,CP3_LR,mutation_group_out,P5-R6-LRD,0.23336,0,0.37888588205591045
0.7000000000000001,CP3_LR,mutation_group_out,P5-R6-NYE,0.57387,0,0.513507086886801
0.7000000000000001,CP3_LR,mutation_group_out,P5-R6-SFE,0.6291599999999999,0,0.45390604080299357
0.7000000000000001,CP3_LR,mutation_group_out,P5-R6-SWD,0.666435,0,0.47671865699556487
0.7000000000000001,CP3_LR,mutation_group_out,P5-R6-SYQ,0.591215,0,0.4738411583630744
0.7000000000000001,CP3_LR,mutation_group_out,P5-R6-THN,0.529215,0,0.496352536564078
0.7000000000000001,CP3_LR,mutation_group_out,P5-R6-TTE,0.348885,0,0.486874362709431
0.7000000000000001,CP3_LR,mutation_group_out,P5-R6-TWD,0.59784,0,0.3887153545671442
0.7000000000000001,CP3_LR,mutation_group_out,P5-R6-TYE,0.44306,0,0.5008636735116703
0.7000000000000001,CP3_LR,mutation_group_out,P5-R6-VFN,0.5554349999999999,0,0.4425149372737231
0.7000000000000001,CP3_LR,mutation_group_out,P6-R7-MHQ,0.2532999999999999,0,0.686265337982103
0.7000000000000001,CP3_LR,mutation_group_out,P6-R7-QFW,0.67784,0,0.16275050784623446
0.7000000000000001,CP3_LR,mutation_group_out,P6-R7-QRW,0.60431,0,0.3193814316161702
0.7000000000000001,CP3_LR,mutation_group_out,P6-R7-TRQ,0.657745,0,0.511916059915706
0.7000000000000001,CP3_LR,mutation_group_out,P6-R7-WFD,0.70041,1,0.3913480511883391
0.7000000000000001,CP3_LR,mutation_group_out,P6-R7-WFQ,0.651535,0,0.5004150982149612
0.7000000000000001,CP3_LR,mutation_group_out,P7-R5-SYVIRR,0.79377,1,0.5354079615563334
0.7000000000000001,CP3_LR,mutation_group_out,P8-R6-GVE,0.658565,0,0.5851802018072666
0.7000000000000001,CP3_LR,mutation_group_out,PUF12-9,0.7256100000000001,1,0.5099513791695928
0.7000000000000001,CP_Structure9_LR,LOCO,P4-R5-ETD,0.0,0,0.5487402556837582
0.7000000000000001,CP_Structure9_LR,LOCO,P4-R5-SHE,0.616825,0,0.7659955416018793
0.7000000000000001,CP_Structure9_LR,LOCO,P4-R5-SHE+P7-R5-SHE,0.7531399999999999,1,0.6365738948237629
0.7000000000000001,CP_Structure9_LR,LOCO,P4-R5-SNE,0.7430950000000001,1,0.4669923080017442
0.7000000000000001,CP_Structure9_LR,LOCO,P4-R5-SNE+P7-R5-SNE,0.80335,1,0.6434809683446157
0.7000000000000001,CP_Structure9_LR,LOCO,P4-R5-SWD+P7-R5-SWD,0.518925,0,0.44626778424053576
0.7000000000000001,CP_Structure9_LR,LOCO,P4-R5-THE+P7-R5-THE,0.68814,0,0.3600526801241516
0.7000000000000001,CP_Structure9_LR,LOCO,P4-R5-YTH+P7-R5-YTH,0.0,0,0.6924422806775796
0.7000000000000001,CP_Structure9_LR,LOCO,P4-R5-YYE+P7-P5-YYE,0.0866649999999999,0,0.42208569975516064
0.7000000000000001,CP_Structure9_LR,LOCO,P5-R6-AYE,0.55629,0,0.300580197189018
0.7000000000000001,CP_Structure9_LR,LOCO,P5-R6-DFE,0.32484,0,0.5680575873910302
0.7000000000000001,CP_Structure9_LR,LOCO,P5-R6-FWD,0.37332,0,0.4304249426774725
0.7000000000000001,CP_Structure9_LR,LOCO,P5-R6-LRD,0.23336,0,0.28211362908530235
0.7000000000000001,CP_Structure9_LR,LOCO,P5-R6-NYE,0.57387,0,0.46063225912552486
0.7000000000000001,CP_Structure9_LR,LOCO,P5-R6-SFE,0.6291599999999999,0,0.4040860952246386
0.7000000000000001,CP_Structure9_LR,LOCO,P5-R6-SWD,0.666435,0,0.5571266475999993
0.7000000000000001,CP_Structure9_LR,LOCO,P5-R6-SYQ,0.591215,0,0.44275584005284097
0.7000000000000001,CP_Structure9_LR,LOCO,P5-R6-THN,0.529215,0,0.5319145294783365
0.7000000000000001,CP_Structure9_LR,LOCO,P5-R6-TTE,0.348885,0,0.4359596256924974
0.7000000000000001,CP_Structure9_LR,LOCO,P5-R6-TWD,0.59784,0,0.23614459495428702
0.7000000000000001,CP_Structure9_LR,LOCO,P5-R6-TYE,0.44306,0,0.5209608860051599
0.7000000000000001,CP_Structure9_LR,LOCO,P5-R6-VFN,0.5554349999999999,0,0.5922135428162445
0.7000000000000001,CP_Structure9_LR,LOCO,P6-R7-MHQ,0.2532999999999999,0,0.6689291019458155
0.7000000000000001,CP_Structure9_LR,LOCO,P6-R7-QFW,0.67784,0,0.25150556854374273
0.7000000000000001,CP_Structure9_LR,LOCO,P6-R7-QRW,0.60431,0,0.475310644443857
0.7000000000000001,CP_Structure9_LR,LOCO,P6-R7-TRQ,0.657745,0,0.5471721338392643
0.7000000000000001,CP_Structure9_LR,LOCO,P6-R7-WFD,0.70041,1,0.3775164915776828
0.7000000000000001,CP_Structure9_LR,LOCO,P6-R7-WFQ,0.651535,0,0.5415141012175242
0.7000000000000001,CP_Structure9_LR,LOCO,P7-R5-SYVIRR,0.79377,1,0.36693828080761404
0.7000000000000001,CP_Structure9_LR,LOCO,P8-R6-GVE,0.658565,0,0.9860167761956143
0.7000000000000001,CP_Structure9_LR,LOCO,PUF12-9,0.7256100000000001,1,0.5419514731885251
0.7000000000000001,CP_Structure9_LR,mutation_group_out,P4-R5-ETD,0.0,0,0.5970065056685739
0.7000000000000001,CP_Structure9_LR,mutation_group_out,P4-R5-SHE,0.616825,0,0.741090165490405
0.7000000000000001,CP_Structure9_LR,mutation_group_out,P4-R5-SHE+P7-R5-SHE,0.7531399999999999,1,0.49627003006998444
0.7000000000000001,CP_Structure9_LR,mutation_group_out,P4-R5-SNE,0.7430950000000001,1,0.48815177605953264
0.7000000000000001,CP_Structure9_LR,mutation_group_out,P4-R5-SNE+P7-R5-SNE,0.80335,1,0.47473180260603637
0.7000000000000001,CP_Structure9_LR,mutation_group_out,P4-R5-SWD+P7-R5-SWD,0.518925,0,0.5093564353998288
0.7000000000000001,CP_Structure9_LR,mutation_group_out,P4-R5-THE+P7-R5-THE,0.68814,0,0.2849043642438039
0.7000000000000001,CP_Structure9_LR,mutation_group_out,P4-R5-YTH+P7-R5-YTH,0.0,0,0.6535924193931513
0.7000000000000001,CP_Structure9_LR,mutation_group_out,P4-R5-YYE+P7-P5-YYE,0.0866649999999999,0,0.4585742361649028
0.7000000000000001,CP_Structure9_LR,mutation_group_out,P5-R6-AYE,0.55629,0,0.4248050171797408
0.7000000000000001,CP_Structure9_LR,mutation_group_out,P5-R6-DFE,0.32484,0,0.5527819511764694
0.7000000000000001,CP_Structure9_LR,mutation_group_out,P5-R6-FWD,0.37332,0,0.47024601159371665
0.7000000000000001,CP_Structure9_LR,mutation_group_out,P5-R6-LRD,0.23336,0,0.299879169432107
0.7000000000000001,CP_Structure9_LR,mutation_group_out,P5-R6-NYE,0.57387,0,0.4710304857375441
0.7000000000000001,CP_Structure9_LR,mutation_group_out,P5-R6-SFE,0.6291599999999999,0,0.47162822672203375
0.7000000000000001,CP_Structure9_LR,mutation_group_out,P5-R6-SWD,0.666435,0,0.5701645968092813
0.7000000000000001,CP_Structure9_LR,mutation_group_out,P5-R6-SYQ,0.591215,0,0.4919544534727152
0.7000000000000001,CP_Structure9_LR,mutation_group_out,P5-R6-THN,0.529215,0,0.5473629881388469
0.7000000000000001,CP_Structure9_LR,mutation_group_out,P5-R6-TTE,0.348885,0,0.4714446716240831
0.7000000000000001,CP_Structure9_LR,mutation_group_out,P5-R6-TWD,0.59784,0,0.3563917425543633
0.7000000000000001,CP_Structure9_LR,mutation_group_out,P5-R6-TYE,0.44306,0,0.5213399350570566
0.7000000000000001,CP_Structure9_LR,mutation_group_out,P5-R6-VFN,0.5554349999999999,0,0.48468171637969576
0.7000000000000001,CP_Structure9_LR,mutation_group_out,P6-R7-MHQ,0.2532999999999999,0,0.6350700543518845
0.7000000000000001,CP_Structure9_LR,mutation_group_out,P6-R7-QFW,0.67784,0,0.19042128811594897
0.7000000000000001,CP_Structure9_LR,mutation_group_out,P6-R7-QRW,0.60431,0,0.4042438043849851
0.7000000000000001,CP_Structure9_LR,mutation_group_out,P6-R7-TRQ,0.657745,0,0.5408925799959337
0.7000000000000001,CP_Structure9_LR,mutation_group_out,P6-R7-WFD,0.70041,1,0.3983757295106424
0.7000000000000001,CP_Structure9_LR,mutation_group_out,P6-R7-WFQ,0.651535,0,0.5431294897315855
0.7000000000000001,CP_Structure9_LR,mutation_group_out,P7-R5-SYVIRR,0.79377,1,0.36693828080761404
0.7000000000000001,CP_Structure9_LR,mutation_group_out,P8-R6-GVE,0.658565,0,0.9860167761956143
0.7000000000000001,CP_Structure9_LR,mutation_group_out,PUF12-9,0.7256100000000001,1,0.5419514731885251
0.7000000000000001,CP3_RF,LOCO,P4-R5-ETD,0.0,0,0.4240802754322487
0.7000000000000001,CP3_RF,LOCO,P4-R5-SHE,0.616825,0,0.6649863387168664
0.7000000000000001,CP3_RF,LOCO,P4-R5-SHE+P7-R5-SHE,0.7531399999999999,1,0.4710612173365365
0.7000000000000001,CP3_RF,LOCO,P4-R5-SNE,0.7430950000000001,1,0.07601507406885968
0.7000000000000001,CP3_RF,LOCO,P4-R5-SNE+P7-R5-SNE,0.80335,1,0.40569320875528964
0.7000000000000001,CP3_RF,LOCO,P4-R5-SWD+P7-R5-SWD,0.518925,0,0.3021869868869652
0.7000000000000001,CP3_RF,LOCO,P4-R5-THE+P7-R5-THE,0.68814,0,0.20332060542257677
0.7000000000000001,CP3_RF,LOCO,P4-R5-YTH+P7-R5-YTH,0.0,0,0.4322291757175583
0.7000000000000001,CP3_RF,LOCO,P4-R5-YYE+P7-P5-YYE,0.0866649999999999,0,0.5329116553179426
0.7000000000000001,CP3_RF,LOCO,P5-R6-AYE,0.55629,0,0.16918045398369944
0.7000000000000001,CP3_RF,LOCO,P5-R6-DFE,0.32484,0,0.3481052773863916
0.7000000000000001,CP3_RF,LOCO,P5-R6-FWD,0.37332,0,0.35918808346919756
0.7000000000000001,CP3_RF,LOCO,P5-R6-LRD,0.23336,0,0.20555550724931532
0.7000000000000001,CP3_RF,LOCO,P5-R6-NYE,0.57387,0,0.3181488828866582
0.7000000000000001,CP3_RF,LOCO,P5-R6-SFE,0.6291599999999999,0,0.1392647886356326
0.7000000000000001,CP3_RF,LOCO,P5-R6-SWD,0.666435,0,0.3572008193030482
0.7000000000000001,CP3_RF,LOCO,P5-R6-SYQ,0.591215,0,0.2735041384390247
0.7000000000000001,CP3_RF,LOCO,P5-R6-THN,0.529215,0,0.22762600612534845
0.7000000000000001,CP3_RF,LOCO,P5-R6-TTE,0.348885,0,0.20541885551881708
0.7000000000000001,CP3_RF,LOCO,P5-R6-TWD,0.59784,0,0.22392725672549862
0.7000000000000001,CP3_RF,LOCO,P5-R6-TYE,0.44306,0,0.36080568675602265
0.7000000000000001,CP3_RF,LOCO,P5-R6-VFN,0.5554349999999999,0,0.144293265236232
0.7000000000000001,CP3_RF,LOCO,P6-R7-MHQ,0.2532999999999999,0,0.6008760602761574
0.7000000000000001,CP3_RF,LOCO,P6-R7-QFW,0.67784,0,0.178993982670386
0.7000000000000001,CP3_RF,LOCO,P6-R7-QRW,0.60431,0,0.16318128425768755
0.7000000000000001,CP3_RF,LOCO,P6-R7-TRQ,0.657745,0,0.493802379368055
0.7000000000000001,CP3_RF,LOCO,P6-R7-WFD,0.70041,1,0.015519434269434272
0.7000000000000001,CP3_RF,LOCO,P6-R7-WFQ,0.651535,0,0.5923212955645617
0.7000000000000001,CP3_RF,LOCO,P7-R5-SYVIRR,0.79377,1,0.3796971181291343
0.7000000000000001,CP3_RF,LOCO,P8-R6-GVE,0.658565,0,0.6359623302486254
0.7000000000000001,CP3_RF,LOCO,PUF12-9,0.7256100000000001,1,0.16377216048149215
0.7000000000000001,CP3_RF,mutation_group_out,P4-R5-ETD,0.0,0,0.3842168426657531
0.7000000000000001,CP3_RF,mutation_group_out,P4-R5-SHE,0.616825,0,0.7300807372174623
0.7000000000000001,CP3_RF,mutation_group_out,P4-R5-SHE+P7-R5-SHE,0.7531399999999999,1,0.08976704307110937
0.7000000000000001,CP3_RF,mutation_group_out,P4-R5-SNE,0.7430950000000001,1,0.06075873552348339
0.7000000000000001,CP3_RF,mutation_group_out,P4-R5-SNE+P7-R5-SNE,0.80335,1,0.08976704307110937
0.7000000000000001,CP3_RF,mutation_group_out,P4-R5-SWD+P7-R5-SWD,0.518925,0,0.4331576874782621
0.7000000000000001,CP3_RF,mutation_group_out,P4-R5-THE+P7-R5-THE,0.68814,0,0.5125177819758359
0.7000000000000001,CP3_RF,mutation_group_out,P4-R5-YTH+P7-R5-YTH,0.0,0,0.08976704307110937
0.7000000000000001,CP3_RF,mutation_group_out,P4-R5-YYE+P7-P5-YYE,0.0866649999999999,0,0.6890379980441849
0.7000000000000001,CP3_RF,mutation_group_out,P5-R6-AYE,0.55629,0,0.2667932622932623
0.7000000000000001,CP3_RF,mutation_group_out,P5-R6-DFE,0.32484,0,0.5574511434557871
0.7000000000000001,CP3_RF,mutation_group_out,P5-R6-FWD,0.37332,0,0.5648605951152388
0.7000000000000001,CP3_RF,mutation_group_out,P5-R6-LRD,0.23336,0,0.2667932622932623
0.7000000000000001,CP3_RF,mutation_group_out,P5-R6-NYE,0.57387,0,0.557290128000654
0.7000000000000001,CP3_RF,mutation_group_out,P5-R6-SFE,0.6291599999999999,0,0.21724564324564322
0.7000000000000001,CP3_RF,mutation_group_out,P5-R6-SWD,0.666435,0,0.3695707903207904
0.7000000000000001,CP3_RF,mutation_group_out,P5-R6-SYQ,0.591215,0,0.28240256965256966
0.7000000000000001,CP3_RF,mutation_group_out,P5-R6-THN,0.529215,0,0.4920883838383835
0.7000000000000001,CP3_RF,mutation_group_out,P5-R6-TTE,0.348885,0,0.36307079032079037
0.7000000000000001,CP3_RF,mutation_group_out,P5-R6-TWD,0.59784,0,0.2667932622932623
0.7000000000000001,CP3_RF,mutation_group_out,P5-R6-TYE,0.44306,0,0.5974573317119752
0.7000000000000001,CP3_RF,mutation_group_out,P5-R6-VFN,0.5554349999999999,0,0.22224564324564322
0.7000000000000001,CP3_RF,mutation_group_out,P6-R7-MHQ,0.2532999999999999,0,0.647872178121745
0.7000000000000001,CP3_RF,mutation_group_out,P6-R7-QFW,0.67784,0,0.037916854387442626
0.7000000000000001,CP3_RF,mutation_group_out,P6-R7-QRW,0.60431,0,0.03085803085803086
0.7000000000000001,CP3_RF,mutation_group_out,P6-R7-TRQ,0.657745,0,0.5651948251685408
0.7000000000000001,CP3_RF,mutation_group_out,P6-R7-WFD,0.70041,1,0.025143745143745146
0.7000000000000001,CP3_RF,mutation_group_out,P6-R7-WFQ,0.651535,0,0.5300214443010424
0.7000000000000001,CP3_RF,mutation_group_out,P7-R5-SYVIRR,0.79377,1,0.3796971181291343
0.7000000000000001,CP3_RF,mutation_group_out,P8-R6-GVE,0.658565,0,0.6359623302486254
0.7000000000000001,CP3_RF,mutation_group_out,PUF12-9,0.7256100000000001,1,0.16377216048149215
0.7000000000000001,CP_Structure9_RF,LOCO,P4-R5-ETD,0.0,0,0.28696560401976057
0.7000000000000001,CP_Structure9_RF,LOCO,P4-R5-SHE,0.616825,0,0.386294397545183
0.7000000000000001,CP_Structure9_RF,LOCO,P4-R5-SHE+P7-R5-SHE,0.7531399999999999,1,0.15888877326377326
0.7000000000000001,CP_Structure9_RF,LOCO,P4-R5-SNE,0.7430950000000001,1,0.2147190055331118
0.7000000000000001,CP_Structure9_RF,LOCO,P4-R5-SNE+P7-R5-SNE,0.80335,1,0.5079834764412122
0.7000000000000001,CP_Structure9_RF,LOCO,P4-R5-SWD+P7-R5-SWD,0.518925,0,0.13619929834571504
0.7000000000000001,CP_Structure9_RF,LOCO,P4-R5-THE+P7-R5-THE,0.68814,0,0.08690943043884221
0.7000000000000001,CP_Structure9_RF,LOCO,P4-R5-YTH+P7-R5-YTH,0.0,0,0.5073927107143814
0.7000000000000001,CP_Structure9_RF,LOCO,P4-R5-YYE+P7-P5-YYE,0.0866649999999999,0,0.11458255012960894
0.7000000000000001,CP_Structure9_RF,LOCO,P5-R6-AYE,0.55629,0,0.1914652175758314
0.7000000000000001,CP_Structure9_RF,LOCO,P5-R6-DFE,0.32484,0,0.45318990002867365
0.7000000000000001,CP_Structure9_RF,LOCO,P5-R6-FWD,0.37332,0,0.02607843137254902
0.7000000000000001,CP_Structure9_RF,LOCO,P5-R6-LRD,0.23336,0,0.36658539873279916
0.7000000000000001,CP_Structure9_RF,LOCO,P5-R6-NYE,0.57387,0,0.026480569239189934
0.7000000000000001,CP_Structure9_RF,LOCO,P5-R6-SFE,0.6291599999999999,0,0.07318160597572362
0.7000000000000001,CP_Structure9_RF,LOCO,P5-R6-SWD,0.666435,0,0.2538259207600109
0.7000000000000001,CP_Structure9_RF,LOCO,P5-R6-SYQ,0.591215,0,0.0
0.7000000000000001,CP_Structure9_RF,LOCO,P5-R6-THN,0.529215,0,0.05015836940836941
0.7000000000000001,CP_Structure9_RF,LOCO,P5-R6-TTE,0.348885,0,0.059013112491373365
0.7000000000000001,CP_Structure9_RF,LOCO,P5-R6-TWD,0.59784,0,0.13376718600406756
0.7000000000000001,CP_Structure9_RF,LOCO,P5-R6-TYE,0.44306,0,0.07990897990897991
0.7000000000000001,CP_Structure9_RF,LOCO,P5-R6-VFN,0.5554349999999999,0,0.4104464845315392
0.7000000000000001,CP_Structure9_RF,LOCO,P6-R7-MHQ,0.2532999999999999,0,0.41872545575295766
0.7000000000000001,CP_Structure9_RF,LOCO,P6-R7-QFW,0.67784,0,0.5832244868167774
0.7000000000000001,CP_Structure9_RF,LOCO,P6-R7-QRW,0.60431,0,0.4397504354053977
0.7000000000000001,CP_Structure9_RF,LOCO,P6-R7-TRQ,0.657745,0,0.5731438112807211
0.7000000000000001,CP_Structure9_RF,LOCO,P6-R7-WFD,0.70041,1,0.11438378594047947
0.7000000000000001,CP_Structure9_RF,LOCO,P6-R7-WFQ,0.651535,0,0.5548425544628188
0.7000000000000001,CP_Structure9_RF,LOCO,P7-R5-SYVIRR,0.79377,1,0.2044601465169079
0.7000000000000001,CP_Structure9_RF,LOCO,P8-R6-GVE,0.658565,0,0.7642134908570867
0.7000000000000001,CP_Structure9_RF,LOCO,PUF12-9,0.7256100000000001,1,0.17684336021079503
0.7000000000000001,CP_Structure9_RF,mutation_group_out,P4-R5-ETD,0.0,0,0.19633751013810824
0.7000000000000001,CP_Structure9_RF,mutation_group_out,P4-R5-SHE,0.616825,0,0.326645014798425
0.7000000000000001,CP_Structure9_RF,mutation_group_out,P4-R5-SHE+P7-R5-SHE,0.7531399999999999,1,0.09822334258459349
0.7000000000000001,CP_Structure9_RF,mutation_group_out,P4-R5-SNE,0.7430950000000001,1,0.17298742397830746
0.7000000000000001,CP_Structure9_RF,mutation_group_out,P4-R5-SNE+P7-R5-SNE,0.80335,1,0.22719132335033584
0.7000000000000001,CP_Structure9_RF,mutation_group_out,P4-R5-SWD+P7-R5-SWD,0.518925,0,0.22675031727010558
0.7000000000000001,CP_Structure9_RF,mutation_group_out,P4-R5-THE+P7-R5-THE,0.68814,0,0.047411117068776536
0.7000000000000001,CP_Structure9_RF,mutation_group_out,P4-R5-YTH+P7-R5-YTH,0.0,0,0.4901095024757621
0.7000000000000001,CP_Structure9_RF,mutation_group_out,P4-R5-YYE+P7-P5-YYE,0.0866649999999999,0,0.09896701423634817
0.7000000000000001,CP_Structure9_RF,mutation_group_out,P5-R6-AYE,0.55629,0,0.3449668119977718
0.7000000000000001,CP_Structure9_RF,mutation_group_out,P5-R6-DFE,0.32484,0,0.47822111222111197
0.7000000000000001,CP_Structure9_RF,mutation_group_out,P5-R6-FWD,0.37332,0,0.2812536907536909
0.7000000000000001,CP_Structure9_RF,mutation_group_out,P5-R6-LRD,0.23336,0,0.2639267954267954
0.7000000000000001,CP_Structure9_RF,mutation_group_out,P5-R6-NYE,0.57387,0,0.24979337329337337
0.7000000000000001,CP_Structure9_RF,mutation_group_out,P5-R6-SFE,0.6291599999999999,0,0.3276334786644384
0.7000000000000001,CP_Structure9_RF,mutation_group_out,P5-R6-SWD,0.666435,0,0.4801607846917442
0.7000000000000001,CP_Structure9_RF,mutation_group_out,P5-R6-SYQ,0.591215,0,0.16591419691419695
0.7000000000000001,CP_Structure9_RF,mutation_group_out,P5-R6-THN,0.529215,0,0.2933214008214009
0.7000000000000001,CP_Structure9_RF,mutation_group_out,P5-R6-TTE,0.348885,0,0.22539110889110892
0.7000000000000001,CP_Structure9_RF,mutation_group_out,P5-R6-TWD,0.59784,0,0.19210223110223107
0.7000000000000001,CP_Structure9_RF,mutation_group_out,P5-R6-TYE,0.44306,0,0.2970190920190921
0.7000000000000001,CP_Structure9_RF,mutation_group_out,P5-R6-VFN,0.5554349999999999,0,0.4252504450314047
0.7000000000000001,CP_Structure9_RF,mutation_group_out,P6-R7-MHQ,0.2532999999999999,0,0.5402110327183676
0.7000000000000001,CP_Structure9_RF,mutation_group_out,P6-R7-QFW,0.67784,0,0.46572826504557446
0.7000000000000001,CP_Structure9_RF,mutation_group_out,P6-R7-QRW,0.60431,0,0.38712770303448624
0.7000000000000001,CP_Structure9_RF,mutation_group_out,P6-R7-TRQ,0.657745,0,0.5111239057734527
0.7000000000000001,CP_Structure9_RF,mutation_group_out,P6-R7-WFD,0.70041,1,0.4193691171759003
0.7000000000000001,CP_Structure9_RF,mutation_group_out,P6-R7-WFQ,0.651535,0,0.48856168206901707
0.7000000000000001,CP_Structure9_RF,mutation_group_out,P7-R5-SYVIRR,0.79377,1,0.2044601465169079
0.7000000000000001,CP_Structure9_RF,mutation_group_out,P8-R6-GVE,0.658565,0,0.7642134908570867
0.7000000000000001,CP_Structure9_RF,mutation_group_out,PUF12-9,0.7256100000000001,1,0.17684336021079503
0.71301,CP3_LR,LOCO,P4-R5-ETD,0.0,0,0.5719420282307373
0.71301,CP3_LR,LOCO,P4-R5-SHE,0.616825,0,0.7330700372794889
0.71301,CP3_LR,LOCO,P4-R5-SHE+P7-R5-SHE,0.7531399999999999,1,0.6482740720554702
0.71301,CP3_LR,LOCO,P4-R5-SNE,0.7430950000000001,1,0.4573837905020891
0.71301,CP3_LR,LOCO,P4-R5-SNE+P7-R5-SNE,0.80335,1,0.6571499295960238
0.71301,CP3_LR,LOCO,P4-R5-SWD+P7-R5-SWD,0.518925,0,0.47848754985610753
0.71301,CP3_LR,LOCO,P4-R5-THE+P7-R5-THE,0.68814,0,0.406477690391478
0.71301,CP3_LR,LOCO,P4-R5-YTH+P7-R5-YTH,0.0,0,0.6070408615044196
0.71301,CP3_LR,LOCO,P4-R5-YYE+P7-P5-YYE,0.0866649999999999,0,0.5530990303986765
0.71301,CP3_LR,LOCO,P5-R6-AYE,0.55629,0,0.27545871523074406
0.71301,CP3_LR,LOCO,P5-R6-DFE,0.32484,0,0.5419471180634654
0.71301,CP3_LR,LOCO,P5-R6-FWD,0.37332,0,0.5087044301383984
0.71301,CP3_LR,LOCO,P5-R6-LRD,0.23336,0,0.2091522427825855
0.71301,CP3_LR,LOCO,P5-R6-NYE,0.57387,0,0.552964362332758
0.71301,CP3_LR,LOCO,P5-R6-SFE,0.6291599999999999,0,0.41331098624028545
0.71301,CP3_LR,LOCO,P5-R6-SWD,0.666435,0,0.4477246131485248
0.71301,CP3_LR,LOCO,P5-R6-SYQ,0.591215,0,0.4601071202847916
0.71301,CP3_LR,LOCO,P5-R6-THN,0.529215,0,0.4914857057193984
0.71301,CP3_LR,LOCO,P5-R6-TTE,0.348885,0,0.46799067267263544
0.71301,CP3_LR,LOCO,P5-R6-TWD,0.59784,0,0.21114284754487436
0.71301,CP3_LR,LOCO,P5-R6-TYE,0.44306,0,0.5266450352610544
0.71301,CP3_LR,LOCO,P5-R6-VFN,0.5554349999999999,0,0.36109274363609767
0.71301,CP3_LR,LOCO,P6-R7-MHQ,0.2532999999999999,0,0.725541278799204
0.71301,CP3_LR,LOCO,P6-R7-QFW,0.67784,0,0.1484094717282096
0.71301,CP3_LR,LOCO,P6-R7-QRW,0.60431,0,0.32794336177818895
0.71301,CP3_LR,LOCO,P6-R7-TRQ,0.657745,0,0.524205835190903
0.71301,CP3_LR,LOCO,P6-R7-WFD,0.70041,0,0.40078079985157417
0.71301,CP3_LR,LOCO,P6-R7-WFQ,0.651535,0,0.5102083595412376
0.71301,CP3_LR,LOCO,P7-R5-SYVIRR,0.79377,1,0.5630846966425607
0.71301,CP3_LR,LOCO,P8-R6-GVE,0.658565,0,0.6233424493680649
0.71301,CP3_LR,LOCO,PUF12-9,0.7256100000000001,1,0.5011625920285797
0.71301,CP3_LR,mutation_group_out,P4-R5-ETD,0.0,0,0.607230962345451
0.71301,CP3_LR,mutation_group_out,P4-R5-SHE,0.616825,0,0.7614467522633188
0.71301,CP3_LR,mutation_group_out,P4-R5-SHE+P7-R5-SHE,0.7531399999999999,1,0.5429223368840896
0.71301,CP3_LR,mutation_group_out,P4-R5-SNE,0.7430950000000001,1,0.46440881273951834
0.71301,CP3_LR,mutation_group_out,P4-R5-SNE+P7-R5-SNE,0.80335,1,0.5414154858155861
0.71301,CP3_LR,mutation_group_out,P4-R5-SWD+P7-R5-SWD,0.518925,0,0.5085298584413719
0.71301,CP3_LR,mutation_group_out,P4-R5-THE+P7-R5-THE,0.68814,0,0.45998866222952334
0.71301,CP3_LR,mutation_group_out,P4-R5-YTH+P7-R5-YTH,0.0,0,0.4911807413221654
0.71301,CP3_LR,mutation_group_out,P4-R5-YYE+P7-P5-YYE,0.0866649999999999,0,0.5550302928969123
0.71301,CP3_LR,mutation_group_out,P5-R6-AYE,0.55629,0,0.3457324548215161
0.71301,CP3_LR,mutation_group_out,P5-R6-DFE,0.32484,0,0.5076261341510725
0.71301,CP3_LR,mutation_group_out,P5-R6-FWD,0.37332,0,0.48822768501407526
0.71301,CP3_LR,mutation_group_out,P5-R6-LRD,0.23336,0,0.30756447548251475
0.71301,CP3_LR,mutation_group_out,P5-R6-NYE,0.57387,0,0.5122027365687479
0.71301,CP3_LR,mutation_group_out,P5-R6-SFE,0.6291599999999999,0,0.42784513286640247
0.71301,CP3_LR,mutation_group_out,P5-R6-SWD,0.666435,0,0.45327089929154957
0.71301,CP3_LR,mutation_group_out,P5-R6-SYQ,0.591215,0,0.45650030671325487
0.71301,CP3_LR,mutation_group_out,P5-R6-THN,0.529215,0,0.47990789898095754
0.71301,CP3_LR,mutation_group_out,P5-R6-TTE,0.348885,0,0.4661532280125211
0.71301,CP3_LR,mutation_group_out,P5-R6-TWD,0.59784,0,0.31383747434911335
0.71301,CP3_LR,mutation_group_out,P5-R6-TYE,0.44306,0,0.4965539987083817
0.71301,CP3_LR,mutation_group_out,P5-R6-VFN,0.5554349999999999,0,0.4008984894603382
0.71301,CP3_LR,mutation_group_out,P6-R7-MHQ,0.2532999999999999,0,0.686265337982103
0.71301,CP3_LR,mutation_group_out,P6-R7-QFW,0.67784,0,0.16275050784623446
0.71301,CP3_LR,mutation_group_out,P6-R7-QRW,0.60431,0,0.3193814316161702
0.71301,CP3_LR,mutation_group_out,P6-R7-TRQ,0.657745,0,0.511916059915706
0.71301,CP3_LR,mutation_group_out,P6-R7-WFD,0.70041,0,0.3913480511883391
0.71301,CP3_LR,mutation_group_out,P6-R7-WFQ,0.651535,0,0.5004150982149612
0.71301,CP3_LR,mutation_group_out,P7-R5-SYVIRR,0.79377,1,0.5630846966425607
0.71301,CP3_LR,mutation_group_out,P8-R6-GVE,0.658565,0,0.6233424493680649
0.71301,CP3_LR,mutation_group_out,PUF12-9,0.7256100000000001,1,0.5011625920285797
0.71301,CP_Structure9_LR,LOCO,P4-R5-ETD,0.0,0,0.542858795500141
0.71301,CP_Structure9_LR,LOCO,P4-R5-SHE,0.616825,0,0.8317946440782493
0.71301,CP_Structure9_LR,LOCO,P4-R5-SHE+P7-R5-SHE,0.7531399999999999,1,0.6790815118030038
0.71301,CP_Structure9_LR,LOCO,P4-R5-SNE,0.7430950000000001,1,0.4977024332156124
0.71301,CP_Structure9_LR,LOCO,P4-R5-SNE+P7-R5-SNE,0.80335,1,0.7105354306506265
0.71301,CP_Structure9_LR,LOCO,P4-R5-SWD+P7-R5-SWD,0.518925,0,0.4086219544244522
0.71301,CP_Structure9_LR,LOCO,P4-R5-THE+P7-R5-THE,0.68814,0,0.38567101292447625
0.71301,CP_Structure9_LR,LOCO,P4-R5-YTH+P7-R5-YTH,0.0,0,0.5617616887877924
0.71301,CP_Structure9_LR,LOCO,P4-R5-YYE+P7-P5-YYE,0.0866649999999999,0,0.4227395447871268
0.71301,CP_Structure9_LR,LOCO,P5-R6-AYE,0.55629,0,0.2833437200731601
0.71301,CP_Structure9_LR,LOCO,P5-R6-DFE,0.32484,0,0.5710651559625919
0.71301,CP_Structure9_LR,LOCO,P5-R6-FWD,0.37332,0,0.4212717713492383
0.71301,CP_Structure9_LR,LOCO,P5-R6-LRD,0.23336,0,0.1593637807915573
0.71301,CP_Structure9_LR,LOCO,P5-R6-NYE,0.57387,0,0.4513474002699781
0.71301,CP_Structure9_LR,LOCO,P5-R6-SFE,0.6291599999999999,0,0.40478887512192313
0.71301,CP_Structure9_LR,LOCO,P5-R6-SWD,0.666435,0,0.5869268785961084
0.71301,CP_Structure9_LR,LOCO,P5-R6-SYQ,0.591215,0,0.44840395766340385
0.71301,CP_Structure9_LR,LOCO,P5-R6-THN,0.529215,0,0.5301998468533066
0.71301,CP_Structure9_LR,LOCO,P5-R6-TTE,0.348885,0,0.4090254125058484
0.71301,CP_Structure9_LR,LOCO,P5-R6-TWD,0.59784,0,0.16318698617177765
0.71301,CP_Structure9_LR,LOCO,P5-R6-TYE,0.44306,0,0.5306608156736148
0.71301,CP_Structure9_LR,LOCO,P5-R6-VFN,0.5554349999999999,0,0.5226179487024176
0.71301,CP_Structure9_LR,LOCO,P6-R7-MHQ,0.2532999999999999,0,0.6477521491757242
0.71301,CP_Structure9_LR,LOCO,P6-R7-QFW,0.67784,0,0.1600819409191673
0.71301,CP_Structure9_LR,LOCO,P6-R7-QRW,0.60431,0,0.40755767519880653
0.71301,CP_Structure9_LR,LOCO,P6-R7-TRQ,0.657745,0,0.5486026278927015
0.71301,CP_Structure9_LR,LOCO,P6-R7-WFD,0.70041,0,0.3775164915776828
0.71301,CP_Structure9_LR,LOCO,P6-R7-WFQ,0.651535,0,0.5114839761730987
0.71301,CP_Structure9_LR,LOCO,P7-R5-SYVIRR,0.79377,1,0.33881687573958136
0.71301,CP_Structure9_LR,LOCO,P8-R6-GVE,0.658565,0,0.9875306686884894
0.71301,CP_Structure9_LR,LOCO,PUF12-9,0.7256100000000001,1,0.5034944244534061
0.71301,CP_Structure9_LR,mutation_group_out,P4-R5-ETD,0.0,0,0.5998620279536707
0.71301,CP_Structure9_LR,mutation_group_out,P4-R5-SHE,0.616825,0,0.8145777121478681
0.71301,CP_Structure9_LR,mutation_group_out,P4-R5-SHE+P7-R5-SHE,0.7531399999999999,1,0.5316871577856049
0.71301,CP_Structure9_LR,mutation_group_out,P4-R5-SNE,0.7430950000000001,1,0.5228106511801592
0.71301,CP_Structure9_LR,mutation_group_out,P4-R5-SNE+P7-R5-SNE,0.80335,1,0.5313127755662524
0.71301,CP_Structure9_LR,mutation_group_out,P4-R5-SWD+P7-R5-SWD,0.518925,0,0.46964438141064213
0.71301,CP_Structure9_LR,mutation_group_out,P4-R5-THE+P7-R5-THE,0.68814,0,0.3195071981425685
0.71301,CP_Structure9_LR,mutation_group_out,P4-R5-YTH+P7-R5-YTH,0.0,0,0.507999586262917
0.71301,CP_Structure9_LR,mutation_group_out,P4-R5-YYE+P7-P5-YYE,0.0866649999999999,0,0.46019780734388943
0.71301,CP_Structure9_LR,mutation_group_out,P5-R6-AYE,0.55629,0,0.39599574896177864
0.71301,CP_Structure9_LR,mutation_group_out,P5-R6-DFE,0.32484,0,0.5568405496773144
0.71301,CP_Structure9_LR,mutation_group_out,P5-R6-FWD,0.37332,0,0.4554027427328153
0.71301,CP_Structure9_LR,mutation_group_out,P5-R6-LRD,0.23336,0,0.20254107568162846
0.71301,CP_Structure9_LR,mutation_group_out,P5-R6-NYE,0.57387,0,0.46236336763776276
0.71301,CP_Structure9_LR,mutation_group_out,P5-R6-SFE,0.6291599999999999,0,0.4636824275055827
0.71301,CP_Structure9_LR,mutation_group_out,P5-R6-SWD,0.666435,0,0.5828239602656066
0.71301,CP_Structure9_LR,mutation_group_out,P5-R6-SYQ,0.591215,0,0.48869264760266473
0.71301,CP_Structure9_LR,mutation_group_out,P5-R6-THN,0.529215,0,0.5412596737745905
0.71301,CP_Structure9_LR,mutation_group_out,P5-R6-TTE,0.348885,0,0.44582473293937097
0.71301,CP_Structure9_LR,mutation_group_out,P5-R6-TWD,0.59784,0,0.2706096812951146
0.71301,CP_Structure9_LR,mutation_group_out,P5-R6-TYE,0.44306,0,0.5284746819115996
0.71301,CP_Structure9_LR,mutation_group_out,P5-R6-VFN,0.5554349999999999,0,0.43730007623743516
0.71301,CP_Structure9_LR,mutation_group_out,P6-R7-MHQ,0.2532999999999999,0,0.6350700543518845
0.71301,CP_Structure9_LR,mutation_group_out,P6-R7-QFW,0.67784,0,0.19042128811594897
0.71301,CP_Structure9_LR,mutation_group_out,P6-R7-QRW,0.60431,0,0.4042438043849851
0.71301,CP_Structure9_LR,mutation_group_out,P6-R7-TRQ,0.657745,0,0.5408925799959337
0.71301,CP_Structure9_LR,mutation_group_out,P6-R7-WFD,0.70041,0,0.3983757295106424
0.71301,CP_Structure9_LR,mutation_group_out,P6-R7-WFQ,0.651535,0,0.5431294897315855
0.71301,CP_Structure9_LR,mutation_group_out,P7-R5-SYVIRR,0.79377,1,0.33881687573958136
0.71301,CP_Structure9_LR,mutation_group_out,P8-R6-GVE,0.658565,0,0.9875306686884894
0.71301,CP_Structure9_LR,mutation_group_out,PUF12-9,0.7256100000000001,1,0.5034944244534061
0.71301,CP3_RF,LOCO,P4-R5-ETD,0.0,0,0.5004149202323808
0.71301,CP3_RF,LOCO,P4-R5-SHE,0.616825,0,0.7321045644209879
0.71301,CP3_RF,LOCO,P4-R5-SHE+P7-R5-SHE,0.7531399999999999,1,0.5211383168742671
0.71301,CP3_RF,LOCO,P4-R5-SNE,0.7430950000000001,1,0.03467228415867254
0.71301,CP3_RF,LOCO,P4-R5-SNE+P7-R5-SNE,0.80335,1,0.4635158626906402
0.71301,CP3_RF,LOCO,P4-R5-SWD+P7-R5-SWD,0.518925,0,0.013248847926267283
0.71301,CP3_RF,LOCO,P4-R5-THE+P7-R5-THE,0.68814,0,0.003571428571428572
0.71301,CP3_RF,LOCO,P4-R5-YTH+P7-R5-YTH,0.0,0,0.515945012924212
0.71301,CP3_RF,LOCO,P4-R5-YYE+P7-P5-YYE,0.0866649999999999,0,0.5295388969899009
0.71301,CP3_RF,LOCO,P5-R6-AYE,0.55629,0,0.06444911297852474
0.71301,CP3_RF,LOCO,P5-R6-DFE,0.32484,0,0.3510191286509415
0.71301,CP3_RF,LOCO,P5-R6-FWD,0.37332,0,0.3586289632607761
0.71301,CP3_RF,LOCO,P5-R6-LRD,0.23336,0,0.06174574694311536
0.71301,CP3_RF,LOCO,P5-R6-NYE,0.57387,0,0.34021446170195785
0.71301,CP3_RF,LOCO,P5-R6-SFE,0.6291599999999999,0,0.013839285714285715
0.71301,CP3_RF,LOCO,P5-R6-SWD,0.666435,0,0.011044254658385095
0.71301,CP3_RF,LOCO,P5-R6-SYQ,0.591215,0,0.019377587991718424
0.71301,CP3_RF,LOCO,P5-R6-THN,0.529215,0,0.11772764000705177
0.71301,CP3_RF,LOCO,P5-R6-TTE,0.348885,0,0.003333333333333333
0.71301,CP3_RF,LOCO,P5-R6-TWD,0.59784,0,0.06964932942874119
0.71301,CP3_RF,LOCO,P5-R6-TYE,0.44306,0,0.3750480447524571
0.71301,CP3_RF,LOCO,P5-R6-VFN,0.5554349999999999,0,0.003333333333333333
0.71301,CP3_RF,LOCO,P6-R7-MHQ,0.2532999999999999,0,0.6815353207822268
0.71301,CP3_RF,LOCO,P6-R7-QFW,0.67784,0,0.06559398934398933
0.71301,CP3_RF,LOCO,P6-R7-QRW,0.60431,0,0.0355591168091168
0.71301,CP3_RF,LOCO,P6-R7-TRQ,0.657745,0,0.5489263019547798
0.71301,CP3_RF,LOCO,P6-R7-WFD,0.70041,0,0.015519434269434272
0.71301,CP3_RF,LOCO,P6-R7-WFQ,0.651535,0,0.5141145954889814
0.71301,CP3_RF,LOCO,P7-R5-SYVIRR,0.79377,1,0.5778814192022361
0.71301,CP3_RF,LOCO,P8-R6-GVE,0.658565,0,0.7104479016613919
0.71301,CP3_RF,LOCO,PUF12-9,0.7256100000000001,1,0.0
0.71301,CP3_RF,mutation_group_out,P4-R5-ETD,0.0,0,0.36550477673079984
0.71301,CP3_RF,mutation_group_out,P4-R5-SHE,0.616825,0,0.8214304055560346
0.71301,CP3_RF,mutation_group_out,P4-R5-SHE+P7-R5-SHE,0.7531399999999999,1,0.216509551739362
0.71301,CP3_RF,mutation_group_out,P4-R5-SNE,0.7430950000000001,1,0.05337795537795538
0.71301,CP3_RF,mutation_group_out,P4-R5-SNE+P7-R5-SNE,0.80335,1,0.216509551739362
0.71301,CP3_RF,mutation_group_out,P4-R5-SWD+P7-R5-SWD,0.518925,0,0.04657250134096192
0.71301,CP3_RF,mutation_group_out,P4-R5-THE+P7-R5-THE,0.68814,0,0.009361702127659575
0.71301,CP3_RF,mutation_group_out,P4-R5-YTH+P7-R5-YTH,0.0,0,0.2356399865219707
0.71301,CP3_RF,mutation_group_out,P4-R5-YYE+P7-P5-YYE,0.0866649999999999,0,0.5835066009454247
0.71301,CP3_RF,mutation_group_out,P5-R6-AYE,0.55629,0,0.22302503333631063
0.71301,CP3_RF,mutation_group_out,P5-R6-DFE,0.32484,0,0.5212361338821322
0.71301,CP3_RF,mutation_group_out,P5-R6-FWD,0.37332,0,0.4976848323591971
0.71301,CP3_RF,mutation_group_out,P5-R6-LRD,0.23336,0,0.22302503333631063
0.71301,CP3_RF,mutation_group_out,P5-R6-NYE,0.57387,0,0.521239580093679
0.71301,CP3_RF,mutation_group_out,P5-R6-SFE,0.6291599999999999,0,0.16087449580703045
0.71301,CP3_RF,mutation_group_out,P5-R6-SWD,0.666435,0,0.07961099604147243
0.71301,CP3_RF,mutation_group_out,P5-R6-SYQ,0.591215,0,0.1488103511092464
0.71301,CP3_RF,mutation_group_out,P5-R6-THN,0.529215,0,0.36836526651259727
0.71301,CP3_RF,mutation_group_out,P5-R6-TTE,0.348885,0,0.10207983390315313
0.71301,CP3_RF,mutation_group_out,P5-R6-TWD,0.59784,0,0.22302503333631063
0.71301,CP3_RF,mutation_group_out,P5-R6-TYE,0.44306,0,0.534711938182936
0.71301,CP3_RF,mutation_group_out,P5-R6-VFN,0.5554349999999999,0,0.16087449580703045
0.71301,CP3_RF,mutation_group_out,P6-R7-MHQ,0.2532999999999999,0,0.647872178121745
0.71301,CP3_RF,mutation_group_out,P6-R7-QFW,0.67784,0,0.037916854387442626
0.71301,CP3_RF,mutation_group_out,P6-R7-QRW,0.60431,0,0.03085803085803086
0.71301,CP3_RF,mutation_group_out,P6-R7-TRQ,0.657745,0,0.5651948251685408
0.71301,CP3_RF,mutation_group_out,P6-R7-WFD,0.70041,0,0.025143745143745146
0.71301,CP3_RF,mutation_group_out,P6-R7-WFQ,0.651535,0,0.5300214443010424
0.71301,CP3_RF,mutation_group_out,P7-R5-SYVIRR,0.79377,1,0.5778814192022361
0.71301,CP3_RF,mutation_group_out,P8-R6-GVE,0.658565,0,0.7104479016613919
0.71301,CP3_RF,mutation_group_out,PUF12-9,0.7256100000000001,1,0.0
0.71301,CP_Structure9_RF,LOCO,P4-R5-ETD,0.0,0,0.3339137853043971
0.71301,CP_Structure9_RF,LOCO,P4-R5-SHE,0.616825,0,0.6070675156984732
0.71301,CP_Structure9_RF,LOCO,P4-R5-SHE+P7-R5-SHE,0.7531399999999999,1,0.34083275187297346
0.71301,CP_Structure9_RF,LOCO,P4-R5-SNE,0.7430950000000001,1,0.16259985195960872
0.71301,CP_Structure9_RF,LOCO,P4-R5-SNE+P7-R5-SNE,0.80335,1,0.5587989362834592
0.71301,CP_Structure9_RF,LOCO,P4-R5-SWD+P7-R5-SWD,0.518925,0,0.04062908496732026
0.71301,CP_Structure9_RF,LOCO,P4-R5-THE+P7-R5-THE,0.68814,0,0.1270023080367908
0.71301,CP_Structure9_RF,LOCO,P4-R5-YTH+P7-R5-YTH,0.0,0,0.41171522264368643
0.71301,CP_Structure9_RF,LOCO,P4-R5-YYE+P7-P5-YYE,0.0866649999999999,0,0.1468100868822431
0.71301,CP_Structure9_RF,LOCO,P5-R6-AYE,0.55629,0,0.30511969700806973
0.71301,CP_Structure9_RF,LOCO,P5-R6-DFE,0.32484,0,0.3077642271655524
0.71301,CP_Structure9_RF,LOCO,P5-R6-FWD,0.37332,0,0.04149981962481963
0.71301,CP_Structure9_RF,LOCO,P5-R6-LRD,0.23336,0,0.11370137477585293
0.71301,CP_Structure9_RF,LOCO,P5-R6-NYE,0.57387,0,0.03162393162393163
0.71301,CP_Structure9_RF,LOCO,P5-R6-SFE,0.6291599999999999,0,0.19319906687368266
0.71301,CP_Structure9_RF,LOCO,P5-R6-SWD,0.666435,0,0.38158829950668793
0.71301,CP_Structure9_RF,LOCO,P5-R6-SYQ,0.591215,0,0.0125
0.71301,CP_Structure9_RF,LOCO,P5-R6-THN,0.529215,0,0.057902289703760296
0.71301,CP_Structure9_RF,LOCO,P5-R6-TTE,0.348885,0,0.017142857142857144
0.71301,CP_Structure9_RF,LOCO,P5-R6-TWD,0.59784,0,0.02142857142857143
0.71301,CP_Structure9_RF,LOCO,P5-R6-TYE,0.44306,0,0.18132599612530265
0.71301,CP_Structure9_RF,LOCO,P5-R6-VFN,0.5554349999999999,0,0.4387069529814203
0.71301,CP_Structure9_RF,LOCO,P6-R7-MHQ,0.2532999999999999,0,0.40266750413948743
0.71301,CP_Structure9_RF,LOCO,P6-R7-QFW,0.67784,0,0.21112656698227933
0.71301,CP_Structure9_RF,LOCO,P6-R7-QRW,0.60431,0,0.2084099631030238
0.71301,CP_Structure9_RF,LOCO,P6-R7-TRQ,0.657745,0,0.34724474148475415
0.71301,CP_Structure9_RF,LOCO,P6-R7-WFD,0.70041,0,0.11438378594047947
0.71301,CP_Structure9_RF,LOCO,P6-R7-WFQ,0.651535,0,0.3138090687312198
0.71301,CP_Structure9_RF,LOCO,P7-R5-SYVIRR,0.79377,1,0.05217576798120512
0.71301,CP_Structure9_RF,LOCO,P8-R6-GVE,0.658565,0,0.7458626305897016
0.71301,CP_Structure9_RF,LOCO,PUF12-9,0.7256100000000001,1,0.0
0.71301,CP_Structure9_RF,mutation_group_out,P4-R5-ETD,0.0,0,0.18673308460545304
0.71301,CP_Structure9_RF,mutation_group_out,P4-R5-SHE,0.616825,0,0.5879756395265571
0.71301,CP_Structure9_RF,mutation_group_out,P4-R5-SHE+P7-R5-SHE,0.7531399999999999,1,0.17056552836358702
0.71301,CP_Structure9_RF,mutation_group_out,P4-R5-SNE,0.7430950000000001,1,0.20583484483352904
0.71301,CP_Structure9_RF,mutation_group_out,P4-R5-SNE+P7-R5-SNE,0.80335,1,0.3670277835442633
0.71301,CP_Structure9_RF,mutation_group_out,P4-R5-SWD+P7-R5-SWD,0.518925,0,0.11778963686706977
0.71301,CP_Structure9_RF,mutation_group_out,P4-R5-THE+P7-R5-THE,0.68814,0,0.08661151248732586
0.71301,CP_Structure9_RF,mutation_group_out,P4-R5-YTH+P7-R5-YTH,0.0,0,0.3908193881715367
0.71301,CP_Structure9_RF,mutation_group_out,P4-R5-YYE+P7-P5-YYE,0.0866649999999999,0,0.06348740497858152
0.71301,CP_Structure9_RF,mutation_group_out,P5-R6-AYE,0.55629,0,0.46828655561777277
0.71301,CP_Structure9_RF,mutation_group_out,P5-R6-DFE,0.32484,0,0.4097046091626359
0.71301,CP_Structure9_RF,mutation_group_out,P5-R6-FWD,0.37332,0,0.21924925985092958
0.71301,CP_Structure9_RF,mutation_group_out,P5-R6-LRD,0.23336,0,0.14174208513876171
0.71301,CP_Structure9_RF,mutation_group_out,P5-R6-NYE,0.57387,0,0.15797278036968151
0.71301,CP_Structure9_RF,mutation_group_out,P5-R6-SFE,0.6291599999999999,0,0.42595317199550664
0.71301,CP_Structure9_RF,mutation_group_out,P5-R6-SWD,0.666435,0,0.5143880037717136
0.71301,CP_Structure9_RF,mutation_group_out,P5-R6-SYQ,0.591215,0,0.14174732320604858
0.71301,CP_Structure9_RF,mutation_group_out,P5-R6-THN,0.529215,0,0.22539768798648588
0.71301,CP_Structure9_RF,mutation_group_out,P5-R6-TTE,0.348885,0,0.06983618301352855
0.71301,CP_Structure9_RF,mutation_group_out,P5-R6-TWD,0.59784,0,0.1077911990120228
0.71301,CP_Structure9_RF,mutation_group_out,P5-R6-TYE,0.44306,0,0.32305810105227223
0.71301,CP_Structure9_RF,mutation_group_out,P5-R6-VFN,0.5554349999999999,0,0.5027858652702017
0.71301,CP_Structure9_RF,mutation_group_out,P6-R7-MHQ,0.2532999999999999,0,0.5402110327183676
0.71301,CP_Structure9_RF,mutation_group_out,P6-R7-QFW,0.67784,0,0.46572826504557446
0.71301,CP_Structure9_RF,mutation_group_out,P6-R7-QRW,0.60431,0,0.38712770303448624
0.71301,CP_Structure9_RF,mutation_group_out,P6-R7-TRQ,0.657745,0,0.5111239057734527
0.71301,CP_Structure9_RF,mutation_group_out,P6-R7-WFD,0.70041,0,0.4193691171759003
0.71301,CP_Structure9_RF,mutation_group_out,P6-R7-WFQ,0.651535,0,0.48856168206901707
0.71301,CP_Structure9_RF,mutation_group_out,P7-R5-SYVIRR,0.79377,1,0.05217576798120512
0.71301,CP_Structure9_RF,mutation_group_out,P8-R6-GVE,0.658565,0,0.7458626305897016
0.71301,CP_Structure9_RF,mutation_group_out,PUF12-9,0.7256100000000001,1,0.0
0.7343525000000001,CP3_LR,LOCO,P4-R5-ETD,0.0,0,0.5698352699018652
0.7343525000000001,CP3_LR,LOCO,P4-R5-SHE,0.616825,0,0.7410735437453944
0.7343525000000001,CP3_LR,LOCO,P4-R5-SHE+P7-R5-SHE,0.7531399999999999,1,0.652975161889646
0.7343525000000001,CP3_LR,LOCO,P4-R5-SNE,0.7430950000000001,1,0.44333217961335425
0.7343525000000001,CP3_LR,LOCO,P4-R5-SNE+P7-R5-SNE,0.80335,1,0.6611291835519675
0.7343525000000001,CP3_LR,LOCO,P4-R5-SWD+P7-R5-SWD,0.518925,0,0.4682821259158242
0.7343525000000001,CP3_LR,LOCO,P4-R5-THE+P7-R5-THE,0.68814,0,0.39079917489344357
0.7343525000000001,CP3_LR,LOCO,P4-R5-YTH+P7-R5-YTH,0.0,0,0.6068119044664506
0.7343525000000001,CP3_LR,LOCO,P4-R5-YYE+P7-P5-YYE,0.0866649999999999,0,0.556159096220438
0.7343525000000001,CP3_LR,LOCO,P5-R6-AYE,0.55629,0,0.2518993515471347
0.7343525000000001,CP3_LR,LOCO,P5-R6-DFE,0.32484,0,0.5366523888664825
0.7343525000000001,CP3_LR,LOCO,P5-R6-FWD,0.37332,0,0.5010947240611363
0.7343525000000001,CP3_LR,LOCO,P5-R6-LRD,0.23336,0,0.1819746140691606
0.7343525000000001,CP3_LR,LOCO,P5-R6-NYE,0.57387,0,0.5479270241399923
0.7343525000000001,CP3_LR,LOCO,P5-R6-SFE,0.6291599999999999,0,0.4012802990835796
0.7343525000000001,CP3_LR,LOCO,P5-R6-SWD,0.666435,0,0.434362448592035
0.7343525000000001,CP3_LR,LOCO,P5-R6-SYQ,0.591215,0,0.45047599677985656
0.7343525000000001,CP3_LR,LOCO,P5-R6-THN,0.529215,0,0.48023152604243463
0.7343525000000001,CP3_LR,LOCO,P5-R6-TTE,0.348885,0,0.4571928120379477
0.7343525000000001,CP3_LR,LOCO,P5-R6-TWD,0.59784,0,0.18031625076618019
0.7343525000000001,CP3_LR,LOCO,P5-R6-TYE,0.44306,0,0.5225704127554561
0.7343525000000001,CP3_LR,LOCO,P5-R6-VFN,0.5554349999999999,0,0.3397154842032881
0.7343525000000001,CP3_LR,LOCO,P6-R7-MHQ,0.2532999999999999,0,0.7289571442475182
0.7343525000000001,CP3_LR,LOCO,P6-R7-QFW,0.67784,0,0.12124257003676057
0.7343525000000001,CP3_LR,LOCO,P6-R7-QRW,0.60431,0,0.3081954230168712
0.7343525000000001,CP3_LR,LOCO,P6-R7-TRQ,0.657745,0,0.5243769748022156
0.7343525000000001,CP3_LR,LOCO,P6-R7-WFD,0.70041,0,0.38117912781794133
0.7343525000000001,CP3_LR,LOCO,P6-R7-WFQ,0.651535,0,0.510698599828189
0.7343525000000001,CP3_LR,LOCO,P7-R5-SYVIRR,0.79377,1,0.5672501516949561
0.7343525000000001,CP3_LR,LOCO,P8-R6-GVE,0.658565,0,0.6355257406988141
0.7343525000000001,CP3_LR,LOCO,PUF12-9,0.7256100000000001,0,0.5011625920285797
0.7343525000000001,CP3_LR,mutation_group_out,P4-R5-ETD,0.0,0,0.6066495102534898
0.7343525000000001,CP3_LR,mutation_group_out,P4-R5-SHE,0.616825,0,0.7749362075991029
0.7343525000000001,CP3_LR,mutation_group_out,P4-R5-SHE+P7-R5-SHE,0.7531399999999999,1,0.49016434051004176
0.7343525000000001,CP3_LR,mutation_group_out,P4-R5-SNE,0.7430950000000001,1,0.45342006067364865
0.7343525000000001,CP3_LR,mutation_group_out,P4-R5-SNE+P7-R5-SNE,0.80335,1,0.47964124702437366
0.7343525000000001,CP3_LR,mutation_group_out,P4-R5-SWD+P7-R5-SWD,0.518925,0,0.49800307114679104
0.7343525000000001,CP3_LR,mutation_group_out,P4-R5-THE+P7-R5-THE,0.68814,0,0.4496171881479188
0.7343525000000001,CP3_LR,mutation_group_out,P4-R5-YTH+P7-R5-YTH,0.0,0,0.43969283430726347
0.7343525000000001,CP3_LR,mutation_group_out,P4-R5-YYE+P7-P5-YYE,0.0866649999999999,0,0.5560169048305896
0.7343525000000001,CP3_LR,mutation_group_out,P5-R6-AYE,0.55629,0,0.3162116122118808
0.7343525000000001,CP3_LR,mutation_group_out,P5-R6-DFE,0.32484,0,0.5043445584042122
0.7343525000000001,CP3_LR,mutation_group_out,P5-R6-FWD,0.37332,0,0.48100530331782654
0.7343525000000001,CP3_LR,mutation_group_out,P5-R6-LRD,0.23336,0,0.27187059015447945
0.7343525000000001,CP3_LR,mutation_group_out,P5-R6-NYE,0.57387,0,0.5085483195603835
0.7343525000000001,CP3_LR,mutation_group_out,P5-R6-SFE,0.6291599999999999,0,0.4124818189513572
0.7343525000000001,CP3_LR,mutation_group_out,P5-R6-SWD,0.666435,0,0.43909833799373693
0.7343525000000001,CP3_LR,mutation_group_out,P5-R6-SYQ,0.591215,0,0.44482358033147834
0.7343525000000001,CP3_LR,mutation_group_out,P5-R6-THN,0.529215,0,0.4697558931599032
0.7343525000000001,CP3_LR,mutation_group_out,P5-R6-TTE,0.348885,0,0.4558064447710171
0.7343525000000001,CP3_LR,mutation_group_out,P5-R6-TWD,0.59784,0,0.27584656974608135
0.7343525000000001,CP3_LR,mutation_group_out,P5-R6-TYE,0.44306,0,0.49227400440660746
0.7343525000000001,CP3_LR,mutation_group_out,P5-R6-VFN,0.5554349999999999,0,0.37694681652735706
0.7343525000000001,CP3_LR,mutation_group_out,P6-R7-MHQ,0.2532999999999999,0,0.6961813279529317
0.7343525000000001,CP3_LR,mutation_group_out,P6-R7-QFW,0.67784,0,0.13730023707445538
0.7343525000000001,CP3_LR,mutation_group_out,P6-R7-QRW,0.60431,0,0.29955998797416455
0.7343525000000001,CP3_LR,mutation_group_out,P6-R7-TRQ,0.657745,0,0.5122242252501555
0.7343525000000001,CP3_LR,mutation_group_out,P6-R7-WFD,0.70041,0,0.3715241477967105
0.7343525000000001,CP3_LR,mutation_group_out,P6-R7-WFQ,0.651535,0,0.5008110933251894
0.7343525000000001,CP3_LR,mutation_group_out,P7-R5-SYVIRR,0.79377,1,0.5672501516949561
0.7343525000000001,CP3_LR,mutation_group_out,P8-R6-GVE,0.658565,0,0.6355257406988141
0.7343525000000001,CP3_LR,mutation_group_out,PUF12-9,0.7256100000000001,0,0.5011625920285797
0.7343525000000001,CP_Structure9_LR,LOCO,P4-R5-ETD,0.0,0,0.5256210797251764
0.7343525000000001,CP_Structure9_LR,LOCO,P4-R5-SHE,0.616825,0,0.838176548264059
0.7343525000000001,CP_Structure9_LR,LOCO,P4-R5-SHE+P7-R5-SHE,0.7531399999999999,1,0.6603288800169632
0.7343525000000001,CP_Structure9_LR,LOCO,P4-R5-SNE,0.7430950000000001,1,0.4801952046261629
0.7343525000000001,CP_Structure9_LR,LOCO,P4-R5-SNE+P7-R5-SNE,0.80335,1,0.7341350423524065
0.7343525000000001,CP_Structure9_LR,LOCO,P4-R5-SWD+P7-R5-SWD,0.518925,0,0.3664408255644141
0.7343525000000001,CP_Structure9_LR,LOCO,P4-R5-THE+P7-R5-THE,0.68814,0,0.5042638238428255
0.7343525000000001,CP_Structure9_LR,LOCO,P4-R5-YTH+P7-R5-YTH,0.0,0,0.47356148162859457
0.7343525000000001,CP_Structure9_LR,LOCO,P4-R5-YYE+P7-P5-YYE,0.0866649999999999,0,0.5129169115341607
0.7343525000000001,CP_Structure9_LR,LOCO,P5-R6-AYE,0.55629,0,0.27140914800144755
0.7343525000000001,CP_Structure9_LR,LOCO,P5-R6-DFE,0.32484,0,0.5744013584852353
0.7343525000000001,CP_Structure9_LR,LOCO,P5-R6-FWD,0.37332,0,0.49156024172060037
0.7343525000000001,CP_Structure9_LR,LOCO,P5-R6-LRD,0.23336,0,0.13113560067191682
0.7343525000000001,CP_Structure9_LR,LOCO,P5-R6-NYE,0.57387,0,0.47996740590565234
0.7343525000000001,CP_Structure9_LR,LOCO,P5-R6-SFE,0.6291599999999999,0,0.412865574528591
0.7343525000000001,CP_Structure9_LR,LOCO,P5-R6-SWD,0.666435,0,0.549539081718165
0.7343525000000001,CP_Structure9_LR,LOCO,P5-R6-SYQ,0.591215,0,0.46563954885240383
0.7343525000000001,CP_Structure9_LR,LOCO,P5-R6-THN,0.529215,0,0.5514524806599533
0.7343525000000001,CP_Structure9_LR,LOCO,P5-R6-TTE,0.348885,0,0.4371786850922779
0.7343525000000001,CP_Structure9_LR,LOCO,P5-R6-TWD,0.59784,0,0.1551116501256394
0.7343525000000001,CP_Structure9_LR,LOCO,P5-R6-TYE,0.44306,0,0.5212478222349389
0.7343525000000001,CP_Structure9_LR,LOCO,P5-R6-VFN,0.5554349999999999,0,0.36373515233637005
0.7343525000000001,CP_Structure9_LR,LOCO,P6-R7-MHQ,0.2532999999999999,0,0.5950737853048598
0.7343525000000001,CP_Structure9_LR,LOCO,P6-R7-QFW,0.67784,0,0.12440878159239045
0.7343525000000001,CP_Structure9_LR,LOCO,P6-R7-QRW,0.60431,0,0.32991844392413266
0.7343525000000001,CP_Structure9_LR,LOCO,P6-R7-TRQ,0.657745,0,0.521383995880022
0.7343525000000001,CP_Structure9_LR,LOCO,P6-R7-WFD,0.70041,0,0.33710680690725636
0.7343525000000001,CP_Structure9_LR,LOCO,P6-R7-WFQ,0.651535,0,0.453325354611437
0.7343525000000001,CP_Structure9_LR,LOCO,P7-R5-SYVIRR,0.79377,1,0.31331456607851893
0.7343525000000001,CP_Structure9_LR,LOCO,P8-R6-GVE,0.658565,0,0.9926829336821895
0.7343525000000001,CP_Structure9_LR,LOCO,PUF12-9,0.7256100000000001,0,0.5034944244534061
0.7343525000000001,CP_Structure9_LR,mutation_group_out,P4-R5-ETD,0.0,0,0.5910898383667964
0.7343525000000001,CP_Structure9_LR,mutation_group_out,P4-R5-SHE,0.616825,0,0.8196580539712232
0.7343525000000001,CP_Structure9_LR,mutation_group_out,P4-R5-SHE+P7-R5-SHE,0.7531399999999999,1,0.444336682193555
0.7343525000000001,CP_Structure9_LR,mutation_group_out,P4-R5-SNE,0.7430950000000001,1,0.5048574107059106
0.7343525000000001,CP_Structure9_LR,mutation_group_out,P4-R5-SNE+P7-R5-SNE,0.80335,1,0.4799592805215747
0.7343525000000001,CP_Structure9_LR,mutation_group_out,P4-R5-SWD+P7-R5-SWD,0.518925,0,0.41037514009373033
0.7343525000000001,CP_Structure9_LR,mutation_group_out,P4-R5-THE+P7-R5-THE,0.68814,0,0.504357424098909
0.7343525000000001,CP_Structure9_LR,mutation_group_out,P4-R5-YTH+P7-R5-YTH,0.0,0,0.3304727566059673
0.7343525000000001,CP_Structure9_LR,mutation_group_out,P4-R5-YYE+P7-P5-YYE,0.0866649999999999,0,0.6223126700229035
0.7343525000000001,CP_Structure9_LR,mutation_group_out,P5-R6-AYE,0.55629,0,0.3806773583753922
0.7343525000000001,CP_Structure9_LR,mutation_group_out,P5-R6-DFE,0.32484,0,0.5636512575840608
0.7343525000000001,CP_Structure9_LR,mutation_group_out,P5-R6-FWD,0.37332,0,0.5084141373034234
0.7343525000000001,CP_Structure9_LR,mutation_group_out,P5-R6-LRD,0.23336,0,0.17731636689301294
0.7343525000000001,CP_Structure9_LR,mutation_group_out,P5-R6-NYE,0.57387,0,0.4905457603211958
0.7343525000000001,CP_Structure9_LR,mutation_group_out,P5-R6-SFE,0.6291599999999999,0,0.46952520913307333
0.7343525000000001,CP_Structure9_LR,mutation_group_out,P5-R6-SWD,0.666435,0,0.5547174923118547
0.7343525000000001,CP_Structure9_LR,mutation_group_out,P5-R6-SYQ,0.591215,0,0.5018725425411885
0.7343525000000001,CP_Structure9_LR,mutation_group_out,P5-R6-THN,0.529215,0,0.5566958568748741
0.7343525000000001,CP_Structure9_LR,mutation_group_out,P5-R6-TTE,0.348885,0,0.46851403501276273
0.7343525000000001,CP_Structure9_LR,mutation_group_out,P5-R6-TWD,0.59784,0,0.25854147870782923
0.7343525000000001,CP_Structure9_LR,mutation_group_out,P5-R6-TYE,0.44306,0,0.5252428189405044
0.7343525000000001,CP_Structure9_LR,mutation_group_out,P5-R6-VFN,0.5554349999999999,0,0.3356475570509582
0.7343525000000001,CP_Structure9_LR,mutation_group_out,P6-R7-MHQ,0.2532999999999999,0,0.591436875369699
0.7343525000000001,CP_Structure9_LR,mutation_group_out,P6-R7-QFW,0.67784,0,0.14627688393005217
0.7343525000000001,CP_Structure9_LR,mutation_group_out,P6-R7-QRW,0.60431,0,0.3240388160124889
0.7343525000000001,CP_Structure9_LR,mutation_group_out,P6-R7-TRQ,0.657745,0,0.5061516016205121
0.7343525000000001,CP_Structure9_LR,mutation_group_out,P6-R7-WFD,0.70041,0,0.34692917388790073
0.7343525000000001,CP_Structure9_LR,mutation_group_out,P6-R7-WFQ,0.651535,0,0.4772419513963151
0.7343525000000001,CP_Structure9_LR,mutation_group_out,P7-R5-SYVIRR,0.79377,1,0.31331456607851893
0.7343525000000001,CP_Structure9_LR,mutation_group_out,P8-R6-GVE,0.658565,0,0.9926829336821895
0.7343525000000001,CP_Structure9_LR,mutation_group_out,PUF12-9,0.7256100000000001,0,0.5034944244534061
0.7343525000000001,CP3_RF,LOCO,P4-R5-ETD,0.0,0,0.45329754078469436
0.7343525000000001,CP3_RF,LOCO,P4-R5-SHE,0.616825,0,0.7956752652610912
0.7343525000000001,CP3_RF,LOCO,P4-R5-SHE+P7-R5-SHE,0.7531399999999999,1,0.6407226157867711
0.7343525000000001,CP3_RF,LOCO,P4-R5-SNE,0.7430950000000001,1,0.0075000000000000015
0.7343525000000001,CP3_RF,LOCO,P4-R5-SNE+P7-R5-SNE,0.80335,1,0.5852928721220454
0.7343525000000001,CP3_RF,LOCO,P4-R5-SWD+P7-R5-SWD,0.518925,0,0.0
0.7343525000000001,CP3_RF,LOCO,P4-R5-THE+P7-R5-THE,0.68814,0,0.0
0.7343525000000001,CP3_RF,LOCO,P4-R5-YTH+P7-R5-YTH,0.0,0,0.5173550251758362
0.7343525000000001,CP3_RF,LOCO,P4-R5-YYE+P7-P5-YYE,0.0866649999999999,0,0.45818539529684954
0.7343525000000001,CP3_RF,LOCO,P5-R6-AYE,0.55629,0,0.0796740722019802
0.7343525000000001,CP3_RF,LOCO,P5-R6-DFE,0.32484,0,0.024875231557153755
0.7343525000000001,CP3_RF,LOCO,P5-R6-FWD,0.37332,0,0.0
0.7343525000000001,CP3_RF,LOCO,P5-R6-LRD,0.23336,0,0.08145561836789832
0.7343525000000001,CP3_RF,LOCO,P5-R6-NYE,0.57387,0,0.025984565626791127
0.7343525000000001,CP3_RF,LOCO,P5-R6-SFE,0.6291599999999999,0,0.0
0.7343525000000001,CP3_RF,LOCO,P5-R6-SWD,0.666435,0,0.0
0.7343525000000001,CP3_RF,LOCO,P5-R6-SYQ,0.591215,0,0.018416666666666668
0.7343525000000001,CP3_RF,LOCO,P5-R6-THN,0.529215,0,0.0
0.7343525000000001,CP3_RF,LOCO,P5-R6-TTE,0.348885,0,0.0
0.7343525000000001,CP3_RF,LOCO,P5-R6-TWD,0.59784,0,0.07702638950316969
0.7343525000000001,CP3_RF,LOCO,P5-R6-TYE,0.44306,0,0.06823085356243264
0.7343525000000001,CP3_RF,LOCO,P5-R6-VFN,0.5554349999999999,0,0.0
0.7343525000000001,CP3_RF,LOCO,P6-R7-MHQ,0.2532999999999999,0,0.7649268760437937
0.7343525000000001,CP3_RF,LOCO,P6-R7-QFW,0.67784,0,0.07549695393031355
0.7343525000000001,CP3_RF,LOCO,P6-R7-QRW,0.60431,0,0.039138218216348324
0.7343525000000001,CP3_RF,LOCO,P6-R7-TRQ,0.657745,0,0.49000012078883937
0.7343525000000001,CP3_RF,LOCO,P6-R7-WFD,0.70041,0,0.0
0.7343525000000001,CP3_RF,LOCO,P6-R7-WFQ,0.651535,0,0.42251902388988877
0.7343525000000001,CP3_RF,LOCO,P7-R5-SYVIRR,0.79377,1,0.4618851708328374
0.7343525000000001,CP3_RF,LOCO,P8-R6-GVE,0.658565,0,0.7825292069104866
0.7343525000000001,CP3_RF,LOCO,PUF12-9,0.7256100000000001,0,0.0
0.7343525000000001,CP3_RF,mutation_group_out,P4-R5-ETD,0.0,0,0.03491872880005464
0.7343525000000001,CP3_RF,mutation_group_out,P4-R5-SHE,0.616825,0,0.8660040591008634
0.7343525000000001,CP3_RF,mutation_group_out,P4-R5-SHE+P7-R5-SHE,0.7531399999999999,1,0.48672410594978716
0.7343525000000001,CP3_RF,mutation_group_out,P4-R5-SNE,0.7430950000000001,1,0.009174311926605505
0.7343525000000001,CP3_RF,mutation_group_out,P4-R5-SNE+P7-R5-SNE,0.80335,1,0.48672410594978716
0.7343525000000001,CP3_RF,mutation_group_out,P4-R5-SWD+P7-R5-SWD,0.518925,0,0.009583333333333333
0.7343525000000001,CP3_RF,mutation_group_out,P4-R5-THE+P7-R5-THE,0.68814,0,0.00696969696969697
0.7343525000000001,CP3_RF,mutation_group_out,P4-R5-YTH+P7-R5-YTH,0.0,0,0.5057594940776411
0.7343525000000001,CP3_RF,mutation_group_out,P4-R5-YYE+P7-P5-YYE,0.0866649999999999,0,0.534754373866961
0.7343525000000001,CP3_RF,mutation_group_out,P5-R6-AYE,0.55629,0,0.23332686050702783
0.7343525000000001,CP3_RF,mutation_group_out,P5-R6-DFE,0.32484,0,0.10205551165819492
0.7343525000000001,CP3_RF,mutation_group_out,P5-R6-FWD,0.37332,0,0.0718663996948894
0.7343525000000001,CP3_RF,mutation_group_out,P5-R6-LRD,0.23336,0,0.23332686050702783
0.7343525000000001,CP3_RF,mutation_group_out,P5-R6-NYE,0.57387,0,0.11234209702404856
0.7343525000000001,CP3_RF,mutation_group_out,P5-R6-SFE,0.6291599999999999,0,0.18667418707107267
0.7343525000000001,CP3_RF,mutation_group_out,P5-R6-SWD,0.666435,0,0.005384615384615384
0.7343525000000001,CP3_RF,mutation_group_out,P5-R6-SYQ,0.591215,0,0.10770607048665724
0.7343525000000001,CP3_RF,mutation_group_out,P5-R6-THN,0.529215,0,0.056982189168573616
0.7343525000000001,CP3_RF,mutation_group_out,P5-R6-TTE,0.348885,0,0.005384615384615384
0.7343525000000001,CP3_RF,mutation_group_out,P5-R6-TWD,0.59784,0,0.23332686050702783
0.7343525000000001,CP3_RF,mutation_group_out,P5-R6-TYE,0.44306,0,0.10359209702404858
0.7343525000000001,CP3_RF,mutation_group_out,P5-R6-VFN,0.5554349999999999,0,0.18667418707107267
0.7343525000000001,CP3_RF,mutation_group_out,P6-R7-MHQ,0.2532999999999999,0,0.7682217506060692
0.7343525000000001,CP3_RF,mutation_group_out,P6-R7-QFW,0.67784,0,0.042767952830271065
0.7343525000000001,CP3_RF,mutation_group_out,P6-R7-QRW,0.60431,0,0.007777777777777779
0.7343525000000001,CP3_RF,mutation_group_out,P6-R7-TRQ,0.657745,0,0.5230584804992368
0.7343525000000001,CP3_RF,mutation_group_out,P6-R7-WFD,0.70041,0,0.0
0.7343525000000001,CP3_RF,mutation_group_out,P6-R7-WFQ,0.651535,0,0.47736705115563344
0.7343525000000001,CP3_RF,mutation_group_out,P7-R5-SYVIRR,0.79377,1,0.4618851708328374
0.7343525000000001,CP3_RF,mutation_group_out,P8-R6-GVE,0.658565,0,0.7825292069104866
0.7343525000000001,CP3_RF,mutation_group_out,PUF12-9,0.7256100000000001,0,0.0
0.7343525000000001,CP_Structure9_RF,LOCO,P4-R5-ETD,0.0,0,0.2940717769231135
0.7343525000000001,CP_Structure9_RF,LOCO,P4-R5-SHE,0.616825,0,0.8299353339124564
0.7343525000000001,CP_Structure9_RF,LOCO,P4-R5-SHE+P7-R5-SHE,0.7531399999999999,1,0.3265164426609175
0.7343525000000001,CP_Structure9_RF,LOCO,P4-R5-SNE,0.7430950000000001,1,0.051470920383963864
0.7343525000000001,CP_Structure9_RF,LOCO,P4-R5-SNE+P7-R5-SNE,0.80335,1,0.623260260342292
0.7343525000000001,CP_Structure9_RF,LOCO,P4-R5-SWD+P7-R5-SWD,0.518925,0,0.00962962962962963
0.7343525000000001,CP_Structure9_RF,LOCO,P4-R5-THE+P7-R5-THE,0.68814,0,0.03590476190476191
0.7343525000000001,CP_Structure9_RF,LOCO,P4-R5-YTH+P7-R5-YTH,0.0,0,0.2817403810384903
0.7343525000000001,CP_Structure9_RF,LOCO,P4-R5-YYE+P7-P5-YYE,0.0866649999999999,0,0.3244198023744847
0.7343525000000001,CP_Structure9_RF,LOCO,P5-R6-AYE,0.55629,0,0.272308426829699
0.7343525000000001,CP_Structure9_RF,LOCO,P5-R6-DFE,0.32484,0,0.12791844897678792
0.7343525000000001,CP_Structure9_RF,LOCO,P5-R6-FWD,0.37332,0,0.04548130247815536
0.7343525000000001,CP_Structure9_RF,LOCO,P5-R6-LRD,0.23336,0,0.07678558217082918
0.7343525000000001,CP_Structure9_RF,LOCO,P5-R6-NYE,0.57387,0,0.01893987581402393
0.7343525000000001,CP_Structure9_RF,LOCO,P5-R6-SFE,0.6291599999999999,0,0.0
0.7343525000000001,CP_Structure9_RF,LOCO,P5-R6-SWD,0.666435,0,0.3242860735707864
0.7343525000000001,CP_Structure9_RF,LOCO,P5-R6-SYQ,0.591215,0,0.00896551724137931
0.7343525000000001,CP_Structure9_RF,LOCO,P5-R6-THN,0.529215,0,0.07007969269034507
0.7343525000000001,CP_Structure9_RF,LOCO,P5-R6-TTE,0.348885,0,0.00896551724137931
0.7343525000000001,CP_Structure9_RF,LOCO,P5-R6-TWD,0.59784,0,0.03315617386538005
0.7343525000000001,CP_Structure9_RF,LOCO,P5-R6-TYE,0.44306,0,0.19667367394468507
0.7343525000000001,CP_Structure9_RF,LOCO,P5-R6-VFN,0.5554349999999999,0,0.12784532390920483
0.7343525000000001,CP_Structure9_RF,LOCO,P6-R7-MHQ,0.2532999999999999,0,0.4419815494244898
0.7343525000000001,CP_Structure9_RF,LOCO,P6-R7-QFW,0.67784,0,0.14841008323227828
0.7343525000000001,CP_Structure9_RF,LOCO,P6-R7-QRW,0.60431,0,0.019381443298969073
0.7343525000000001,CP_Structure9_RF,LOCO,P6-R7-TRQ,0.657745,0,0.2547951688448347
0.7343525000000001,CP_Structure9_RF,LOCO,P6-R7-WFD,0.70041,0,0.01951219512195122
0.7343525000000001,CP_Structure9_RF,LOCO,P6-R7-WFQ,0.651535,0,0.22300027183303794
0.7343525000000001,CP_Structure9_RF,LOCO,P7-R5-SYVIRR,0.79377,1,0.043173981191222566
0.7343525000000001,CP_Structure9_RF,LOCO,P8-R6-GVE,0.658565,0,0.8401625348978519
0.7343525000000001,CP_Structure9_RF,LOCO,PUF12-9,0.7256100000000001,0,0.0
0.7343525000000001,CP_Structure9_RF,mutation_group_out,P4-R5-ETD,0.0,0,0.025744416873449128
0.7343525000000001,CP_Structure9_RF,mutation_group_out,P4-R5-SHE,0.616825,0,0.8012541948327275
0.7343525000000001,CP_Structure9_RF,mutation_group_out,P4-R5-SHE+P7-R5-SHE,0.7531399999999999,1,0.1354374486778825
0.7343525000000001,CP_Structure9_RF,mutation_group_out,P4-R5-SNE,0.7430950000000001,1,0.08871731452319026
0.7343525000000001,CP_Structure9_RF,mutation_group_out,P4-R5-SNE+P7-R5-SNE,0.80335,1,0.2273367680694631
0.7343525000000001,CP_Structure9_RF,mutation_group_out,P4-R5-SWD+P7-R5-SWD,0.518925,0,0.017037037037037038
0.7343525000000001,CP_Structure9_RF,mutation_group_out,P4-R5-THE+P7-R5-THE,0.68814,0,0.049612458286985545
0.7343525000000001,CP_Structure9_RF,mutation_group_out,P4-R5-YTH+P7-R5-YTH,0.0,0,0.17132232931448724
0.7343525000000001,CP_Structure9_RF,mutation_group_out,P4-R5-YYE+P7-P5-YYE,0.0866649999999999,0,0.15461292760508555
0.7343525000000001,CP_Structure9_RF,mutation_group_out,P5-R6-AYE,0.55629,0,0.3144869689101226
0.7343525000000001,CP_Structure9_RF,mutation_group_out,P5-R6-DFE,0.32484,0,0.4166278488883426
0.7343525000000001,CP_Structure9_RF,mutation_group_out,P5-R6-FWD,0.37332,0,0.251088843725936
0.7343525000000001,CP_Structure9_RF,mutation_group_out,P5-R6-LRD,0.23336,0,0.156904312050672
0.7343525000000001,CP_Structure9_RF,mutation_group_out,P5-R6-NYE,0.57387,0,0.19423113621605456
0.7343525000000001,CP_Structure9_RF,mutation_group_out,P5-R6-SFE,0.6291599999999999,0,0.1768663779491224
0.7343525000000001,CP_Structure9_RF,mutation_group_out,P5-R6-SWD,0.666435,0,0.4329406137806472
0.7343525000000001,CP_Structure9_RF,mutation_group_out,P5-R6-SYQ,0.591215,0,0.18412847921122363
0.7343525000000001,CP_Structure9_RF,mutation_group_out,P5-R6-THN,0.529215,0,0.25866460130169366
0.7343525000000001,CP_Structure9_RF,mutation_group_out,P5-R6-TTE,0.348885,0,0.16789693297967737
0.7343525000000001,CP_Structure9_RF,mutation_group_out,P5-R6-TWD,0.59784,0,0.17849894704748093
0.7343525000000001,CP_Structure9_RF,mutation_group_out,P5-R6-TYE,0.44306,0,0.24109667024846843
0.7343525000000001,CP_Structure9_RF,mutation_group_out,P5-R6-VFN,0.5554349999999999,0,0.10250860475860478
0.7343525000000001,CP_Structure9_RF,mutation_group_out,P6-R7-MHQ,0.2532999999999999,0,0.504508623907852
0.7343525000000001,CP_Structure9_RF,mutation_group_out,P6-R7-QFW,0.67784,0,0.20556834248468914
0.7343525000000001,CP_Structure9_RF,mutation_group_out,P6-R7-QRW,0.60431,0,0.12864414740700875
0.7343525000000001,CP_Structure9_RF,mutation_group_out,P6-R7-TRQ,0.657745,0,0.3269212263542192
0.7343525000000001,CP_Structure9_RF,mutation_group_out,P6-R7-WFD,0.70041,0,0.1192411623323819
0.7343525000000001,CP_Structure9_RF,mutation_group_out,P6-R7-WFQ,0.651535,0,0.3150673128976295
0.7343525000000001,CP_Structure9_RF,mutation_group_out,P7-R5-SYVIRR,0.79377,1,0.043173981191222566
0.7343525000000001,CP_Structure9_RF,mutation_group_out,P8-R6-GVE,0.658565,0,0.8401625348978519
0.7343525000000001,CP_Structure9_RF,mutation_group_out,PUF12-9,0.7256100000000001,0,0.0
0.7500000000000001,CP3_LR,LOCO,P4-R5-ETD,0.0,0,0.5931047651662128
0.7500000000000001,CP3_LR,LOCO,P4-R5-SHE,0.616825,0,0.7796274890044734
0.7500000000000001,CP3_LR,LOCO,P4-R5-SHE+P7-R5-SHE,0.7531399999999999,1,0.7216493078319889
0.7500000000000001,CP3_LR,LOCO,P4-R5-SNE,0.7430950000000001,0,0.44333217961335425
0.7500000000000001,CP3_LR,LOCO,P4-R5-SNE+P7-R5-SNE,0.80335,1,0.7519903546870054
0.7500000000000001,CP3_LR,LOCO,P4-R5-SWD+P7-R5-SWD,0.518925,0,0.44155815731132464
0.7500000000000001,CP3_LR,LOCO,P4-R5-THE+P7-R5-THE,0.68814,0,0.35927475845166007
0.7500000000000001,CP3_LR,LOCO,P4-R5-YTH+P7-R5-YTH,0.0,0,0.6529159414296489
0.7500000000000001,CP3_LR,LOCO,P4-R5-YYE+P7-P5-YYE,0.0866649999999999,0,0.5296376483737092
0.7500000000000001,CP3_LR,LOCO,P5-R6-AYE,0.55629,0,0.1835778334660933
0.7500000000000001,CP3_LR,LOCO,P5-R6-DFE,0.32484,0,0.567040457621352
0.7500000000000001,CP3_LR,LOCO,P5-R6-FWD,0.37332,0,0.5067815555262162
0.7500000000000001,CP3_LR,LOCO,P5-R6-LRD,0.23336,0,0.12373477674602566
0.7500000000000001,CP3_LR,LOCO,P5-R6-NYE,0.57387,0,0.5580825842065893
0.7500000000000001,CP3_LR,LOCO,P5-R6-SFE,0.6291599999999999,0,0.3496962584817843
0.7500000000000001,CP3_LR,LOCO,P5-R6-SWD,0.666435,0,0.4218119204825044
0.7500000000000001,CP3_LR,LOCO,P5-R6-SYQ,0.591215,0,0.41522424548951614
0.7500000000000001,CP3_LR,LOCO,P5-R6-THN,0.529215,0,0.49563297137947204
0.7500000000000001,CP3_LR,LOCO,P5-R6-TTE,0.348885,0,0.47389700129053247
0.7500000000000001,CP3_LR,LOCO,P5-R6-TWD,0.59784,0,0.13561172478044614
0.7500000000000001,CP3_LR,LOCO,P5-R6-TYE,0.44306,0,0.5186145308733676
0.7500000000000001,CP3_LR,LOCO,P5-R6-VFN,0.5554349999999999,0,0.29643957962488093
0.7500000000000001,CP3_LR,LOCO,P6-R7-MHQ,0.2532999999999999,0,0.8012689057696043
0.7500000000000001,CP3_LR,LOCO,P6-R7-QFW,0.67784,0,0.0768699210777644
0.7500000000000001,CP3_LR,LOCO,P6-R7-QRW,0.60431,0,0.25203076770336813
0.7500000000000001,CP3_LR,LOCO,P6-R7-TRQ,0.657745,0,0.47232926847260004
0.7500000000000001,CP3_LR,LOCO,P6-R7-WFD,0.70041,0,0.3692614720435793
0.7500000000000001,CP3_LR,LOCO,P6-R7-WFQ,0.651535,0,0.47136987608803077
0.7500000000000001,CP3_LR,LOCO,P7-R5-SYVIRR,0.79377,1,0.4741460288165344
0.7500000000000001,CP3_LR,LOCO,P8-R6-GVE,0.658565,0,0.5720726359819012
0.7500000000000001,CP3_LR,LOCO,PUF12-9,0.7256100000000001,0,0.491340134769396
0.7500000000000001,CP3_LR,mutation_group_out,P4-R5-ETD,0.0,0,0.6066495102534898
0.7500000000000001,CP3_LR,mutation_group_out,P4-R5-SHE,0.616825,0,0.7749362075991029
0.7500000000000001,CP3_LR,mutation_group_out,P4-R5-SHE+P7-R5-SHE,0.7531399999999999,1,0.5783834760520465
0.7500000000000001,CP3_LR,mutation_group_out,P4-R5-SNE,0.7430950000000001,0,0.45342006067364865
0.7500000000000001,CP3_LR,mutation_group_out,P4-R5-SNE+P7-R5-SNE,0.80335,1,0.5834803788502779
0.7500000000000001,CP3_LR,mutation_group_out,P4-R5-SWD+P7-R5-SWD,0.518925,0,0.4976615281501764
0.7500000000000001,CP3_LR,mutation_group_out,P4-R5-THE+P7-R5-THE,0.68814,0,0.4349740207517595
0.7500000000000001,CP3_LR,mutation_group_out,P4-R5-YTH+P7-R5-YTH,0.0,0,0.5074135304852664
0.7500000000000001,CP3_LR,mutation_group_out,P4-R5-YYE+P7-P5-YYE,0.0866649999999999,0,0.5650944665961428
0.7500000000000001,CP3_LR,mutation_group_out,P5-R6-AYE,0.55629,0,0.24401473122637546
0.7500000000000001,CP3_LR,mutation_group_out,P5-R6-DFE,0.32484,0,0.5250285484853238
0.7500000000000001,CP3_LR,mutation_group_out,P5-R6-FWD,0.37332,0,0.4815537656260675
0.7500000000000001,CP3_LR,mutation_group_out,P5-R6-LRD,0.23336,0,0.19849882210386208
0.7500000000000001,CP3_LR,mutation_group_out,P5-R6-NYE,0.57387,0,0.5160563942606977
0.7500000000000001,CP3_LR,mutation_group_out,P5-R6-SFE,0.6291599999999999,0,0.3649830393055186
0.7500000000000001,CP3_LR,mutation_group_out,P5-R6-SWD,0.666435,0,0.4218281290703298
0.7500000000000001,CP3_LR,mutation_group_out,P5-R6-SYQ,0.591215,0,0.4124669613562574
0.7500000000000001,CP3_LR,mutation_group_out,P5-R6-THN,0.529215,0,0.4757007478797289
0.7500000000000001,CP3_LR,mutation_group_out,P5-R6-TTE,0.348885,0,0.4604340070662334
0.7500000000000001,CP3_LR,mutation_group_out,P5-R6-TWD,0.59784,0,0.21340066443359032
0.7500000000000001,CP3_LR,mutation_group_out,P5-R6-TYE,0.44306,0,0.4874118500664363
0.7500000000000001,CP3_LR,mutation_group_out,P5-R6-VFN,0.5554349999999999,0,0.3309038557832538
0.7500000000000001,CP3_LR,mutation_group_out,P6-R7-MHQ,0.2532999999999999,0,0.7751671621310764
0.7500000000000001,CP3_LR,mutation_group_out,P6-R7-QFW,0.67784,0,0.08874216699349097
0.7500000000000001,CP3_LR,mutation_group_out,P6-R7-QRW,0.60431,0,0.24176551468089685
0.7500000000000001,CP3_LR,mutation_group_out,P6-R7-TRQ,0.657745,0,0.4579695559377692
0.7500000000000001,CP3_LR,mutation_group_out,P6-R7-WFD,0.70041,0,0.3571464690567473
0.7500000000000001,CP3_LR,mutation_group_out,P6-R7-WFQ,0.651535,0,0.4587007814021614
0.7500000000000001,CP3_LR,mutation_group_out,P7-R5-SYVIRR,0.79377,1,0.4741460288165344
0.7500000000000001,CP3_LR,mutation_group_out,P8-R6-GVE,0.658565,0,0.5720726359819012
0.7500000000000001,CP3_LR,mutation_group_out,PUF12-9,0.7256100000000001,0,0.491340134769396
0.7500000000000001,CP_Structure9_LR,LOCO,P4-R5-ETD,0.0,0,0.5809611333693563
0.7500000000000001,CP_Structure9_LR,LOCO,P4-R5-SHE,0.616825,0,0.8192101041696491
0.7500000000000001,CP_Structure9_LR,LOCO,P4-R5-SHE+P7-R5-SHE,0.7531399999999999,1,0.6918342990144466
0.7500000000000001,CP_Structure9_LR,LOCO,P4-R5-SNE,0.7430950000000001,0,0.4801952046261629
0.7500000000000001,CP_Structure9_LR,LOCO,P4-R5-SNE+P7-R5-SNE,0.80335,1,0.7252946453928024
0.7500000000000001,CP_Structure9_LR,LOCO,P4-R5-SWD+P7-R5-SWD,0.518925,0,0.39580083797046717
0.7500000000000001,CP_Structure9_LR,LOCO,P4-R5-THE+P7-R5-THE,0.68814,0,0.40430293612538715
0.7500000000000001,CP_Structure9_LR,LOCO,P4-R5-YTH+P7-R5-YTH,0.0,0,0.7045718630041635
0.7500000000000001,CP_Structure9_LR,LOCO,P4-R5-YYE+P7-P5-YYE,0.0866649999999999,0,0.5402122341496457
0.7500000000000001,CP_Structure9_LR,LOCO,P5-R6-AYE,0.55629,0,0.197386395042416
0.7500000000000001,CP_Structure9_LR,LOCO,P5-R6-DFE,0.32484,0,0.5834155367705984
0.7500000000000001,CP_Structure9_LR,LOCO,P5-R6-FWD,0.37332,0,0.5247143269304708
0.7500000000000001,CP_Structure9_LR,LOCO,P5-R6-LRD,0.23336,0,0.1140640996557324
0.7500000000000001,CP_Structure9_LR,LOCO,P5-R6-NYE,0.57387,0,0.5368326111941675
0.7500000000000001,CP_Structure9_LR,LOCO,P5-R6-SFE,0.6291599999999999,0,0.3716743001199407
0.7500000000000001,CP_Structure9_LR,LOCO,P5-R6-SWD,0.666435,0,0.47823963124000096
0.7500000000000001,CP_Structure9_LR,LOCO,P5-R6-SYQ,0.591215,0,0.42771083879764266
0.7500000000000001,CP_Structure9_LR,LOCO,P5-R6-THN,0.529215,0,0.5169256478950085
0.7500000000000001,CP_Structure9_LR,LOCO,P5-R6-TTE,0.348885,0,0.43811185787521495
0.7500000000000001,CP_Structure9_LR,LOCO,P5-R6-TWD,0.59784,0,0.12661372093523207
0.7500000000000001,CP_Structure9_LR,LOCO,P5-R6-TYE,0.44306,0,0.5087662645280653
0.7500000000000001,CP_Structure9_LR,LOCO,P5-R6-VFN,0.5554349999999999,0,0.3026870514317968
0.7500000000000001,CP_Structure9_LR,LOCO,P6-R7-MHQ,0.2532999999999999,0,0.7879132908837783
0.7500000000000001,CP_Structure9_LR,LOCO,P6-R7-QFW,0.67784,0,0.08203528957098483
0.7500000000000001,CP_Structure9_LR,LOCO,P6-R7-QRW,0.60431,0,0.2580163639137055
0.7500000000000001,CP_Structure9_LR,LOCO,P6-R7-TRQ,0.657745,0,0.48804915838836116
0.7500000000000001,CP_Structure9_LR,LOCO,P6-R7-WFD,0.70041,0,0.3505136903616896
0.7500000000000001,CP_Structure9_LR,LOCO,P6-R7-WFQ,0.651535,0,0.43509915080200356
0.7500000000000001,CP_Structure9_LR,LOCO,P7-R5-SYVIRR,0.79377,1,0.30412461782746086
0.7500000000000001,CP_Structure9_LR,LOCO,P8-R6-GVE,0.658565,0,0.9768397896626795
0.7500000000000001,CP_Structure9_LR,LOCO,PUF12-9,0.7256100000000001,0,0.49384746962110865
0.7500000000000001,CP_Structure9_LR,mutation_group_out,P4-R5-ETD,0.0,0,0.5910898383667964
0.7500000000000001,CP_Structure9_LR,mutation_group_out,P4-R5-SHE,0.616825,0,0.8196580539712232
0.7500000000000001,CP_Structure9_LR,mutation_group_out,P4-R5-SHE+P7-R5-SHE,0.7531399999999999,1,0.34685402115606057
0.7500000000000001,CP_Structure9_LR,mutation_group_out,P4-R5-SNE,0.7430950000000001,0,0.5048574107059106
0.7500000000000001,CP_Structure9_LR,mutation_group_out,P4-R5-SNE+P7-R5-SNE,0.80335,1,0.29536975265345033
0.7500000000000001,CP_Structure9_LR,mutation_group_out,P4-R5-SWD+P7-R5-SWD,0.518925,0,0.5070684040424845
0.7500000000000001,CP_Structure9_LR,mutation_group_out,P4-R5-THE+P7-R5-THE,0.68814,0,0.3012594032401577
0.7500000000000001,CP_Structure9_LR,mutation_group_out,P4-R5-YTH+P7-R5-YTH,0.0,0,0.6815129774465509
0.7500000000000001,CP_Structure9_LR,mutation_group_out,P4-R5-YYE+P7-P5-YYE,0.0866649999999999,0,0.6811367777862488
0.7500000000000001,CP_Structure9_LR,mutation_group_out,P5-R6-AYE,0.55629,0,0.29910928274241577
0.7500000000000001,CP_Structure9_LR,mutation_group_out,P5-R6-DFE,0.32484,0,0.5629430670878716
0.7500000000000001,CP_Structure9_LR,mutation_group_out,P5-R6-FWD,0.37332,0,0.5259825205611921
0.7500000000000001,CP_Structure9_LR,mutation_group_out,P5-R6-LRD,0.23336,0,0.15478349470599756
0.7500000000000001,CP_Structure9_LR,mutation_group_out,P5-R6-NYE,0.57387,0,0.5239074149512845
0.7500000000000001,CP_Structure9_LR,mutation_group_out,P5-R6-SFE,0.6291599999999999,0,0.4246976529187389
0.7500000000000001,CP_Structure9_LR,mutation_group_out,P5-R6-SWD,0.666435,0,0.49171353058401435
0.7500000000000001,CP_Structure9_LR,mutation_group_out,P5-R6-SYQ,0.591215,0,0.46334169673316195
0.7500000000000001,CP_Structure9_LR,mutation_group_out,P5-R6-THN,0.529215,0,0.5251112761559189
0.7500000000000001,CP_Structure9_LR,mutation_group_out,P5-R6-TTE,0.348885,0,0.4579575047980044
0.7500000000000001,CP_Structure9_LR,mutation_group_out,P5-R6-TWD,0.59784,0,0.21480005291007187
0.7500000000000001,CP_Structure9_LR,mutation_group_out,P5-R6-TYE,0.44306,0,0.5070920699574998
0.7500000000000001,CP_Structure9_LR,mutation_group_out,P5-R6-VFN,0.5554349999999999,0,0.2858243599940794
0.7500000000000001,CP_Structure9_LR,mutation_group_out,P6-R7-MHQ,0.2532999999999999,0,0.7752415619046557
0.7500000000000001,CP_Structure9_LR,mutation_group_out,P6-R7-QFW,0.67784,0,0.09622324930593443
0.7500000000000001,CP_Structure9_LR,mutation_group_out,P6-R7-QRW,0.60431,0,0.25127520233841344
0.7500000000000001,CP_Structure9_LR,mutation_group_out,P6-R7-TRQ,0.657745,0,0.4730815512765916
0.7500000000000001,CP_Structure9_LR,mutation_group_out,P6-R7-WFD,0.70041,0,0.35751550377921376
0.7500000000000001,CP_Structure9_LR,mutation_group_out,P6-R7-WFQ,0.651535,0,0.45921157980929006
0.7500000000000001,CP_Structure9_LR,mutation_group_out,P7-R5-SYVIRR,0.79377,1,0.30412461782746086
0.7500000000000001,CP_Structure9_LR,mutation_group_out,P8-R6-GVE,0.658565,0,0.9768397896626795
0.7500000000000001,CP_Structure9_LR,mutation_group_out,PUF12-9,0.7256100000000001,0,0.49384746962110865
0.7500000000000001,CP3_RF,LOCO,P4-R5-ETD,0.0,0,0.026447368421052633
0.7500000000000001,CP3_RF,LOCO,P4-R5-SHE,0.616825,0,0.8592011929439063
0.7500000000000001,CP3_RF,LOCO,P4-R5-SHE+P7-R5-SHE,0.7531399999999999,1,0.8197335011764147
0.7500000000000001,CP3_RF,LOCO,P4-R5-SNE,0.7430950000000001,0,0.0075000000000000015
0.7500000000000001,CP3_RF,LOCO,P4-R5-SNE+P7-R5-SNE,0.80335,1,0.7504946454768144
0.7500000000000001,CP3_RF,LOCO,P4-R5-SWD+P7-R5-SWD,0.518925,0,0.0
0.7500000000000001,CP3_RF,LOCO,P4-R5-THE+P7-R5-THE,0.68814,0,0.0
0.7500000000000001,CP3_RF,LOCO,P4-R5-YTH+P7-R5-YTH,0.0,0,0.17752671677172582
0.7500000000000001,CP3_RF,LOCO,P4-R5-YYE+P7-P5-YYE,0.0866649999999999,0,0.007826086956521738
0.7500000000000001,CP3_RF,LOCO,P5-R6-AYE,0.55629,0,0.0
0.7500000000000001,CP3_RF,LOCO,P5-R6-DFE,0.32484,0,0.03078671328671329
0.7500000000000001,CP3_RF,LOCO,P5-R6-FWD,0.37332,0,0.008181818181818182
0.7500000000000001,CP3_RF,LOCO,P5-R6-LRD,0.23336,0,0.0
0.7500000000000001,CP3_RF,LOCO,P5-R6-NYE,0.57387,0,0.030681818181818185
0.7500000000000001,CP3_RF,LOCO,P5-R6-SFE,0.6291599999999999,0,0.0
0.7500000000000001,CP3_RF,LOCO,P5-R6-SWD,0.666435,0,0.0
0.7500000000000001,CP3_RF,LOCO,P5-R6-SYQ,0.591215,0,0.0
0.7500000000000001,CP3_RF,LOCO,P5-R6-THN,0.529215,0,0.02328671328671329
0.7500000000000001,CP3_RF,LOCO,P5-R6-TTE,0.348885,0,0.023863636363636368
0.7500000000000001,CP3_RF,LOCO,P5-R6-TWD,0.59784,0,0.0
0.7500000000000001,CP3_RF,LOCO,P5-R6-TYE,0.44306,0,0.0
0.7500000000000001,CP3_RF,LOCO,P5-R6-VFN,0.5554349999999999,0,0.0
0.7500000000000001,CP3_RF,LOCO,P6-R7-MHQ,0.2532999999999999,0,0.8377600654059176
0.7500000000000001,CP3_RF,LOCO,P6-R7-QFW,0.67784,0,0.0
0.7500000000000001,CP3_RF,LOCO,P6-R7-QRW,0.60431,0,0.0
0.7500000000000001,CP3_RF,LOCO,P6-R7-TRQ,0.657745,0,0.0
0.7500000000000001,CP3_RF,LOCO,P6-R7-WFD,0.70041,0,0.0
0.7500000000000001,CP3_RF,LOCO,P6-R7-WFQ,0.651535,0,0.0
0.7500000000000001,CP3_RF,LOCO,P7-R5-SYVIRR,0.79377,1,0.03553030303030303
0.7500000000000001,CP3_RF,LOCO,P8-R6-GVE,0.658565,0,0.6475677035974577
0.7500000000000001,CP3_RF,LOCO,PUF12-9,0.7256100000000001,0,0.009642857142857142
0.7500000000000001,CP3_RF,mutation_group_out,P4-R5-ETD,0.0,0,0.03491872880005464
0.7500000000000001,CP3_RF,mutation_group_out,P4-R5-SHE,0.616825,0,0.8660040591008634
0.7500000000000001,CP3_RF,mutation_group_out,P4-R5-SHE+P7-R5-SHE,0.7531399999999999,1,0.5657360165332124
0.7500000000000001,CP3_RF,mutation_group_out,P4-R5-SNE,0.7430950000000001,0,0.009174311926605505
0.7500000000000001,CP3_RF,mutation_group_out,P4-R5-SNE+P7-R5-SNE,0.80335,1,0.5657360165332124
0.7500000000000001,CP3_RF,mutation_group_out,P4-R5-SWD+P7-R5-SWD,0.518925,0,0.0
0.7500000000000001,CP3_RF,mutation_group_out,P4-R5-THE+P7-R5-THE,0.68814,0,0.0
0.7500000000000001,CP3_RF,mutation_group_out,P4-R5-YTH+P7-R5-YTH,0.0,0,0.5657360165332124
0.7500000000000001,CP3_RF,mutation_group_out,P4-R5-YYE+P7-P5-YYE,0.0866649999999999,0,0.5118571215670962
0.7500000000000001,CP3_RF,mutation_group_out,P5-R6-AYE,0.55629,0,0.007894736842105263
0.7500000000000001,CP3_RF,mutation_group_out,P5-R6-DFE,0.32484,0,0.10065453015336917
0.7500000000000001,CP3_RF,mutation_group_out,P5-R6-FWD,0.37332,0,0.08726167301051202
0.7500000000000001,CP3_RF,mutation_group_out,P5-R6-LRD,0.23336,0,0.007894736842105263
0.7500000000000001,CP3_RF,mutation_group_out,P5-R6-NYE,0.57387,0,0.11599543924427826
0.7500000000000001,CP3_RF,mutation_group_out,P5-R6-SFE,0.6291599999999999,0,0.007894736842105263
0.7500000000000001,CP3_RF,mutation_group_out,P5-R6-SWD,0.666435,0,0.0
0.7500000000000001,CP3_RF,mutation_group_out,P5-R6-SYQ,0.591215,0,0.007894736842105263
0.7500000000000001,CP3_RF,mutation_group_out,P5-R6-THN,0.529215,0,0.08726167301051202
0.7500000000000001,CP3_RF,mutation_group_out,P5-R6-TTE,0.348885,0,0.0
0.7500000000000001,CP3_RF,mutation_group_out,P5-R6-TWD,0.59784,0,0.007894736842105263
0.7500000000000001,CP3_RF,mutation_group_out,P5-R6-TYE,0.44306,0,0.08726167301051202
0.7500000000000001,CP3_RF,mutation_group_out,P5-R6-VFN,0.5554349999999999,0,0.007894736842105263
0.7500000000000001,CP3_RF,mutation_group_out,P6-R7-MHQ,0.2532999999999999,0,0.8335912555016073
0.7500000000000001,CP3_RF,mutation_group_out,P6-R7-QFW,0.67784,0,0.014327731092436973
0.7500000000000001,CP3_RF,mutation_group_out,P6-R7-QRW,0.60431,0,0.014327731092436973
0.7500000000000001,CP3_RF,mutation_group_out,P6-R7-TRQ,0.657745,0,0.014327731092436973
0.7500000000000001,CP3_RF,mutation_group_out,P6-R7-WFD,0.70041,0,0.0
0.7500000000000001,CP3_RF,mutation_group_out,P6-R7-WFQ,0.651535,0,0.0
0.7500000000000001,CP3_RF,mutation_group_out,P7-R5-SYVIRR,0.79377,1,0.03553030303030303
0.7500000000000001,CP3_RF,mutation_group_out,P8-R6-GVE,0.658565,0,0.6475677035974577
0.7500000000000001,CP3_RF,mutation_group_out,PUF12-9,0.7256100000000001,0,0.009642857142857142
0.7500000000000001,CP_Structure9_RF,LOCO,P4-R5-ETD,0.0,0,0.008181818181818182
0.7500000000000001,CP_Structure9_RF,LOCO,P4-R5-SHE,0.616825,0,0.8372166408182811
0.7500000000000001,CP_Structure9_RF,LOCO,P4-R5-SHE+P7-R5-SHE,0.7531399999999999,1,0.5426952324312424
0.7500000000000001,CP_Structure9_RF,LOCO,P4-R5-SNE,0.7430950000000001,0,0.051470920383963864
0.7500000000000001,CP_Structure9_RF,LOCO,P4-R5-SNE+P7-R5-SNE,0.80335,1,0.6101657457188753
0.7500000000000001,CP_Structure9_RF,LOCO,P4-R5-SWD+P7-R5-SWD,0.518925,0,0.0
0.7500000000000001,CP_Structure9_RF,LOCO,P4-R5-THE+P7-R5-THE,0.68814,0,0.01749216300940439
0.7500000000000001,CP_Structure9_RF,LOCO,P4-R5-YTH+P7-R5-YTH,0.0,0,0.1667704702958787
0.7500000000000001,CP_Structure9_RF,LOCO,P4-R5-YYE+P7-P5-YYE,0.0866649999999999,0,0.04406359158083296
0.7500000000000001,CP_Structure9_RF,LOCO,P5-R6-AYE,0.55629,0,0.08893337968746318
0.7500000000000001,CP_Structure9_RF,LOCO,P5-R6-DFE,0.32484,0,0.024545454545454547
0.7500000000000001,CP_Structure9_RF,LOCO,P5-R6-FWD,0.37332,0,0.04885579937304076
0.7500000000000001,CP_Structure9_RF,LOCO,P5-R6-LRD,0.23336,0,0.052635020152261534
0.7500000000000001,CP_Structure9_RF,LOCO,P5-R6-NYE,0.57387,0,0.015681818181818182
0.7500000000000001,CP_Structure9_RF,LOCO,P5-R6-SFE,0.6291599999999999,0,0.016810344827586206
0.7500000000000001,CP_Structure9_RF,LOCO,P5-R6-SWD,0.666435,0,0.0845967190704033
0.7500000000000001,CP_Structure9_RF,LOCO,P5-R6-SYQ,0.591215,0,0.0
0.7500000000000001,CP_Structure9_RF,LOCO,P5-R6-THN,0.529215,0,0.041045454545454545
0.7500000000000001,CP_Structure9_RF,LOCO,P5-R6-TTE,0.348885,0,0.05199216300940439
0.7500000000000001,CP_Structure9_RF,LOCO,P5-R6-TWD,0.59784,0,0.024494505494505495
0.7500000000000001,CP_Structure9_RF,LOCO,P5-R6-TYE,0.44306,0,0.0
0.7500000000000001,CP_Structure9_RF,LOCO,P5-R6-VFN,0.5554349999999999,0,0.009000000000000001
0.7500000000000001,CP_Structure9_RF,LOCO,P6-R7-MHQ,0.2532999999999999,0,0.7218010431687846
0.7500000000000001,CP_Structure9_RF,LOCO,P6-R7-QFW,0.67784,0,0.0165
0.7500000000000001,CP_Structure9_RF,LOCO,P6-R7-QRW,0.60431,0,0.0
0.7500000000000001,CP_Structure9_RF,LOCO,P6-R7-TRQ,0.657745,0,0.018310344827586207
0.7500000000000001,CP_Structure9_RF,LOCO,P6-R7-WFD,0.70041,0,0.0
0.7500000000000001,CP_Structure9_RF,LOCO,P6-R7-WFQ,0.651535,0,0.008181818181818182
0.7500000000000001,CP_Structure9_RF,LOCO,P7-R5-SYVIRR,0.79377,1,0.008749999999999999
0.7500000000000001,CP_Structure9_RF,LOCO,P8-R6-GVE,0.658565,0,0.6965415223438041
0.7500000000000001,CP_Structure9_RF,LOCO,PUF12-9,0.7256100000000001,0,0.009642857142857142
0.7500000000000001,CP_Structure9_RF,mutation_group_out,P4-R5-ETD,0.0,0,0.025744416873449128
0.7500000000000001,CP_Structure9_RF,mutation_group_out,P4-R5-SHE,0.616825,0,0.8012541948327275
0.7500000000000001,CP_Structure9_RF,mutation_group_out,P4-R5-SHE+P7-R5-SHE,0.7531399999999999,1,0.018830769230769227
0.7500000000000001,CP_Structure9_RF,mutation_group_out,P4-R5-SNE,0.7430950000000001,0,0.08871731452319026
0.7500000000000001,CP_Structure9_RF,mutation_group_out,P4-R5-SNE+P7-R5-SNE,0.80335,1,0.018830769230769227
0.7500000000000001,CP_Structure9_RF,mutation_group_out,P4-R5-SWD+P7-R5-SWD,0.518925,0,0.0650119658119658
0.7500000000000001,CP_Structure9_RF,mutation_group_out,P4-R5-THE+P7-R5-THE,0.68814,0,0.0
0.7500000000000001,CP_Structure9_RF,mutation_group_out,P4-R5-YTH+P7-R5-YTH,0.0,0,0.22302561229620058
0.7500000000000001,CP_Structure9_RF,mutation_group_out,P4-R5-YYE+P7-P5-YYE,0.0866649999999999,0,0.13996581196581198
0.7500000000000001,CP_Structure9_RF,mutation_group_out,P5-R6-AYE,0.55629,0,0.19211889314862465
0.7500000000000001,CP_Structure9_RF,mutation_group_out,P5-R6-DFE,0.32484,0,0.19679690798724317
0.7500000000000001,CP_Structure9_RF,mutation_group_out,P5-R6-FWD,0.37332,0,0.22794409413442923
0.7500000000000001,CP_Structure9_RF,mutation_group_out,P5-R6-LRD,0.23336,0,0.025608766233766237
0.7500000000000001,CP_Structure9_RF,mutation_group_out,P5-R6-NYE,0.57387,0,0.1981821893725245
0.7500000000000001,CP_Structure9_RF,mutation_group_out,P5-R6-SFE,0.6291599999999999,0,0.16012686556836175
0.7500000000000001,CP_Structure9_RF,mutation_group_out,P5-R6-SWD,0.666435,0,0.19406694509667655
0.7500000000000001,CP_Structure9_RF,mutation_group_out,P5-R6-SYQ,0.591215,0,0.15298400842550464
0.7500000000000001,CP_Structure9_RF,mutation_group_out,P5-R6-THN,0.529215,0,0.21865837984871497
0.7500000000000001,CP_Structure9_RF,mutation_group_out,P5-R6-TTE,0.348885,0,0.14807329413979034
0.7500000000000001,CP_Structure9_RF,mutation_group_out,P5-R6-TWD,0.59784,0,0.02456709956709957
0.7500000000000001,CP_Structure9_RF,mutation_group_out,P5-R6-TYE,0.44306,0,0.21941595560629076
0.7500000000000001,CP_Structure9_RF,mutation_group_out,P5-R6-VFN,0.5554349999999999,0,0.04017655138978668
0.7500000000000001,CP_Structure9_RF,mutation_group_out,P6-R7-MHQ,0.2532999999999999,0,0.7551085697186558
0.7500000000000001,CP_Structure9_RF,mutation_group_out,P6-R7-QFW,0.67784,0,0.06713837239579312
0.7500000000000001,CP_Structure9_RF,mutation_group_out,P6-R7-QRW,0.60431,0,0.04262408668150742
0.7500000000000001,CP_Structure9_RF,mutation_group_out,P6-R7-TRQ,0.657745,0,0.060224086681507416
0.7500000000000001,CP_Structure9_RF,mutation_group_out,P6-R7-WFD,0.70041,0,0.04262408668150742
0.7500000000000001,CP_Structure9_RF,mutation_group_out,P6-R7-WFQ,0.651535,0,0.07423514658934152
0.7500000000000001,CP_Structure9_RF,mutation_group_out,P7-R5-SYVIRR,0.79377,1,0.008749999999999999
0.7500000000000001,CP_Structure9_RF,mutation_group_out,P8-R6-GVE,0.658565,0,0.6965415223438041
0.7500000000000001,CP_Structure9_RF,mutation_group_out,PUF12-9,0.7256100000000001,0,0.009642857142857142
0.773455,CP3_LR,LOCO,P4-R5-ETD,0.0,0,0.5742340687641533
0.773455,CP3_LR,LOCO,P4-R5-SHE,0.616825,0,0.7500639685978413
0.773455,CP3_LR,LOCO,P4-R5-SHE+P7-R5-SHE,0.7531399999999999,0,0.7216493078319889
0.773455,CP3_LR,LOCO,P4-R5-SNE,0.7430950000000001,0,0.48382804123844936
0.773455,CP3_LR,LOCO,P4-R5-SNE+P7-R5-SNE,0.80335,1,0.5465030066278753
0.773455,CP3_LR,LOCO,P4-R5-SWD+P7-R5-SWD,0.518925,0,0.45456965302301405
0.773455,CP3_LR,LOCO,P4-R5-THE+P7-R5-THE,0.68814,0,0.37561458255825864
0.773455,CP3_LR,LOCO,P4-R5-YTH+P7-R5-YTH,0.0,0,0.6195090424223778
0.773455,CP3_LR,LOCO,P4-R5-YYE+P7-P5-YYE,0.0866649999999999,0,0.5416947327161817
0.773455,CP3_LR,LOCO,P5-R6-AYE,0.55629,0,0.22178616490125314
0.773455,CP3_LR,LOCO,P5-R6-DFE,0.32484,0,0.5438706629658993
0.773455,CP3_LR,LOCO,P5-R6-FWD,0.37332,0,0.4993950620294238
0.773455,CP3_LR,LOCO,P5-R6-LRD,0.23336,0,0.15593510713327596
0.773455,CP3_LR,LOCO,P5-R6-NYE,0.57387,0,0.5476025294095769
0.773455,CP3_LR,LOCO,P5-R6-SFE,0.6291599999999999,0,0.3781644795780628
0.773455,CP3_LR,LOCO,P5-R6-SWD,0.666435,0,0.4262186792896949
0.773455,CP3_LR,LOCO,P5-R6-SYQ,0.591215,0,0.43357318258262545
0.773455,CP3_LR,LOCO,P5-R6-THN,0.529215,0,0.4822684316974792
0.773455,CP3_LR,LOCO,P5-R6-TTE,0.348885,0,0.45963782160523975
0.773455,CP3_LR,LOCO,P5-R6-TWD,0.59784,0,0.16051364986777655
0.773455,CP3_LR,LOCO,P5-R6-TYE,0.44306,0,0.5170861565571709
0.773455,CP3_LR,LOCO,P5-R6-VFN,0.5554349999999999,0,0.3201564723160144
0.773455,CP3_LR,LOCO,P6-R7-MHQ,0.2532999999999999,0,0.7517225557792433
0.773455,CP3_LR,LOCO,P6-R7-QFW,0.67784,0,0.1011686747978876
0.773455,CP3_LR,LOCO,P6-R7-QRW,0.60431,0,0.2833647728022344
0.773455,CP3_LR,LOCO,P6-R7-TRQ,0.657745,0,0.5004008254102736
0.773455,CP3_LR,LOCO,P6-R7-WFD,0.70041,0,0.3735346227138183
0.773455,CP3_LR,LOCO,P6-R7-WFQ,0.651535,0,0.49164598714543095
0.773455,CP3_LR,LOCO,P7-R5-SYVIRR,0.79377,1,0.4628161593087135
0.773455,CP3_LR,LOCO,P8-R6-GVE,0.658565,0,0.6058555049421604
0.773455,CP3_LR,LOCO,PUF12-9,0.7256100000000001,0,0.49365315076922656
0.773455,CP3_LR,mutation_group_out,P4-R5-ETD,0.0,0,0.5866532459188114
0.773455,CP3_LR,mutation_group_out,P4-R5-SHE,0.616825,0,0.744996307252959
0.773455,CP3_LR,mutation_group_out,P4-R5-SHE+P7-R5-SHE,0.7531399999999999,0,0.5783834760520465
0.773455,CP3_LR,mutation_group_out,P4-R5-SNE,0.7430950000000001,0,0.49004228661315147
0.773455,CP3_LR,mutation_group_out,P4-R5-SNE+P7-R5-SNE,0.80335,1,0.5834803788502779
0.773455,CP3_LR,mutation_group_out,P4-R5-SWD+P7-R5-SWD,0.518925,0,0.4976615281501764
0.773455,CP3_LR,mutation_group_out,P4-R5-THE+P7-R5-THE,0.68814,0,0.4349740207517595
0.773455,CP3_LR,mutation_group_out,P4-R5-YTH+P7-R5-YTH,0.0,0,0.5074135304852664
0.773455,CP3_LR,mutation_group_out,P4-R5-YYE+P7-P5-YYE,0.0866649999999999,0,0.5650944665961428
0.773455,CP3_LR,mutation_group_out,P5-R6-AYE,0.55629,0,0.2878816645928944
0.773455,CP3_LR,mutation_group_out,P5-R6-DFE,0.32484,0,0.5093452487247905
0.773455,CP3_LR,mutation_group_out,P5-R6-FWD,0.37332,0,0.47894302648561776
0.773455,CP3_LR,mutation_group_out,P5-R6-LRD,0.23336,0,0.24277218808601733
0.773455,CP3_LR,mutation_group_out,P5-R6-NYE,0.57387,0,0.5088726468945682
0.773455,CP3_LR,mutation_group_out,P5-R6-SFE,0.6291599999999999,0,0.3935501835518396
0.773455,CP3_LR,mutation_group_out,P5-R6-SWD,0.666435,0,0.4308214224193756
0.773455,CP3_LR,mutation_group_out,P5-R6-SYQ,0.591215,0,0.43124844820267166
0.773455,CP3_LR,mutation_group_out,P5-R6-THN,0.529215,0,0.4695624375150324
0.773455,CP3_LR,mutation_group_out,P5-R6-TTE,0.348885,0,0.45524557076953104
0.773455,CP3_LR,mutation_group_out,P5-R6-TWD,0.59784,0,0.25105094835712344
0.773455,CP3_LR,mutation_group_out,P5-R6-TYE,0.44306,0,0.4883384886807946
0.773455,CP3_LR,mutation_group_out,P5-R6-VFN,0.5554349999999999,0,0.35844708384152657
0.773455,CP3_LR,mutation_group_out,P6-R7-MHQ,0.2532999999999999,0,0.7215736986923599
0.773455,CP3_LR,mutation_group_out,P6-R7-QFW,0.67784,0,0.11841475936948294
0.773455,CP3_LR,mutation_group_out,P6-R7-QRW,0.60431,0,0.27661277692449787
0.773455,CP3_LR,mutation_group_out,P6-R7-TRQ,0.657745,0,0.4880355300154817
0.773455,CP3_LR,mutation_group_out,P6-R7-WFD,0.70041,0,0.3645285547641755
0.773455,CP3_LR,mutation_group_out,P6-R7-WFQ,0.651535,0,0.4810934578017844
0.773455,CP3_LR,mutation_group_out,P7-R5-SYVIRR,0.79377,1,0.4628161593087135
0.773455,CP3_LR,mutation_group_out,P8-R6-GVE,0.658565,0,0.6058555049421604
0.773455,CP3_LR,mutation_group_out,PUF12-9,0.7256100000000001,0,0.49365315076922656
0.773455,CP_Structure9_LR,LOCO,P4-R5-ETD,0.0,0,0.5592634371911678
0.773455,CP_Structure9_LR,LOCO,P4-R5-SHE,0.616825,0,0.7587275895954646
0.773455,CP_Structure9_LR,LOCO,P4-R5-SHE+P7-R5-SHE,0.7531399999999999,0,0.6918342990144466
0.773455,CP_Structure9_LR,LOCO,P4-R5-SNE,0.7430950000000001,0,0.4837362002214144
0.773455,CP_Structure9_LR,LOCO,P4-R5-SNE+P7-R5-SNE,0.80335,1,0.27742416936555997
0.773455,CP_Structure9_LR,LOCO,P4-R5-SWD+P7-R5-SWD,0.518925,0,0.3912833957984038
0.773455,CP_Structure9_LR,LOCO,P4-R5-THE+P7-R5-THE,0.68814,0,0.423522653648339
0.773455,CP_Structure9_LR,LOCO,P4-R5-YTH+P7-R5-YTH,0.0,0,0.6870014956080244
0.773455,CP_Structure9_LR,LOCO,P4-R5-YYE+P7-P5-YYE,0.0866649999999999,0,0.6151268983092124
0.773455,CP_Structure9_LR,LOCO,P5-R6-AYE,0.55629,0,0.23515276958679213
0.773455,CP_Structure9_LR,LOCO,P5-R6-DFE,0.32484,0,0.5693247617617417
0.773455,CP_Structure9_LR,LOCO,P5-R6-FWD,0.37332,0,0.5512935743581512
0.773455,CP_Structure9_LR,LOCO,P5-R6-LRD,0.23336,0,0.13850989847744638
0.773455,CP_Structure9_LR,LOCO,P5-R6-NYE,0.57387,0,0.5474091349697007
0.773455,CP_Structure9_LR,LOCO,P5-R6-SFE,0.6291599999999999,0,0.4201425917185673
0.773455,CP_Structure9_LR,LOCO,P5-R6-SWD,0.666435,0,0.4301865830609357
0.773455,CP_Structure9_LR,LOCO,P5-R6-SYQ,0.591215,0,0.4546168851360367
0.773455,CP_Structure9_LR,LOCO,P5-R6-THN,0.529215,0,0.5003895166900706
0.773455,CP_Structure9_LR,LOCO,P5-R6-TTE,0.348885,0,0.4075140014577528
0.773455,CP_Structure9_LR,LOCO,P5-R6-TWD,0.59784,0,0.14968050942520822
0.773455,CP_Structure9_LR,LOCO,P5-R6-TYE,0.44306,0,0.49468320867026794
0.773455,CP_Structure9_LR,LOCO,P5-R6-VFN,0.5554349999999999,0,0.27449559092434594
0.773455,CP_Structure9_LR,LOCO,P6-R7-MHQ,0.2532999999999999,0,0.6882422512646964
0.773455,CP_Structure9_LR,LOCO,P6-R7-QFW,0.67784,0,0.1080972640900817
0.773455,CP_Structure9_LR,LOCO,P6-R7-QRW,0.60431,0,0.2838060622193806
0.773455,CP_Structure9_LR,LOCO,P6-R7-TRQ,0.657745,0,0.5277787743619666
0.773455,CP_Structure9_LR,LOCO,P6-R7-WFD,0.70041,0,0.36061360540941284
0.773455,CP_Structure9_LR,LOCO,P6-R7-WFQ,0.651535,0,0.41758369231617626
0.773455,CP_Structure9_LR,LOCO,P7-R5-SYVIRR,0.79377,1,0.29700716100976665
0.773455,CP_Structure9_LR,LOCO,P8-R6-GVE,0.658565,0,0.9905327198158838
0.773455,CP_Structure9_LR,LOCO,PUF12-9,0.7256100000000001,0,0.46401334879113726
0.773455,CP_Structure9_LR,mutation_group_out,P4-R5-ETD,0.0,0,0.5681988998019574
0.773455,CP_Structure9_LR,mutation_group_out,P4-R5-SHE,0.616825,0,0.7595844506998615
0.773455,CP_Structure9_LR,mutation_group_out,P4-R5-SHE+P7-R5-SHE,0.7531399999999999,0,0.34685402115606057
0.773455,CP_Structure9_LR,mutation_group_out,P4-R5-SNE,0.7430950000000001,0,0.5010931693086138
0.773455,CP_Structure9_LR,mutation_group_out,P4-R5-SNE+P7-R5-SNE,0.80335,1,0.29536975265345033
0.773455,CP_Structure9_LR,mutation_group_out,P4-R5-SWD+P7-R5-SWD,0.518925,0,0.5070684040424845
0.773455,CP_Structure9_LR,mutation_group_out,P4-R5-THE+P7-R5-THE,0.68814,0,0.3012594032401577
0.773455,CP_Structure9_LR,mutation_group_out,P4-R5-YTH+P7-R5-YTH,0.0,0,0.6815129774465509
0.773455,CP_Structure9_LR,mutation_group_out,P4-R5-YYE+P7-P5-YYE,0.0866649999999999,0,0.6811367777862488
0.773455,CP_Structure9_LR,mutation_group_out,P5-R6-AYE,0.55629,0,0.3475794124988225
0.773455,CP_Structure9_LR,mutation_group_out,P5-R6-DFE,0.32484,0,0.5532294955025405
0.773455,CP_Structure9_LR,mutation_group_out,P5-R6-FWD,0.37332,0,0.5540761682172106
0.773455,CP_Structure9_LR,mutation_group_out,P5-R6-LRD,0.23336,0,0.18504602310535218
0.773455,CP_Structure9_LR,mutation_group_out,P5-R6-NYE,0.57387,0,0.5406390491496277
0.773455,CP_Structure9_LR,mutation_group_out,P5-R6-SFE,0.6291599999999999,0,0.47305335057561704
0.773455,CP_Structure9_LR,mutation_group_out,P5-R6-SWD,0.666435,0,0.45824861963013847
0.773455,CP_Structure9_LR,mutation_group_out,P5-R6-SYQ,0.591215,0,0.49202111262444237
0.773455,CP_Structure9_LR,mutation_group_out,P5-R6-THN,0.529215,0,0.5129183000731558
0.773455,CP_Structure9_LR,mutation_group_out,P5-R6-TTE,0.348885,0,0.43842428493117364
0.773455,CP_Structure9_LR,mutation_group_out,P5-R6-TWD,0.59784,0,0.25207489547278167
0.773455,CP_Structure9_LR,mutation_group_out,P5-R6-TYE,0.44306,0,0.5001986277368357
0.773455,CP_Structure9_LR,mutation_group_out,P5-R6-VFN,0.5554349999999999,0,0.27115316572563697
0.773455,CP_Structure9_LR,mutation_group_out,P6-R7-MHQ,0.2532999999999999,0,0.68003680004809
0.773455,CP_Structure9_LR,mutation_group_out,P6-R7-QFW,0.67784,0,0.12545396679750984
0.773455,CP_Structure9_LR,mutation_group_out,P6-R7-QRW,0.60431,0,0.2827962319857005
0.773455,CP_Structure9_LR,mutation_group_out,P6-R7-TRQ,0.657745,0,0.5140496207704308
0.773455,CP_Structure9_LR,mutation_group_out,P6-R7-WFD,0.70041,0,0.36750174935716623
0.773455,CP_Structure9_LR,mutation_group_out,P6-R7-WFQ,0.651535,0,0.44411677954379364
0.773455,CP_Structure9_LR,mutation_group_out,P7-R5-SYVIRR,0.79377,1,0.29700716100976665
0.773455,CP_Structure9_LR,mutation_group_out,P8-R6-GVE,0.658565,0,0.9905327198158838
0.773455,CP_Structure9_LR,mutation_group_out,PUF12-9,0.7256100000000001,0,0.46401334879113726
0.773455,CP3_RF,LOCO,P4-R5-ETD,0.0,0,0.017568627450980392
0.773455,CP3_RF,LOCO,P4-R5-SHE,0.616825,0,0.7841720038502116
0.773455,CP3_RF,LOCO,P4-R5-SHE+P7-R5-SHE,0.7531399999999999,0,0.8197335011764147
0.773455,CP3_RF,LOCO,P4-R5-SNE,0.7430950000000001,0,0.008235294117647058
0.773455,CP3_RF,LOCO,P4-R5-SNE+P7-R5-SNE,0.80335,1,0.5121327801189993
0.773455,CP3_RF,LOCO,P4-R5-SWD+P7-R5-SWD,0.518925,0,0.0
0.773455,CP3_RF,LOCO,P4-R5-THE+P7-R5-THE,0.68814,0,0.0
0.773455,CP3_RF,LOCO,P4-R5-YTH+P7-R5-YTH,0.0,0,0.1120500518646082
0.773455,CP3_RF,LOCO,P4-R5-YYE+P7-P5-YYE,0.0866649999999999,0,0.0
0.773455,CP3_RF,LOCO,P5-R6-AYE,0.55629,0,0.0
0.773455,CP3_RF,LOCO,P5-R6-DFE,0.32484,0,0.016013071895424835
0.773455,CP3_RF,LOCO,P5-R6-FWD,0.37332,0,0.0
0.773455,CP3_RF,LOCO,P5-R6-LRD,0.23336,0,0.0
0.773455,CP3_RF,LOCO,P5-R6-NYE,0.57387,0,0.016470588235294115
0.773455,CP3_RF,LOCO,P5-R6-SFE,0.6291599999999999,0,0.008749999999999999
0.773455,CP3_RF,LOCO,P5-R6-SWD,0.666435,0,0.0
0.773455,CP3_RF,LOCO,P5-R6-SYQ,0.591215,0,0.008749999999999999
0.773455,CP3_RF,LOCO,P5-R6-THN,0.529215,0,0.008749999999999999
0.773455,CP3_RF,LOCO,P5-R6-TTE,0.348885,0,0.016985294117647057
0.773455,CP3_RF,LOCO,P5-R6-TWD,0.59784,0,0.014777777777777777
0.773455,CP3_RF,LOCO,P5-R6-TYE,0.44306,0,0.0
0.773455,CP3_RF,LOCO,P5-R6-VFN,0.5554349999999999,0,0.006999999999999999
0.773455,CP3_RF,LOCO,P6-R7-MHQ,0.2532999999999999,0,0.7381911292581187
0.773455,CP3_RF,LOCO,P6-R7-QFW,0.67784,0,0.006999999999999999
0.773455,CP3_RF,LOCO,P6-R7-QRW,0.60431,0,0.006999999999999999
0.773455,CP3_RF,LOCO,P6-R7-TRQ,0.657745,0,0.015235294117647059
0.773455,CP3_RF,LOCO,P6-R7-WFD,0.70041,0,0.0
0.773455,CP3_RF,LOCO,P6-R7-WFQ,0.651535,0,0.0
0.773455,CP3_RF,LOCO,P7-R5-SYVIRR,0.79377,1,0.009354838709677418
0.773455,CP3_RF,LOCO,P8-R6-GVE,0.658565,0,0.6109345575566596
0.773455,CP3_RF,LOCO,PUF12-9,0.7256100000000001,0,0.009767441860465118
0.773455,CP3_RF,mutation_group_out,P4-R5-ETD,0.0,0,0.03346843434343434
0.773455,CP3_RF,mutation_group_out,P4-R5-SHE,0.616825,0,0.7768529202043964
0.773455,CP3_RF,mutation_group_out,P4-R5-SHE+P7-R5-SHE,0.7531399999999999,0,0.5657360165332124
0.773455,CP3_RF,mutation_group_out,P4-R5-SNE,0.7430950000000001,0,0.01812121212121212
0.773455,CP3_RF,mutation_group_out,P4-R5-SNE+P7-R5-SNE,0.80335,1,0.5657360165332124
0.773455,CP3_RF,mutation_group_out,P4-R5-SWD+P7-R5-SWD,0.518925,0,0.0
0.773455,CP3_RF,mutation_group_out,P4-R5-THE+P7-R5-THE,0.68814,0,0.0
0.773455,CP3_RF,mutation_group_out,P4-R5-YTH+P7-R5-YTH,0.0,0,0.5657360165332124
0.773455,CP3_RF,mutation_group_out,P4-R5-YYE+P7-P5-YYE,0.0866649999999999,0,0.5118571215670962
0.773455,CP3_RF,mutation_group_out,P5-R6-AYE,0.55629,0,0.04832108460015437
0.773455,CP3_RF,mutation_group_out,P5-R6-DFE,0.32484,0,0.11006428177945207
0.773455,CP3_RF,mutation_group_out,P5-R6-FWD,0.37332,0,0.09479155450672479
0.773455,CP3_RF,mutation_group_out,P5-R6-LRD,0.23336,0,0.04832108460015437
0.773455,CP3_RF,mutation_group_out,P5-R6-NYE,0.57387,0,0.11621812793329822
0.773455,CP3_RF,mutation_group_out,P5-R6-SFE,0.6291599999999999,0,0.04832108460015437
0.773455,CP3_RF,mutation_group_out,P5-R6-SWD,0.666435,0,0.0
0.773455,CP3_RF,mutation_group_out,P5-R6-SYQ,0.591215,0,0.04832108460015437
0.773455,CP3_RF,mutation_group_out,P5-R6-THN,0.529215,0,0.09479155450672479
0.773455,CP3_RF,mutation_group_out,P5-R6-TTE,0.348885,0,0.0
0.773455,CP3_RF,mutation_group_out,P5-R6-TWD,0.59784,0,0.04832108460015437
0.773455,CP3_RF,mutation_group_out,P5-R6-TYE,0.44306,0,0.09479155450672479
0.773455,CP3_RF,mutation_group_out,P5-R6-VFN,0.5554349999999999,0,0.04832108460015437
0.773455,CP3_RF,mutation_group_out,P6-R7-MHQ,0.2532999999999999,0,0.7170262312032603
0.773455,CP3_RF,mutation_group_out,P6-R7-QFW,0.67784,0,0.025137873357228196
0.773455,CP3_RF,mutation_group_out,P6-R7-QRW,0.60431,0,0.025137873357228196
0.773455,CP3_RF,mutation_group_out,P6-R7-TRQ,0.657745,0,0.025137873357228196
0.773455,CP3_RF,mutation_group_out,P6-R7-WFD,0.70041,0,0.0
0.773455,CP3_RF,mutation_group_out,P6-R7-WFQ,0.651535,0,0.0
0.773455,CP3_RF,mutation_group_out,P7-R5-SYVIRR,0.79377,1,0.009354838709677418
0.773455,CP3_RF,mutation_group_out,P8-R6-GVE,0.658565,0,0.6109345575566596
0.773455,CP3_RF,mutation_group_out,PUF12-9,0.7256100000000001,0,0.009767441860465118
0.773455,CP_Structure9_RF,LOCO,P4-R5-ETD,0.0,0,0.008235294117647058
0.773455,CP_Structure9_RF,LOCO,P4-R5-SHE,0.616825,0,0.6252103839463937
0.773455,CP_Structure9_RF,LOCO,P4-R5-SHE+P7-R5-SHE,0.7531399999999999,0,0.5426952324312424
0.773455,CP_Structure9_RF,LOCO,P4-R5-SNE,0.7430950000000001,0,0.14475331068644545
0.773455,CP_Structure9_RF,LOCO,P4-R5-SNE+P7-R5-SNE,0.80335,1,0.056465721324920004
0.773455,CP_Structure9_RF,LOCO,P4-R5-SWD+P7-R5-SWD,0.518925,0,0.0
0.773455,CP_Structure9_RF,LOCO,P4-R5-THE+P7-R5-THE,0.68814,0,0.04328359496291185
0.773455,CP_Structure9_RF,LOCO,P4-R5-YTH+P7-R5-YTH,0.0,0,0.1360794148380355
0.773455,CP_Structure9_RF,LOCO,P4-R5-YYE+P7-P5-YYE,0.0866649999999999,0,0.06349437927663733
0.773455,CP_Structure9_RF,LOCO,P5-R6-AYE,0.55629,0,0.08774274528970924
0.773455,CP_Structure9_RF,LOCO,P5-R6-DFE,0.32484,0,0.0
0.773455,CP_Structure9_RF,LOCO,P5-R6-FWD,0.37332,0,0.08694578134284014
0.773455,CP_Structure9_RF,LOCO,P5-R6-LRD,0.23336,0,0.061387254901960786
0.773455,CP_Structure9_RF,LOCO,P5-R6-NYE,0.57387,0,0.016470588235294115
0.773455,CP_Structure9_RF,LOCO,P5-R6-SFE,0.6291599999999999,0,0.03556300672761774
0.773455,CP_Structure9_RF,LOCO,P5-R6-SWD,0.666435,0,0.04946895424836601
0.773455,CP_Structure9_RF,LOCO,P5-R6-SYQ,0.591215,0,0.00875
0.773455,CP_Structure9_RF,LOCO,P5-R6-THN,0.529215,0,0.06390517241379311
0.773455,CP_Structure9_RF,LOCO,P5-R6-TTE,0.348885,0,0.008235294117647058
0.773455,CP_Structure9_RF,LOCO,P5-R6-TWD,0.59784,0,0.05205392156862745
0.773455,CP_Structure9_RF,LOCO,P5-R6-TYE,0.44306,0,0.0
0.773455,CP_Structure9_RF,LOCO,P5-R6-VFN,0.5554349999999999,0,0.07849836601307189
0.773455,CP_Structure9_RF,LOCO,P6-R7-MHQ,0.2532999999999999,0,0.4482045438769808
0.773455,CP_Structure9_RF,LOCO,P6-R7-QFW,0.67784,0,0.08763725490196078
0.773455,CP_Structure9_RF,LOCO,P6-R7-QRW,0.60431,0,0.017499999999999998
0.773455,CP_Structure9_RF,LOCO,P6-R7-TRQ,0.657745,0,0.10068872172189777
0.773455,CP_Structure9_RF,LOCO,P6-R7-WFD,0.70041,0,0.008749999999999999
0.773455,CP_Structure9_RF,LOCO,P6-R7-WFQ,0.651535,0,0.008749999999999999
0.773455,CP_Structure9_RF,LOCO,P7-R5-SYVIRR,0.79377,1,0.0
0.773455,CP_Structure9_RF,LOCO,P8-R6-GVE,0.658565,0,0.5763381622899497
0.773455,CP_Structure9_RF,LOCO,PUF12-9,0.7256100000000001,0,0.019534883720930235
0.773455,CP_Structure9_RF,mutation_group_out,P4-R5-ETD,0.0,0,0.016791666666666667
0.773455,CP_Structure9_RF,mutation_group_out,P4-R5-SHE,0.616825,0,0.6129764120973055
0.773455,CP_Structure9_RF,mutation_group_out,P4-R5-SHE+P7-R5-SHE,0.7531399999999999,0,0.018830769230769227
0.773455,CP_Structure9_RF,mutation_group_out,P4-R5-SNE,0.7430950000000001,0,0.08255779113813548
0.773455,CP_Structure9_RF,mutation_group_out,P4-R5-SNE+P7-R5-SNE,0.80335,1,0.018830769230769227
0.773455,CP_Structure9_RF,mutation_group_out,P4-R5-SWD+P7-R5-SWD,0.518925,0,0.0650119658119658
0.773455,CP_Structure9_RF,mutation_group_out,P4-R5-THE+P7-R5-THE,0.68814,0,0.0
0.773455,CP_Structure9_RF,mutation_group_out,P4-R5-YTH+P7-R5-YTH,0.0,0,0.22302561229620058
0.773455,CP_Structure9_RF,mutation_group_out,P4-R5-YYE+P7-P5-YYE,0.0866649999999999,0,0.13996581196581198
0.773455,CP_Structure9_RF,mutation_group_out,P5-R6-AYE,0.55629,0,0.24772103082443642
0.773455,CP_Structure9_RF,mutation_group_out,P5-R6-DFE,0.32484,0,0.24097117936870263
0.773455,CP_Structure9_RF,mutation_group_out,P5-R6-FWD,0.37332,0,0.32405889866694826
0.773455,CP_Structure9_RF,mutation_group_out,P5-R6-LRD,0.23336,0,0.07550330371383002
0.773455,CP_Structure9_RF,mutation_group_out,P5-R6-NYE,0.57387,0,0.24258734098486429
0.773455,CP_Structure9_RF,mutation_group_out,P5-R6-SFE,0.6291599999999999,0,0.2320272509201302
0.773455,CP_Structure9_RF,mutation_group_out,P5-R6-SWD,0.666435,0,0.24610486920827485
0.773455,CP_Structure9_RF,mutation_group_out,P5-R6-SYQ,0.591215,0,0.2320272509201302
0.773455,CP_Structure9_RF,mutation_group_out,P5-R6-THN,0.529215,0,0.2726292990268223
0.773455,CP_Structure9_RF,mutation_group_out,P5-R6-TTE,0.348885,0,0.21318032007319934
0.773455,CP_Structure9_RF,mutation_group_out,P5-R6-TWD,0.59784,0,0.07436044657097288
0.773455,CP_Structure9_RF,mutation_group_out,P5-R6-TYE,0.44306,0,0.2416984520959754
0.773455,CP_Structure9_RF,mutation_group_out,P5-R6-VFN,0.5554349999999999,0,0.07308069708069709
0.773455,CP_Structure9_RF,mutation_group_out,P6-R7-MHQ,0.2532999999999999,0,0.5001457612673952
0.773455,CP_Structure9_RF,mutation_group_out,P6-R7-QFW,0.67784,0,0.18350098290364836
0.773455,CP_Structure9_RF,mutation_group_out,P6-R7-QRW,0.60431,0,0.10419176475777463
0.773455,CP_Structure9_RF,mutation_group_out,P6-R7-TRQ,0.657745,0,0.12216233807081368
0.773455,CP_Structure9_RF,mutation_group_out,P6-R7-WFD,0.70041,0,0.0949917647577746
0.773455,CP_Structure9_RF,mutation_group_out,P6-R7-WFQ,0.651535,0,0.10292279924053326
0.773455,CP_Structure9_RF,mutation_group_out,P7-R5-SYVIRR,0.79377,1,0.0
0.773455,CP_Structure9_RF,mutation_group_out,P8-R6-GVE,0.658565,0,0.5763381622899497
0.773455,CP_Structure9_RF,mutation_group_out,PUF12-9,0.7256100000000001,0,0.019534883720930235
