construct,success,seed,model,protein_length,pr_cp_sum,pr_cp_per_nt,pr_top20_mean,pr_rna_max_mean,pr_rna_max_min,pr_rna_coverage_05,pr_protein_coverage_05,pr_high_contacts_per_nt,pp_nonlocal4_per_res,pp_nonlocal4_high_per_res,pp_nonlocal12_per_res,pp_nonlocal12_high_per_res,pp_nonlocal24_per_res,pp_nonlocal24_high_per_res,rna01_cp_sum,rna01_cp_max,rna02_cp_sum,rna02_cp_max,rna03_cp_sum,rna03_cp_max,rna04_cp_sum,rna04_cp_max,rna05_cp_sum,rna05_cp_max,rna06_cp_sum,rna06_cp_max,rna07_cp_sum,rna07_cp_max,rna08_cp_sum,rna08_cp_max,rna09_cp_sum,rna09_cp_max,rna10_cp_sum,rna10_cp_max,rna11_cp_sum,rna11_cp_max,rna12_cp_sum,rna12_cp_max,rna13_cp_sum,rna13_cp_max,protein_bin01_pr_cp,protein_bin02_pr_cp,protein_bin03_pr_cp,protein_bin04_pr_cp,protein_bin05_pr_cp,protein_bin06_pr_cp,protein_bin07_pr_cp,protein_bin08_pr_cp,protein_bin09_pr_cp,protein_bin10_pr_cp,protein_bin11_pr_cp,protein_bin12_pr_cp,iptm,ptm,ranking_score,mean_plddt,interface_pae
puf12_r123_r5678_r56788,0,1,0,512,51.53,3.963846153846154,0.9925,0.8453846153846154,0.1,0.7692307692307693,0.07421875,3.6923076923076925,2.3794921875,2.333984375,1.31064453125,1.271484375,1.12638671875,1.083984375,4.55,0.99,6.33,1.0,4.58,0.99,4.74,1.0,4.210000000000001,1.0,4.73,0.99,4.370000000000001,1.0,4.42,0.99,4.699999999999999,0.98,5.69,0.97,1.54,0.5,1.2200000000000002,0.48,0.45000000000000007,0.1,0.04093023255813954,0.22813953488372093,0.09674418604651164,0.10744186046511628,0.10534883720930231,0.11604651162790698,0.20279069767441862,0.12627906976744185,0.12880952380952382,0.05,0.0,0.0,0.93,0.86,0.94,90.4309722535529,6.74716045673077
puf12_r123_r5678_r56788,0,1,1,512,51.53,3.963846153846154,0.9925,0.8453846153846154,0.1,0.7692307692307693,0.07421875,3.6923076923076925,2.3794921875,2.333984375,1.31064453125,1.271484375,1.12638671875,1.083984375,4.55,0.99,6.33,1.0,4.58,0.99,4.74,1.0,4.210000000000001,1.0,4.73,0.99,4.370000000000001,1.0,4.42,0.99,4.699999999999999,0.98,5.69,0.97,1.54,0.5,1.2200000000000002,0.48,0.45000000000000007,0.1,0.04093023255813954,0.22813953488372093,0.09674418604651164,0.10744186046511628,0.10534883720930231,0.11604651162790698,0.20279069767441862,0.12627906976744185,0.12880952380952382,0.05,0.0,0.0,0.93,0.86,0.94,90.0540672230995,6.727193509615384
puf12_r123_r5678_r56788,0,1,2,512,51.53,3.963846153846154,0.9925,0.8453846153846154,0.1,0.7692307692307693,0.07421875,3.6923076923076925,2.3794921875,2.333984375,1.31064453125,1.271484375,1.12638671875,1.083984375,4.55,0.99,6.33,1.0,4.58,0.99,4.74,1.0,4.210000000000001,1.0,4.73,0.99,4.370000000000001,1.0,4.42,0.99,4.699999999999999,0.98,5.69,0.97,1.54,0.5,1.2200000000000002,0.48,0.45000000000000007,0.1,0.04093023255813954,0.22813953488372093,0.09674418604651164,0.10744186046511628,0.10534883720930231,0.11604651162790698,0.20279069767441862,0.12627906976744185,0.12880952380952382,0.05,0.0,0.0,0.93,0.86,0.94,90.21438303631852,6.704852764423077
puf12_r123_r5678_r56788,0,1,3,512,51.53,3.963846153846154,0.9925,0.8453846153846154,0.1,0.7692307692307693,0.07421875,3.6923076923076925,2.3794921875,2.333984375,1.31064453125,1.271484375,1.12638671875,1.083984375,4.55,0.99,6.33,1.0,4.58,0.99,4.74,1.0,4.210000000000001,1.0,4.73,0.99,4.370000000000001,1.0,4.42,0.99,4.699999999999999,0.98,5.69,0.97,1.54,0.5,1.2200000000000002,0.48,0.45000000000000007,0.1,0.04093023255813954,0.22813953488372093,0.09674418604651164,0.10744186046511628,0.10534883720930231,0.11604651162790698,0.20279069767441862,0.12627906976744185,0.12880952380952382,0.05,0.0,0.0,0.93,0.86,0.94,89.9206970448906,6.867578125
puf12_r123_r5678_r56788,0,1,4,512,51.53,3.963846153846154,0.9925,0.8453846153846154,0.1,0.7692307692307693,0.07421875,3.6923076923076925,2.3794921875,2.333984375,1.31064453125,1.271484375,1.12638671875,1.083984375,4.55,0.99,6.33,1.0,4.58,0.99,4.74,1.0,4.210000000000001,1.0,4.73,0.99,4.370000000000001,1.0,4.42,0.99,4.699999999999999,0.98,5.69,0.97,1.54,0.5,1.2200000000000002,0.48,0.45000000000000007,0.1,0.04093023255813954,0.22813953488372093,0.09674418604651164,0.10744186046511628,0.10534883720930231,0.11604651162790698,0.20279069767441862,0.12627906976744185,0.12880952380952382,0.05,0.0,0.0,0.93,0.86,0.93,89.84675389127003,6.810682091346154
puf12_r123_r5678_r56788,0,2,0,512,51.51,3.962307692307692,0.9914999999999999,0.8430769230769232,0.11,0.7692307692307693,0.072265625,3.6153846153846154,2.3810546875,2.33203125,1.31181640625,1.267578125,1.1269921875,1.080078125,4.569999999999999,0.99,6.34,0.99,4.58,0.99,4.71,1.0,4.2,1.0,4.720000000000001,0.99,4.380000000000001,1.0,4.4,0.99,4.710000000000001,0.98,5.68,0.97,1.51,0.48,1.2100000000000002,0.47,0.5,0.11,0.04186046511627907,0.2274418604651163,0.09674418604651164,0.1072093023255814,0.1055813953488372,0.11418604651162789,0.20348837209302326,0.12674418604651164,0.12880952380952382,0.05,0.0,0.0,0.93,0.86,0.94,90.3868373561922,6.698407451923078
puf12_r123_r5678_r56788,0,2,1,512,51.51,3.962307692307692,0.9914999999999999,0.8430769230769232,0.11,0.7692307692307693,0.072265625,3.6153846153846154,2.3810546875,2.33203125,1.31181640625,1.267578125,1.1269921875,1.080078125,4.569999999999999,0.99,6.34,0.99,4.58,0.99,4.71,1.0,4.2,1.0,4.720000000000001,0.99,4.380000000000001,1.0,4.4,0.99,4.710000000000001,0.98,5.68,0.97,1.51,0.48,1.2100000000000002,0.47,0.5,0.11,0.04186046511627907,0.2274418604651163,0.09674418604651164,0.1072093023255814,0.1055813953488372,0.11418604651162789,0.20348837209302326,0.12674418604651164,0.12880952380952382,0.05,0.0,0.0,0.93,0.86,0.93,90.50797879539815,6.698828125
puf12_r123_r5678_r56788,0,2,2,512,51.51,3.962307692307692,0.9914999999999999,0.8430769230769232,0.11,0.7692307692307693,0.072265625,3.6153846153846154,2.3810546875,2.33203125,1.31181640625,1.267578125,1.1269921875,1.080078125,4.569999999999999,0.99,6.34,0.99,4.58,0.99,4.71,1.0,4.2,1.0,4.720000000000001,0.99,4.380000000000001,1.0,4.4,0.99,4.710000000000001,0.98,5.68,0.97,1.51,0.48,1.2100000000000002,0.47,0.5,0.11,0.04186046511627907,0.2274418604651163,0.09674418604651164,0.1072093023255814,0.1055813953488372,0.11418604651162789,0.20348837209302326,0.12674418604651164,0.12880952380952382,0.05,0.0,0.0,0.93,0.86,0.93,90.69478005865102,6.561763822115383
puf12_r123_r5678_r56788,0,2,3,512,51.51,3.962307692307692,0.9914999999999999,0.8430769230769232,0.11,0.7692307692307693,0.072265625,3.6153846153846154,2.3810546875,2.33203125,1.31181640625,1.267578125,1.1269921875,1.080078125,4.569999999999999,0.99,6.34,0.99,4.58,0.99,4.71,1.0,4.2,1.0,4.720000000000001,0.99,4.380000000000001,1.0,4.4,0.99,4.710000000000001,0.98,5.68,0.97,1.51,0.48,1.2100000000000002,0.47,0.5,0.11,0.04186046511627907,0.2274418604651163,0.09674418604651164,0.1072093023255814,0.1055813953488372,0.11418604651162789,0.20348837209302326,0.12674418604651164,0.12880952380952382,0.05,0.0,0.0,0.92,0.86,0.93,90.15810963230318,6.837875600961538
puf12_r123_r5678_r56788,0,2,4,512,51.51,3.962307692307692,0.9914999999999999,0.8430769230769232,0.11,0.7692307692307693,0.072265625,3.6153846153846154,2.3810546875,2.33203125,1.31181640625,1.267578125,1.1269921875,1.080078125,4.569999999999999,0.99,6.34,0.99,4.58,0.99,4.71,1.0,4.2,1.0,4.720000000000001,0.99,4.380000000000001,1.0,4.4,0.99,4.710000000000001,0.98,5.68,0.97,1.51,0.48,1.2100000000000002,0.47,0.5,0.11,0.04186046511627907,0.2274418604651163,0.09674418604651164,0.1072093023255814,0.1055813953488372,0.11418604651162789,0.20348837209302326,0.12674418604651164,0.12880952380952382,0.05,0.0,0.0,0.92,0.86,0.93,90.28956237311075,6.73946814903846
puf12_r123_r5678_r56788,0,3,0,512,51.68000000000001,3.9753846153846157,0.9914999999999999,0.8438461538461539,0.1,0.7692307692307693,0.072265625,3.6153846153846154,2.3802343749999997,2.337890625,1.311015625,1.275390625,1.12599609375,1.087890625,4.569999999999999,0.99,6.3,0.99,4.620000000000001,0.99,4.75,1.0,4.27,1.0,4.73,0.99,4.370000000000001,1.0,4.38,0.99,4.720000000000001,0.98,5.69,0.97,1.56,0.5,1.23,0.47,0.49000000000000005,0.1,0.04162790697674419,0.22953488372093026,0.09651162790697675,0.10674418604651162,0.10465116279069768,0.11790697674418606,0.203953488372093,0.12627906976744185,0.12880952380952382,0.05,0.0,0.0,0.93,0.86,0.94,90.65792240018047,6.582647235576924
puf12_r123_r5678_r56788,0,3,1,512,51.68000000000001,3.9753846153846157,0.9914999999999999,0.8438461538461539,0.1,0.7692307692307693,0.072265625,3.6153846153846154,2.3802343749999997,2.337890625,1.311015625,1.275390625,1.12599609375,1.087890625,4.569999999999999,0.99,6.3,0.99,4.620000000000001,0.99,4.75,1.0,4.27,1.0,4.73,0.99,4.370000000000001,1.0,4.38,0.99,4.720000000000001,0.98,5.69,0.97,1.56,0.5,1.23,0.47,0.49000000000000005,0.1,0.04162790697674419,0.22953488372093026,0.09651162790697675,0.10674418604651162,0.10465116279069768,0.11790697674418606,0.203953488372093,0.12627906976744185,0.12880952380952382,0.05,0.0,0.0,0.93,0.86,0.93,90.34743740130837,6.815579927884615
puf12_r123_r5678_r56788,0,3,2,512,51.68000000000001,3.9753846153846157,0.9914999999999999,0.8438461538461539,0.1,0.7692307692307693,0.072265625,3.6153846153846154,2.3802343749999997,2.337890625,1.311015625,1.275390625,1.12599609375,1.087890625,4.569999999999999,0.99,6.3,0.99,4.620000000000001,0.99,4.75,1.0,4.27,1.0,4.73,0.99,4.370000000000001,1.0,4.38,0.99,4.720000000000001,0.98,5.69,0.97,1.56,0.5,1.23,0.47,0.49000000000000005,0.1,0.04162790697674419,0.22953488372093026,0.09651162790697675,0.10674418604651162,0.10465116279069768,0.11790697674418606,0.203953488372093,0.12627906976744185,0.12880952380952382,0.05,0.0,0.0,0.92,0.85,0.93,90.32235506429055,6.865685096153846
puf12_r123_r5678_r56788,0,3,3,512,51.68000000000001,3.9753846153846157,0.9914999999999999,0.8438461538461539,0.1,0.7692307692307693,0.072265625,3.6153846153846154,2.3802343749999997,2.337890625,1.311015625,1.275390625,1.12599609375,1.087890625,4.569999999999999,0.99,6.3,0.99,4.620000000000001,0.99,4.75,1.0,4.27,1.0,4.73,0.99,4.370000000000001,1.0,4.38,0.99,4.720000000000001,0.98,5.69,0.97,1.56,0.5,1.23,0.47,0.49000000000000005,0.1,0.04162790697674419,0.22953488372093026,0.09651162790697675,0.10674418604651162,0.10465116279069768,0.11790697674418606,0.203953488372093,0.12627906976744185,0.12880952380952382,0.05,0.0,0.0,0.92,0.85,0.93,90.19540040604558,6.947521033653847
puf12_r123_r5678_r56788,0,3,4,512,51.68000000000001,3.9753846153846157,0.9914999999999999,0.8438461538461539,0.1,0.7692307692307693,0.072265625,3.6153846153846154,2.3802343749999997,2.337890625,1.311015625,1.275390625,1.12599609375,1.087890625,4.569999999999999,0.99,6.3,0.99,4.620000000000001,0.99,4.75,1.0,4.27,1.0,4.73,0.99,4.370000000000001,1.0,4.38,0.99,4.720000000000001,0.98,5.69,0.97,1.56,0.5,1.23,0.47,0.49000000000000005,0.1,0.04162790697674419,0.22953488372093026,0.09651162790697675,0.10674418604651162,0.10465116279069768,0.11790697674418606,0.203953488372093,0.12627906976744185,0.12880952380952382,0.05,0.0,0.0,0.92,0.86,0.93,90.6114595082337,6.655423677884615
puf12_r123_r5678_r56788,0,4,0,512,51.53,3.963846153846154,0.9925,0.8453846153846155,0.1,0.7692307692307693,0.07421875,3.6923076923076925,2.37703125,2.333984375,1.3103125,1.2734375,1.1261328124999999,1.0859375,4.56,0.99,6.3,1.0,4.63,1.0,4.75,1.0,4.23,1.0,4.72,0.99,4.39,1.0,4.38,0.99,4.6899999999999995,0.98,5.6899999999999995,0.97,1.5,0.49,1.23,0.48,0.4600000000000001,0.1,0.041162790697674416,0.2272093023255814,0.09627906976744187,0.10767441860465116,0.10511627906976743,0.11627906976744189,0.203953488372093,0.12604651162790698,0.12880952380952382,0.05,0.0,0.0,0.93,0.86,0.93,90.3667787051658,6.693870192307693
puf12_r123_r5678_r56788,0,4,1,512,51.53,3.963846153846154,0.9925,0.8453846153846155,0.1,0.7692307692307693,0.07421875,3.6923076923076925,2.37703125,2.333984375,1.3103125,1.2734375,1.1261328124999999,1.0859375,4.56,0.99,6.3,1.0,4.63,1.0,4.75,1.0,4.23,1.0,4.72,0.99,4.39,1.0,4.38,0.99,4.6899999999999995,0.98,5.6899999999999995,0.97,1.5,0.49,1.23,0.48,0.4600000000000001,0.1,0.041162790697674416,0.2272093023255814,0.09627906976744187,0.10767441860465116,0.10511627906976743,0.11627906976744189,0.203953488372093,0.12604651162790698,0.12880952380952382,0.05,0.0,0.0,0.92,0.86,0.93,90.1078073539364,6.8748798076923086
puf12_r123_r5678_r56788,0,4,2,512,51.53,3.963846153846154,0.9925,0.8453846153846155,0.1,0.7692307692307693,0.07421875,3.6923076923076925,2.37703125,2.333984375,1.3103125,1.2734375,1.1261328124999999,1.0859375,4.56,0.99,6.3,1.0,4.63,1.0,4.75,1.0,4.23,1.0,4.72,0.99,4.39,1.0,4.38,0.99,4.6899999999999995,0.98,5.6899999999999995,0.97,1.5,0.49,1.23,0.48,0.4600000000000001,0.1,0.041162790697674416,0.2272093023255814,0.09627906976744187,0.10767441860465116,0.10511627906976743,0.11627906976744189,0.203953488372093,0.12604651162790698,0.12880952380952382,0.05,0.0,0.0,0.92,0.86,0.93,90.430755695917,6.77071814903846
puf12_r123_r5678_r56788,0,4,3,512,51.53,3.963846153846154,0.9925,0.8453846153846155,0.1,0.7692307692307693,0.07421875,3.6923076923076925,2.37703125,2.333984375,1.3103125,1.2734375,1.1261328124999999,1.0859375,4.56,0.99,6.3,1.0,4.63,1.0,4.75,1.0,4.23,1.0,4.72,0.99,4.39,1.0,4.38,0.99,4.6899999999999995,0.98,5.6899999999999995,0.97,1.5,0.49,1.23,0.48,0.4600000000000001,0.1,0.041162790697674416,0.2272093023255814,0.09627906976744187,0.10767441860465116,0.10511627906976743,0.11627906976744189,0.203953488372093,0.12604651162790698,0.12880952380952382,0.05,0.0,0.0,0.92,0.86,0.93,90.1171734716896,6.82958233173077
puf12_r123_r5678_r56788,0,4,4,512,51.53,3.963846153846154,0.9925,0.8453846153846155,0.1,0.7692307692307693,0.07421875,3.6923076923076925,2.37703125,2.333984375,1.3103125,1.2734375,1.1261328124999999,1.0859375,4.56,0.99,6.3,1.0,4.63,1.0,4.75,1.0,4.23,1.0,4.72,0.99,4.39,1.0,4.38,0.99,4.6899999999999995,0.98,5.6899999999999995,0.97,1.5,0.49,1.23,0.48,0.4600000000000001,0.1,0.041162790697674416,0.2272093023255814,0.09627906976744187,0.10767441860465116,0.10511627906976743,0.11627906976744189,0.203953488372093,0.12604651162790698,0.12880952380952382,0.05,0.0,0.0,0.92,0.85,0.92,89.95794044665013,7.023076923076923
puf12_r123_r5678_r5loop6788,0,1,0,519,51.19,3.9376923076923074,0.9914999999999999,0.8423076923076924,0.1,0.7692307692307693,0.0674373795761079,3.4615384615384617,2.3741040462427745,2.277456647398844,1.3052986512524085,1.233140655105973,1.1262620423892102,1.0558766859344895,4.56,0.99,6.26,0.99,4.5600000000000005,0.99,4.62,1.0,4.18,1.0,4.68,0.99,4.380000000000001,1.0,4.35,0.99,4.6899999999999995,0.98,5.709999999999999,0.97,1.53,0.49,1.2100000000000002,0.46,0.4600000000000001,0.1,0.041363636363636366,0.22136363636363637,0.09454545454545454,0.10627906976744186,0.1041860465116279,0.15813953488372093,0.1555813953488372,0.12651162790697673,0.12465116279069766,0.04953488372093023,0.0,0.0,0.93,0.85,0.93,89.27701828724354,7.2831332444049215
puf12_r123_r5678_r5loop6788,0,1,1,519,51.19,3.9376923076923074,0.9914999999999999,0.8423076923076924,0.1,0.7692307692307693,0.0674373795761079,3.4615384615384617,2.3741040462427745,2.277456647398844,1.3052986512524085,1.233140655105973,1.1262620423892102,1.0558766859344895,4.56,0.99,6.26,0.99,4.5600000000000005,0.99,4.62,1.0,4.18,1.0,4.68,0.99,4.380000000000001,1.0,4.35,0.99,4.6899999999999995,0.98,5.709999999999999,0.97,1.53,0.49,1.2100000000000002,0.46,0.4600000000000001,0.1,0.041363636363636366,0.22136363636363637,0.09454545454545454,0.10627906976744186,0.1041860465116279,0.15813953488372093,0.1555813953488372,0.12651162790697673,0.12465116279069766,0.04953488372093023,0.0,0.0,0.93,0.85,0.93,89.00346119536128,7.404061064176671
puf12_r123_r5678_r5loop6788,0,1,2,519,51.19,3.9376923076923074,0.9914999999999999,0.8423076923076924,0.1,0.7692307692307693,0.0674373795761079,3.4615384615384617,2.3741040462427745,2.277456647398844,1.3052986512524085,1.233140655105973,1.1262620423892102,1.0558766859344895,4.56,0.99,6.26,0.99,4.5600000000000005,0.99,4.62,1.0,4.18,1.0,4.68,0.99,4.380000000000001,1.0,4.35,0.99,4.6899999999999995,0.98,5.709999999999999,0.97,1.53,0.49,1.2100000000000002,0.46,0.4600000000000001,0.1,0.041363636363636366,0.22136363636363637,0.09454545454545454,0.10627906976744186,0.1041860465116279,0.15813953488372093,0.1555813953488372,0.12651162790697673,0.12465116279069766,0.04953488372093023,0.0,0.0,0.93,0.85,0.93,88.96666369313114,7.436638506002668
puf12_r123_r5678_r5loop6788,0,1,3,519,51.19,3.9376923076923074,0.9914999999999999,0.8423076923076924,0.1,0.7692307692307693,0.0674373795761079,3.4615384615384617,2.3741040462427745,2.277456647398844,1.3052986512524085,1.233140655105973,1.1262620423892102,1.0558766859344895,4.56,0.99,6.26,0.99,4.5600000000000005,0.99,4.62,1.0,4.18,1.0,4.68,0.99,4.380000000000001,1.0,4.35,0.99,4.6899999999999995,0.98,5.709999999999999,0.97,1.53,0.49,1.2100000000000002,0.46,0.4600000000000001,0.1,0.041363636363636366,0.22136363636363637,0.09454545454545454,0.10627906976744186,0.1041860465116279,0.15813953488372093,0.1555813953488372,0.12651162790697673,0.12465116279069766,0.04953488372093023,0.0,0.0,0.92,0.85,0.93,88.8900223015165,7.521742996887505
puf12_r123_r5678_r5loop6788,0,1,4,519,51.19,3.9376923076923074,0.9914999999999999,0.8423076923076924,0.1,0.7692307692307693,0.0674373795761079,3.4615384615384617,2.3741040462427745,2.277456647398844,1.3052986512524085,1.233140655105973,1.1262620423892102,1.0558766859344895,4.56,0.99,6.26,0.99,4.5600000000000005,0.99,4.62,1.0,4.18,1.0,4.68,0.99,4.380000000000001,1.0,4.35,0.99,4.6899999999999995,0.98,5.709999999999999,0.97,1.53,0.49,1.2100000000000002,0.46,0.4600000000000001,0.1,0.041363636363636366,0.22136363636363637,0.09454545454545454,0.10627906976744186,0.1041860465116279,0.15813953488372093,0.1555813953488372,0.12651162790697673,0.12465116279069766,0.04953488372093023,0.0,0.0,0.92,0.85,0.93,88.86586529884032,7.5517266933451905
puf12_r123_r5678_r5loop6788,0,2,0,519,51.14,3.933846153846154,0.9909999999999999,0.8423076923076922,0.1,0.8461538461538461,0.0674373795761079,3.5384615384615383,2.375529865125241,2.2947976878612715,1.3065895953757227,1.2447013487475915,1.127957610789981,1.069364161849711,4.54,0.99,6.24,0.99,4.52,0.99,4.64,1.0,4.17,0.99,4.67,0.99,4.390000000000001,1.0,4.33,0.99,4.74,0.98,5.6899999999999995,0.97,1.57,0.51,1.1800000000000002,0.45,0.46,0.1,0.04068181818181818,0.22318181818181818,0.09386363636363634,0.10651162790697674,0.10395348837209302,0.15790697674418602,0.15511627906976744,0.12604651162790698,0.12441860465116278,0.04930232558139535,0.0,0.0,0.92,0.84,0.93,88.6785727029438,7.632384763598637
puf12_r123_r5678_r5loop6788,0,2,1,519,51.14,3.933846153846154,0.9909999999999999,0.8423076923076922,0.1,0.8461538461538461,0.0674373795761079,3.5384615384615383,2.375529865125241,2.2947976878612715,1.3065895953757227,1.2447013487475915,1.127957610789981,1.069364161849711,4.54,0.99,6.24,0.99,4.52,0.99,4.64,1.0,4.17,0.99,4.67,0.99,4.390000000000001,1.0,4.33,0.99,4.74,0.98,5.6899999999999995,0.97,1.57,0.51,1.1800000000000002,0.45,0.46,0.1,0.04068181818181818,0.22318181818181818,0.09386363636363634,0.10651162790697674,0.10395348837209302,0.15790697674418602,0.15511627906976744,0.12604651162790698,0.12441860465116278,0.04930232558139535,0.0,0.0,0.92,0.85,0.93,88.87670606601249,7.483400029642804
puf12_r123_r5678_r5loop6788,0,2,2,519,51.14,3.933846153846154,0.9909999999999999,0.8423076923076922,0.1,0.8461538461538461,0.0674373795761079,3.5384615384615383,2.375529865125241,2.2947976878612715,1.3065895953757227,1.2447013487475915,1.127957610789981,1.069364161849711,4.54,0.99,6.24,0.99,4.52,0.99,4.64,1.0,4.17,0.99,4.67,0.99,4.390000000000001,1.0,4.33,0.99,4.74,0.98,5.6899999999999995,0.97,1.57,0.51,1.1800000000000002,0.45,0.46,0.1,0.04068181818181818,0.22318181818181818,0.09386363636363634,0.10651162790697674,0.10395348837209302,0.15790697674418602,0.15511627906976744,0.12604651162790698,0.12441860465116278,0.04930232558139535,0.0,0.0,0.92,0.84,0.93,88.67314005352364,7.536890469838447
puf12_r123_r5678_r5loop6788,0,2,3,519,51.14,3.933846153846154,0.9909999999999999,0.8423076923076922,0.1,0.8461538461538461,0.0674373795761079,3.5384615384615383,2.375529865125241,2.2947976878612715,1.3065895953757227,1.2447013487475915,1.127957610789981,1.069364161849711,4.54,0.99,6.24,0.99,4.52,0.99,4.64,1.0,4.17,0.99,4.67,0.99,4.390000000000001,1.0,4.33,0.99,4.74,0.98,5.6899999999999995,0.97,1.57,0.51,1.1800000000000002,0.45,0.46,0.1,0.04068181818181818,0.22318181818181818,0.09386363636363634,0.10651162790697674,0.10395348837209302,0.15790697674418602,0.15511627906976744,0.12604651162790698,0.12441860465116278,0.04930232558139535,0.0,0.0,0.92,0.84,0.92,88.62827832292596,7.682140210463909
puf12_r123_r5678_r5loop6788,0,2,4,519,51.14,3.933846153846154,0.9909999999999999,0.8423076923076922,0.1,0.8461538461538461,0.0674373795761079,3.5384615384615383,2.375529865125241,2.2947976878612715,1.3065895953757227,1.2447013487475915,1.127957610789981,1.069364161849711,4.54,0.99,6.24,0.99,4.52,0.99,4.64,1.0,4.17,0.99,4.67,0.99,4.390000000000001,1.0,4.33,0.99,4.74,0.98,5.6899999999999995,0.97,1.57,0.51,1.1800000000000002,0.45,0.46,0.1,0.04068181818181818,0.22318181818181818,0.09386363636363634,0.10651162790697674,0.10395348837209302,0.15790697674418602,0.15511627906976744,0.12604651162790698,0.12441860465116278,0.04930232558139535,0.0,0.0,0.92,0.84,0.92,88.89800847457627,7.505661775603973
puf12_r123_r5678_r5loop6788,0,3,0,519,51.14,3.933846153846154,0.9914999999999999,0.8446153846153847,0.1,0.8461538461538461,0.0674373795761079,3.5384615384615383,2.372138728323699,2.2870905587668595,1.3042967244701347,1.2389210019267822,1.1266088631984585,1.0635838150289016,4.51,0.99,6.17,0.99,4.529999999999999,0.99,4.58,1.0,4.21,1.0,4.73,0.99,4.3500000000000005,1.0,4.36,0.99,4.73,0.98,5.6899999999999995,0.97,1.6099999999999999,0.52,1.1900000000000002,0.46,0.4800000000000001,0.1,0.041590909090909095,0.22363636363636363,0.0943181818181818,0.1058139534883721,0.10465116279069768,0.15906976744186047,0.1541860465116279,0.12465116279069766,0.12372093023255815,0.04930232558139535,0.0,0.0,0.92,0.84,0.93,88.6208073148974,7.663494886616274
puf12_r123_r5678_r5loop6788,0,3,1,519,51.14,3.933846153846154,0.9914999999999999,0.8446153846153847,0.1,0.8461538461538461,0.0674373795761079,3.5384615384615383,2.372138728323699,2.2870905587668595,1.3042967244701347,1.2389210019267822,1.1266088631984585,1.0635838150289016,4.51,0.99,6.17,0.99,4.529999999999999,0.99,4.58,1.0,4.21,1.0,4.73,0.99,4.3500000000000005,1.0,4.36,0.99,4.73,0.98,5.6899999999999995,0.97,1.6099999999999999,0.52,1.1900000000000002,0.46,0.4800000000000001,0.1,0.041590909090909095,0.22363636363636363,0.0943181818181818,0.1058139534883721,0.10465116279069768,0.15906976744186047,0.1541860465116279,0.12465116279069766,0.12372093023255815,0.04930232558139535,0.0,0.0,0.93,0.84,0.93,88.68459634255129,7.641766711130873
puf12_r123_r5678_r5loop6788,0,3,2,519,51.14,3.933846153846154,0.9914999999999999,0.8446153846153847,0.1,0.8461538461538461,0.0674373795761079,3.5384615384615383,2.372138728323699,2.2870905587668595,1.3042967244701347,1.2389210019267822,1.1266088631984585,1.0635838150289016,4.51,0.99,6.17,0.99,4.529999999999999,0.99,4.58,1.0,4.21,1.0,4.73,0.99,4.3500000000000005,1.0,4.36,0.99,4.73,0.98,5.6899999999999995,0.97,1.6099999999999999,0.52,1.1900000000000002,0.46,0.4800000000000001,0.1,0.041590909090909095,0.22363636363636363,0.0943181818181818,0.1058139534883721,0.10465116279069768,0.15906976744186047,0.1541860465116279,0.12465116279069766,0.12372093023255815,0.04930232558139535,0.0,0.0,0.92,0.84,0.93,88.68973461195361,7.594234474581296
puf12_r123_r5678_r5loop6788,0,3,3,519,51.14,3.933846153846154,0.9914999999999999,0.8446153846153847,0.1,0.8461538461538461,0.0674373795761079,3.5384615384615383,2.372138728323699,2.2870905587668595,1.3042967244701347,1.2389210019267822,1.1266088631984585,1.0635838150289016,4.51,0.99,6.17,0.99,4.529999999999999,0.99,4.58,1.0,4.21,1.0,4.73,0.99,4.3500000000000005,1.0,4.36,0.99,4.73,0.98,5.6899999999999995,0.97,1.6099999999999999,0.52,1.1900000000000002,0.46,0.4800000000000001,0.1,0.041590909090909095,0.22363636363636363,0.0943181818181818,0.1058139534883721,0.10465116279069768,0.15906976744186047,0.1541860465116279,0.12465116279069766,0.12372093023255815,0.04930232558139535,0.0,0.0,0.92,0.84,0.92,88.50692016057091,7.720794427152808
puf12_r123_r5678_r5loop6788,0,3,4,519,51.14,3.933846153846154,0.9914999999999999,0.8446153846153847,0.1,0.8461538461538461,0.0674373795761079,3.5384615384615383,2.372138728323699,2.2870905587668595,1.3042967244701347,1.2389210019267822,1.1266088631984585,1.0635838150289016,4.51,0.99,6.17,0.99,4.529999999999999,0.99,4.58,1.0,4.21,1.0,4.73,0.99,4.3500000000000005,1.0,4.36,0.99,4.73,0.98,5.6899999999999995,0.97,1.6099999999999999,0.52,1.1900000000000002,0.46,0.4800000000000001,0.1,0.041590909090909095,0.22363636363636363,0.0943181818181818,0.1058139534883721,0.10465116279069768,0.15906976744186047,0.1541860465116279,0.12465116279069766,0.12372093023255815,0.04930232558139535,0.0,0.0,0.92,0.85,0.92,89.00837644959857,7.43118423002816
puf12_r123_r5678_r5loop6788,0,4,0,519,51.099999999999994,3.93076923076923,0.9909999999999999,0.8415384615384617,0.1,0.7692307692307693,0.0674373795761079,3.4615384615384617,2.3759152215799615,2.2697495183044314,1.3078227360308285,1.23121387283237,1.12747591522158,1.0539499036608864,4.55,0.99,6.1899999999999995,0.99,4.54,0.99,4.61,1.0,4.1899999999999995,0.99,4.7,0.99,4.36,1.0,4.33,0.99,4.699999999999999,0.98,5.71,0.97,1.54,0.49,1.21,0.46,0.4700000000000001,0.1,0.041363636363636366,0.22250000000000003,0.09386363636363634,0.10558139534883719,0.10441860465116277,0.1588372093023256,0.15511627906976744,0.12441860465116278,0.12418604651162789,0.04976744186046511,0.0,0.0,0.93,0.85,0.93,88.9113291703836,7.4767155772936125
puf12_r123_r5678_r5loop6788,0,4,1,519,51.099999999999994,3.93076923076923,0.9909999999999999,0.8415384615384617,0.1,0.7692307692307693,0.0674373795761079,3.4615384615384617,2.3759152215799615,2.2697495183044314,1.3078227360308285,1.23121387283237,1.12747591522158,1.0539499036608864,4.55,0.99,6.1899999999999995,0.99,4.54,0.99,4.61,1.0,4.1899999999999995,0.99,4.7,0.99,4.36,1.0,4.33,0.99,4.699999999999999,0.98,5.71,0.97,1.54,0.49,1.21,0.46,0.4700000000000001,0.1,0.041363636363636366,0.22250000000000003,0.09386363636363634,0.10558139534883719,0.10441860465116277,0.1588372093023256,0.15511627906976744,0.12441860465116278,0.12418604651162789,0.04976744186046511,0.0,0.0,0.93,0.85,0.93,88.96934656556645,7.441440640284572
puf12_r123_r5678_r5loop6788,0,4,2,519,51.099999999999994,3.93076923076923,0.9909999999999999,0.8415384615384617,0.1,0.7692307692307693,0.0674373795761079,3.4615384615384617,2.3759152215799615,2.2697495183044314,1.3078227360308285,1.23121387283237,1.12747591522158,1.0539499036608864,4.55,0.99,6.1899999999999995,0.99,4.54,0.99,4.61,1.0,4.1899999999999995,0.99,4.7,0.99,4.36,1.0,4.33,0.99,4.699999999999999,0.98,5.71,0.97,1.54,0.49,1.21,0.46,0.4700000000000001,0.1,0.041363636363636366,0.22250000000000003,0.09386363636363634,0.10558139534883719,0.10441860465116277,0.1588372093023256,0.15511627906976744,0.12441860465116278,0.12418604651162789,0.04976744186046511,0.0,0.0,0.93,0.85,0.93,88.80805084745762,7.433600118571217
puf12_r123_r5678_r5loop6788,0,4,3,519,51.099999999999994,3.93076923076923,0.9909999999999999,0.8415384615384617,0.1,0.7692307692307693,0.0674373795761079,3.4615384615384617,2.3759152215799615,2.2697495183044314,1.3078227360308285,1.23121387283237,1.12747591522158,1.0539499036608864,4.55,0.99,6.1899999999999995,0.99,4.54,0.99,4.61,1.0,4.1899999999999995,0.99,4.7,0.99,4.36,1.0,4.33,0.99,4.699999999999999,0.98,5.71,0.97,1.54,0.49,1.21,0.46,0.4700000000000001,0.1,0.041363636363636366,0.22250000000000003,0.09386363636363634,0.10558139534883719,0.10441860465116277,0.1588372093023256,0.15511627906976744,0.12441860465116278,0.12418604651162789,0.04976744186046511,0.0,0.0,0.92,0.84,0.93,88.73966770740411,7.580391285015562
puf12_r123_r5678_r5loop6788,0,4,4,519,51.099999999999994,3.93076923076923,0.9909999999999999,0.8415384615384617,0.1,0.7692307692307693,0.0674373795761079,3.4615384615384617,2.3759152215799615,2.2697495183044314,1.3078227360308285,1.23121387283237,1.12747591522158,1.0539499036608864,4.55,0.99,6.1899999999999995,0.99,4.54,0.99,4.61,1.0,4.1899999999999995,0.99,4.7,0.99,4.36,1.0,4.33,0.99,4.699999999999999,0.98,5.71,0.97,1.54,0.49,1.21,0.46,0.4700000000000001,0.1,0.041363636363636366,0.22250000000000003,0.09386363636363634,0.10558139534883719,0.10441860465116277,0.1588372093023256,0.15511627906976744,0.12441860465116278,0.12418604651162789,0.04976744186046511,0.0,0.0,0.92,0.85,0.92,88.8070428189117,7.576419149251519
puf12_r123_r567_r567_r678,1,2,0,512,50.660000000000004,3.8969230769230774,0.9934999999999998,0.8392307692307692,0.09,0.7692307692307693,0.072265625,3.6153846153846154,2.41837890625,2.375,1.349375,1.31640625,1.15654296875,1.12109375,4.49,0.99,5.91,1.0,4.71,1.0,4.38,1.0,4.24,1.0,4.71,0.99,4.41,1.0,4.369999999999999,0.99,4.709999999999999,0.98,5.699999999999999,0.97,1.42,0.45,1.1800000000000002,0.45,0.43000000000000005,0.09,0.04209302325581396,0.2230232558139535,0.09651162790697675,0.10790697674418603,0.10604651162790699,0.11023255813953489,0.20255813953488375,0.11813953488372093,0.12642857142857142,0.04928571428571428,0.0,0.0,0.93,0.86,0.94,90.90562767635791,6.382136418269231
puf12_r123_r567_r567_r678,1,2,1,512,50.660000000000004,3.8969230769230774,0.9934999999999998,0.8392307692307692,0.09,0.7692307692307693,0.072265625,3.6153846153846154,2.41837890625,2.375,1.349375,1.31640625,1.15654296875,1.12109375,4.49,0.99,5.91,1.0,4.71,1.0,4.38,1.0,4.24,1.0,4.71,0.99,4.41,1.0,4.369999999999999,0.99,4.709999999999999,0.98,5.699999999999999,0.97,1.42,0.45,1.1800000000000002,0.45,0.43000000000000005,0.09,0.04209302325581396,0.2230232558139535,0.09651162790697675,0.10790697674418603,0.10604651162790699,0.11023255813953489,0.20255813953488375,0.11813953488372093,0.12642857142857142,0.04928571428571428,0.0,0.0,0.93,0.87,0.93,91.31680414694614,6.110516826923076
puf12_r123_r567_r567_r678,1,2,2,512,50.660000000000004,3.8969230769230774,0.9934999999999998,0.8392307692307692,0.09,0.7692307692307693,0.072265625,3.6153846153846154,2.41837890625,2.375,1.349375,1.31640625,1.15654296875,1.12109375,4.49,0.99,5.91,1.0,4.71,1.0,4.38,1.0,4.24,1.0,4.71,0.99,4.41,1.0,4.369999999999999,0.99,4.709999999999999,0.98,5.699999999999999,0.97,1.42,0.45,1.1800000000000002,0.45,0.43000000000000005,0.09,0.04209302325581396,0.2230232558139535,0.09651162790697675,0.10790697674418603,0.10604651162790699,0.11023255813953489,0.20255813953488375,0.11813953488372093,0.12642857142857142,0.04928571428571428,0.0,0.0,0.92,0.87,0.93,90.90111561866125,6.3381760817307695
puf12_r123_r567_r567_r678,1,2,3,512,50.660000000000004,3.8969230769230774,0.9934999999999998,0.8392307692307692,0.09,0.7692307692307693,0.072265625,3.6153846153846154,2.41837890625,2.375,1.349375,1.31640625,1.15654296875,1.12109375,4.49,0.99,5.91,1.0,4.71,1.0,4.38,1.0,4.24,1.0,4.71,0.99,4.41,1.0,4.369999999999999,0.99,4.709999999999999,0.98,5.699999999999999,0.97,1.42,0.45,1.1800000000000002,0.45,0.43000000000000005,0.09,0.04209302325581396,0.2230232558139535,0.09651162790697675,0.10790697674418603,0.10604651162790699,0.11023255813953489,0.20255813953488375,0.11813953488372093,0.12642857142857142,0.04928571428571428,0.0,0.0,0.93,0.86,0.93,91.00560288483209,6.359375
puf12_r123_r567_r567_r678,1,2,4,512,50.660000000000004,3.8969230769230774,0.9934999999999998,0.8392307692307692,0.09,0.7692307692307693,0.072265625,3.6153846153846154,2.41837890625,2.375,1.349375,1.31640625,1.15654296875,1.12109375,4.49,0.99,5.91,1.0,4.71,1.0,4.38,1.0,4.24,1.0,4.71,0.99,4.41,1.0,4.369999999999999,0.99,4.709999999999999,0.98,5.699999999999999,0.97,1.42,0.45,1.1800000000000002,0.45,0.43000000000000005,0.09,0.04209302325581396,0.2230232558139535,0.09651162790697675,0.10790697674418603,0.10604651162790699,0.11023255813953489,0.20255813953488375,0.11813953488372093,0.12642857142857142,0.04928571428571428,0.0,0.0,0.92,0.86,0.93,90.75099616858238,6.473918269230769
puf12_r123_r567_r567_r678,1,3,0,512,50.92,3.916923076923077,0.993,0.8446153846153847,0.09,0.8461538461538461,0.072265625,3.6923076923076925,2.4172070312500002,2.376953125,1.3479882812500001,1.318359375,1.1538671875,1.123046875,4.48,0.99,5.91,1.0,4.79,1.0,4.4,1.0,4.27,1.0,4.74,0.99,4.42,1.0,4.38,0.99,4.68,0.98,5.67,0.97,1.57,0.52,1.1700000000000002,0.45,0.44000000000000006,0.09,0.041162790697674416,0.2265116279069767,0.09651162790697675,0.10767441860465116,0.10651162790697674,0.11209302325581395,0.203953488372093,0.11813953488372093,0.12642857142857142,0.04928571428571428,0.0,0.0,0.93,0.87,0.94,91.05995492449853,6.2611328125000005
puf12_r123_r567_r567_r678,1,3,1,512,50.92,3.916923076923077,0.993,0.8446153846153847,0.09,0.8461538461538461,0.072265625,3.6923076923076925,2.4172070312500002,2.376953125,1.3479882812500001,1.318359375,1.1538671875,1.123046875,4.48,0.99,5.91,1.0,4.79,1.0,4.4,1.0,4.27,1.0,4.74,0.99,4.42,1.0,4.38,0.99,4.68,0.98,5.67,0.97,1.57,0.52,1.1700000000000002,0.45,0.44000000000000006,0.09,0.041162790697674416,0.2265116279069767,0.09651162790697675,0.10767441860465116,0.10651162790697674,0.11209302325581395,0.203953488372093,0.11813953488372093,0.12642857142857142,0.04928571428571428,0.0,0.0,0.93,0.87,0.94,90.98973180076626,6.241781850961539
puf12_r123_r567_r567_r678,1,3,2,512,50.92,3.916923076923077,0.993,0.8446153846153847,0.09,0.8461538461538461,0.072265625,3.6923076923076925,2.4172070312500002,2.376953125,1.3479882812500001,1.318359375,1.1538671875,1.123046875,4.48,0.99,5.91,1.0,4.79,1.0,4.4,1.0,4.27,1.0,4.74,0.99,4.42,1.0,4.38,0.99,4.68,0.98,5.67,0.97,1.57,0.52,1.1700000000000002,0.45,0.44000000000000006,0.09,0.041162790697674416,0.2265116279069767,0.09651162790697675,0.10767441860465116,0.10651162790697674,0.11209302325581395,0.203953488372093,0.11813953488372093,0.12642857142857142,0.04928571428571428,0.0,0.0,0.93,0.86,0.94,90.926461573135,6.333473557692307
puf12_r123_r567_r567_r678,1,3,3,512,50.92,3.916923076923077,0.993,0.8446153846153847,0.09,0.8461538461538461,0.072265625,3.6923076923076925,2.4172070312500002,2.376953125,1.3479882812500001,1.318359375,1.1538671875,1.123046875,4.48,0.99,5.91,1.0,4.79,1.0,4.4,1.0,4.27,1.0,4.74,0.99,4.42,1.0,4.38,0.99,4.68,0.98,5.67,0.97,1.57,0.52,1.1700000000000002,0.45,0.44000000000000006,0.09,0.041162790697674416,0.2265116279069767,0.09651162790697675,0.10767441860465116,0.10651162790697674,0.11209302325581395,0.203953488372093,0.11813953488372093,0.12642857142857142,0.04928571428571428,0.0,0.0,0.93,0.87,0.94,90.96233040342574,6.30869891826923
puf12_r123_r567_r567_r678,1,3,4,512,50.92,3.916923076923077,0.993,0.8446153846153847,0.09,0.8461538461538461,0.072265625,3.6923076923076925,2.4172070312500002,2.376953125,1.3479882812500001,1.318359375,1.1538671875,1.123046875,4.48,0.99,5.91,1.0,4.79,1.0,4.4,1.0,4.27,1.0,4.74,0.99,4.42,1.0,4.38,0.99,4.68,0.98,5.67,0.97,1.57,0.52,1.1700000000000002,0.45,0.44000000000000006,0.09,0.041162790697674416,0.2265116279069767,0.09651162790697675,0.10767441860465116,0.10651162790697674,0.11209302325581395,0.203953488372093,0.11813953488372093,0.12642857142857142,0.04928571428571428,0.0,0.0,0.93,0.86,0.93,91.01546089700247,6.306039663461538
puf12_r123_r567_r567_r678,1,4,0,512,50.72,3.9015384615384616,0.9925,0.8415384615384615,0.09,0.7692307692307693,0.0703125,3.5384615384615383,2.42435546875,2.3984375,1.35607421875,1.3359375,1.1551953125,1.130859375,4.54,0.99,5.91,1.0,4.75,1.0,4.4,1.0,4.24,1.0,4.65,0.99,4.380000000000001,0.99,4.39,0.99,4.68,0.98,5.67,0.97,1.53,0.5,1.1600000000000001,0.44,0.42000000000000004,0.09,0.04093023255813954,0.22465116279069772,0.09697674418604652,0.10697674418604651,0.10511627906976743,0.11046511627906977,0.2030232558139535,0.11837209302325581,0.12738095238095237,0.04976190476190476,0.0,0.0,0.92,0.86,0.93,91.09750957854406,6.5416616586538465
puf12_r123_r567_r567_r678,1,4,1,512,50.72,3.9015384615384616,0.9925,0.8415384615384615,0.09,0.7692307692307693,0.0703125,3.5384615384615383,2.42435546875,2.3984375,1.35607421875,1.3359375,1.1551953125,1.130859375,4.54,0.99,5.91,1.0,4.75,1.0,4.4,1.0,4.24,1.0,4.65,0.99,4.380000000000001,0.99,4.39,0.99,4.68,0.98,5.67,0.97,1.53,0.5,1.1600000000000001,0.44,0.42000000000000004,0.09,0.04093023255813954,0.22465116279069772,0.09697674418604652,0.10697674418604651,0.10511627906976743,0.11046511627906977,0.2030232558139535,0.11837209302325581,0.12738095238095237,0.04976190476190476,0.0,0.0,0.92,0.85,0.93,91.14762677484788,6.62549579326923
puf12_r123_r567_r567_r678,1,4,2,512,50.72,3.9015384615384616,0.9925,0.8415384615384615,0.09,0.7692307692307693,0.0703125,3.5384615384615383,2.42435546875,2.3984375,1.35607421875,1.3359375,1.1551953125,1.130859375,4.54,0.99,5.91,1.0,4.75,1.0,4.4,1.0,4.24,1.0,4.65,0.99,4.380000000000001,0.99,4.39,0.99,4.68,0.98,5.67,0.97,1.53,0.5,1.1600000000000001,0.44,0.42000000000000004,0.09,0.04093023255813954,0.22465116279069772,0.09697674418604652,0.10697674418604651,0.10511627906976743,0.11046511627906977,0.2030232558139535,0.11837209302325581,0.12738095238095237,0.04976190476190476,0.0,0.0,0.92,0.86,0.93,91.01812485913905,6.534930889423077
puf12_r123_r567_r567_r678,1,4,3,512,50.72,3.9015384615384616,0.9925,0.8415384615384615,0.09,0.7692307692307693,0.0703125,3.5384615384615383,2.42435546875,2.3984375,1.35607421875,1.3359375,1.1551953125,1.130859375,4.54,0.99,5.91,1.0,4.75,1.0,4.4,1.0,4.24,1.0,4.65,0.99,4.380000000000001,0.99,4.39,0.99,4.68,0.98,5.67,0.97,1.53,0.5,1.1600000000000001,0.44,0.42000000000000004,0.09,0.04093023255813954,0.22465116279069772,0.09697674418604652,0.10697674418604651,0.10511627906976743,0.11046511627906977,0.2030232558139535,0.11837209302325581,0.12738095238095237,0.04976190476190476,0.0,0.0,0.92,0.86,0.93,91.17931485237773,6.569741586538462
puf12_r123_r567_r567_r678,1,4,4,512,50.72,3.9015384615384616,0.9925,0.8415384615384615,0.09,0.7692307692307693,0.0703125,3.5384615384615383,2.42435546875,2.3984375,1.35607421875,1.3359375,1.1551953125,1.130859375,4.54,0.99,5.91,1.0,4.75,1.0,4.4,1.0,4.24,1.0,4.65,0.99,4.380000000000001,0.99,4.39,0.99,4.68,0.98,5.67,0.97,1.53,0.5,1.1600000000000001,0.44,0.42000000000000004,0.09,0.04093023255813954,0.22465116279069772,0.09697674418604652,0.10697674418604651,0.10511627906976743,0.11046511627906977,0.2030232558139535,0.11837209302325581,0.12738095238095237,0.04976190476190476,0.0,0.0,0.92,0.86,0.93,90.92528961009691,6.6120192307692305
puf12_r123_r567_r567_r678,1,5,0,512,50.74,3.9030769230769233,0.9934999999999998,0.8423076923076924,0.09,0.7692307692307693,0.072265625,3.6153846153846154,2.42478515625,2.392578125,1.3559765625,1.326171875,1.155,1.123046875,4.46,0.99,5.82,1.0,4.75,1.0,4.4,1.0,4.26,1.0,4.779999999999999,0.99,4.359999999999999,1.0,4.38,0.99,4.67,0.98,5.71,0.97,1.54,0.5,1.1900000000000002,0.44,0.42000000000000004,0.09,0.0413953488372093,0.22627906976744186,0.09651162790697675,0.10651162790697674,0.10697674418604651,0.11139534883720932,0.20372093023255813,0.11767441860465118,0.1242857142857143,0.04928571428571428,0.0,0.0,0.93,0.86,0.93,91.24709037638044,6.355513822115385
puf12_r123_r567_r567_r678,1,5,1,512,50.74,3.9030769230769233,0.9934999999999998,0.8423076923076924,0.09,0.7692307692307693,0.072265625,3.6153846153846154,2.42478515625,2.392578125,1.3559765625,1.326171875,1.155,1.123046875,4.46,0.99,5.82,1.0,4.75,1.0,4.4,1.0,4.26,1.0,4.779999999999999,0.99,4.359999999999999,1.0,4.38,0.99,4.67,0.98,5.71,0.97,1.54,0.5,1.1900000000000002,0.44,0.42000000000000004,0.09,0.0413953488372093,0.22627906976744186,0.09651162790697675,0.10651162790697674,0.10697674418604651,0.11139534883720932,0.20372093023255813,0.11767441860465118,0.1242857142857143,0.04928571428571428,0.0,0.0,0.93,0.86,0.93,91.26155735857562,6.350330528846153
puf12_r123_r567_r567_r678,1,5,2,512,50.74,3.9030769230769233,0.9934999999999998,0.8423076923076924,0.09,0.7692307692307693,0.072265625,3.6153846153846154,2.42478515625,2.392578125,1.3559765625,1.326171875,1.155,1.123046875,4.46,0.99,5.82,1.0,4.75,1.0,4.4,1.0,4.26,1.0,4.779999999999999,0.99,4.359999999999999,1.0,4.38,0.99,4.67,0.98,5.71,0.97,1.54,0.5,1.1900000000000002,0.44,0.42000000000000004,0.09,0.0413953488372093,0.22627906976744186,0.09651162790697675,0.10651162790697674,0.10697674418604651,0.11139534883720932,0.20372093023255813,0.11767441860465118,0.1242857142857143,0.04928571428571428,0.0,0.0,0.92,0.86,0.93,91.15717151228307,6.496394230769231
puf12_r123_r567_r567_r678,1,5,3,512,50.74,3.9030769230769233,0.9934999999999998,0.8423076923076924,0.09,0.7692307692307693,0.072265625,3.6153846153846154,2.42478515625,2.392578125,1.3559765625,1.326171875,1.155,1.123046875,4.46,0.99,5.82,1.0,4.75,1.0,4.4,1.0,4.26,1.0,4.779999999999999,0.99,4.359999999999999,1.0,4.38,0.99,4.67,0.98,5.71,0.97,1.54,0.5,1.1900000000000002,0.44,0.42000000000000004,0.09,0.0413953488372093,0.22627906976744186,0.09651162790697675,0.10651162790697674,0.10697674418604651,0.11139534883720932,0.20372093023255813,0.11767441860465118,0.1242857142857143,0.04928571428571428,0.0,0.0,0.93,0.86,0.93,91.0473382916385,6.4785907451923075
puf12_r123_r567_r567_r678,1,5,4,512,50.74,3.9030769230769233,0.9934999999999998,0.8423076923076924,0.09,0.7692307692307693,0.072265625,3.6153846153846154,2.42478515625,2.392578125,1.3559765625,1.326171875,1.155,1.123046875,4.46,0.99,5.82,1.0,4.75,1.0,4.4,1.0,4.26,1.0,4.779999999999999,0.99,4.359999999999999,1.0,4.38,0.99,4.67,0.98,5.71,0.97,1.54,0.5,1.1900000000000002,0.44,0.42000000000000004,0.09,0.0413953488372093,0.22627906976744186,0.09651162790697675,0.10651162790697674,0.10697674418604651,0.11139534883720932,0.20372093023255813,0.11767441860465118,0.1242857142857143,0.04928571428571428,0.0,0.0,0.93,0.86,0.93,91.1827450980392,6.338701923076922
puf12_r123_r567_r567_r678,1,6,0,512,50.74,3.9030769230769233,0.9934999999999998,0.8423076923076924,0.09,0.7692307692307693,0.072265625,3.6153846153846154,2.42478515625,2.392578125,1.3559765625,1.326171875,1.155,1.123046875,4.46,0.99,5.82,1.0,4.75,1.0,4.4,1.0,4.26,1.0,4.779999999999999,0.99,4.359999999999999,1.0,4.38,0.99,4.67,0.98,5.71,0.97,1.54,0.5,1.1900000000000002,0.44,0.42000000000000004,0.09,0.0413953488372093,0.22627906976744186,0.09651162790697675,0.10651162790697674,0.10697674418604651,0.11139534883720932,0.20372093023255813,0.11767441860465118,0.1242857142857143,0.04928571428571428,0.0,0.0,0.93,0.86,0.93,91.24709037638044,6.355513822115385
puf12_r123_r567_r567_r678,1,6,1,512,50.74,3.9030769230769233,0.9934999999999998,0.8423076923076924,0.09,0.7692307692307693,0.072265625,3.6153846153846154,2.42478515625,2.392578125,1.3559765625,1.326171875,1.155,1.123046875,4.46,0.99,5.82,1.0,4.75,1.0,4.4,1.0,4.26,1.0,4.779999999999999,0.99,4.359999999999999,1.0,4.38,0.99,4.67,0.98,5.71,0.97,1.54,0.5,1.1900000000000002,0.44,0.42000000000000004,0.09,0.0413953488372093,0.22627906976744186,0.09651162790697675,0.10651162790697674,0.10697674418604651,0.11139534883720932,0.20372093023255813,0.11767441860465118,0.1242857142857143,0.04928571428571428,0.0,0.0,0.93,0.86,0.93,91.26155735857562,6.350330528846153
puf12_r123_r567_r567_r678,1,6,2,512,50.74,3.9030769230769233,0.9934999999999998,0.8423076923076924,0.09,0.7692307692307693,0.072265625,3.6153846153846154,2.42478515625,2.392578125,1.3559765625,1.326171875,1.155,1.123046875,4.46,0.99,5.82,1.0,4.75,1.0,4.4,1.0,4.26,1.0,4.779999999999999,0.99,4.359999999999999,1.0,4.38,0.99,4.67,0.98,5.71,0.97,1.54,0.5,1.1900000000000002,0.44,0.42000000000000004,0.09,0.0413953488372093,0.22627906976744186,0.09651162790697675,0.10651162790697674,0.10697674418604651,0.11139534883720932,0.20372093023255813,0.11767441860465118,0.1242857142857143,0.04928571428571428,0.0,0.0,0.92,0.86,0.93,91.15717151228307,6.496394230769231
puf12_r123_r567_r567_r678,1,6,3,512,50.74,3.9030769230769233,0.9934999999999998,0.8423076923076924,0.09,0.7692307692307693,0.072265625,3.6153846153846154,2.42478515625,2.392578125,1.3559765625,1.326171875,1.155,1.123046875,4.46,0.99,5.82,1.0,4.75,1.0,4.4,1.0,4.26,1.0,4.779999999999999,0.99,4.359999999999999,1.0,4.38,0.99,4.67,0.98,5.71,0.97,1.54,0.5,1.1900000000000002,0.44,0.42000000000000004,0.09,0.0413953488372093,0.22627906976744186,0.09651162790697675,0.10651162790697674,0.10697674418604651,0.11139534883720932,0.20372093023255813,0.11767441860465118,0.1242857142857143,0.04928571428571428,0.0,0.0,0.93,0.86,0.93,91.0473382916385,6.4785907451923075
puf12_r123_r567_r567_r678,1,6,4,512,50.74,3.9030769230769233,0.9934999999999998,0.8423076923076924,0.09,0.7692307692307693,0.072265625,3.6153846153846154,2.42478515625,2.392578125,1.3559765625,1.326171875,1.155,1.123046875,4.46,0.99,5.82,1.0,4.75,1.0,4.4,1.0,4.26,1.0,4.779999999999999,0.99,4.359999999999999,1.0,4.38,0.99,4.67,0.98,5.71,0.97,1.54,0.5,1.1900000000000002,0.44,0.42000000000000004,0.09,0.0413953488372093,0.22627906976744186,0.09651162790697675,0.10651162790697674,0.10697674418604651,0.11139534883720932,0.20372093023255813,0.11767441860465118,0.1242857142857143,0.04928571428571428,0.0,0.0,0.93,0.86,0.93,91.1827450980392,6.338701923076922
puf12_r123_r567_r5loop67_loopr678,1,1,0,526,49.28,3.790769230769231,0.9729999999999996,0.833076923076923,0.12,0.8461538461538461,0.07034220532319392,3.6923076923076925,2.4385551330798476,2.3612167300380227,1.3609695817490493,1.3136882129277567,1.1595627376425854,1.1140684410646389,4.5200000000000005,0.99,5.75,0.99,4.85,0.99,4.2700000000000005,0.98,4.12,0.97,4.04,0.92,4.38,0.97,4.33,0.98,4.41,0.93,5.319999999999999,0.93,1.45,0.47,1.33,0.59,0.51,0.12,0.03818181818181818,0.21431818181818185,0.09227272727272728,0.10522727272727272,0.09181818181818181,0.18954545454545454,0.10749999999999998,0.11636363636363635,0.11840909090909091,0.046363636363636364,0.0,0.0,0.92,0.84,0.92,89.73605640008812,7.374817198011114
puf12_r123_r567_r5loop67_loopr678,1,1,1,526,49.28,3.790769230769231,0.9729999999999996,0.833076923076923,0.12,0.8461538461538461,0.07034220532319392,3.6923076923076925,2.4385551330798476,2.3612167300380227,1.3609695817490493,1.3136882129277567,1.1595627376425854,1.1140684410646389,4.5200000000000005,0.99,5.75,0.99,4.85,0.99,4.2700000000000005,0.98,4.12,0.97,4.04,0.92,4.38,0.97,4.33,0.98,4.41,0.93,5.319999999999999,0.93,1.45,0.47,1.33,0.59,0.51,0.12,0.03818181818181818,0.21431818181818185,0.09227272727272728,0.10522727272727272,0.09181818181818181,0.18954545454545454,0.10749999999999998,0.11636363636363635,0.11840909090909091,0.046363636363636364,0.0,0.0,0.92,0.85,0.92,89.85058603216568,7.386033928049137
puf12_r123_r567_r5loop67_loopr678,1,1,2,526,49.28,3.790769230769231,0.9729999999999996,0.833076923076923,0.12,0.8461538461538461,0.07034220532319392,3.6923076923076925,2.4385551330798476,2.3612167300380227,1.3609695817490493,1.3136882129277567,1.1595627376425854,1.1140684410646389,4.5200000000000005,0.99,5.75,0.99,4.85,0.99,4.2700000000000005,0.98,4.12,0.97,4.04,0.92,4.38,0.97,4.33,0.98,4.41,0.93,5.319999999999999,0.93,1.45,0.47,1.33,0.59,0.51,0.12,0.03818181818181818,0.21431818181818185,0.09227272727272728,0.10522727272727272,0.09181818181818181,0.18954545454545454,0.10749999999999998,0.11636363636363635,0.11840909090909091,0.046363636363636364,0.0,0.0,0.92,0.84,0.92,89.54855034148491,7.489836209417958
puf12_r123_r567_r5loop67_loopr678,1,1,3,526,49.28,3.790769230769231,0.9729999999999996,0.833076923076923,0.12,0.8461538461538461,0.07034220532319392,3.6923076923076925,2.4385551330798476,2.3612167300380227,1.3609695817490493,1.3136882129277567,1.1595627376425854,1.1140684410646389,4.5200000000000005,0.99,5.75,0.99,4.85,0.99,4.2700000000000005,0.98,4.12,0.97,4.04,0.92,4.38,0.97,4.33,0.98,4.41,0.93,5.319999999999999,0.93,1.45,0.47,1.33,0.59,0.51,0.12,0.03818181818181818,0.21431818181818185,0.09227272727272728,0.10522727272727272,0.09181818181818181,0.18954545454545454,0.10749999999999998,0.11636363636363635,0.11840909090909091,0.046363636363636364,0.0,0.0,0.92,0.84,0.92,89.6683784974664,7.4973676513600465
puf12_r123_r567_r5loop67_loopr678,1,1,4,526,49.28,3.790769230769231,0.9729999999999996,0.833076923076923,0.12,0.8461538461538461,0.07034220532319392,3.6923076923076925,2.4385551330798476,2.3612167300380227,1.3609695817490493,1.3136882129277567,1.1595627376425854,1.1140684410646389,4.5200000000000005,0.99,5.75,0.99,4.85,0.99,4.2700000000000005,0.98,4.12,0.97,4.04,0.92,4.38,0.97,4.33,0.98,4.41,0.93,5.319999999999999,0.93,1.45,0.47,1.33,0.59,0.51,0.12,0.03818181818181818,0.21431818181818185,0.09227272727272728,0.10522727272727272,0.09181818181818181,0.18954545454545454,0.10749999999999998,0.11636363636363635,0.11840909090909091,0.046363636363636364,0.0,0.0,0.92,0.84,0.92,89.47417052214145,7.604284878619478
puf12_r123_r567_r5loop67_loopr678,1,2,0,526,41.86,3.2199999999999998,0.9259999999999999,0.7038461538461539,0.16,0.6923076923076923,0.049429657794676805,2.6153846153846154,2.442186311787072,2.387832699619772,1.3479657794676805,1.3193916349809887,1.160171102661597,1.1273764258555132,2.5799999999999996,0.49,4.390000000000001,0.9,4.36,0.93,4.55,0.93,3.95,0.95,4.47,0.96,4.46,0.97,3.15,0.88,2.9000000000000004,0.68,2.0799999999999996,0.51,1.8,0.4,2.1,0.39,1.0699999999999998,0.16,0.003181818181818182,0.035,0.07613636363636363,0.09931818181818182,0.09954545454545455,0.19090909090909092,0.10340909090909091,0.07863636363636363,0.09045454545454547,0.06113636363636365,0.06186046511627907,0.054418604651162786,0.9,0.83,0.9,88.85824630975985,7.422535829189822
puf12_r123_r567_r5loop67_loopr678,1,2,1,526,41.86,3.2199999999999998,0.9259999999999999,0.7038461538461539,0.16,0.6923076923076923,0.049429657794676805,2.6153846153846154,2.442186311787072,2.387832699619772,1.3479657794676805,1.3193916349809887,1.160171102661597,1.1273764258555132,2.5799999999999996,0.49,4.390000000000001,0.9,4.36,0.93,4.55,0.93,3.95,0.95,4.47,0.96,4.46,0.97,3.15,0.88,2.9000000000000004,0.68,2.0799999999999996,0.51,1.8,0.4,2.1,0.39,1.0699999999999998,0.16,0.003181818181818182,0.035,0.07613636363636363,0.09931818181818182,0.09954545454545455,0.19090909090909092,0.10340909090909091,0.07863636363636363,0.09045454545454547,0.06113636363636365,0.06186046511627907,0.054418604651162786,0.89,0.83,0.9,88.70208856576339,7.533825680023399
puf12_r123_r567_r5loop67_loopr678,1,2,2,526,41.86,3.2199999999999998,0.9259999999999999,0.7038461538461539,0.16,0.6923076923076923,0.049429657794676805,2.6153846153846154,2.442186311787072,2.387832699619772,1.3479657794676805,1.3193916349809887,1.160171102661597,1.1273764258555132,2.5799999999999996,0.49,4.390000000000001,0.9,4.36,0.93,4.55,0.93,3.95,0.95,4.47,0.96,4.46,0.97,3.15,0.88,2.9000000000000004,0.68,2.0799999999999996,0.51,1.8,0.4,2.1,0.39,1.0699999999999998,0.16,0.003181818181818182,0.035,0.07613636363636363,0.09931818181818182,0.09954545454545455,0.19090909090909092,0.10340909090909091,0.07863636363636363,0.09045454545454547,0.06113636363636365,0.06186046511627907,0.054418604651162786,0.89,0.83,0.9,88.795966071822,7.585361216730037
puf12_r123_r567_r5loop67_loopr678,1,2,3,526,41.86,3.2199999999999998,0.9259999999999999,0.7038461538461539,0.16,0.6923076923076923,0.049429657794676805,2.6153846153846154,2.442186311787072,2.387832699619772,1.3479657794676805,1.3193916349809887,1.160171102661597,1.1273764258555132,2.5799999999999996,0.49,4.390000000000001,0.9,4.36,0.93,4.55,0.93,3.95,0.95,4.47,0.96,4.46,0.97,3.15,0.88,2.9000000000000004,0.68,2.0799999999999996,0.51,1.8,0.4,2.1,0.39,1.0699999999999998,0.16,0.003181818181818182,0.035,0.07613636363636363,0.09931818181818182,0.09954545454545455,0.19090909090909092,0.10340909090909091,0.07863636363636363,0.09045454545454547,0.06113636363636365,0.06186046511627907,0.054418604651162786,0.89,0.82,0.9,88.40159065873539,7.651477040070197
puf12_r123_r567_r5loop67_loopr678,1,2,4,526,41.86,3.2199999999999998,0.9259999999999999,0.7038461538461539,0.16,0.6923076923076923,0.049429657794676805,2.6153846153846154,2.442186311787072,2.387832699619772,1.3479657794676805,1.3193916349809887,1.160171102661597,1.1273764258555132,2.5799999999999996,0.49,4.390000000000001,0.9,4.36,0.93,4.55,0.93,3.95,0.95,4.47,0.96,4.46,0.97,3.15,0.88,2.9000000000000004,0.68,2.0799999999999996,0.51,1.8,0.4,2.1,0.39,1.0699999999999998,0.16,0.003181818181818182,0.035,0.07613636363636363,0.09931818181818182,0.09954545454545455,0.19090909090909092,0.10340909090909091,0.07863636363636363,0.09045454545454547,0.06113636363636365,0.06186046511627907,0.054418604651162786,0.89,0.83,0.9,88.7295637805684,7.56614507165838
puf12_r123_r567_r5loop67_loopr678,1,3,0,526,42.38,3.2600000000000002,0.9404999999999999,0.7046153846153845,0.16,0.6153846153846154,0.049429657794676805,2.5384615384615383,2.4404182509505703,2.3916349809885933,1.3483269961977187,1.3231939163498099,1.1613688212927757,1.129277566539924,2.54,0.48,4.43,0.9,4.3999999999999995,0.95,4.569999999999999,0.95,3.91,0.96,4.659999999999999,0.97,4.46,0.98,3.1,0.88,3.0500000000000003,0.68,2.1,0.45,1.96,0.43,2.1,0.37,1.1,0.16,0.003181818181818182,0.03318181818181818,0.07795454545454544,0.10022727272727273,0.10045454545454545,0.19113636363636363,0.10545454545454545,0.07818181818181819,0.09227272727272727,0.060454545454545455,0.06418604651162792,0.059302325581395345,0.89,0.83,0.9,88.46475435117868,7.564273179292191
puf12_r123_r567_r5loop67_loopr678,1,3,1,526,42.38,3.2600000000000002,0.9404999999999999,0.7046153846153845,0.16,0.6153846153846154,0.049429657794676805,2.5384615384615383,2.4404182509505703,2.3916349809885933,1.3483269961977187,1.3231939163498099,1.1613688212927757,1.129277566539924,2.54,0.48,4.43,0.9,4.3999999999999995,0.95,4.569999999999999,0.95,3.91,0.96,4.659999999999999,0.97,4.46,0.98,3.1,0.88,3.0500000000000003,0.68,2.1,0.45,1.96,0.43,2.1,0.37,1.1,0.16,0.003181818181818182,0.03318181818181818,0.07795454545454544,0.10022727272727273,0.10045454545454545,0.19113636363636363,0.10545454545454545,0.07818181818181819,0.09227272727272727,0.060454545454545455,0.06418604651162792,0.059302325581395345,0.89,0.83,0.9,88.58989204670632,7.538885639075754
puf12_r123_r567_r5loop67_loopr678,1,3,2,526,42.38,3.2600000000000002,0.9404999999999999,0.7046153846153845,0.16,0.6153846153846154,0.049429657794676805,2.5384615384615383,2.4404182509505703,2.3916349809885933,1.3483269961977187,1.3231939163498099,1.1613688212927757,1.129277566539924,2.54,0.48,4.43,0.9,4.3999999999999995,0.95,4.569999999999999,0.95,3.91,0.96,4.659999999999999,0.97,4.46,0.98,3.1,0.88,3.0500000000000003,0.68,2.1,0.45,1.96,0.43,2.1,0.37,1.1,0.16,0.003181818181818182,0.03318181818181818,0.07795454545454544,0.10022727272727273,0.10045454545454545,0.19113636363636363,0.10545454545454545,0.07818181818181819,0.09227272727272727,0.060454545454545455,0.06418604651162792,0.059302325581395345,0.89,0.83,0.9,88.39939413967834,7.709257092717169
puf12_r123_r567_r5loop67_loopr678,1,3,3,526,42.38,3.2600000000000002,0.9404999999999999,0.7046153846153845,0.16,0.6153846153846154,0.049429657794676805,2.5384615384615383,2.4404182509505703,2.3916349809885933,1.3483269961977187,1.3231939163498099,1.1613688212927757,1.129277566539924,2.54,0.48,4.43,0.9,4.3999999999999995,0.95,4.569999999999999,0.95,3.91,0.96,4.659999999999999,0.97,4.46,0.98,3.1,0.88,3.0500000000000003,0.68,2.1,0.45,1.96,0.43,2.1,0.37,1.1,0.16,0.003181818181818182,0.03318181818181818,0.07795454545454544,0.10022727272727273,0.10045454545454545,0.19113636363636363,0.10545454545454545,0.07818181818181819,0.09227272727272727,0.060454545454545455,0.06418604651162792,0.059302325581395345,0.89,0.83,0.9,88.75462877285744,7.511596958174906
puf12_r123_r567_r5loop67_loopr678,1,3,4,526,42.38,3.2600000000000002,0.9404999999999999,0.7046153846153845,0.16,0.6153846153846154,0.049429657794676805,2.5384615384615383,2.4404182509505703,2.3916349809885933,1.3483269961977187,1.3231939163498099,1.1613688212927757,1.129277566539924,2.54,0.48,4.43,0.9,4.3999999999999995,0.95,4.569999999999999,0.95,3.91,0.96,4.659999999999999,0.97,4.46,0.98,3.1,0.88,3.0500000000000003,0.68,2.1,0.45,1.96,0.43,2.1,0.37,1.1,0.16,0.003181818181818182,0.03318181818181818,0.07795454545454544,0.10022727272727273,0.10045454545454545,0.19113636363636363,0.10545454545454545,0.07818181818181819,0.09227272727272727,0.060454545454545455,0.06418604651162792,0.059302325581395345,0.89,0.83,0.9,88.68867151354924,7.480520620064347
puf12_r123_r567_r5loop67_loopr678,1,4,0,526,41.660000000000004,3.204615384615385,0.9344999999999999,0.6884615384615386,0.12,0.6923076923076923,0.049429657794676805,2.6153846153846154,2.4370532319391636,2.3783269961977185,1.3452281368821293,1.3155893536121672,1.165171102661597,1.129277566539924,2.5500000000000003,0.49,4.4,0.9,4.38,0.95,4.54,0.94,3.9299999999999997,0.95,4.68,0.97,4.4399999999999995,0.97,3.17,0.87,2.8899999999999997,0.66,2.08,0.51,1.5,0.3,2.0500000000000003,0.32,1.05,0.12,0.0036363636363636364,0.035,0.07568181818181818,0.10045454545454545,0.09954545454545456,0.1922727272727273,0.10522727272727272,0.07909090909090909,0.09318181818181817,0.06659090909090909,0.05395348837209303,0.04441860465116279,0.9,0.84,0.91,88.11234412866271,7.374378473237788
puf12_r123_r567_r5loop67_loopr678,1,4,1,526,41.660000000000004,3.204615384615385,0.9344999999999999,0.6884615384615386,0.12,0.6923076923076923,0.049429657794676805,2.6153846153846154,2.4370532319391636,2.3783269961977185,1.3452281368821293,1.3155893536121672,1.165171102661597,1.129277566539924,2.5500000000000003,0.49,4.4,0.9,4.38,0.95,4.54,0.94,3.9299999999999997,0.95,4.68,0.97,4.4399999999999995,0.97,3.17,0.87,2.8899999999999997,0.66,2.08,0.51,1.5,0.3,2.0500000000000003,0.32,1.05,0.12,0.0036363636363636364,0.035,0.07568181818181818,0.10045454545454545,0.09954545454545456,0.1922727272727273,0.10522727272727272,0.07909090909090909,0.09318181818181817,0.06659090909090909,0.05395348837209303,0.04441860465116279,0.89,0.83,0.9,88.13283983256223,7.581032465633227
puf12_r123_r567_r5loop67_loopr678,1,4,2,526,41.660000000000004,3.204615384615385,0.9344999999999999,0.6884615384615386,0.12,0.6923076923076923,0.049429657794676805,2.6153846153846154,2.4370532319391636,2.3783269961977185,1.3452281368821293,1.3155893536121672,1.165171102661597,1.129277566539924,2.5500000000000003,0.49,4.4,0.9,4.38,0.95,4.54,0.94,3.9299999999999997,0.95,4.68,0.97,4.4399999999999995,0.97,3.17,0.87,2.8899999999999997,0.66,2.08,0.51,1.5,0.3,2.0500000000000003,0.32,1.05,0.12,0.0036363636363636364,0.035,0.07568181818181818,0.10045454545454545,0.09954545454545456,0.1922727272727273,0.10522727272727272,0.07909090909090909,0.09318181818181817,0.06659090909090909,0.05395348837209303,0.04441860465116279,0.89,0.84,0.9,88.15005507821105,7.527391050014624
puf12_r123_r567_r5loop67_loopr678,1,4,3,526,41.660000000000004,3.204615384615385,0.9344999999999999,0.6884615384615386,0.12,0.6923076923076923,0.049429657794676805,2.6153846153846154,2.4370532319391636,2.3783269961977185,1.3452281368821293,1.3155893536121672,1.165171102661597,1.129277566539924,2.5500000000000003,0.49,4.4,0.9,4.38,0.95,4.54,0.94,3.9299999999999997,0.95,4.68,0.97,4.4399999999999995,0.97,3.17,0.87,2.8899999999999997,0.66,2.08,0.51,1.5,0.3,2.0500000000000003,0.32,1.05,0.12,0.0036363636363636364,0.035,0.07568181818181818,0.10045454545454545,0.09954545454545456,0.1922727272727273,0.10522727272727272,0.07909090909090909,0.09318181818181817,0.06659090909090909,0.05395348837209303,0.04441860465116279,0.89,0.83,0.9,87.79476756994933,7.702339865457736
puf12_r123_r567_r5loop67_loopr678,1,4,4,526,41.660000000000004,3.204615384615385,0.9344999999999999,0.6884615384615386,0.12,0.6923076923076923,0.049429657794676805,2.6153846153846154,2.4370532319391636,2.3783269961977185,1.3452281368821293,1.3155893536121672,1.165171102661597,1.129277566539924,2.5500000000000003,0.49,4.4,0.9,4.38,0.95,4.54,0.94,3.9299999999999997,0.95,4.68,0.97,4.4399999999999995,0.97,3.17,0.87,2.8899999999999997,0.66,2.08,0.51,1.5,0.3,2.0500000000000003,0.32,1.05,0.12,0.0036363636363636364,0.035,0.07568181818181818,0.10045454545454545,0.09954545454545456,0.1922727272727273,0.10522727272727272,0.07909090909090909,0.09318181818181817,0.06659090909090909,0.05395348837209303,0.04441860465116279,0.72,0.81,0.76,87.01256223837851,10.654504241006142
puf12_r123_r567_r5loop67_r678,0,1,0,519,51.21000000000001,3.93923076923077,0.9925,0.8392307692307691,0.1,0.7692307692307693,0.07129094412331406,3.6153846153846154,2.4346242774566473,2.341040462427746,1.3573410404624278,1.298651252408478,1.1607321772639694,1.1021194605009634,4.58,0.99,5.99,1.0,4.6899999999999995,1.0,4.640000000000001,1.0,4.2,0.99,4.76,0.99,4.430000000000001,1.0,4.390000000000001,0.99,4.6899999999999995,0.98,5.72,0.97,1.4700000000000002,0.45,1.2000000000000002,0.45,0.45,0.1,0.042272727272727274,0.21886363636363634,0.09499999999999999,0.10790697674418606,0.10651162790697674,0.15767441860465115,0.1127906976744186,0.16534883720930232,0.1272093023255814,0.049069767441860465,0.0,0.0,0.93,0.86,0.93,90.281876114082,6.824040314213724
puf12_r123_r567_r5loop67_r678,0,1,1,519,51.21000000000001,3.93923076923077,0.9925,0.8392307692307691,0.1,0.7692307692307693,0.07129094412331406,3.6153846153846154,2.4346242774566473,2.341040462427746,1.3573410404624278,1.298651252408478,1.1607321772639694,1.1021194605009634,4.58,0.99,5.99,1.0,4.6899999999999995,1.0,4.640000000000001,1.0,4.2,0.99,4.76,0.99,4.430000000000001,1.0,4.390000000000001,0.99,4.6899999999999995,0.98,5.72,0.97,1.4700000000000002,0.45,1.2000000000000002,0.45,0.45,0.1,0.042272727272727274,0.21886363636363634,0.09499999999999999,0.10790697674418606,0.10651162790697674,0.15767441860465115,0.1127906976744186,0.16534883720930232,0.1272093023255814,0.049069767441860465,0.0,0.0,0.92,0.86,0.93,90.12413547237077,6.818408181413961
puf12_r123_r567_r5loop67_r678,0,1,2,519,51.21000000000001,3.93923076923077,0.9925,0.8392307692307691,0.1,0.7692307692307693,0.07129094412331406,3.6153846153846154,2.4346242774566473,2.341040462427746,1.3573410404624278,1.298651252408478,1.1607321772639694,1.1021194605009634,4.58,0.99,5.99,1.0,4.6899999999999995,1.0,4.640000000000001,1.0,4.2,0.99,4.76,0.99,4.430000000000001,1.0,4.390000000000001,0.99,4.6899999999999995,0.98,5.72,0.97,1.4700000000000002,0.45,1.2000000000000002,0.45,0.45,0.1,0.042272727272727274,0.21886363636363634,0.09499999999999999,0.10790697674418606,0.10651162790697674,0.15767441860465115,0.1127906976744186,0.16534883720930232,0.1272093023255814,0.049069767441860465,0.0,0.0,0.92,0.85,0.93,89.80172459893049,7.079309322661925
puf12_r123_r567_r5loop67_r678,0,1,3,519,51.21000000000001,3.93923076923077,0.9925,0.8392307692307691,0.1,0.7692307692307693,0.07129094412331406,3.6153846153846154,2.4346242774566473,2.341040462427746,1.3573410404624278,1.298651252408478,1.1607321772639694,1.1021194605009634,4.58,0.99,5.99,1.0,4.6899999999999995,1.0,4.640000000000001,1.0,4.2,0.99,4.76,0.99,4.430000000000001,1.0,4.390000000000001,0.99,4.6899999999999995,0.98,5.72,0.97,1.4700000000000002,0.45,1.2000000000000002,0.45,0.45,0.1,0.042272727272727274,0.21886363636363634,0.09499999999999999,0.10790697674418606,0.10651162790697674,0.15767441860465115,0.1127906976744186,0.16534883720930232,0.1272093023255814,0.049069767441860465,0.0,0.0,0.92,0.85,0.93,89.9929701426025,6.895850007410702
puf12_r123_r567_r5loop67_r678,0,1,4,519,51.21000000000001,3.93923076923077,0.9925,0.8392307692307691,0.1,0.7692307692307693,0.07129094412331406,3.6153846153846154,2.4346242774566473,2.341040462427746,1.3573410404624278,1.298651252408478,1.1607321772639694,1.1021194605009634,4.58,0.99,5.99,1.0,4.6899999999999995,1.0,4.640000000000001,1.0,4.2,0.99,4.76,0.99,4.430000000000001,1.0,4.390000000000001,0.99,4.6899999999999995,0.98,5.72,0.97,1.4700000000000002,0.45,1.2000000000000002,0.45,0.45,0.1,0.042272727272727274,0.21886363636363634,0.09499999999999999,0.10790697674418606,0.10651162790697674,0.15767441860465115,0.1127906976744186,0.16534883720930232,0.1272093023255814,0.049069767441860465,0.0,0.0,0.92,0.85,0.92,89.82211452762924,7.087713057655255
puf12_r123_r567_r5loop67_r678,0,2,0,519,50.919999999999995,3.9169230769230765,0.9925,0.8415384615384615,0.09,0.7692307692307693,0.07129094412331406,3.6153846153846154,2.4384200385356456,2.368015414258189,1.3573217726396916,1.3102119460500963,1.1611946050096338,1.1136801541425818,4.55,0.99,5.91,1.0,4.72,1.0,4.48,1.0,4.22,0.99,4.75,0.99,4.45,1.0,4.41,0.99,4.64,0.98,5.699999999999999,0.97,1.51,0.49,1.1700000000000002,0.45,0.41000000000000003,0.09,0.04090909090909091,0.21840909090909089,0.0943181818181818,0.10906976744186045,0.10697674418604651,0.15627906976744188,0.11162790697674418,0.16465116279069766,0.12534883720930232,0.04837209302325582,0.0,0.0,0.92,0.85,0.93,89.8629344919786,7.075203794278938
puf12_r123_r567_r5loop67_r678,0,2,1,519,50.919999999999995,3.9169230769230765,0.9925,0.8415384615384615,0.09,0.7692307692307693,0.07129094412331406,3.6153846153846154,2.4384200385356456,2.368015414258189,1.3573217726396916,1.3102119460500963,1.1611946050096338,1.1136801541425818,4.55,0.99,5.91,1.0,4.72,1.0,4.48,1.0,4.22,0.99,4.75,0.99,4.45,1.0,4.41,0.99,4.64,0.98,5.699999999999999,0.97,1.51,0.49,1.1700000000000002,0.45,0.41000000000000003,0.09,0.04090909090909091,0.21840909090909089,0.0943181818181818,0.10906976744186045,0.10697674418604651,0.15627906976744188,0.11162790697674418,0.16465116279069766,0.12534883720930232,0.04837209302325582,0.0,0.0,0.92,0.85,0.93,89.85118092691623,7.009115162294353
puf12_r123_r567_r5loop67_r678,0,2,2,519,50.919999999999995,3.9169230769230765,0.9925,0.8415384615384615,0.09,0.7692307692307693,0.07129094412331406,3.6153846153846154,2.4384200385356456,2.368015414258189,1.3573217726396916,1.3102119460500963,1.1611946050096338,1.1136801541425818,4.55,0.99,5.91,1.0,4.72,1.0,4.48,1.0,4.22,0.99,4.75,0.99,4.45,1.0,4.41,0.99,4.64,0.98,5.699999999999999,0.97,1.51,0.49,1.1700000000000002,0.45,0.41000000000000003,0.09,0.04090909090909091,0.21840909090909089,0.0943181818181818,0.10906976744186045,0.10697674418604651,0.15627906976744188,0.11162790697674418,0.16465116279069766,0.12534883720930232,0.04837209302325582,0.0,0.0,0.92,0.86,0.93,90.14162210338681,6.9557136505113375
puf12_r123_r567_r5loop67_r678,0,2,3,519,50.919999999999995,3.9169230769230765,0.9925,0.8415384615384615,0.09,0.7692307692307693,0.07129094412331406,3.6153846153846154,2.4384200385356456,2.368015414258189,1.3573217726396916,1.3102119460500963,1.1611946050096338,1.1136801541425818,4.55,0.99,5.91,1.0,4.72,1.0,4.48,1.0,4.22,0.99,4.75,0.99,4.45,1.0,4.41,0.99,4.64,0.98,5.699999999999999,0.97,1.51,0.49,1.1700000000000002,0.45,0.41000000000000003,0.09,0.04090909090909091,0.21840909090909089,0.0943181818181818,0.10906976744186045,0.10697674418604651,0.15627906976744188,0.11162790697674418,0.16465116279069766,0.12534883720930232,0.04837209302325582,0.0,0.0,0.92,0.85,0.93,89.99575311942958,7.044034385652883
puf12_r123_r567_r5loop67_r678,0,2,4,519,50.919999999999995,3.9169230769230765,0.9925,0.8415384615384615,0.09,0.7692307692307693,0.07129094412331406,3.6153846153846154,2.4384200385356456,2.368015414258189,1.3573217726396916,1.3102119460500963,1.1611946050096338,1.1136801541425818,4.55,0.99,5.91,1.0,4.72,1.0,4.48,1.0,4.22,0.99,4.75,0.99,4.45,1.0,4.41,0.99,4.64,0.98,5.699999999999999,0.97,1.51,0.49,1.1700000000000002,0.45,0.41000000000000003,0.09,0.04090909090909091,0.21840909090909089,0.0943181818181818,0.10906976744186045,0.10697674418604651,0.15627906976744188,0.11162790697674418,0.16465116279069766,0.12534883720930232,0.04837209302325582,0.0,0.0,0.92,0.85,0.93,90.27244875222816,6.927834593152512
puf12_r123_r567_r5loop67_r678,0,3,0,519,50.67999999999999,3.8984615384615378,0.993,0.8392307692307693,0.09,0.7692307692307693,0.07129094412331406,3.6153846153846154,2.439344894026975,2.3603082851637764,1.3647398843930636,1.3179190751445087,1.160520231213873,1.1136801541425818,4.51,0.99,5.9,1.0,4.67,1.0,4.4,1.0,4.17,1.0,4.7299999999999995,0.99,4.42,1.0,4.4,0.99,4.709999999999999,0.98,5.7,0.97,1.5,0.47,1.1500000000000001,0.43,0.42000000000000004,0.09,0.041136363636363645,0.21886363636363634,0.09499999999999999,0.10790697674418606,0.10674418604651162,0.15465116279069768,0.1088372093023256,0.16488372093023254,0.1241860465116279,0.048139534883720934,0.0,0.0,0.93,0.85,0.93,90.4608088235294,6.964947384022529
puf12_r123_r567_r5loop67_r678,0,3,1,519,50.67999999999999,3.8984615384615378,0.993,0.8392307692307693,0.09,0.7692307692307693,0.07129094412331406,3.6153846153846154,2.439344894026975,2.3603082851637764,1.3647398843930636,1.3179190751445087,1.160520231213873,1.1136801541425818,4.51,0.99,5.9,1.0,4.67,1.0,4.4,1.0,4.17,1.0,4.7299999999999995,0.99,4.42,1.0,4.4,0.99,4.709999999999999,0.98,5.7,0.97,1.5,0.47,1.1500000000000001,0.43,0.42000000000000004,0.09,0.041136363636363645,0.21886363636363634,0.09499999999999999,0.10790697674418606,0.10674418604651162,0.15465116279069768,0.1088372093023256,0.16488372093023254,0.1241860465116279,0.048139534883720934,0.0,0.0,0.93,0.85,0.93,90.21390151515152,6.995138580109678
puf12_r123_r567_r5loop67_r678,0,3,2,519,50.67999999999999,3.8984615384615378,0.993,0.8392307692307693,0.09,0.7692307692307693,0.07129094412331406,3.6153846153846154,2.439344894026975,2.3603082851637764,1.3647398843930636,1.3179190751445087,1.160520231213873,1.1136801541425818,4.51,0.99,5.9,1.0,4.67,1.0,4.4,1.0,4.17,1.0,4.7299999999999995,0.99,4.42,1.0,4.4,0.99,4.709999999999999,0.98,5.7,0.97,1.5,0.47,1.1500000000000001,0.43,0.42000000000000004,0.09,0.041136363636363645,0.21886363636363634,0.09499999999999999,0.10790697674418606,0.10674418604651162,0.15465116279069768,0.1088372093023256,0.16488372093023254,0.1241860465116279,0.048139534883720934,0.0,0.0,0.93,0.86,0.93,90.59663324420677,6.87140951534015
puf12_r123_r567_r5loop67_r678,0,3,3,519,50.67999999999999,3.8984615384615378,0.993,0.8392307692307693,0.09,0.7692307692307693,0.07129094412331406,3.6153846153846154,2.439344894026975,2.3603082851637764,1.3647398843930636,1.3179190751445087,1.160520231213873,1.1136801541425818,4.51,0.99,5.9,1.0,4.67,1.0,4.4,1.0,4.17,1.0,4.7299999999999995,0.99,4.42,1.0,4.4,0.99,4.709999999999999,0.98,5.7,0.97,1.5,0.47,1.1500000000000001,0.43,0.42000000000000004,0.09,0.041136363636363645,0.21886363636363634,0.09499999999999999,0.10790697674418606,0.10674418604651162,0.15465116279069768,0.1088372093023256,0.16488372093023254,0.1241860465116279,0.048139534883720934,0.0,0.0,0.93,0.86,0.93,90.64073306595365,6.638239217429969
puf12_r123_r567_r5loop67_r678,0,3,4,519,50.67999999999999,3.8984615384615378,0.993,0.8392307692307693,0.09,0.7692307692307693,0.07129094412331406,3.6153846153846154,2.439344894026975,2.3603082851637764,1.3647398843930636,1.3179190751445087,1.160520231213873,1.1136801541425818,4.51,0.99,5.9,1.0,4.67,1.0,4.4,1.0,4.17,1.0,4.7299999999999995,0.99,4.42,1.0,4.4,0.99,4.709999999999999,0.98,5.7,0.97,1.5,0.47,1.1500000000000001,0.43,0.42000000000000004,0.09,0.041136363636363645,0.21886363636363634,0.09499999999999999,0.10790697674418606,0.10674418604651162,0.15465116279069768,0.1088372093023256,0.16488372093023254,0.1241860465116279,0.048139534883720934,0.0,0.0,0.93,0.86,0.93,90.43831996434938,6.9431451015266035
puf12_r123_r567_r5loop67_r678,0,4,0,519,50.71,3.9007692307692308,0.992,0.8392307692307692,0.1,0.7692307692307693,0.07129094412331406,3.6153846153846154,2.434238921001927,2.3429672447013488,1.360019267822736,1.302504816955684,1.1567437379576109,1.1001926782273603,4.52,0.99,5.9,1.0,4.720000000000001,1.0,4.37,1.0,4.1899999999999995,0.99,4.7,0.99,4.390000000000001,0.99,4.36,0.99,4.68,0.98,5.7299999999999995,0.97,1.48,0.45,1.2100000000000002,0.46,0.4600000000000001,0.1,0.0425,0.21954545454545454,0.09431818181818183,0.10697674418604651,0.10581395348837211,0.15534883720930234,0.10953488372093023,0.16441860465116281,0.12395348837209305,0.048604651162790696,0.0,0.0,0.93,0.86,0.94,90.4715975935829,6.610612123906921
puf12_r123_r567_r5loop67_r678,0,4,1,519,50.71,3.9007692307692308,0.992,0.8392307692307692,0.1,0.7692307692307693,0.07129094412331406,3.6153846153846154,2.434238921001927,2.3429672447013488,1.360019267822736,1.302504816955684,1.1567437379576109,1.1001926782273603,4.52,0.99,5.9,1.0,4.720000000000001,1.0,4.37,1.0,4.1899999999999995,0.99,4.7,0.99,4.390000000000001,0.99,4.36,0.99,4.68,0.98,5.7299999999999995,0.97,1.48,0.45,1.2100000000000002,0.46,0.4600000000000001,0.1,0.0425,0.21954545454545454,0.09431818181818183,0.10697674418604651,0.10581395348837211,0.15534883720930234,0.10953488372093023,0.16441860465116281,0.12395348837209305,0.048604651162790696,0.0,0.0,0.93,0.86,0.93,90.12648172905526,6.848214021046391
puf12_r123_r567_r5loop67_r678,0,4,2,519,50.71,3.9007692307692308,0.992,0.8392307692307692,0.1,0.7692307692307693,0.07129094412331406,3.6153846153846154,2.434238921001927,2.3429672447013488,1.360019267822736,1.302504816955684,1.1567437379576109,1.1001926782273603,4.52,0.99,5.9,1.0,4.720000000000001,1.0,4.37,1.0,4.1899999999999995,0.99,4.7,0.99,4.390000000000001,0.99,4.36,0.99,4.68,0.98,5.7299999999999995,0.97,1.48,0.45,1.2100000000000002,0.46,0.4600000000000001,0.1,0.0425,0.21954545454545454,0.09431818181818183,0.10697674418604651,0.10581395348837211,0.15534883720930234,0.10953488372093023,0.16441860465116281,0.12395348837209305,0.048604651162790696,0.0,0.0,0.93,0.85,0.93,90.23589126559715,7.013383726100488
puf12_r123_r567_r5loop67_r678,0,4,3,519,50.71,3.9007692307692308,0.992,0.8392307692307692,0.1,0.7692307692307693,0.07129094412331406,3.6153846153846154,2.434238921001927,2.3429672447013488,1.360019267822736,1.302504816955684,1.1567437379576109,1.1001926782273603,4.52,0.99,5.9,1.0,4.720000000000001,1.0,4.37,1.0,4.1899999999999995,0.99,4.7,0.99,4.390000000000001,0.99,4.36,0.99,4.68,0.98,5.7299999999999995,0.97,1.48,0.45,1.2100000000000002,0.46,0.4600000000000001,0.1,0.0425,0.21954545454545454,0.09431818181818183,0.10697674418604651,0.10581395348837211,0.15534883720930234,0.10953488372093023,0.16441860465116281,0.12395348837209305,0.048604651162790696,0.0,0.0,0.93,0.86,0.93,90.45295231729055,6.911427301022677
puf12_r123_r567_r5loop67_r678,0,4,4,519,50.71,3.9007692307692308,0.992,0.8392307692307692,0.1,0.7692307692307693,0.07129094412331406,3.6153846153846154,2.434238921001927,2.3429672447013488,1.360019267822736,1.302504816955684,1.1567437379576109,1.1001926782273603,4.52,0.99,5.9,1.0,4.720000000000001,1.0,4.37,1.0,4.1899999999999995,0.99,4.7,0.99,4.390000000000001,0.99,4.36,0.99,4.68,0.98,5.7299999999999995,0.97,1.48,0.45,1.2100000000000002,0.46,0.4600000000000001,0.1,0.0425,0.21954545454545454,0.09431818181818183,0.10697674418604651,0.10581395348837211,0.15534883720930234,0.10953488372093023,0.16441860465116281,0.12395348837209305,0.048604651162790696,0.0,0.0,0.92,0.86,0.93,90.11810160427807,7.029494590188232
puf12_r123_r567_r6loopr7_r5678,0,1,0,519,50.84,3.910769230769231,0.9934999999999998,0.8430769230769232,0.09,0.7692307692307693,0.06936416184971098,3.6153846153846154,2.419383429672447,2.348747591522158,1.3370327552986512,1.2909441233140655,1.148073217726397,1.1001926782273603,4.45,1.0,5.859999999999999,1.0,4.709999999999999,1.0,4.89,1.0,4.16,0.99,4.62,0.99,4.34,1.0,4.37,0.99,4.68,0.98,5.72,0.97,1.47,0.49,1.1500000000000001,0.46,0.42000000000000004,0.09,0.04,0.21977272727272731,0.09386363636363634,0.10581395348837211,0.1044186046511628,0.1644186046511628,0.09999999999999999,0.1755813953488372,0.12093023255813952,0.04930232558139535,0.0,0.0,0.94,0.88,0.94,91.34881684491978,5.7382243960278645
puf12_r123_r567_r6loopr7_r5678,0,1,1,519,50.84,3.910769230769231,0.9934999999999998,0.8430769230769232,0.09,0.7692307692307693,0.06936416184971098,3.6153846153846154,2.419383429672447,2.348747591522158,1.3370327552986512,1.2909441233140655,1.148073217726397,1.1001926782273603,4.45,1.0,5.859999999999999,1.0,4.709999999999999,1.0,4.89,1.0,4.16,0.99,4.62,0.99,4.34,1.0,4.37,0.99,4.68,0.98,5.72,0.97,1.47,0.49,1.1500000000000001,0.46,0.42000000000000004,0.09,0.04,0.21977272727272731,0.09386363636363634,0.10581395348837211,0.1044186046511628,0.1644186046511628,0.09999999999999999,0.1755813953488372,0.12093023255813952,0.04930232558139535,0.0,0.0,0.93,0.87,0.94,90.53235071301248,6.456602934637616
puf12_r123_r567_r6loopr7_r5678,0,1,2,519,50.84,3.910769230769231,0.9934999999999998,0.8430769230769232,0.09,0.7692307692307693,0.06936416184971098,3.6153846153846154,2.419383429672447,2.348747591522158,1.3370327552986512,1.2909441233140655,1.148073217726397,1.1001926782273603,4.45,1.0,5.859999999999999,1.0,4.709999999999999,1.0,4.89,1.0,4.16,0.99,4.62,0.99,4.34,1.0,4.37,0.99,4.68,0.98,5.72,0.97,1.47,0.49,1.1500000000000001,0.46,0.42000000000000004,0.09,0.04,0.21977272727272731,0.09386363636363634,0.10581395348837211,0.1044186046511628,0.1644186046511628,0.09999999999999999,0.1755813953488372,0.12093023255813952,0.04930232558139535,0.0,0.0,0.93,0.87,0.94,90.37988413547237,6.468534163331851
puf12_r123_r567_r6loopr7_r5678,0,1,3,519,50.84,3.910769230769231,0.9934999999999998,0.8430769230769232,0.09,0.7692307692307693,0.06936416184971098,3.6153846153846154,2.419383429672447,2.348747591522158,1.3370327552986512,1.2909441233140655,1.148073217726397,1.1001926782273603,4.45,1.0,5.859999999999999,1.0,4.709999999999999,1.0,4.89,1.0,4.16,0.99,4.62,0.99,4.34,1.0,4.37,0.99,4.68,0.98,5.72,0.97,1.47,0.49,1.1500000000000001,0.46,0.42000000000000004,0.09,0.04,0.21977272727272731,0.09386363636363634,0.10581395348837211,0.1044186046511628,0.1644186046511628,0.09999999999999999,0.1755813953488372,0.12093023255813952,0.04930232558139535,0.0,0.0,0.93,0.87,0.94,90.36451203208556,6.354705795168223
puf12_r123_r567_r6loopr7_r5678,0,1,4,519,50.84,3.910769230769231,0.9934999999999998,0.8430769230769232,0.09,0.7692307692307693,0.06936416184971098,3.6153846153846154,2.419383429672447,2.348747591522158,1.3370327552986512,1.2909441233140655,1.148073217726397,1.1001926782273603,4.45,1.0,5.859999999999999,1.0,4.709999999999999,1.0,4.89,1.0,4.16,0.99,4.62,0.99,4.34,1.0,4.37,0.99,4.68,0.98,5.72,0.97,1.47,0.49,1.1500000000000001,0.46,0.42000000000000004,0.09,0.04,0.21977272727272731,0.09386363636363634,0.10581395348837211,0.1044186046511628,0.1644186046511628,0.09999999999999999,0.1755813953488372,0.12093023255813952,0.04930232558139535,0.0,0.0,0.93,0.87,0.94,90.44276292335117,6.388617163183637
puf12_r123_r567_r6loopr7_r5678,0,2,0,519,50.96,3.92,0.9934999999999998,0.8384615384615384,0.09,0.7692307692307693,0.07129094412331406,3.6923076923076925,2.4271098265895956,2.3757225433526012,1.3444701348747592,1.3159922928709056,1.1489210019267821,1.115606936416185,4.41,1.0,5.890000000000001,1.0,4.76,1.0,4.83,1.0,4.210000000000001,0.99,4.68,0.99,4.37,1.0,4.390000000000001,0.99,4.6899999999999995,0.98,5.75,0.97,1.42,0.44,1.1400000000000001,0.45,0.42000000000000004,0.09,0.04068181818181819,0.21840909090909089,0.09409090909090909,0.10674418604651162,0.10604651162790697,0.16488372093023254,0.09976744186046511,0.17651162790697675,0.12093023255813952,0.04883720930232558,0.0,0.0,0.93,0.87,0.93,90.85078431372548,6.3163628279235216
puf12_r123_r567_r6loopr7_r5678,0,2,1,519,50.96,3.92,0.9934999999999998,0.8384615384615384,0.09,0.7692307692307693,0.07129094412331406,3.6923076923076925,2.4271098265895956,2.3757225433526012,1.3444701348747592,1.3159922928709056,1.1489210019267821,1.115606936416185,4.41,1.0,5.890000000000001,1.0,4.76,1.0,4.83,1.0,4.210000000000001,0.99,4.68,0.99,4.37,1.0,4.390000000000001,0.99,4.6899999999999995,0.98,5.75,0.97,1.42,0.44,1.1400000000000001,0.45,0.42000000000000004,0.09,0.04068181818181819,0.21840909090909089,0.09409090909090909,0.10674418604651162,0.10604651162790697,0.16488372093023254,0.09976744186046511,0.17651162790697675,0.12093023255813952,0.04883720930232558,0.0,0.0,0.92,0.86,0.93,90.51089572192514,6.653149547947236
puf12_r123_r567_r6loopr7_r5678,0,2,2,519,50.96,3.92,0.9934999999999998,0.8384615384615384,0.09,0.7692307692307693,0.07129094412331406,3.6923076923076925,2.4271098265895956,2.3757225433526012,1.3444701348747592,1.3159922928709056,1.1489210019267821,1.115606936416185,4.41,1.0,5.890000000000001,1.0,4.76,1.0,4.83,1.0,4.210000000000001,0.99,4.68,0.99,4.37,1.0,4.390000000000001,0.99,4.6899999999999995,0.98,5.75,0.97,1.42,0.44,1.1400000000000001,0.45,0.42000000000000004,0.09,0.04068181818181819,0.21840909090909089,0.09409090909090909,0.10674418604651162,0.10604651162790697,0.16488372093023254,0.09976744186046511,0.17651162790697675,0.12093023255813952,0.04883720930232558,0.0,0.0,0.93,0.86,0.93,90.60750445632799,6.641811175337186
puf12_r123_r567_r6loopr7_r5678,0,2,3,519,50.96,3.92,0.9934999999999998,0.8384615384615384,0.09,0.7692307692307693,0.07129094412331406,3.6923076923076925,2.4271098265895956,2.3757225433526012,1.3444701348747592,1.3159922928709056,1.1489210019267821,1.115606936416185,4.41,1.0,5.890000000000001,1.0,4.76,1.0,4.83,1.0,4.210000000000001,0.99,4.68,0.99,4.37,1.0,4.390000000000001,0.99,4.6899999999999995,0.98,5.75,0.97,1.42,0.44,1.1400000000000001,0.45,0.42000000000000004,0.09,0.04068181818181819,0.21840909090909089,0.09409090909090909,0.10674418604651162,0.10604651162790697,0.16488372093023254,0.09976744186046511,0.17651162790697675,0.12093023255813952,0.04883720930232558,0.0,0.0,0.93,0.86,0.93,90.64805704099821,6.707277308433378
puf12_r123_r567_r6loopr7_r5678,0,2,4,519,50.96,3.92,0.9934999999999998,0.8384615384615384,0.09,0.7692307692307693,0.07129094412331406,3.6923076923076925,2.4271098265895956,2.3757225433526012,1.3444701348747592,1.3159922928709056,1.1489210019267821,1.115606936416185,4.41,1.0,5.890000000000001,1.0,4.76,1.0,4.83,1.0,4.210000000000001,0.99,4.68,0.99,4.37,1.0,4.390000000000001,0.99,4.6899999999999995,0.98,5.75,0.97,1.42,0.44,1.1400000000000001,0.45,0.42000000000000004,0.09,0.04068181818181819,0.21840909090909089,0.09409090909090909,0.10674418604651162,0.10604651162790697,0.16488372093023254,0.09976744186046511,0.17651162790697675,0.12093023255813952,0.04883720930232558,0.0,0.0,0.92,0.86,0.93,90.51158199643493,6.775322365495777
puf12_r123_r567_r6loopr7_r5678,0,3,0,519,51.02,3.924615384615385,0.9925,0.8415384615384615,0.09,0.7692307692307693,0.06936416184971098,3.6153846153846154,2.4228323699421965,2.352601156069364,1.339460500963391,1.2928709055876686,1.150655105973025,1.1021194605009634,4.43,0.99,5.930000000000001,1.0,4.77,1.0,4.84,1.0,4.1899999999999995,0.99,4.640000000000001,0.99,4.3500000000000005,1.0,4.369999999999999,0.99,4.71,0.98,5.699999999999999,0.97,1.53,0.5,1.1600000000000001,0.44,0.4,0.09,0.04,0.2206818181818182,0.09409090909090909,0.10627906976744186,0.10511627906976743,0.1641860465116279,0.09999999999999999,0.1772093023255814,0.12186046511627906,0.048837209302325574,0.0,0.0,0.93,0.87,0.94,90.38402852049911,6.452200978212539
puf12_r123_r567_r6loopr7_r5678,0,3,1,519,51.02,3.924615384615385,0.9925,0.8415384615384615,0.09,0.7692307692307693,0.06936416184971098,3.6153846153846154,2.4228323699421965,2.352601156069364,1.339460500963391,1.2928709055876686,1.150655105973025,1.1021194605009634,4.43,0.99,5.930000000000001,1.0,4.77,1.0,4.84,1.0,4.1899999999999995,0.99,4.640000000000001,0.99,4.3500000000000005,1.0,4.369999999999999,0.99,4.71,0.98,5.699999999999999,0.97,1.53,0.5,1.1600000000000001,0.44,0.4,0.09,0.04,0.2206818181818182,0.09409090909090909,0.10627906976744186,0.10511627906976743,0.1641860465116279,0.09999999999999999,0.1772093023255814,0.12186046511627906,0.048837209302325574,0.0,0.0,0.93,0.87,0.94,90.30702094474152,6.441381354676152
puf12_r123_r567_r6loopr7_r5678,0,3,2,519,51.02,3.924615384615385,0.9925,0.8415384615384615,0.09,0.7692307692307693,0.06936416184971098,3.6153846153846154,2.4228323699421965,2.352601156069364,1.339460500963391,1.2928709055876686,1.150655105973025,1.1021194605009634,4.43,0.99,5.930000000000001,1.0,4.77,1.0,4.84,1.0,4.1899999999999995,0.99,4.640000000000001,0.99,4.3500000000000005,1.0,4.369999999999999,0.99,4.71,0.98,5.699999999999999,0.97,1.53,0.5,1.1600000000000001,0.44,0.4,0.09,0.04,0.2206818181818182,0.09409090909090909,0.10627906976744186,0.10511627906976743,0.1641860465116279,0.09999999999999999,0.1772093023255814,0.12186046511627906,0.048837209302325574,0.0,0.0,0.93,0.87,0.94,90.53627673796792,6.3994516081221295
puf12_r123_r567_r6loopr7_r5678,0,3,3,519,51.02,3.924615384615385,0.9925,0.8415384615384615,0.09,0.7692307692307693,0.06936416184971098,3.6153846153846154,2.4228323699421965,2.352601156069364,1.339460500963391,1.2928709055876686,1.150655105973025,1.1021194605009634,4.43,0.99,5.930000000000001,1.0,4.77,1.0,4.84,1.0,4.1899999999999995,0.99,4.640000000000001,0.99,4.3500000000000005,1.0,4.369999999999999,0.99,4.71,0.98,5.699999999999999,0.97,1.53,0.5,1.1600000000000001,0.44,0.4,0.09,0.04,0.2206818181818182,0.09409090909090909,0.10627906976744186,0.10511627906976743,0.1641860465116279,0.09999999999999999,0.1772093023255814,0.12186046511627906,0.048837209302325574,0.0,0.0,0.93,0.86,0.94,90.36233957219251,6.532770120053357
puf12_r123_r567_r6loopr7_r5678,0,3,4,519,51.02,3.924615384615385,0.9925,0.8415384615384615,0.09,0.7692307692307693,0.06936416184971098,3.6153846153846154,2.4228323699421965,2.352601156069364,1.339460500963391,1.2928709055876686,1.150655105973025,1.1021194605009634,4.43,0.99,5.930000000000001,1.0,4.77,1.0,4.84,1.0,4.1899999999999995,0.99,4.640000000000001,0.99,4.3500000000000005,1.0,4.369999999999999,0.99,4.71,0.98,5.699999999999999,0.97,1.53,0.5,1.1600000000000001,0.44,0.4,0.09,0.04,0.2206818181818182,0.09409090909090909,0.10627906976744186,0.10511627906976743,0.1641860465116279,0.09999999999999999,0.1772093023255814,0.12186046511627906,0.048837209302325574,0.0,0.0,0.93,0.87,0.93,90.33878787878787,6.539128501556247
puf12_r123_r567_r6loopr7_r5loop678,0,1,0,526,51.239999999999995,3.941538461538461,0.993,0.8430769230769232,0.1,0.7692307692307693,0.07034220532319392,3.6153846153846154,2.415494296577947,2.288973384030418,1.3354752851711027,1.2547528517110267,1.144448669201521,1.070342205323194,4.54,0.99,5.72,1.0,4.66,1.0,4.859999999999999,1.0,4.21,0.99,4.800000000000001,0.99,4.380000000000001,1.0,4.37,0.99,4.74,0.98,5.699999999999999,0.97,1.58,0.49,1.2100000000000002,0.46,0.4700000000000001,0.1,0.04227272727272727,0.22318181818181818,0.09409090909090909,0.10431818181818181,0.10522727272727272,0.2072727272727273,0.09795454545454546,0.12477272727272727,0.11772727272727272,0.04772727272727272,0.0,0.0,0.93,0.85,0.93,88.68291694205772,7.414828897338404
puf12_r123_r567_r6loopr7_r5loop678,0,1,1,526,51.239999999999995,3.941538461538461,0.993,0.8430769230769232,0.1,0.7692307692307693,0.07034220532319392,3.6153846153846154,2.415494296577947,2.288973384030418,1.3354752851711027,1.2547528517110267,1.144448669201521,1.070342205323194,4.54,0.99,5.72,1.0,4.66,1.0,4.859999999999999,1.0,4.21,0.99,4.800000000000001,0.99,4.380000000000001,1.0,4.37,0.99,4.74,0.98,5.699999999999999,0.97,1.58,0.49,1.2100000000000002,0.46,0.4700000000000001,0.1,0.04227272727272727,0.22318181818181818,0.09409090909090909,0.10431818181818181,0.10522727272727272,0.2072727272727273,0.09795454545454546,0.12477272727272727,0.11772727272727272,0.04772727272727272,0.0,0.0,0.93,0.85,0.93,88.53229125358007,7.514214682655748
puf12_r123_r567_r6loopr7_r5loop678,0,1,2,526,51.239999999999995,3.941538461538461,0.993,0.8430769230769232,0.1,0.7692307692307693,0.07034220532319392,3.6153846153846154,2.415494296577947,2.288973384030418,1.3354752851711027,1.2547528517110267,1.144448669201521,1.070342205323194,4.54,0.99,5.72,1.0,4.66,1.0,4.859999999999999,1.0,4.21,0.99,4.800000000000001,0.99,4.380000000000001,1.0,4.37,0.99,4.74,0.98,5.699999999999999,0.97,1.58,0.49,1.2100000000000002,0.46,0.4700000000000001,0.1,0.04227272727272727,0.22318181818181818,0.09409090909090909,0.10431818181818181,0.10522727272727272,0.2072727272727273,0.09795454545454546,0.12477272727272727,0.11772727272727272,0.04772727272727272,0.0,0.0,0.93,0.85,0.93,88.52804802820006,7.514068441064639
puf12_r123_r567_r6loopr7_r5loop678,0,1,3,526,51.239999999999995,3.941538461538461,0.993,0.8430769230769232,0.1,0.7692307692307693,0.07034220532319392,3.6153846153846154,2.415494296577947,2.288973384030418,1.3354752851711027,1.2547528517110267,1.144448669201521,1.070342205323194,4.54,0.99,5.72,1.0,4.66,1.0,4.859999999999999,1.0,4.21,0.99,4.800000000000001,0.99,4.380000000000001,1.0,4.37,0.99,4.74,0.98,5.699999999999999,0.97,1.58,0.49,1.2100000000000002,0.46,0.4700000000000001,0.1,0.04227272727272727,0.22318181818181818,0.09409090909090909,0.10431818181818181,0.10522727272727272,0.2072727272727273,0.09795454545454546,0.12477272727272727,0.11772727272727272,0.04772727272727272,0.0,0.0,0.93,0.85,0.93,88.64824630975986,7.52524129862533
puf12_r123_r567_r6loopr7_r5loop678,0,1,4,526,51.239999999999995,3.941538461538461,0.993,0.8430769230769232,0.1,0.7692307692307693,0.07034220532319392,3.6153846153846154,2.415494296577947,2.288973384030418,1.3354752851711027,1.2547528517110267,1.144448669201521,1.070342205323194,4.54,0.99,5.72,1.0,4.66,1.0,4.859999999999999,1.0,4.21,0.99,4.800000000000001,0.99,4.380000000000001,1.0,4.37,0.99,4.74,0.98,5.699999999999999,0.97,1.58,0.49,1.2100000000000002,0.46,0.4700000000000001,0.1,0.04227272727272727,0.22318181818181818,0.09409090909090909,0.10431818181818181,0.10522727272727272,0.2072727272727273,0.09795454545454546,0.12477272727272727,0.11772727272727272,0.04772727272727272,0.0,0.0,0.92,0.85,0.93,88.31845340383344,7.629833284586136
puf12_r123_r567_r6loopr7_r5loop678,0,2,0,526,51.010000000000005,3.923846153846154,0.994,0.8415384615384618,0.09,0.7692307692307693,0.07034220532319392,3.6153846153846154,2.4156083650190117,2.2813688212927756,1.335019011406844,1.2490494296577948,1.143764258555133,1.0627376425855513,4.58,0.99,5.77,1.0,4.66,1.0,4.85,1.0,4.18,0.99,4.6899999999999995,1.0,4.38,1.0,4.369999999999999,0.99,4.72,0.98,5.699999999999999,0.97,1.5,0.47,1.1800000000000002,0.46,0.43000000000000005,0.09,0.04068181818181818,0.2206818181818182,0.09409090909090909,0.10454545454545455,0.10318181818181818,0.20590909090909087,0.09818181818181819,0.12454545454545453,0.11977272727272727,0.04772727272727272,0.0,0.0,0.93,0.85,0.93,88.57332452081957,7.440040947645509
puf12_r123_r567_r6loopr7_r5loop678,0,2,1,526,51.010000000000005,3.923846153846154,0.994,0.8415384615384618,0.09,0.7692307692307693,0.07034220532319392,3.6153846153846154,2.4156083650190117,2.2813688212927756,1.335019011406844,1.2490494296577948,1.143764258555133,1.0627376425855513,4.58,0.99,5.77,1.0,4.66,1.0,4.85,1.0,4.18,0.99,4.6899999999999995,1.0,4.38,1.0,4.369999999999999,0.99,4.72,0.98,5.699999999999999,0.97,1.5,0.47,1.1800000000000002,0.46,0.43000000000000005,0.09,0.04068181818181818,0.2206818181818182,0.09409090909090909,0.10454545454545455,0.10318181818181818,0.20590909090909087,0.09818181818181819,0.12454545454545453,0.11977272727272727,0.04772727272727272,0.0,0.0,0.93,0.84,0.93,88.37447455386649,7.5745685873062305
puf12_r123_r567_r6loopr7_r5loop678,0,2,2,526,51.010000000000005,3.923846153846154,0.994,0.8415384615384618,0.09,0.7692307692307693,0.07034220532319392,3.6153846153846154,2.4156083650190117,2.2813688212927756,1.335019011406844,1.2490494296577948,1.143764258555133,1.0627376425855513,4.58,0.99,5.77,1.0,4.66,1.0,4.85,1.0,4.18,0.99,4.6899999999999995,1.0,4.38,1.0,4.369999999999999,0.99,4.72,0.98,5.699999999999999,0.97,1.5,0.47,1.1800000000000002,0.46,0.43000000000000005,0.09,0.04068181818181818,0.2206818181818182,0.09409090909090909,0.10454545454545455,0.10318181818181818,0.20590909090909087,0.09818181818181819,0.12454545454545453,0.11977272727272727,0.04772727272727272,0.0,0.0,0.93,0.85,0.93,88.32845560696188,7.675563030125769
puf12_r123_r567_r6loopr7_r5loop678,0,2,3,526,51.010000000000005,3.923846153846154,0.994,0.8415384615384618,0.09,0.7692307692307693,0.07034220532319392,3.6153846153846154,2.4156083650190117,2.2813688212927756,1.335019011406844,1.2490494296577948,1.143764258555133,1.0627376425855513,4.58,0.99,5.77,1.0,4.66,1.0,4.85,1.0,4.18,0.99,4.6899999999999995,1.0,4.38,1.0,4.369999999999999,0.99,4.72,0.98,5.699999999999999,0.97,1.5,0.47,1.1800000000000002,0.46,0.43000000000000005,0.09,0.04068181818181818,0.2206818181818182,0.09409090909090909,0.10454545454545455,0.10318181818181818,0.20590909090909087,0.09818181818181819,0.12454545454545453,0.11977272727272727,0.04772727272727272,0.0,0.0,0.93,0.84,0.93,88.6859506499229,7.55823340157941
puf12_r123_r567_r6loopr7_r5loop678,0,2,4,526,51.010000000000005,3.923846153846154,0.994,0.8415384615384618,0.09,0.7692307692307693,0.07034220532319392,3.6153846153846154,2.4156083650190117,2.2813688212927756,1.335019011406844,1.2490494296577948,1.143764258555133,1.0627376425855513,4.58,0.99,5.77,1.0,4.66,1.0,4.85,1.0,4.18,0.99,4.6899999999999995,1.0,4.38,1.0,4.369999999999999,0.99,4.72,0.98,5.699999999999999,0.97,1.5,0.47,1.1800000000000002,0.46,0.43000000000000005,0.09,0.04068181818181818,0.2206818181818182,0.09409090909090909,0.10454545454545455,0.10318181818181818,0.20590909090909087,0.09818181818181819,0.12454545454545453,0.11977272727272727,0.04772727272727272,0.0,0.0,0.92,0.84,0.93,88.24027098479841,7.695466510675636
puf12_r123_r567_r6loopr7_r5loop678,0,3,0,526,51.22,3.94,0.993,0.8415384615384617,0.1,0.7692307692307693,0.07034220532319392,3.6153846153846154,2.4132699619771865,2.2813688212927756,1.3320342205323195,1.2433460076045628,1.1416159695817492,1.0627376425855513,4.6,0.99,5.77,1.0,4.6,1.0,4.8,1.0,4.199999999999999,0.99,4.75,0.99,4.4,1.0,4.38,0.99,4.77,0.98,5.75,0.97,1.51,0.47,1.23,0.46,0.4600000000000001,0.1,0.041590909090909095,0.22363636363636363,0.09454545454545453,0.105,0.10454545454545454,0.20590909090909087,0.09681818181818182,0.12409090909090909,0.11999999999999998,0.04795454545454545,0.0,0.0,0.93,0.85,0.93,88.47627450980391,7.4907136589646095
puf12_r123_r567_r6loopr7_r5loop678,0,3,1,526,51.22,3.94,0.993,0.8415384615384617,0.1,0.7692307692307693,0.07034220532319392,3.6153846153846154,2.4132699619771865,2.2813688212927756,1.3320342205323195,1.2433460076045628,1.1416159695817492,1.0627376425855513,4.6,0.99,5.77,1.0,4.6,1.0,4.8,1.0,4.199999999999999,0.99,4.75,0.99,4.4,1.0,4.38,0.99,4.77,0.98,5.75,0.97,1.51,0.47,1.23,0.46,0.4600000000000001,0.1,0.041590909090909095,0.22363636363636363,0.09454545454545453,0.105,0.10454545454545454,0.20590909090909087,0.09681818181818182,0.12409090909090909,0.11999999999999998,0.04795454545454545,0.0,0.0,0.93,0.85,0.93,88.222753910553,7.633416203568295
puf12_r123_r567_r6loopr7_r5loop678,0,3,2,526,51.22,3.94,0.993,0.8415384615384617,0.1,0.7692307692307693,0.07034220532319392,3.6153846153846154,2.4132699619771865,2.2813688212927756,1.3320342205323195,1.2433460076045628,1.1416159695817492,1.0627376425855513,4.6,0.99,5.77,1.0,4.6,1.0,4.8,1.0,4.199999999999999,0.99,4.75,0.99,4.4,1.0,4.38,0.99,4.77,0.98,5.75,0.97,1.51,0.47,1.23,0.46,0.4600000000000001,0.1,0.041590909090909095,0.22363636363636363,0.09454545454545453,0.105,0.10454545454545454,0.20590909090909087,0.09681818181818182,0.12409090909090909,0.11999999999999998,0.04795454545454545,0.0,0.0,0.93,0.85,0.93,88.65453844459132,7.38420590816028
puf12_r123_r567_r6loopr7_r5loop678,0,3,3,526,51.22,3.94,0.993,0.8415384615384617,0.1,0.7692307692307693,0.07034220532319392,3.6153846153846154,2.4132699619771865,2.2813688212927756,1.3320342205323195,1.2433460076045628,1.1416159695817492,1.0627376425855513,4.6,0.99,5.77,1.0,4.6,1.0,4.8,1.0,4.199999999999999,0.99,4.75,0.99,4.4,1.0,4.38,0.99,4.77,0.98,5.75,0.97,1.51,0.47,1.23,0.46,0.4600000000000001,0.1,0.041590909090909095,0.22363636363636363,0.09454545454545453,0.105,0.10454545454545454,0.20590909090909087,0.09681818181818182,0.12409090909090909,0.11999999999999998,0.04795454545454545,0.0,0.0,0.92,0.85,0.92,88.60538224278476,7.484118163205615
puf12_r123_r567_r6loopr7_r5loop678,0,3,4,526,51.22,3.94,0.993,0.8415384615384617,0.1,0.7692307692307693,0.07034220532319392,3.6153846153846154,2.4132699619771865,2.2813688212927756,1.3320342205323195,1.2433460076045628,1.1416159695817492,1.0627376425855513,4.6,0.99,5.77,1.0,4.6,1.0,4.8,1.0,4.199999999999999,0.99,4.75,0.99,4.4,1.0,4.38,0.99,4.77,0.98,5.75,0.97,1.51,0.47,1.23,0.46,0.4600000000000001,0.1,0.041590909090909095,0.22363636363636363,0.09454545454545453,0.105,0.10454545454545454,0.20590909090909087,0.09681818181818182,0.12409090909090909,0.11999999999999998,0.04795454545454545,0.0,0.0,0.92,0.84,0.92,88.46928398325622,7.807151213805207
puf12_r123_r567_r6loopr7_r5loop678,0,4,0,526,51.10000000000001,3.9307692307692315,0.9914999999999999,0.8407692307692309,0.1,0.7692307692307693,0.07034220532319392,3.6153846153846154,2.413231939163498,2.2756653992395437,1.3320152091254753,1.2452471482889733,1.1420152091254754,1.0627376425855513,4.58,0.99,5.7299999999999995,0.99,4.630000000000001,1.0,4.87,1.0,4.18,0.99,4.74,0.99,4.340000000000001,1.0,4.37,0.99,4.77,0.98,5.739999999999999,0.97,1.52,0.47,1.19,0.46,0.44000000000000006,0.1,0.04113636363636364,0.22318181818181818,0.0943181818181818,0.10340909090909091,0.1040909090909091,0.20636363636363636,0.0984090909090909,0.12409090909090909,0.11840909090909091,0.04795454545454545,0.0,0.0,0.93,0.84,0.93,88.22784754351179,7.65911085112606
puf12_r123_r567_r6loopr7_r5loop678,0,4,1,526,51.10000000000001,3.9307692307692315,0.9914999999999999,0.8407692307692309,0.1,0.7692307692307693,0.07034220532319392,3.6153846153846154,2.413231939163498,2.2756653992395437,1.3320152091254753,1.2452471482889733,1.1420152091254754,1.0627376425855513,4.58,0.99,5.7299999999999995,0.99,4.630000000000001,1.0,4.87,1.0,4.18,0.99,4.74,0.99,4.340000000000001,1.0,4.37,0.99,4.77,0.98,5.739999999999999,0.97,1.52,0.47,1.19,0.46,0.44000000000000006,0.1,0.04113636363636364,0.22318181818181818,0.0943181818181818,0.10340909090909091,0.1040909090909091,0.20636363636363636,0.0984090909090909,0.12409090909090909,0.11840909090909091,0.04795454545454545,0.0,0.0,0.93,0.85,0.93,88.42180656532275,7.613849078677976
puf12_r123_r567_r6loopr7_r5loop678,0,4,2,526,51.10000000000001,3.9307692307692315,0.9914999999999999,0.8407692307692309,0.1,0.7692307692307693,0.07034220532319392,3.6153846153846154,2.413231939163498,2.2756653992395437,1.3320152091254753,1.2452471482889733,1.1420152091254754,1.0627376425855513,4.58,0.99,5.7299999999999995,0.99,4.630000000000001,1.0,4.87,1.0,4.18,0.99,4.74,0.99,4.340000000000001,1.0,4.37,0.99,4.77,0.98,5.739999999999999,0.97,1.52,0.47,1.19,0.46,0.44000000000000006,0.1,0.04113636363636364,0.22318181818181818,0.0943181818181818,0.10340909090909091,0.1040909090909091,0.20636363636363636,0.0984090909090909,0.12409090909090909,0.11840909090909091,0.04795454545454545,0.0,0.0,0.93,0.85,0.93,88.36743776162152,7.507092717168763
puf12_r123_r567_r6loopr7_r5loop678,0,4,3,526,51.10000000000001,3.9307692307692315,0.9914999999999999,0.8407692307692309,0.1,0.7692307692307693,0.07034220532319392,3.6153846153846154,2.413231939163498,2.2756653992395437,1.3320152091254753,1.2452471482889733,1.1420152091254754,1.0627376425855513,4.58,0.99,5.7299999999999995,0.99,4.630000000000001,1.0,4.87,1.0,4.18,0.99,4.74,0.99,4.340000000000001,1.0,4.37,0.99,4.77,0.98,5.739999999999999,0.97,1.52,0.47,1.19,0.46,0.44000000000000006,0.1,0.04113636363636364,0.22318181818181818,0.0943181818181818,0.10340909090909091,0.1040909090909091,0.20636363636363636,0.0984090909090909,0.12409090909090909,0.11840909090909091,0.04795454545454545,0.0,0.0,0.92,0.85,0.93,88.2428067856356,7.61906990348055
puf12_r123_r567_r6loopr7_r5loop678,0,4,4,526,51.10000000000001,3.9307692307692315,0.9914999999999999,0.8407692307692309,0.1,0.7692307692307693,0.07034220532319392,3.6153846153846154,2.413231939163498,2.2756653992395437,1.3320152091254753,1.2452471482889733,1.1420152091254754,1.0627376425855513,4.58,0.99,5.7299999999999995,0.99,4.630000000000001,1.0,4.87,1.0,4.18,0.99,4.74,0.99,4.340000000000001,1.0,4.37,0.99,4.77,0.98,5.739999999999999,0.97,1.52,0.47,1.19,0.46,0.44000000000000006,0.1,0.04113636363636364,0.22318181818181818,0.0943181818181818,0.10340909090909091,0.1040909090909091,0.20636363636363636,0.0984090909090909,0.12409090909090909,0.11840909090909091,0.04795454545454545,0.0,0.0,0.92,0.85,0.93,88.49579863406036,7.503480549868383
puf12_r123_r567_r6r7_r5678,1,1,0,512,51.129999999999995,3.9330769230769227,0.993,0.8430769230769232,0.1,0.7692307692307693,0.0703125,3.6153846153846154,2.4176171875,2.404296875,1.34572265625,1.333984375,1.14501953125,1.130859375,4.48,0.99,5.93,1.0,4.739999999999999,1.0,4.8100000000000005,1.0,4.16,0.99,4.64,0.99,4.390000000000001,1.0,4.43,0.99,4.75,0.98,5.699999999999999,0.97,1.47,0.49,1.1800000000000002,0.46,0.45000000000000007,0.1,0.04069767441860466,0.22674418604651161,0.09744186046511627,0.10790697674418603,0.10534883720930233,0.1174418604651163,0.19139534883720932,0.12953488372093025,0.12619047619047616,0.05047619047619048,0.0,0.0,0.92,0.86,0.93,91.14172413793104,6.461328125
puf12_r123_r567_r6r7_r5678,1,1,1,512,51.129999999999995,3.9330769230769227,0.993,0.8430769230769232,0.1,0.7692307692307693,0.0703125,3.6153846153846154,2.4176171875,2.404296875,1.34572265625,1.333984375,1.14501953125,1.130859375,4.48,0.99,5.93,1.0,4.739999999999999,1.0,4.8100000000000005,1.0,4.16,0.99,4.64,0.99,4.390000000000001,1.0,4.43,0.99,4.75,0.98,5.699999999999999,0.97,1.47,0.49,1.1800000000000002,0.46,0.45000000000000007,0.1,0.04069767441860466,0.22674418604651161,0.09744186046511627,0.10790697674418603,0.10534883720930233,0.1174418604651163,0.19139534883720932,0.12953488372093025,0.12619047619047616,0.05047619047619048,0.0,0.0,0.92,0.86,0.93,91.25535496957404,6.363987379807692
puf12_r123_r567_r6r7_r5678,1,1,2,512,51.129999999999995,3.9330769230769227,0.993,0.8430769230769232,0.1,0.7692307692307693,0.0703125,3.6153846153846154,2.4176171875,2.404296875,1.34572265625,1.333984375,1.14501953125,1.130859375,4.48,0.99,5.93,1.0,4.739999999999999,1.0,4.8100000000000005,1.0,4.16,0.99,4.64,0.99,4.390000000000001,1.0,4.43,0.99,4.75,0.98,5.699999999999999,0.97,1.47,0.49,1.1800000000000002,0.46,0.45000000000000007,0.1,0.04069767441860466,0.22674418604651161,0.09744186046511627,0.10790697674418603,0.10534883720930233,0.1174418604651163,0.19139534883720932,0.12953488372093025,0.12619047619047616,0.05047619047619048,0.0,0.0,0.92,0.86,0.93,91.19711516790623,6.478064903846154
puf12_r123_r567_r6r7_r5678,1,1,3,512,51.129999999999995,3.9330769230769227,0.993,0.8430769230769232,0.1,0.7692307692307693,0.0703125,3.6153846153846154,2.4176171875,2.404296875,1.34572265625,1.333984375,1.14501953125,1.130859375,4.48,0.99,5.93,1.0,4.739999999999999,1.0,4.8100000000000005,1.0,4.16,0.99,4.64,0.99,4.390000000000001,1.0,4.43,0.99,4.75,0.98,5.699999999999999,0.97,1.47,0.49,1.1800000000000002,0.46,0.45000000000000007,0.1,0.04069767441860466,0.22674418604651161,0.09744186046511627,0.10790697674418603,0.10534883720930233,0.1174418604651163,0.19139534883720932,0.12953488372093025,0.12619047619047616,0.05047619047619048,0.0,0.0,0.92,0.85,0.93,91.11971827811584,6.545462740384616
puf12_r123_r567_r6r7_r5678,1,1,4,512,51.129999999999995,3.9330769230769227,0.993,0.8430769230769232,0.1,0.7692307692307693,0.0703125,3.6153846153846154,2.4176171875,2.404296875,1.34572265625,1.333984375,1.14501953125,1.130859375,4.48,0.99,5.93,1.0,4.739999999999999,1.0,4.8100000000000005,1.0,4.16,0.99,4.64,0.99,4.390000000000001,1.0,4.43,0.99,4.75,0.98,5.699999999999999,0.97,1.47,0.49,1.1800000000000002,0.46,0.45000000000000007,0.1,0.04069767441860466,0.22674418604651161,0.09744186046511627,0.10790697674418603,0.10534883720930233,0.1174418604651163,0.19139534883720932,0.12953488372093025,0.12619047619047616,0.05047619047619048,0.0,0.0,0.92,0.86,0.93,91.1891570881226,6.434525240384615
puf12_r123_r567_r6r7_r5678,1,2,0,512,51.08,3.9292307692307693,0.993,0.8453846153846153,0.1,0.8461538461538461,0.0703125,3.6923076923076925,2.4113476562500002,2.375,1.33978515625,1.3125,1.1458789062499999,1.119140625,4.43,0.99,5.91,1.0,4.71,1.0,4.77,1.0,4.21,0.99,4.63,0.99,4.4,1.0,4.42,0.99,4.6899999999999995,0.98,5.71,0.97,1.56,0.53,1.1700000000000002,0.45,0.47000000000000003,0.1,0.041395348837209314,0.2274418604651163,0.09720930232558139,0.10790697674418603,0.10534883720930233,0.11767441860465115,0.19046511627906976,0.12976744186046513,0.12499999999999997,0.04976190476190476,0.0,0.0,0.93,0.87,0.94,91.21958981293666,6.073617788461538
puf12_r123_r567_r6r7_r5678,1,2,1,512,51.08,3.9292307692307693,0.993,0.8453846153846153,0.1,0.8461538461538461,0.0703125,3.6923076923076925,2.4113476562500002,2.375,1.33978515625,1.3125,1.1458789062499999,1.119140625,4.43,0.99,5.91,1.0,4.71,1.0,4.77,1.0,4.21,0.99,4.63,0.99,4.4,1.0,4.42,0.99,4.6899999999999995,0.98,5.71,0.97,1.56,0.53,1.1700000000000002,0.45,0.47000000000000003,0.1,0.041395348837209314,0.2274418604651163,0.09720930232558139,0.10790697674418603,0.10534883720930233,0.11767441860465115,0.19046511627906976,0.12976744186046513,0.12499999999999997,0.04976190476190476,0.0,0.0,0.93,0.87,0.94,91.49371647509578,5.982542067307692
puf12_r123_r567_r6r7_r5678,1,2,2,512,51.08,3.9292307692307693,0.993,0.8453846153846153,0.1,0.8461538461538461,0.0703125,3.6923076923076925,2.4113476562500002,2.375,1.33978515625,1.3125,1.1458789062499999,1.119140625,4.43,0.99,5.91,1.0,4.71,1.0,4.77,1.0,4.21,0.99,4.63,0.99,4.4,1.0,4.42,0.99,4.6899999999999995,0.98,5.71,0.97,1.56,0.53,1.1700000000000002,0.45,0.47000000000000003,0.1,0.041395348837209314,0.2274418604651163,0.09720930232558139,0.10790697674418603,0.10534883720930233,0.11767441860465115,0.19046511627906976,0.12976744186046513,0.12499999999999997,0.04976190476190476,0.0,0.0,0.93,0.87,0.93,91.05774171737662,6.190204326923077
puf12_r123_r567_r6r7_r5678,1,2,3,512,51.08,3.9292307692307693,0.993,0.8453846153846153,0.1,0.8461538461538461,0.0703125,3.6923076923076925,2.4113476562500002,2.375,1.33978515625,1.3125,1.1458789062499999,1.119140625,4.43,0.99,5.91,1.0,4.71,1.0,4.77,1.0,4.21,0.99,4.63,0.99,4.4,1.0,4.42,0.99,4.6899999999999995,0.98,5.71,0.97,1.56,0.53,1.1700000000000002,0.45,0.47000000000000003,0.1,0.041395348837209314,0.2274418604651163,0.09720930232558139,0.10790697674418603,0.10534883720930233,0.11767441860465115,0.19046511627906976,0.12976744186046513,0.12499999999999997,0.04976190476190476,0.0,0.0,0.93,0.87,0.93,90.97510254676584,6.2454477163461535
puf12_r123_r567_r6r7_r5678,1,2,4,512,51.08,3.9292307692307693,0.993,0.8453846153846153,0.1,0.8461538461538461,0.0703125,3.6923076923076925,2.4113476562500002,2.375,1.33978515625,1.3125,1.1458789062499999,1.119140625,4.43,0.99,5.91,1.0,4.71,1.0,4.77,1.0,4.21,0.99,4.63,0.99,4.4,1.0,4.42,0.99,4.6899999999999995,0.98,5.71,0.97,1.56,0.53,1.1700000000000002,0.45,0.47000000000000003,0.1,0.041395348837209314,0.2274418604651163,0.09720930232558139,0.10790697674418603,0.10534883720930233,0.11767441860465115,0.19046511627906976,0.12976744186046513,0.12499999999999997,0.04976190476190476,0.0,0.0,0.92,0.86,0.93,90.82606716249718,6.43771033653846
puf12_r123_r567_r6r7_r5678,1,3,0,512,51.18,3.936923076923077,0.9925,0.8430769230769232,0.1,0.7692307692307693,0.0703125,3.6153846153846154,2.4127734375000003,2.373046875,1.3414453124999999,1.30859375,1.14765625,1.11328125,4.46,0.99,5.91,1.0,4.8,1.0,4.790000000000001,1.0,4.199999999999999,0.99,4.62,0.99,4.3500000000000005,1.0,4.41,0.99,4.74,0.98,5.75,0.97,1.51,0.49,1.1900000000000002,0.46,0.45000000000000007,0.1,0.04116279069767443,0.22860465116279066,0.09674418604651164,0.10697674418604652,0.10511627906976743,0.11744186046511627,0.1916279069767442,0.13093023255813954,0.12595238095238095,0.04976190476190476,0.0,0.0,0.93,0.87,0.94,91.13588009916612,6.143434495192308
puf12_r123_r567_r6r7_r5678,1,3,1,512,51.18,3.936923076923077,0.9925,0.8430769230769232,0.1,0.7692307692307693,0.0703125,3.6153846153846154,2.4127734375000003,2.373046875,1.3414453124999999,1.30859375,1.14765625,1.11328125,4.46,0.99,5.91,1.0,4.8,1.0,4.790000000000001,1.0,4.199999999999999,0.99,4.62,0.99,4.3500000000000005,1.0,4.41,0.99,4.74,0.98,5.75,0.97,1.51,0.49,1.1900000000000002,0.46,0.45000000000000007,0.1,0.04116279069767443,0.22860465116279066,0.09674418604651164,0.10697674418604652,0.10511627906976743,0.11744186046511627,0.1916279069767442,0.13093023255813954,0.12595238095238095,0.04976190476190476,0.0,0.0,0.93,0.87,0.94,91.22969348659004,6.182572115384615
puf12_r123_r567_r6r7_r5678,1,3,2,512,51.18,3.936923076923077,0.9925,0.8430769230769232,0.1,0.7692307692307693,0.0703125,3.6153846153846154,2.4127734375000003,2.373046875,1.3414453124999999,1.30859375,1.14765625,1.11328125,4.46,0.99,5.91,1.0,4.8,1.0,4.790000000000001,1.0,4.199999999999999,0.99,4.62,0.99,4.3500000000000005,1.0,4.41,0.99,4.74,0.98,5.75,0.97,1.51,0.49,1.1900000000000002,0.46,0.45000000000000007,0.1,0.04116279069767443,0.22860465116279066,0.09674418604651164,0.10697674418604652,0.10511627906976743,0.11744186046511627,0.1916279069767442,0.13093023255813954,0.12595238095238095,0.04976190476190476,0.0,0.0,0.93,0.87,0.94,91.17213432499437,6.110576923076923
puf12_r123_r567_r6r7_r5678,1,3,3,512,51.18,3.936923076923077,0.9925,0.8430769230769232,0.1,0.7692307692307693,0.0703125,3.6153846153846154,2.4127734375000003,2.373046875,1.3414453124999999,1.30859375,1.14765625,1.11328125,4.46,0.99,5.91,1.0,4.8,1.0,4.790000000000001,1.0,4.199999999999999,0.99,4.62,0.99,4.3500000000000005,1.0,4.41,0.99,4.74,0.98,5.75,0.97,1.51,0.49,1.1900000000000002,0.46,0.45000000000000007,0.1,0.04116279069767443,0.22860465116279066,0.09674418604651164,0.10697674418604652,0.10511627906976743,0.11744186046511627,0.1916279069767442,0.13093023255813954,0.12595238095238095,0.04976190476190476,0.0,0.0,0.93,0.86,0.93,90.95180527383368,6.317608173076922
puf12_r123_r567_r6r7_r5678,1,3,4,512,51.18,3.936923076923077,0.9925,0.8430769230769232,0.1,0.7692307692307693,0.0703125,3.6153846153846154,2.4127734375000003,2.373046875,1.3414453124999999,1.30859375,1.14765625,1.11328125,4.46,0.99,5.91,1.0,4.8,1.0,4.790000000000001,1.0,4.199999999999999,0.99,4.62,0.99,4.3500000000000005,1.0,4.41,0.99,4.74,0.98,5.75,0.97,1.51,0.49,1.1900000000000002,0.46,0.45000000000000007,0.1,0.04116279069767443,0.22860465116279066,0.09674418604651164,0.10697674418604652,0.10511627906976743,0.11744186046511627,0.1916279069767442,0.13093023255813954,0.12595238095238095,0.04976190476190476,0.0,0.0,0.93,0.86,0.93,91.10467432950193,6.3021935096153845
puf12_r123_r567_r6r7_r5678,1,4,0,512,51.03,3.9253846153846155,0.9925,0.8423076923076924,0.1,0.7692307692307693,0.0703125,3.6153846153846154,2.41359375,2.376953125,1.3411328125000002,1.3125,1.1476953124999998,1.119140625,4.43,0.99,5.92,1.0,4.7299999999999995,1.0,4.81,1.0,4.1899999999999995,0.99,4.62,0.99,4.390000000000001,1.0,4.42,0.99,4.6899999999999995,0.98,5.73,0.97,1.45,0.47,1.2000000000000002,0.47,0.45000000000000007,0.1,0.04093023255813954,0.22627906976744186,0.09697674418604652,0.10767441860465116,0.10488372093023256,0.11813953488372093,0.19046511627906978,0.1304651162790698,0.12523809523809523,0.04976190476190476,0.0,0.0,0.93,0.87,0.93,91.28093757043048,6.1908653846153845
puf12_r123_r567_r6r7_r5678,1,4,1,512,51.03,3.9253846153846155,0.9925,0.8423076923076924,0.1,0.7692307692307693,0.0703125,3.6153846153846154,2.41359375,2.376953125,1.3411328125000002,1.3125,1.1476953124999998,1.119140625,4.43,0.99,5.92,1.0,4.7299999999999995,1.0,4.81,1.0,4.1899999999999995,0.99,4.62,0.99,4.390000000000001,1.0,4.42,0.99,4.6899999999999995,0.98,5.73,0.97,1.45,0.47,1.2000000000000002,0.47,0.45000000000000007,0.1,0.04093023255813954,0.22627906976744186,0.09697674418604652,0.10767441860465116,0.10488372093023256,0.11813953488372093,0.19046511627906978,0.1304651162790698,0.12523809523809523,0.04976190476190476,0.0,0.0,0.93,0.86,0.93,91.16672526481857,6.253200120192307
puf12_r123_r567_r6r7_r5678,1,4,2,512,51.03,3.9253846153846155,0.9925,0.8423076923076924,0.1,0.7692307692307693,0.0703125,3.6153846153846154,2.41359375,2.376953125,1.3411328125000002,1.3125,1.1476953124999998,1.119140625,4.43,0.99,5.92,1.0,4.7299999999999995,1.0,4.81,1.0,4.1899999999999995,0.99,4.62,0.99,4.390000000000001,1.0,4.42,0.99,4.6899999999999995,0.98,5.73,0.97,1.45,0.47,1.2000000000000002,0.47,0.45000000000000007,0.1,0.04093023255813954,0.22627906976744186,0.09697674418604652,0.10767441860465116,0.10488372093023256,0.11813953488372093,0.19046511627906978,0.1304651162790698,0.12523809523809523,0.04976190476190476,0.0,0.0,0.92,0.86,0.93,91.10255127338291,6.28016826923077
puf12_r123_r567_r6r7_r5678,1,4,3,512,51.03,3.9253846153846155,0.9925,0.8423076923076924,0.1,0.7692307692307693,0.0703125,3.6153846153846154,2.41359375,2.376953125,1.3411328125000002,1.3125,1.1476953124999998,1.119140625,4.43,0.99,5.92,1.0,4.7299999999999995,1.0,4.81,1.0,4.1899999999999995,0.99,4.62,0.99,4.390000000000001,1.0,4.42,0.99,4.6899999999999995,0.98,5.73,0.97,1.45,0.47,1.2000000000000002,0.47,0.45000000000000007,0.1,0.04093023255813954,0.22627906976744186,0.09697674418604652,0.10767441860465116,0.10488372093023256,0.11813953488372093,0.19046511627906978,0.1304651162790698,0.12523809523809523,0.04976190476190476,0.0,0.0,0.93,0.86,0.93,91.24383141762452,6.229867788461538
puf12_r123_r567_r6r7_r5678,1,4,4,512,51.03,3.9253846153846155,0.9925,0.8423076923076924,0.1,0.7692307692307693,0.0703125,3.6153846153846154,2.41359375,2.376953125,1.3411328125000002,1.3125,1.1476953124999998,1.119140625,4.43,0.99,5.92,1.0,4.7299999999999995,1.0,4.81,1.0,4.1899999999999995,0.99,4.62,0.99,4.390000000000001,1.0,4.42,0.99,4.6899999999999995,0.98,5.73,0.97,1.45,0.47,1.2000000000000002,0.47,0.45000000000000007,0.1,0.04093023255813954,0.22627906976744186,0.09697674418604652,0.10767441860465116,0.10488372093023256,0.11813953488372093,0.19046511627906978,0.1304651162790698,0.12523809523809523,0.04976190476190476,0.0,0.0,0.92,0.86,0.93,91.1973630831643,6.255889423076923
puf_11_loopr8,0,1,0,483,51.26,3.943076923076923,0.9934999999999998,0.8430769230769232,0.09,0.8461538461538461,0.07867494824016563,3.769230769230769,2.3872256728778467,2.331262939958592,1.30120082815735,1.2608695652173914,1.1204554865424432,1.0786749482401656,4.640000000000001,0.99,5.93,1.0,4.73,1.0,4.609999999999999,1.0,4.2,1.0,4.74,0.99,4.370000000000001,1.0,4.38,0.99,4.77,0.98,5.72,0.97,1.5699999999999998,0.51,1.1600000000000001,0.44,0.44,0.09,0.0029268292682926834,0.2770731707317073,0.10463414634146341,0.11524999999999999,0.11374999999999999,0.10900000000000001,0.11574999999999999,0.11599999999999999,0.1295,0.13525,0.05275,0.0,0.92,0.86,0.93,89.72816535620682,6.825051759834369
puf_11_loopr8,0,1,1,483,51.26,3.943076923076923,0.9934999999999998,0.8430769230769232,0.09,0.8461538461538461,0.07867494824016563,3.769230769230769,2.3872256728778467,2.331262939958592,1.30120082815735,1.2608695652173914,1.1204554865424432,1.0786749482401656,4.640000000000001,0.99,5.93,1.0,4.73,1.0,4.609999999999999,1.0,4.2,1.0,4.74,0.99,4.370000000000001,1.0,4.38,0.99,4.77,0.98,5.72,0.97,1.5699999999999998,0.51,1.1600000000000001,0.44,0.44,0.09,0.0029268292682926834,0.2770731707317073,0.10463414634146341,0.11524999999999999,0.11374999999999999,0.10900000000000001,0.11574999999999999,0.11599999999999999,0.1295,0.13525,0.05275,0.0,0.92,0.86,0.93,89.95272575649274,6.791368052237617
puf_11_loopr8,0,1,2,483,51.26,3.943076923076923,0.9934999999999998,0.8430769230769232,0.09,0.8461538461538461,0.07867494824016563,3.769230769230769,2.3872256728778467,2.331262939958592,1.30120082815735,1.2608695652173914,1.1204554865424432,1.0786749482401656,4.640000000000001,0.99,5.93,1.0,4.73,1.0,4.609999999999999,1.0,4.2,1.0,4.74,0.99,4.370000000000001,1.0,4.38,0.99,4.77,0.98,5.72,0.97,1.5699999999999998,0.51,1.1600000000000001,0.44,0.44,0.09,0.0029268292682926834,0.2770731707317073,0.10463414634146341,0.11524999999999999,0.11374999999999999,0.10900000000000001,0.11574999999999999,0.11599999999999999,0.1295,0.13525,0.05275,0.0,0.92,0.86,0.93,89.77075053609722,6.845644210861603
puf_11_loopr8,0,1,3,483,51.26,3.943076923076923,0.9934999999999998,0.8430769230769232,0.09,0.8461538461538461,0.07867494824016563,3.769230769230769,2.3872256728778467,2.331262939958592,1.30120082815735,1.2608695652173914,1.1204554865424432,1.0786749482401656,4.640000000000001,0.99,5.93,1.0,4.73,1.0,4.609999999999999,1.0,4.2,1.0,4.74,0.99,4.370000000000001,1.0,4.38,0.99,4.77,0.98,5.72,0.97,1.5699999999999998,0.51,1.1600000000000001,0.44,0.44,0.09,0.0029268292682926834,0.2770731707317073,0.10463414634146341,0.11524999999999999,0.11374999999999999,0.10900000000000001,0.11574999999999999,0.11599999999999999,0.1295,0.13525,0.05275,0.0,0.91,0.86,0.92,89.84116988324995,6.889663959229176
puf_11_loopr8,0,1,4,483,51.26,3.943076923076923,0.9934999999999998,0.8430769230769232,0.09,0.8461538461538461,0.07867494824016563,3.769230769230769,2.3872256728778467,2.331262939958592,1.30120082815735,1.2608695652173914,1.1204554865424432,1.0786749482401656,4.640000000000001,0.99,5.93,1.0,4.73,1.0,4.609999999999999,1.0,4.2,1.0,4.74,0.99,4.370000000000001,1.0,4.38,0.99,4.77,0.98,5.72,0.97,1.5699999999999998,0.51,1.1600000000000001,0.44,0.44,0.09,0.0029268292682926834,0.2770731707317073,0.10463414634146341,0.11524999999999999,0.11374999999999999,0.10900000000000001,0.11574999999999999,0.11599999999999999,0.1295,0.13525,0.05275,0.0,0.91,0.86,0.92,89.7380128663331,6.903758560280299
puf_11_loopr8,0,2,0,483,50.91,3.916153846153846,0.993,0.8369230769230771,0.08,0.7692307692307693,0.07660455486542443,3.6153846153846154,2.387639751552795,2.3333333333333335,1.2995859213250516,1.2629399585921326,1.118695652173913,1.0807453416149069,4.65,0.99,5.92,1.0,4.68,1.0,4.609999999999999,1.0,4.23,1.0,4.66,0.99,4.34,1.0,4.36,0.99,4.76,0.98,5.76,0.97,1.49,0.48,1.08,0.4,0.37,0.08,0.0024390243902439024,0.2726829268292683,0.10463414634146341,0.11400000000000002,0.11225,0.10900000000000001,0.11599999999999999,0.11524999999999999,0.129,0.13525,0.05275,0.0,0.92,0.87,0.93,90.48494400762449,6.494648829431437
puf_11_loopr8,0,2,1,483,50.91,3.916153846153846,0.993,0.8369230769230771,0.08,0.7692307692307693,0.07660455486542443,3.6153846153846154,2.387639751552795,2.3333333333333335,1.2995859213250516,1.2629399585921326,1.118695652173913,1.0807453416149069,4.65,0.99,5.92,1.0,4.68,1.0,4.609999999999999,1.0,4.23,1.0,4.66,0.99,4.34,1.0,4.36,0.99,4.76,0.98,5.76,0.97,1.49,0.48,1.08,0.4,0.37,0.08,0.0024390243902439024,0.2726829268292683,0.10463414634146341,0.11400000000000002,0.11225,0.10900000000000001,0.11599999999999999,0.11524999999999999,0.129,0.13525,0.05275,0.0,0.92,0.86,0.92,90.29180366928759,6.653161331422202
puf_11_loopr8,0,2,2,483,50.91,3.916153846153846,0.993,0.8369230769230771,0.08,0.7692307692307693,0.07660455486542443,3.6153846153846154,2.387639751552795,2.3333333333333335,1.2995859213250516,1.2629399585921326,1.118695652173913,1.0807453416149069,4.65,0.99,5.92,1.0,4.68,1.0,4.609999999999999,1.0,4.23,1.0,4.66,0.99,4.34,1.0,4.36,0.99,4.76,0.98,5.76,0.97,1.49,0.48,1.08,0.4,0.37,0.08,0.0024390243902439024,0.2726829268292683,0.10463414634146341,0.11400000000000002,0.11225,0.10900000000000001,0.11599999999999999,0.11524999999999999,0.129,0.13525,0.05275,0.0,0.92,0.86,0.92,90.46941624970218,6.538700430004778
puf_11_loopr8,0,2,3,483,50.91,3.916153846153846,0.993,0.8369230769230771,0.08,0.7692307692307693,0.07660455486542443,3.6153846153846154,2.387639751552795,2.3333333333333335,1.2995859213250516,1.2629399585921326,1.118695652173913,1.0807453416149069,4.65,0.99,5.92,1.0,4.68,1.0,4.609999999999999,1.0,4.23,1.0,4.66,0.99,4.34,1.0,4.36,0.99,4.76,0.98,5.76,0.97,1.49,0.48,1.08,0.4,0.37,0.08,0.0024390243902439024,0.2726829268292683,0.10463414634146341,0.11400000000000002,0.11225,0.10900000000000001,0.11599999999999999,0.11524999999999999,0.129,0.13525,0.05275,0.0,0.92,0.86,0.92,90.26356683345247,6.5980729415512025
puf_11_loopr8,0,2,4,483,50.91,3.916153846153846,0.993,0.8369230769230771,0.08,0.7692307692307693,0.07660455486542443,3.6153846153846154,2.387639751552795,2.3333333333333335,1.2995859213250516,1.2629399585921326,1.118695652173913,1.0807453416149069,4.65,0.99,5.92,1.0,4.68,1.0,4.609999999999999,1.0,4.23,1.0,4.66,0.99,4.34,1.0,4.36,0.99,4.76,0.98,5.76,0.97,1.49,0.48,1.08,0.4,0.37,0.08,0.0024390243902439024,0.2726829268292683,0.10463414634146341,0.11400000000000002,0.11225,0.10900000000000001,0.11599999999999999,0.11524999999999999,0.129,0.13525,0.05275,0.0,0.91,0.86,0.92,90.36766976411722,6.590731008122312
puf_11_loopr8,0,3,0,483,51.08,3.9292307692307693,0.993,0.8407692307692309,0.08,0.8461538461538461,0.07660455486542443,3.6923076923076925,2.3884679089026917,2.339544513457557,1.2987991718426501,1.2650103519668736,1.1180745341614906,1.0807453416149069,4.63,0.99,5.91,1.0,4.68,1.0,4.63,1.0,4.210000000000001,1.0,4.68,0.99,4.34,1.0,4.37,0.99,4.789999999999999,0.98,5.74,0.97,1.57,0.51,1.1300000000000001,0.42,0.4,0.08,0.002682926829268293,0.27634146341463417,0.1051219512195122,0.11425,0.11274999999999999,0.10825,0.1165,0.11499999999999999,0.129,0.135,0.052500000000000005,0.0,0.92,0.86,0.93,90.6906695258518,6.441981207198599
puf_11_loopr8,0,3,1,483,51.08,3.9292307692307693,0.993,0.8407692307692309,0.08,0.8461538461538461,0.07660455486542443,3.6923076923076925,2.3884679089026917,2.339544513457557,1.2987991718426501,1.2650103519668736,1.1180745341614906,1.0807453416149069,4.63,0.99,5.91,1.0,4.68,1.0,4.63,1.0,4.210000000000001,1.0,4.68,0.99,4.34,1.0,4.37,0.99,4.789999999999999,0.98,5.74,0.97,1.57,0.51,1.1300000000000001,0.42,0.4,0.08,0.002682926829268293,0.27634146341463417,0.1051219512195122,0.11425,0.11274999999999999,0.10825,0.1165,0.11499999999999999,0.129,0.135,0.052500000000000005,0.0,0.92,0.86,0.93,90.54220157255182,6.565328874024526
puf_11_loopr8,0,3,2,483,51.08,3.9292307692307693,0.993,0.8407692307692309,0.08,0.8461538461538461,0.07660455486542443,3.6923076923076925,2.3884679089026917,2.339544513457557,1.2987991718426501,1.2650103519668736,1.1180745341614906,1.0807453416149069,4.63,0.99,5.91,1.0,4.68,1.0,4.63,1.0,4.210000000000001,1.0,4.68,0.99,4.34,1.0,4.37,0.99,4.789999999999999,0.98,5.74,0.97,1.57,0.51,1.1300000000000001,0.42,0.4,0.08,0.002682926829268293,0.27634146341463417,0.1051219512195122,0.11425,0.11274999999999999,0.10825,0.1165,0.11499999999999999,0.129,0.135,0.052500000000000005,0.0,0.92,0.87,0.93,90.67631879914225,6.456171364867018
puf_11_loopr8,0,3,3,483,51.08,3.9292307692307693,0.993,0.8407692307692309,0.08,0.8461538461538461,0.07660455486542443,3.6923076923076925,2.3884679089026917,2.339544513457557,1.2987991718426501,1.2650103519668736,1.1180745341614906,1.0807453416149069,4.63,0.99,5.91,1.0,4.68,1.0,4.63,1.0,4.210000000000001,1.0,4.68,0.99,4.34,1.0,4.37,0.99,4.789999999999999,0.98,5.74,0.97,1.57,0.51,1.1300000000000001,0.42,0.4,0.08,0.002682926829268293,0.27634146341463417,0.1051219512195122,0.11425,0.11274999999999999,0.10825,0.1165,0.11499999999999999,0.129,0.135,0.052500000000000005,0.0,0.92,0.86,0.93,90.5044388849178,6.603264851090938
puf_11_loopr8,0,3,4,483,51.08,3.9292307692307693,0.993,0.8407692307692309,0.08,0.8461538461538461,0.07660455486542443,3.6923076923076925,2.3884679089026917,2.339544513457557,1.2987991718426501,1.2650103519668736,1.1180745341614906,1.0807453416149069,4.63,0.99,5.91,1.0,4.68,1.0,4.63,1.0,4.210000000000001,1.0,4.68,0.99,4.34,1.0,4.37,0.99,4.789999999999999,0.98,5.74,0.97,1.57,0.51,1.1300000000000001,0.42,0.4,0.08,0.002682926829268293,0.27634146341463417,0.1051219512195122,0.11425,0.11274999999999999,0.10825,0.1165,0.11499999999999999,0.129,0.135,0.052500000000000005,0.0,0.92,0.86,0.93,90.63083631165118,6.539719700589266
puf_11_loopr8,0,4,0,483,51.06999999999999,3.928461538461538,0.9909999999999999,0.8392307692307692,0.09,0.8461538461538461,0.07867494824016563,3.8461538461538463,2.387639751552795,2.331262939958592,1.2975983436853002,1.2546583850931676,1.1173291925465838,1.0724637681159421,4.66,0.99,5.91,1.0,4.85,1.0,4.58,0.99,4.24,0.99,4.6899999999999995,0.99,4.38,0.99,4.37,0.99,4.65,0.97,5.659999999999999,0.97,1.52,0.52,1.1300000000000001,0.42,0.43000000000000005,0.09,0.0024390243902439024,0.2721951219512195,0.10365853658536585,0.11524999999999999,0.1125,0.10974999999999999,0.11525,0.118,0.13,0.1355,0.05275,0.0,0.92,0.87,0.93,90.76665713604957,6.437649307214524
puf_11_loopr8,0,4,1,483,51.06999999999999,3.928461538461538,0.9909999999999999,0.8392307692307692,0.09,0.8461538461538461,0.07867494824016563,3.8461538461538463,2.387639751552795,2.331262939958592,1.2975983436853002,1.2546583850931676,1.1173291925465838,1.0724637681159421,4.66,0.99,5.91,1.0,4.85,1.0,4.58,0.99,4.24,0.99,4.6899999999999995,0.99,4.38,0.99,4.37,0.99,4.65,0.97,5.659999999999999,0.97,1.52,0.52,1.1300000000000001,0.42,0.43000000000000005,0.09,0.0024390243902439024,0.2721951219512195,0.10365853658536585,0.11524999999999999,0.1125,0.10974999999999999,0.11525,0.118,0.13,0.1355,0.05275,0.0,0.92,0.86,0.93,90.63723850369311,6.487991718426501
puf_11_loopr8,0,4,2,483,51.06999999999999,3.928461538461538,0.9909999999999999,0.8392307692307692,0.09,0.8461538461538461,0.07867494824016563,3.8461538461538463,2.387639751552795,2.331262939958592,1.2975983436853002,1.2546583850931676,1.1173291925465838,1.0724637681159421,4.66,0.99,5.91,1.0,4.85,1.0,4.58,0.99,4.24,0.99,4.6899999999999995,0.99,4.38,0.99,4.37,0.99,4.65,0.97,5.659999999999999,0.97,1.52,0.52,1.1300000000000001,0.42,0.43000000000000005,0.09,0.0024390243902439024,0.2721951219512195,0.10365853658536585,0.11524999999999999,0.1125,0.10974999999999999,0.11525,0.118,0.13,0.1355,0.05275,0.0,0.92,0.86,0.93,90.32398856325948,6.703025959547699
puf_11_loopr8,0,4,3,483,51.06999999999999,3.928461538461538,0.9909999999999999,0.8392307692307692,0.09,0.8461538461538461,0.07867494824016563,3.8461538461538463,2.387639751552795,2.331262939958592,1.2975983436853002,1.2546583850931676,1.1173291925465838,1.0724637681159421,4.66,0.99,5.91,1.0,4.85,1.0,4.58,0.99,4.24,0.99,4.6899999999999995,0.99,4.38,0.99,4.37,0.99,4.65,0.97,5.659999999999999,0.97,1.52,0.52,1.1300000000000001,0.42,0.43000000000000005,0.09,0.0024390243902439024,0.2721951219512195,0.10365853658536585,0.11524999999999999,0.1125,0.10974999999999999,0.11525,0.118,0.13,0.1355,0.05275,0.0,0.92,0.86,0.93,90.33599237550631,6.6527791049530185
puf_11_loopr8,0,4,4,483,51.06999999999999,3.928461538461538,0.9909999999999999,0.8392307692307692,0.09,0.8461538461538461,0.07867494824016563,3.8461538461538463,2.387639751552795,2.331262939958592,1.2975983436853002,1.2546583850931676,1.1173291925465838,1.0724637681159421,4.66,0.99,5.91,1.0,4.85,1.0,4.58,0.99,4.24,0.99,4.6899999999999995,0.99,4.38,0.99,4.37,0.99,4.65,0.97,5.659999999999999,0.97,1.52,0.52,1.1300000000000001,0.42,0.43000000000000005,0.09,0.0024390243902439024,0.2721951219512195,0.10365853658536585,0.11524999999999999,0.1125,0.10974999999999999,0.11525,0.118,0.13,0.1355,0.05275,0.0,0.92,0.86,0.92,90.2810197760305,6.676923076923077
puf_11_r8,0,1,0,476,51.22,3.94,0.993,0.8415384615384617,0.08,0.8461538461538461,0.07773109243697479,3.769230769230769,2.373655462184874,2.3214285714285716,1.299768907563025,1.2584033613445378,1.1098529411764706,1.0672268907563025,4.720000000000001,0.99,5.880000000000001,1.0,4.74,1.0,4.619999999999999,1.0,4.24,1.0,4.69,0.99,4.35,1.0,4.35,0.99,4.78,0.98,5.71,0.97,1.6600000000000001,0.54,1.09,0.4,0.39,0.08,0.0027500000000000003,0.20525000000000002,0.18449999999999997,0.11500000000000002,0.11274999999999999,0.1095,0.11624999999999999,0.11624999999999999,0.13230769230769232,0.13974358974358972,0.05435897435897436,0.0,0.92,0.86,0.93,90.61112638687891,6.506561085972851
puf_11_r8,0,1,1,476,51.22,3.94,0.993,0.8415384615384617,0.08,0.8461538461538461,0.07773109243697479,3.769230769230769,2.373655462184874,2.3214285714285716,1.299768907563025,1.2584033613445378,1.1098529411764706,1.0672268907563025,4.720000000000001,0.99,5.880000000000001,1.0,4.74,1.0,4.619999999999999,1.0,4.24,1.0,4.69,0.99,4.35,1.0,4.35,0.99,4.78,0.98,5.71,0.97,1.6600000000000001,0.54,1.09,0.4,0.39,0.08,0.0027500000000000003,0.20525000000000002,0.18449999999999997,0.11500000000000002,0.11274999999999999,0.1095,0.11624999999999999,0.11624999999999999,0.13230769230769232,0.13974358974358972,0.05435897435897436,0.0,0.92,0.86,0.93,90.40551616015436,6.563396897220427
puf_11_r8,0,1,2,476,51.22,3.94,0.993,0.8415384615384617,0.08,0.8461538461538461,0.07773109243697479,3.769230769230769,2.373655462184874,2.3214285714285716,1.299768907563025,1.2584033613445378,1.1098529411764706,1.0672268907563025,4.720000000000001,0.99,5.880000000000001,1.0,4.74,1.0,4.619999999999999,1.0,4.24,1.0,4.69,0.99,4.35,1.0,4.35,0.99,4.78,0.98,5.71,0.97,1.6600000000000001,0.54,1.09,0.4,0.39,0.08,0.0027500000000000003,0.20525000000000002,0.18449999999999997,0.11500000000000002,0.11274999999999999,0.1095,0.11624999999999999,0.11624999999999999,0.13230769230769232,0.13974358974358972,0.05435897435897436,0.0,0.92,0.86,0.93,90.22239990352146,6.663170652876535
puf_11_r8,0,1,3,476,51.22,3.94,0.993,0.8415384615384617,0.08,0.8461538461538461,0.07773109243697479,3.769230769230769,2.373655462184874,2.3214285714285716,1.299768907563025,1.2584033613445378,1.1098529411764706,1.0672268907563025,4.720000000000001,0.99,5.880000000000001,1.0,4.74,1.0,4.619999999999999,1.0,4.24,1.0,4.69,0.99,4.35,1.0,4.35,0.99,4.78,0.98,5.71,0.97,1.6600000000000001,0.54,1.09,0.4,0.39,0.08,0.0027500000000000003,0.20525000000000002,0.18449999999999997,0.11500000000000002,0.11274999999999999,0.1095,0.11624999999999999,0.11624999999999999,0.13230769230769232,0.13974358974358972,0.05435897435897436,0.0,0.92,0.86,0.93,90.29297153883262,6.659082094376212
puf_11_r8,0,1,4,476,51.22,3.94,0.993,0.8415384615384617,0.08,0.8461538461538461,0.07773109243697479,3.769230769230769,2.373655462184874,2.3214285714285716,1.299768907563025,1.2584033613445378,1.1098529411764706,1.0672268907563025,4.720000000000001,0.99,5.880000000000001,1.0,4.74,1.0,4.619999999999999,1.0,4.24,1.0,4.69,0.99,4.35,1.0,4.35,0.99,4.78,0.98,5.71,0.97,1.6600000000000001,0.54,1.09,0.4,0.39,0.08,0.0027500000000000003,0.20525000000000002,0.18449999999999997,0.11500000000000002,0.11274999999999999,0.1095,0.11624999999999999,0.11624999999999999,0.13230769230769232,0.13974358974358972,0.05435897435897436,0.0,0.91,0.86,0.92,90.26247949831162,6.860019392372334
puf_11_r8,0,2,0,476,50.9,3.9153846153846152,0.9914999999999999,0.8353846153846154,0.08,0.8461538461538461,0.07773109243697479,3.769230769230769,2.3722689075630248,2.3256302521008405,1.2986344537815127,1.2605042016806722,1.1093067226890756,1.069327731092437,4.6899999999999995,0.99,5.89,1.0,4.83,1.0,4.640000000000001,0.99,4.25,0.99,4.48,0.99,4.4,0.99,4.390000000000001,0.99,4.65,0.97,5.71,0.97,1.5500000000000003,0.53,1.03,0.37,0.39,0.08,0.0025,0.201,0.1825,0.11650000000000002,0.1095,0.10775000000000001,0.11674999999999999,0.11775,0.13333333333333333,0.13948717948717948,0.05358974358974359,0.0,0.91,0.86,0.93,90.37412445730824,6.4986425339366525
puf_11_r8,0,2,1,476,50.9,3.9153846153846152,0.9914999999999999,0.8353846153846154,0.08,0.8461538461538461,0.07773109243697479,3.769230769230769,2.3722689075630248,2.3256302521008405,1.2986344537815127,1.2605042016806722,1.1093067226890756,1.069327731092437,4.6899999999999995,0.99,5.89,1.0,4.83,1.0,4.640000000000001,0.99,4.25,0.99,4.48,0.99,4.4,0.99,4.390000000000001,0.99,4.65,0.97,5.71,0.97,1.5500000000000003,0.53,1.03,0.37,0.39,0.08,0.0025,0.201,0.1825,0.11650000000000002,0.1095,0.10775000000000001,0.11674999999999999,0.11775,0.13333333333333333,0.13948717948717948,0.05358974358974359,0.0,0.92,0.87,0.93,90.52596237337193,6.549321266968326
puf_11_r8,0,2,2,476,50.9,3.9153846153846152,0.9914999999999999,0.8353846153846154,0.08,0.8461538461538461,0.07773109243697479,3.769230769230769,2.3722689075630248,2.3256302521008405,1.2986344537815127,1.2605042016806722,1.1093067226890756,1.069327731092437,4.6899999999999995,0.99,5.89,1.0,4.83,1.0,4.640000000000001,0.99,4.25,0.99,4.48,0.99,4.4,0.99,4.390000000000001,0.99,4.65,0.97,5.71,0.97,1.5500000000000003,0.53,1.03,0.37,0.39,0.08,0.0025,0.201,0.1825,0.11650000000000002,0.1095,0.10775000000000001,0.11674999999999999,0.11775,0.13333333333333333,0.13948717948717948,0.05358974358974359,0.0,0.92,0.87,0.93,90.41193680656055,6.502634130575307
puf_11_r8,0,2,3,476,50.9,3.9153846153846152,0.9914999999999999,0.8353846153846154,0.08,0.8461538461538461,0.07773109243697479,3.769230769230769,2.3722689075630248,2.3256302521008405,1.2986344537815127,1.2605042016806722,1.1093067226890756,1.069327731092437,4.6899999999999995,0.99,5.89,1.0,4.83,1.0,4.640000000000001,0.99,4.25,0.99,4.48,0.99,4.4,0.99,4.390000000000001,0.99,4.65,0.97,5.71,0.97,1.5500000000000003,0.53,1.03,0.37,0.39,0.08,0.0025,0.201,0.1825,0.11650000000000002,0.1095,0.10775000000000001,0.11674999999999999,0.11775,0.13333333333333333,0.13948717948717948,0.05358974358974359,0.0,0.92,0.87,0.93,90.6914544138929,6.51543309631545
puf_11_r8,0,2,4,476,50.9,3.9153846153846152,0.9914999999999999,0.8353846153846154,0.08,0.8461538461538461,0.07773109243697479,3.769230769230769,2.3722689075630248,2.3256302521008405,1.2986344537815127,1.2605042016806722,1.1093067226890756,1.069327731092437,4.6899999999999995,0.99,5.89,1.0,4.83,1.0,4.640000000000001,0.99,4.25,0.99,4.48,0.99,4.4,0.99,4.390000000000001,0.99,4.65,0.97,5.71,0.97,1.5500000000000003,0.53,1.03,0.37,0.39,0.08,0.0025,0.201,0.1825,0.11650000000000002,0.1095,0.10775000000000001,0.11674999999999999,0.11775,0.13333333333333333,0.13948717948717948,0.05358974358974359,0.0,0.92,0.86,0.92,90.27849252291365,6.658500323206206
puf_11_r8,0,3,0,476,51.06,3.927692307692308,0.9925,0.8415384615384615,0.08,0.8461538461538461,0.07773109243697479,3.769230769230769,2.3712394957983194,2.3214285714285716,1.2984453781512606,1.2584033613445378,1.1089915966386557,1.0672268907563025,4.71,0.99,5.88,1.0,4.73,1.0,4.619999999999999,1.0,4.24,1.0,4.59,0.99,4.359999999999999,0.99,4.369999999999999,0.99,4.73,0.98,5.72,0.97,1.61,0.54,1.11,0.41,0.39,0.08,0.0027500000000000003,0.20525,0.1835,0.11525,0.11074999999999999,0.10874999999999999,0.11624999999999999,0.11574999999999999,0.13282051282051283,0.13897435897435897,0.054615384615384614,0.0,0.92,0.86,0.93,90.6197973950796,6.447268907563026
puf_11_r8,0,3,1,476,51.06,3.927692307692308,0.9925,0.8415384615384615,0.08,0.8461538461538461,0.07773109243697479,3.769230769230769,2.3712394957983194,2.3214285714285716,1.2984453781512606,1.2584033613445378,1.1089915966386557,1.0672268907563025,4.71,0.99,5.88,1.0,4.73,1.0,4.619999999999999,1.0,4.24,1.0,4.59,0.99,4.359999999999999,0.99,4.369999999999999,0.99,4.73,0.98,5.72,0.97,1.61,0.54,1.11,0.41,0.39,0.08,0.0027500000000000003,0.20525,0.1835,0.11525,0.11074999999999999,0.10874999999999999,0.11624999999999999,0.11574999999999999,0.13282051282051283,0.13897435897435897,0.054615384615384614,0.0,0.92,0.86,0.93,90.44253256150506,6.5428894634777
puf_11_r8,0,3,2,476,51.06,3.927692307692308,0.9925,0.8415384615384615,0.08,0.8461538461538461,0.07773109243697479,3.769230769230769,2.3712394957983194,2.3214285714285716,1.2984453781512606,1.2584033613445378,1.1089915966386557,1.0672268907563025,4.71,0.99,5.88,1.0,4.73,1.0,4.619999999999999,1.0,4.24,1.0,4.59,0.99,4.359999999999999,0.99,4.369999999999999,0.99,4.73,0.98,5.72,0.97,1.61,0.54,1.11,0.41,0.39,0.08,0.0027500000000000003,0.20525,0.1835,0.11525,0.11074999999999999,0.10874999999999999,0.11624999999999999,0.11574999999999999,0.13282051282051283,0.13897435897435897,0.054615384615384614,0.0,0.92,0.86,0.93,90.45761456825856,6.558144796380091
puf_11_r8,0,3,3,476,51.06,3.927692307692308,0.9925,0.8415384615384615,0.08,0.8461538461538461,0.07773109243697479,3.769230769230769,2.3712394957983194,2.3214285714285716,1.2984453781512606,1.2584033613445378,1.1089915966386557,1.0672268907563025,4.71,0.99,5.88,1.0,4.73,1.0,4.619999999999999,1.0,4.24,1.0,4.59,0.99,4.359999999999999,0.99,4.369999999999999,0.99,4.73,0.98,5.72,0.97,1.61,0.54,1.11,0.41,0.39,0.08,0.0027500000000000003,0.20525,0.1835,0.11525,0.11074999999999999,0.10874999999999999,0.11624999999999999,0.11574999999999999,0.13282051282051283,0.13897435897435897,0.054615384615384614,0.0,0.91,0.86,0.92,89.9675470332851,6.8209437621202325
puf_11_r8,0,3,4,476,51.06,3.927692307692308,0.9925,0.8415384615384615,0.08,0.8461538461538461,0.07773109243697479,3.769230769230769,2.3712394957983194,2.3214285714285716,1.2984453781512606,1.2584033613445378,1.1089915966386557,1.0672268907563025,4.71,0.99,5.88,1.0,4.73,1.0,4.619999999999999,1.0,4.24,1.0,4.59,0.99,4.359999999999999,0.99,4.369999999999999,0.99,4.73,0.98,5.72,0.97,1.61,0.54,1.11,0.41,0.39,0.08,0.0027500000000000003,0.20525,0.1835,0.11525,0.11074999999999999,0.10874999999999999,0.11624999999999999,0.11574999999999999,0.13282051282051283,0.13897435897435897,0.054615384615384614,0.0,0.91,0.86,0.92,90.23882296189099,6.708904330963154
puf_11_r8,0,4,0,476,51.06999999999999,3.928461538461538,0.993,0.8392307692307693,0.08,0.8461538461538461,0.07773109243697479,3.769230769230769,2.3704621848739493,2.319327731092437,1.2986344537815127,1.2605042016806722,1.1098739495798318,1.069327731092437,4.71,0.99,5.890000000000001,1.0,4.68,1.0,4.640000000000001,1.0,4.220000000000001,1.0,4.6899999999999995,0.99,4.369999999999999,1.0,4.37,0.99,4.76,0.98,5.7,0.97,1.57,0.51,1.09,0.4,0.38,0.08,0.0027500000000000003,0.20325,0.18375,0.11550000000000002,0.11300000000000002,0.10899999999999999,0.1165,0.11499999999999999,0.13230769230769232,0.13974358974358972,0.0541025641025641,0.0,0.92,0.86,0.93,90.57322961890979,6.4940045248868765
puf_11_r8,0,4,1,476,51.06999999999999,3.928461538461538,0.993,0.8392307692307693,0.08,0.8461538461538461,0.07773109243697479,3.769230769230769,2.3704621848739493,2.319327731092437,1.2986344537815127,1.2605042016806722,1.1098739495798318,1.069327731092437,4.71,0.99,5.890000000000001,1.0,4.68,1.0,4.640000000000001,1.0,4.220000000000001,1.0,4.6899999999999995,0.99,4.369999999999999,1.0,4.37,0.99,4.76,0.98,5.7,0.97,1.57,0.51,1.09,0.4,0.38,0.08,0.0027500000000000003,0.20325,0.18375,0.11550000000000002,0.11300000000000002,0.10899999999999999,0.1165,0.11499999999999999,0.13230769230769232,0.13974358974358972,0.0541025641025641,0.0,0.92,0.87,0.93,90.51203810902074,6.377327084680026
puf_11_r8,0,4,2,476,51.06999999999999,3.928461538461538,0.993,0.8392307692307693,0.08,0.8461538461538461,0.07773109243697479,3.769230769230769,2.3704621848739493,2.319327731092437,1.2986344537815127,1.2605042016806722,1.1098739495798318,1.069327731092437,4.71,0.99,5.890000000000001,1.0,4.68,1.0,4.640000000000001,1.0,4.220000000000001,1.0,4.6899999999999995,0.99,4.369999999999999,1.0,4.37,0.99,4.76,0.98,5.7,0.97,1.57,0.51,1.09,0.4,0.38,0.08,0.0027500000000000003,0.20325,0.18375,0.11550000000000002,0.11300000000000002,0.10899999999999999,0.1165,0.11499999999999999,0.13230769230769232,0.13974358974358972,0.0541025641025641,0.0,0.92,0.86,0.93,90.65697057404729,6.438251454427926
puf_11_r8,0,4,3,476,51.06999999999999,3.928461538461538,0.993,0.8392307692307693,0.08,0.8461538461538461,0.07773109243697479,3.769230769230769,2.3704621848739493,2.319327731092437,1.2986344537815127,1.2605042016806722,1.1098739495798318,1.069327731092437,4.71,0.99,5.890000000000001,1.0,4.68,1.0,4.640000000000001,1.0,4.220000000000001,1.0,4.6899999999999995,0.99,4.369999999999999,1.0,4.37,0.99,4.76,0.98,5.7,0.97,1.57,0.51,1.09,0.4,0.38,0.08,0.0027500000000000003,0.20325,0.18375,0.11550000000000002,0.11300000000000002,0.10899999999999999,0.1165,0.11499999999999999,0.13230769230769232,0.13974358974358972,0.0541025641025641,0.0,0.91,0.86,0.93,90.30725518572117,6.6215578539107955
puf_11_r8,0,4,4,476,51.06999999999999,3.928461538461538,0.993,0.8392307692307693,0.08,0.8461538461538461,0.07773109243697479,3.769230769230769,2.3704621848739493,2.319327731092437,1.2986344537815127,1.2605042016806722,1.1098739495798318,1.069327731092437,4.71,0.99,5.890000000000001,1.0,4.68,1.0,4.640000000000001,1.0,4.220000000000001,1.0,4.6899999999999995,0.99,4.369999999999999,1.0,4.37,0.99,4.76,0.98,5.7,0.97,1.57,0.51,1.09,0.4,0.38,0.08,0.0027500000000000003,0.20325,0.18375,0.11550000000000002,0.11300000000000002,0.10899999999999999,0.1165,0.11499999999999999,0.13230769230769232,0.13974358974358972,0.0541025641025641,0.0,0.92,0.86,0.92,90.56672214182345,6.546444731738849
puf_12_loopr4loopr4,0,1,0,527,42.42,3.263076923076923,0.9444999999999999,0.7069230769230769,0.21,0.6923076923076923,0.05502846299810247,2.6923076923076925,2.3866223908918407,2.2125237191650853,1.3115939278937383,1.1878557874762807,1.139222011385199,1.0246679316888045,2.5100000000000002,0.51,4.42,0.91,4.41,0.95,4.589999999999999,0.95,4.09,0.96,4.48,0.96,4.45,0.99,3.4399999999999995,0.93,0.97,0.21,2.95,0.78,1.84,0.29,2.63,0.44,1.6400000000000003,0.31,0.003409090909090909,0.035909090909090904,0.07340909090909091,0.10227272727272728,0.10022727272727273,0.1986363636363637,0.09977272727272726,0.08181818181818182,0.08386363636363636,0.06590909090909092,0.06613636363636365,0.05395348837209303,0.91,0.83,0.91,87.61568813409792,7.930710845132098
puf_12_loopr4loopr4,0,1,1,527,42.42,3.263076923076923,0.9444999999999999,0.7069230769230769,0.21,0.6923076923076923,0.05502846299810247,2.6923076923076925,2.3866223908918407,2.2125237191650853,1.3115939278937383,1.1878557874762807,1.139222011385199,1.0246679316888045,2.5100000000000002,0.51,4.42,0.91,4.41,0.95,4.589999999999999,0.95,4.09,0.96,4.48,0.96,4.45,0.99,3.4399999999999995,0.93,0.97,0.21,2.95,0.78,1.84,0.29,2.63,0.44,1.6400000000000003,0.31,0.003409090909090909,0.035909090909090904,0.07340909090909091,0.10227272727272728,0.10022727272727273,0.1986363636363637,0.09977272727272726,0.08181818181818182,0.08386363636363636,0.06590909090909092,0.06613636363636365,0.05395348837209303,0.9,0.83,0.91,87.98749007498898,7.846460370748796
puf_12_loopr4loopr4,0,1,2,527,42.42,3.263076923076923,0.9444999999999999,0.7069230769230769,0.21,0.6923076923076923,0.05502846299810247,2.6923076923076925,2.3866223908918407,2.2125237191650853,1.3115939278937383,1.1878557874762807,1.139222011385199,1.0246679316888045,2.5100000000000002,0.51,4.42,0.91,4.41,0.95,4.589999999999999,0.95,4.09,0.96,4.48,0.96,4.45,0.99,3.4399999999999995,0.93,0.97,0.21,2.95,0.78,1.84,0.29,2.63,0.44,1.6400000000000003,0.31,0.003409090909090909,0.035909090909090904,0.07340909090909091,0.10227272727272728,0.10022727272727273,0.1986363636363637,0.09977272727272726,0.08181818181818182,0.08386363636363636,0.06590909090909092,0.06613636363636365,0.05395348837209303,0.9,0.83,0.91,87.65828187031317,7.956882206977085
puf_12_loopr4loopr4,0,1,3,527,42.42,3.263076923076923,0.9444999999999999,0.7069230769230769,0.21,0.6923076923076923,0.05502846299810247,2.6923076923076925,2.3866223908918407,2.2125237191650853,1.3115939278937383,1.1878557874762807,1.139222011385199,1.0246679316888045,2.5100000000000002,0.51,4.42,0.91,4.41,0.95,4.589999999999999,0.95,4.09,0.96,4.48,0.96,4.45,0.99,3.4399999999999995,0.93,0.97,0.21,2.95,0.78,1.84,0.29,2.63,0.44,1.6400000000000003,0.31,0.003409090909090909,0.035909090909090904,0.07340909090909091,0.10227272727272728,0.10022727272727273,0.1986363636363637,0.09977272727272726,0.08181818181818182,0.08386363636363636,0.06590909090909092,0.06613636363636365,0.05395348837209303,0.9,0.83,0.9,87.27994044993383,8.196409283316305
puf_12_loopr4loopr4,0,1,4,527,42.42,3.263076923076923,0.9444999999999999,0.7069230769230769,0.21,0.6923076923076923,0.05502846299810247,2.6923076923076925,2.3866223908918407,2.2125237191650853,1.3115939278937383,1.1878557874762807,1.139222011385199,1.0246679316888045,2.5100000000000002,0.51,4.42,0.91,4.41,0.95,4.589999999999999,0.95,4.09,0.96,4.48,0.96,4.45,0.99,3.4399999999999995,0.93,0.97,0.21,2.95,0.78,1.84,0.29,2.63,0.44,1.6400000000000003,0.31,0.003409090909090909,0.035909090909090904,0.07340909090909091,0.10227272727272728,0.10022727272727273,0.1986363636363637,0.09977272727272726,0.08181818181818182,0.08386363636363636,0.06590909090909092,0.06613636363636365,0.05395348837209303,0.89,0.84,0.9,87.16062858403176,8.011283024376004
puf_12_loopr4loopr4,0,2,0,527,42.9,3.3,0.9359999999999999,0.7084615384615384,0.21,0.7692307692307693,0.056925996204933584,2.769230769230769,2.3873624288425046,2.206831119544592,1.3131499051233395,1.1821631878557874,1.1416318785578747,1.0227703984819734,2.5300000000000002,0.51,4.43,0.9,4.430000000000001,0.95,4.609999999999999,0.94,4.08,0.95,4.449999999999999,0.95,4.430000000000001,0.98,3.4299999999999997,0.93,1.01,0.21,2.9499999999999997,0.76,1.8600000000000003,0.28,2.95,0.52,1.7400000000000002,0.33,0.003181818181818182,0.03681818181818182,0.07386363636363635,0.10181818181818182,0.10136363636363636,0.19795454545454547,0.09909090909090908,0.08136363636363636,0.08477272727272728,0.06454545454545454,0.07090909090909091,0.06069767441860464,0.91,0.84,0.91,87.36862593736215,7.949802948474676
puf_12_loopr4loopr4,0,2,1,527,42.9,3.3,0.9359999999999999,0.7084615384615384,0.21,0.7692307692307693,0.056925996204933584,2.769230769230769,2.3873624288425046,2.206831119544592,1.3131499051233395,1.1821631878557874,1.1416318785578747,1.0227703984819734,2.5300000000000002,0.51,4.43,0.9,4.430000000000001,0.95,4.609999999999999,0.94,4.08,0.95,4.449999999999999,0.95,4.430000000000001,0.98,3.4299999999999997,0.93,1.01,0.21,2.9499999999999997,0.76,1.8600000000000003,0.28,2.95,0.52,1.7400000000000002,0.33,0.003181818181818182,0.03681818181818182,0.07386363636363635,0.10181818181818182,0.10136363636363636,0.19795454545454547,0.09909090909090908,0.08136363636363636,0.08477272727272728,0.06454545454545454,0.07090909090909091,0.06069767441860464,0.9,0.82,0.91,86.90580282311426,8.251204203765873
puf_12_loopr4loopr4,0,2,2,527,42.9,3.3,0.9359999999999999,0.7084615384615384,0.21,0.7692307692307693,0.056925996204933584,2.769230769230769,2.3873624288425046,2.206831119544592,1.3131499051233395,1.1821631878557874,1.1416318785578747,1.0227703984819734,2.5300000000000002,0.51,4.43,0.9,4.430000000000001,0.95,4.609999999999999,0.94,4.08,0.95,4.449999999999999,0.95,4.430000000000001,0.98,3.4299999999999997,0.93,1.01,0.21,2.9499999999999997,0.76,1.8600000000000003,0.28,2.95,0.52,1.7400000000000002,0.33,0.003181818181818182,0.03681818181818182,0.07386363636363635,0.10181818181818182,0.10136363636363636,0.19795454545454547,0.09909090909090908,0.08136363636363636,0.08477272727272728,0.06454545454545454,0.07090909090909091,0.06069767441860464,0.9,0.82,0.9,86.88552271724745,8.325967012115019
puf_12_loopr4loopr4,0,2,3,527,42.9,3.3,0.9359999999999999,0.7084615384615384,0.21,0.7692307692307693,0.056925996204933584,2.769230769230769,2.3873624288425046,2.206831119544592,1.3131499051233395,1.1821631878557874,1.1416318785578747,1.0227703984819734,2.5300000000000002,0.51,4.43,0.9,4.430000000000001,0.95,4.609999999999999,0.94,4.08,0.95,4.449999999999999,0.95,4.430000000000001,0.98,3.4299999999999997,0.93,1.01,0.21,2.9499999999999997,0.76,1.8600000000000003,0.28,2.95,0.52,1.7400000000000002,0.33,0.003181818181818182,0.03681818181818182,0.07386363636363635,0.10181818181818182,0.10136363636363636,0.19795454545454547,0.09909090909090908,0.08136363636363636,0.08477272727272728,0.06454545454545454,0.07090909090909091,0.06069767441860464,0.9,0.83,0.9,86.56052271724747,8.479010363450591
puf_12_loopr4loopr4,0,2,4,527,42.9,3.3,0.9359999999999999,0.7084615384615384,0.21,0.7692307692307693,0.056925996204933584,2.769230769230769,2.3873624288425046,2.206831119544592,1.3131499051233395,1.1821631878557874,1.1416318785578747,1.0227703984819734,2.5300000000000002,0.51,4.43,0.9,4.430000000000001,0.95,4.609999999999999,0.94,4.08,0.95,4.449999999999999,0.95,4.430000000000001,0.98,3.4299999999999997,0.93,1.01,0.21,2.9499999999999997,0.76,1.8600000000000003,0.28,2.95,0.52,1.7400000000000002,0.33,0.003181818181818182,0.03681818181818182,0.07386363636363635,0.10181818181818182,0.10136363636363636,0.19795454545454547,0.09909090909090908,0.08136363636363636,0.08477272727272728,0.06454545454545454,0.07090909090909091,0.06069767441860464,0.9,0.83,0.9,86.89537494486105,8.423354254853304
puf_12_loopr4loopr4,0,3,0,527,41.5,3.1923076923076925,0.8825,0.6715384615384614,0.22,0.6153846153846154,0.04743833017077799,2.3846153846153846,2.3901707779886148,2.2239089184060723,1.314022770398482,1.2011385199240987,1.1405882352941175,1.0360531309297913,2.62,0.48,4.2299999999999995,0.86,4.17,0.88,4.23,0.86,4.01,0.93,4.359999999999999,0.92,4.419999999999999,0.95,3.46,0.87,1.06,0.22,2.9000000000000004,0.73,1.83,0.29,2.44,0.41,1.77,0.33,0.0029545454545454545,0.039318181818181815,0.07181818181818182,0.09636363636363637,0.0931818181818182,0.19272727272727275,0.09772727272727275,0.0818181818181818,0.08431818181818183,0.065,0.06522727272727272,0.05395348837209303,0.89,0.83,0.9,87.71077635641817,8.253816961027587
puf_12_loopr4loopr4,0,3,1,527,41.5,3.1923076923076925,0.8825,0.6715384615384614,0.22,0.6153846153846154,0.04743833017077799,2.3846153846153846,2.3901707779886148,2.2239089184060723,1.314022770398482,1.2011385199240987,1.1405882352941175,1.0360531309297913,2.62,0.48,4.2299999999999995,0.86,4.17,0.88,4.23,0.86,4.01,0.93,4.359999999999999,0.92,4.419999999999999,0.95,3.46,0.87,1.06,0.22,2.9000000000000004,0.73,1.83,0.29,2.44,0.41,1.77,0.33,0.0029545454545454545,0.039318181818181815,0.07181818181818182,0.09636363636363637,0.0931818181818182,0.19272727272727275,0.09772727272727275,0.0818181818181818,0.08431818181818183,0.065,0.06522727272727272,0.05395348837209303,0.89,0.83,0.9,87.5447926775474,8.38613341118085
puf_12_loopr4loopr4,0,3,2,527,41.5,3.1923076923076925,0.8825,0.6715384615384614,0.22,0.6153846153846154,0.04743833017077799,2.3846153846153846,2.3901707779886148,2.2239089184060723,1.314022770398482,1.2011385199240987,1.1405882352941175,1.0360531309297913,2.62,0.48,4.2299999999999995,0.86,4.17,0.88,4.23,0.86,4.01,0.93,4.359999999999999,0.92,4.419999999999999,0.95,3.46,0.87,1.06,0.22,2.9000000000000004,0.73,1.83,0.29,2.44,0.41,1.77,0.33,0.0029545454545454545,0.039318181818181815,0.07181818181818182,0.09636363636363637,0.0931818181818182,0.19272727272727275,0.09772727272727275,0.0818181818181818,0.08431818181818183,0.065,0.06522727272727272,0.05395348837209303,0.89,0.82,0.89,87.25449933833261,8.607721500510875
puf_12_loopr4loopr4,0,3,3,527,41.5,3.1923076923076925,0.8825,0.6715384615384614,0.22,0.6153846153846154,0.04743833017077799,2.3846153846153846,2.3901707779886148,2.2239089184060723,1.314022770398482,1.2011385199240987,1.1405882352941175,1.0360531309297913,2.62,0.48,4.2299999999999995,0.86,4.17,0.88,4.23,0.86,4.01,0.93,4.359999999999999,0.92,4.419999999999999,0.95,3.46,0.87,1.06,0.22,2.9000000000000004,0.73,1.83,0.29,2.44,0.41,1.77,0.33,0.0029545454545454545,0.039318181818181815,0.07181818181818182,0.09636363636363637,0.0931818181818182,0.19272727272727275,0.09772727272727275,0.0818181818181818,0.08431818181818183,0.065,0.06522727272727272,0.05395348837209303,0.89,0.83,0.89,87.55175341861491,8.454546781491754
puf_12_loopr4loopr4,0,3,4,527,41.5,3.1923076923076925,0.8825,0.6715384615384614,0.22,0.6153846153846154,0.04743833017077799,2.3846153846153846,2.3901707779886148,2.2239089184060723,1.314022770398482,1.2011385199240987,1.1405882352941175,1.0360531309297913,2.62,0.48,4.2299999999999995,0.86,4.17,0.88,4.23,0.86,4.01,0.93,4.359999999999999,0.92,4.419999999999999,0.95,3.46,0.87,1.06,0.22,2.9000000000000004,0.73,1.83,0.29,2.44,0.41,1.77,0.33,0.0029545454545454545,0.039318181818181815,0.07181818181818182,0.09636363636363637,0.0931818181818182,0.19272727272727275,0.09772727272727275,0.0818181818181818,0.08431818181818183,0.065,0.06522727272727272,0.05395348837209303,0.87,0.82,0.88,87.19782973092191,8.748708217778427
puf_12_loopr4loopr4,0,4,0,527,43.41,3.339230769230769,0.9484999999999999,0.7215384615384615,0.2,0.7692307692307693,0.056925996204933584,2.769230769230769,2.3845920303605315,2.208728652751423,1.3102277039848198,1.1859582542694498,1.1381404174573053,1.0227703984819734,2.5300000000000002,0.52,4.51,0.92,4.5,0.96,4.64,0.96,4.09,0.96,4.48,0.96,4.46,0.99,3.4799999999999995,0.94,0.98,0.2,3.05,0.8,1.7100000000000002,0.24,3.25,0.6,1.7300000000000002,0.33,0.003863636363636364,0.035454545454545454,0.07545454545454545,0.10318181818181821,0.10204545454545455,0.19909090909090912,0.09977272727272726,0.08204545454545455,0.08363636363636363,0.06636363636363636,0.07227272727272727,0.06488372093023256,0.91,0.84,0.92,87.60001543890604,7.828798715515983
puf_12_loopr4loopr4,0,4,1,527,43.41,3.339230769230769,0.9484999999999999,0.7215384615384615,0.2,0.7692307692307693,0.056925996204933584,2.769230769230769,2.3845920303605315,2.208728652751423,1.3102277039848198,1.1859582542694498,1.1381404174573053,1.0227703984819734,2.5300000000000002,0.52,4.51,0.92,4.5,0.96,4.64,0.96,4.09,0.96,4.48,0.96,4.46,0.99,3.4799999999999995,0.94,0.98,0.2,3.05,0.8,1.7100000000000002,0.24,3.25,0.6,1.7300000000000002,0.33,0.003863636363636364,0.035454545454545454,0.07545454545454545,0.10318181818181821,0.10204545454545455,0.19909090909090912,0.09977272727272726,0.08204545454545455,0.08363636363636363,0.06636363636363636,0.07227272727272727,0.06488372093023256,0.91,0.83,0.91,87.7291155712395,7.883535250328419
puf_12_loopr4loopr4,0,4,2,527,43.41,3.339230769230769,0.9484999999999999,0.7215384615384615,0.2,0.7692307692307693,0.056925996204933584,2.769230769230769,2.3845920303605315,2.208728652751423,1.3102277039848198,1.1859582542694498,1.1381404174573053,1.0227703984819734,2.5300000000000002,0.52,4.51,0.92,4.5,0.96,4.64,0.96,4.09,0.96,4.48,0.96,4.46,0.99,3.4799999999999995,0.94,0.98,0.2,3.05,0.8,1.7100000000000002,0.24,3.25,0.6,1.7300000000000002,0.33,0.003863636363636364,0.035454545454545454,0.07545454545454545,0.10318181818181821,0.10204545454545455,0.19909090909090912,0.09977272727272726,0.08204545454545455,0.08363636363636363,0.06636363636363636,0.07227272727272727,0.06488372093023256,0.91,0.83,0.91,87.61929642699603,7.969668661509269
puf_12_loopr4loopr4,0,4,3,527,43.41,3.339230769230769,0.9484999999999999,0.7215384615384615,0.2,0.7692307692307693,0.056925996204933584,2.769230769230769,2.3845920303605315,2.208728652751423,1.3102277039848198,1.1859582542694498,1.1381404174573053,1.0227703984819734,2.5300000000000002,0.52,4.51,0.92,4.5,0.96,4.64,0.96,4.09,0.96,4.48,0.96,4.46,0.99,3.4799999999999995,0.94,0.98,0.2,3.05,0.8,1.7100000000000002,0.24,3.25,0.6,1.7300000000000002,0.33,0.003863636363636364,0.035454545454545454,0.07545454545454545,0.10318181818181821,0.10204545454545455,0.19909090909090912,0.09977272727272726,0.08204545454545455,0.08363636363636363,0.06636363636363636,0.07227272727272727,0.06488372093023256,0.9,0.83,0.91,87.44667622408468,8.142387972558751
puf_12_loopr4loopr4,0,4,4,527,43.41,3.339230769230769,0.9484999999999999,0.7215384615384615,0.2,0.7692307692307693,0.056925996204933584,2.769230769230769,2.3845920303605315,2.208728652751423,1.3102277039848198,1.1859582542694498,1.1381404174573053,1.0227703984819734,2.5300000000000002,0.52,4.51,0.92,4.5,0.96,4.64,0.96,4.09,0.96,4.48,0.96,4.46,0.99,3.4799999999999995,0.94,0.98,0.2,3.05,0.8,1.7100000000000002,0.24,3.25,0.6,1.7300000000000002,0.33,0.003863636363636364,0.035454545454545454,0.07545454545454545,0.10318181818181821,0.10204545454545455,0.19909090909090912,0.09977272727272726,0.08204545454545455,0.08363636363636363,0.06636363636363636,0.07227272727272727,0.06488372093023256,0.9,0.83,0.9,87.62623070136743,7.953203911837688
puf_12_loopr4r4,0,1,0,520,43.17,3.3207692307692307,0.9389999999999998,0.7153846153846153,0.22,0.6923076923076923,0.05576923076923077,2.6923076923076925,2.399,2.326923076923077,1.3270384615384614,1.271153846153846,1.1512115384615382,1.0923076923076922,2.5799999999999996,0.51,4.48,0.91,4.39,0.95,4.62,0.94,4.1,0.95,4.4799999999999995,0.96,4.42,0.99,3.42,0.94,0.9500000000000001,0.22,2.9,0.78,2.0100000000000002,0.34,2.98,0.5,1.8400000000000003,0.31,0.0036363636363636364,0.03704545454545455,0.075,0.10136363636363636,0.10325581395348836,0.2041860465116279,0.10093023255813952,0.08395348837209302,0.08395348837209303,0.06534883720930233,0.07418604651162791,0.06604651162790698,0.91,0.84,0.91,89.21163729645328,7.323328402366863
puf_12_loopr4r4,0,1,1,520,43.17,3.3207692307692307,0.9389999999999998,0.7153846153846153,0.22,0.6923076923076923,0.05576923076923077,2.6923076923076925,2.399,2.326923076923077,1.3270384615384614,1.271153846153846,1.1512115384615382,1.0923076923076922,2.5799999999999996,0.51,4.48,0.91,4.39,0.95,4.62,0.94,4.1,0.95,4.4799999999999995,0.96,4.42,0.99,3.42,0.94,0.9500000000000001,0.22,2.9,0.78,2.0100000000000002,0.34,2.98,0.5,1.8400000000000003,0.31,0.0036363636363636364,0.03704545454545455,0.075,0.10136363636363636,0.10325581395348836,0.2041860465116279,0.10093023255813952,0.08395348837209302,0.08395348837209303,0.06534883720930233,0.07418604651162791,0.06604651162790698,0.91,0.84,0.91,88.89320990408208,7.5367603550295845
puf_12_loopr4r4,0,1,2,520,43.17,3.3207692307692307,0.9389999999999998,0.7153846153846153,0.22,0.6923076923076923,0.05576923076923077,2.6923076923076925,2.399,2.326923076923077,1.3270384615384614,1.271153846153846,1.1512115384615382,1.0923076923076922,2.5799999999999996,0.51,4.48,0.91,4.39,0.95,4.62,0.94,4.1,0.95,4.4799999999999995,0.96,4.42,0.99,3.42,0.94,0.9500000000000001,0.22,2.9,0.78,2.0100000000000002,0.34,2.98,0.5,1.8400000000000003,0.31,0.0036363636363636364,0.03704545454545455,0.075,0.10136363636363636,0.10325581395348836,0.2041860465116279,0.10093023255813952,0.08395348837209302,0.08395348837209303,0.06534883720930233,0.07418604651162791,0.06604651162790698,0.9,0.84,0.9,89.21182467097925,7.586671597633138
puf_12_loopr4r4,0,1,3,520,43.17,3.3207692307692307,0.9389999999999998,0.7153846153846153,0.22,0.6923076923076923,0.05576923076923077,2.6923076923076925,2.399,2.326923076923077,1.3270384615384614,1.271153846153846,1.1512115384615382,1.0923076923076922,2.5799999999999996,0.51,4.48,0.91,4.39,0.95,4.62,0.94,4.1,0.95,4.4799999999999995,0.96,4.42,0.99,3.42,0.94,0.9500000000000001,0.22,2.9,0.78,2.0100000000000002,0.34,2.98,0.5,1.8400000000000003,0.31,0.0036363636363636364,0.03704545454545455,0.075,0.10136363636363636,0.10325581395348836,0.2041860465116279,0.10093023255813952,0.08395348837209302,0.08395348837209303,0.06534883720930233,0.07418604651162791,0.06604651162790698,0.89,0.83,0.9,89.13674771358467,7.680414201183432
puf_12_loopr4r4,0,1,4,520,43.17,3.3207692307692307,0.9389999999999998,0.7153846153846153,0.22,0.6923076923076923,0.05576923076923077,2.6923076923076925,2.399,2.326923076923077,1.3270384615384614,1.271153846153846,1.1512115384615382,1.0923076923076922,2.5799999999999996,0.51,4.48,0.91,4.39,0.95,4.62,0.94,4.1,0.95,4.4799999999999995,0.96,4.42,0.99,3.42,0.94,0.9500000000000001,0.22,2.9,0.78,2.0100000000000002,0.34,2.98,0.5,1.8400000000000003,0.31,0.0036363636363636364,0.03704545454545455,0.075,0.10136363636363636,0.10325581395348836,0.2041860465116279,0.10093023255813952,0.08395348837209302,0.08395348837209303,0.06534883720930233,0.07418604651162791,0.06604651162790698,0.89,0.84,0.9,89.03336158822218,7.548387573964498
puf_12_loopr4r4,0,2,0,520,51.36,3.9507692307692306,0.9914999999999999,0.8415384615384615,0.1,0.8461538461538461,0.07307692307692308,3.769230769230769,2.390038461538462,2.2865384615384614,1.3174423076923076,1.2326923076923078,1.1433846153846152,1.0576923076923077,4.66,0.98,5.84,0.99,4.73,1.0,4.64,1.0,4.25,0.99,4.71,0.99,4.39,1.0,4.390000000000001,0.99,4.74,0.98,5.73,0.97,1.61,0.52,1.1700000000000002,0.43,0.5,0.1,0.04272727272727273,0.22340909090909086,0.09454545454545453,0.10522727272727272,0.1055813953488372,0.21069767441860465,0.10790697674418603,0.11976744186046512,0.12093023255813953,0.0527906976744186,0.0,0.0,0.92,0.84,0.92,87.27242917689047,8.684926035502958
puf_12_loopr4r4,0,2,1,520,51.36,3.9507692307692306,0.9914999999999999,0.8415384615384615,0.1,0.8461538461538461,0.07307692307692308,3.769230769230769,2.390038461538462,2.2865384615384614,1.3174423076923076,1.2326923076923078,1.1433846153846152,1.0576923076923077,4.66,0.98,5.84,0.99,4.73,1.0,4.64,1.0,4.25,0.99,4.71,0.99,4.39,1.0,4.390000000000001,0.99,4.74,0.98,5.73,0.97,1.61,0.52,1.1700000000000002,0.43,0.5,0.1,0.04272727272727273,0.22340909090909086,0.09454545454545453,0.10522727272727272,0.1055813953488372,0.21069767441860465,0.10790697674418603,0.11976744186046512,0.12093023255813953,0.0527906976744186,0.0,0.0,0.92,0.84,0.92,87.0061521302699,8.813136094674556
puf_12_loopr4r4,0,2,2,520,51.36,3.9507692307692306,0.9914999999999999,0.8415384615384615,0.1,0.8461538461538461,0.07307692307692308,3.769230769230769,2.390038461538462,2.2865384615384614,1.3174423076923076,1.2326923076923078,1.1433846153846152,1.0576923076923077,4.66,0.98,5.84,0.99,4.73,1.0,4.64,1.0,4.25,0.99,4.71,0.99,4.39,1.0,4.390000000000001,0.99,4.74,0.98,5.73,0.97,1.61,0.52,1.1700000000000002,0.43,0.5,0.1,0.04272727272727273,0.22340909090909086,0.09454545454545453,0.10522727272727272,0.1055813953488372,0.21069767441860465,0.10790697674418603,0.11976744186046512,0.12093023255813953,0.0527906976744186,0.0,0.0,0.92,0.84,0.92,86.86799464644211,8.844852071005917
puf_12_loopr4r4,0,2,3,520,51.36,3.9507692307692306,0.9914999999999999,0.8415384615384615,0.1,0.8461538461538461,0.07307692307692308,3.769230769230769,2.390038461538462,2.2865384615384614,1.3174423076923076,1.2326923076923078,1.1433846153846152,1.0576923076923077,4.66,0.98,5.84,0.99,4.73,1.0,4.64,1.0,4.25,0.99,4.71,0.99,4.39,1.0,4.390000000000001,0.99,4.74,0.98,5.73,0.97,1.61,0.52,1.1700000000000002,0.43,0.5,0.1,0.04272727272727273,0.22340909090909086,0.09454545454545453,0.10522727272727272,0.1055813953488372,0.21069767441860465,0.10790697674418603,0.11976744186046512,0.12093023255813953,0.0527906976744186,0.0,0.0,0.92,0.84,0.92,86.86773812179344,8.893786982248521
puf_12_loopr4r4,0,2,4,520,51.36,3.9507692307692306,0.9914999999999999,0.8415384615384615,0.1,0.8461538461538461,0.07307692307692308,3.769230769230769,2.390038461538462,2.2865384615384614,1.3174423076923076,1.2326923076923078,1.1433846153846152,1.0576923076923077,4.66,0.98,5.84,0.99,4.73,1.0,4.64,1.0,4.25,0.99,4.71,0.99,4.39,1.0,4.390000000000001,0.99,4.74,0.98,5.73,0.97,1.61,0.52,1.1700000000000002,0.43,0.5,0.1,0.04272727272727273,0.22340909090909086,0.09454545454545453,0.10522727272727272,0.1055813953488372,0.21069767441860465,0.10790697674418603,0.11976744186046512,0.12093023255813953,0.0527906976744186,0.0,0.0,0.92,0.84,0.92,86.56358019183581,9.048594674556213
puf_12_loopr4r4,0,3,0,520,42.620000000000005,3.278461538461539,0.9409999999999998,0.7115384615384617,0.22,0.6923076923076923,0.05384615384615385,2.6153846153846154,2.3971923076923076,2.3038461538461537,1.3233461538461535,1.248076923076923,1.147826923076923,1.073076923076923,2.48,0.51,4.46,0.91,4.38,0.95,4.58,0.95,4.08,0.95,4.47,0.96,4.45,0.99,3.42,0.93,0.97,0.22,2.79,0.78,1.9500000000000004,0.33,2.81,0.46,1.7800000000000002,0.31,0.003409090909090909,0.03590909090909091,0.07386363636363637,0.1015909090909091,0.1027906976744186,0.20279069767441862,0.10186046511627905,0.08348837209302325,0.0827906976744186,0.06534883720930233,0.07139534883720931,0.06093023255813953,0.91,0.84,0.91,88.9977693508811,7.427337278106508
puf_12_loopr4r4,0,3,1,520,42.620000000000005,3.278461538461539,0.9409999999999998,0.7115384615384617,0.22,0.6923076923076923,0.05384615384615385,2.6153846153846154,2.3971923076923076,2.3038461538461537,1.3233461538461535,1.248076923076923,1.147826923076923,1.073076923076923,2.48,0.51,4.46,0.91,4.38,0.95,4.58,0.95,4.08,0.95,4.47,0.96,4.45,0.99,3.42,0.93,0.97,0.22,2.79,0.78,1.9500000000000004,0.33,2.81,0.46,1.7800000000000002,0.31,0.003409090909090909,0.03590909090909091,0.07386363636363637,0.1015909090909091,0.1027906976744186,0.20279069767441862,0.10186046511627905,0.08348837209302325,0.0827906976744186,0.06534883720930233,0.07139534883720931,0.06093023255813953,0.9,0.84,0.91,88.41935534240463,7.580458579881657
puf_12_loopr4r4,0,3,2,520,42.620000000000005,3.278461538461539,0.9409999999999998,0.7115384615384617,0.22,0.6923076923076923,0.05384615384615385,2.6153846153846154,2.3971923076923076,2.3038461538461537,1.3233461538461535,1.248076923076923,1.147826923076923,1.073076923076923,2.48,0.51,4.46,0.91,4.38,0.95,4.58,0.95,4.08,0.95,4.47,0.96,4.45,0.99,3.42,0.93,0.97,0.22,2.79,0.78,1.9500000000000004,0.33,2.81,0.46,1.7800000000000002,0.31,0.003409090909090909,0.03590909090909091,0.07386363636363637,0.1015909090909091,0.1027906976744186,0.20279069767441862,0.10186046511627905,0.08348837209302325,0.0827906976744186,0.06534883720930233,0.07139534883720931,0.06093023255813953,0.9,0.84,0.91,88.68190274369842,7.546863905325444
puf_12_loopr4r4,0,3,3,520,42.620000000000005,3.278461538461539,0.9409999999999998,0.7115384615384617,0.22,0.6923076923076923,0.05384615384615385,2.6153846153846154,2.3971923076923076,2.3038461538461537,1.3233461538461535,1.248076923076923,1.147826923076923,1.073076923076923,2.48,0.51,4.46,0.91,4.38,0.95,4.58,0.95,4.08,0.95,4.47,0.96,4.45,0.99,3.42,0.93,0.97,0.22,2.79,0.78,1.9500000000000004,0.33,2.81,0.46,1.7800000000000002,0.31,0.003409090909090909,0.03590909090909091,0.07386363636363637,0.1015909090909091,0.1027906976744186,0.20279069767441862,0.10186046511627905,0.08348837209302325,0.0827906976744186,0.06534883720930233,0.07139534883720931,0.06093023255813953,0.89,0.83,0.9,88.66397055543162,7.790532544378698
puf_12_loopr4r4,0,3,4,520,42.620000000000005,3.278461538461539,0.9409999999999998,0.7115384615384617,0.22,0.6923076923076923,0.05384615384615385,2.6153846153846154,2.3971923076923076,2.3038461538461537,1.3233461538461535,1.248076923076923,1.147826923076923,1.073076923076923,2.48,0.51,4.46,0.91,4.38,0.95,4.58,0.95,4.08,0.95,4.47,0.96,4.45,0.99,3.42,0.93,0.97,0.22,2.79,0.78,1.9500000000000004,0.33,2.81,0.46,1.7800000000000002,0.31,0.003409090909090909,0.03590909090909091,0.07386363636363637,0.1015909090909091,0.1027906976744186,0.20279069767441862,0.10186046511627905,0.08348837209302325,0.0827906976744186,0.06534883720930233,0.07139534883720931,0.06093023255813953,0.89,0.83,0.9,88.66455498550077,7.8483727810650885
puf_12_loopr4r4,0,4,0,520,50.93,3.917692307692308,0.9894999999999998,0.8369230769230769,0.1,0.7692307692307693,0.07115384615384615,3.6153846153846154,2.393134615384615,2.3076923076923075,1.3205,1.248076923076923,1.1454230769230769,1.073076923076923,4.58,0.99,5.84,0.99,4.76,1.0,4.6,0.99,4.25,0.99,4.64,0.99,4.430000000000001,0.99,4.390000000000001,0.99,4.6,0.97,5.63,0.96,1.52,0.48,1.21,0.44,0.48000000000000004,0.1,0.04090909090909091,0.21931818181818177,0.09386363636363636,0.1056818181818182,0.1044186046511628,0.20906976744186048,0.10860465116279068,0.1197674418604651,0.12023255813953489,0.05186046511627907,0.0,0.0,0.92,0.84,0.92,87.38312067811732,8.530591715976332
puf_12_loopr4r4,0,4,1,520,50.93,3.917692307692308,0.9894999999999998,0.8369230769230769,0.1,0.7692307692307693,0.07115384615384615,3.6153846153846154,2.393134615384615,2.3076923076923075,1.3205,1.248076923076923,1.1454230769230769,1.073076923076923,4.58,0.99,5.84,0.99,4.76,1.0,4.6,0.99,4.25,0.99,4.64,0.99,4.430000000000001,0.99,4.390000000000001,0.99,4.6,0.97,5.63,0.96,1.52,0.48,1.21,0.44,0.48000000000000004,0.1,0.04090909090909091,0.21931818181818177,0.09386363636363636,0.1056818181818182,0.1044186046511628,0.20906976744186048,0.10860465116279068,0.1197674418604651,0.12023255813953489,0.05186046511627907,0.0,0.0,0.92,0.84,0.92,87.48091010484052,8.620739644970415
puf_12_loopr4r4,0,4,2,520,50.93,3.917692307692308,0.9894999999999998,0.8369230769230769,0.1,0.7692307692307693,0.07115384615384615,3.6153846153846154,2.393134615384615,2.3076923076923075,1.3205,1.248076923076923,1.1454230769230769,1.073076923076923,4.58,0.99,5.84,0.99,4.76,1.0,4.6,0.99,4.25,0.99,4.64,0.99,4.430000000000001,0.99,4.390000000000001,0.99,4.6,0.97,5.63,0.96,1.52,0.48,1.21,0.44,0.48000000000000004,0.1,0.04090909090909091,0.21931818181818177,0.09386363636363636,0.1056818181818182,0.1044186046511628,0.20906976744186048,0.10860465116279068,0.1197674418604651,0.12023255813953489,0.05186046511627907,0.0,0.0,0.92,0.84,0.92,87.35194066473343,8.749482248520708
puf_12_loopr4r4,0,4,3,520,50.93,3.917692307692308,0.9894999999999998,0.8369230769230769,0.1,0.7692307692307693,0.07115384615384615,3.6153846153846154,2.393134615384615,2.3076923076923075,1.3205,1.248076923076923,1.1454230769230769,1.073076923076923,4.58,0.99,5.84,0.99,4.76,1.0,4.6,0.99,4.25,0.99,4.64,0.99,4.430000000000001,0.99,4.390000000000001,0.99,4.6,0.97,5.63,0.96,1.52,0.48,1.21,0.44,0.48000000000000004,0.1,0.04090909090909091,0.21931818181818177,0.09386363636363636,0.1056818181818182,0.1044186046511628,0.20906976744186048,0.10860465116279068,0.1197674418604651,0.12023255813953489,0.05186046511627907,0.0,0.0,0.92,0.84,0.92,87.220825340174,8.712041420118343
puf_12_loopr4r4,0,4,4,520,50.93,3.917692307692308,0.9894999999999998,0.8369230769230769,0.1,0.7692307692307693,0.07115384615384615,3.6153846153846154,2.393134615384615,2.3076923076923075,1.3205,1.248076923076923,1.1454230769230769,1.073076923076923,4.58,0.99,5.84,0.99,4.76,1.0,4.6,0.99,4.25,0.99,4.64,0.99,4.430000000000001,0.99,4.390000000000001,0.99,4.6,0.97,5.63,0.96,1.52,0.48,1.21,0.44,0.48000000000000004,0.1,0.04090909090909091,0.21931818181818177,0.09386363636363636,0.1056818181818182,0.1044186046511628,0.20906976744186048,0.10860465116279068,0.1197674418604651,0.12023255813953489,0.05186046511627907,0.0,0.0,0.91,0.84,0.92,87.42367610974793,8.769363905325443
puf_12_r4loopr4,0,1,0,520,41.8,3.215384615384615,0.9020000000000001,0.6799999999999999,0.22,0.6153846153846154,0.05,2.4615384615384617,2.39375,2.2846153846153845,1.3145192307692306,1.2326923076923078,1.136423076923077,1.0576923076923077,2.64,0.49,4.279999999999999,0.87,4.2,0.9,4.45,0.9,4.02,0.94,4.35,0.93,4.44,0.96,3.35,0.88,1.1400000000000001,0.22,2.7800000000000002,0.74,1.7800000000000005,0.26,2.29,0.38,2.08,0.37,0.0029545454545454545,0.03772727272727273,0.07204545454545454,0.0984090909090909,0.09930232558139535,0.19767441860465115,0.10093023255813953,0.08348837209302325,0.08604651162790698,0.06604651162790698,0.06511627906976744,0.057441860465116276,0.89,0.83,0.9,88.78059335266563,7.7068195266272195
puf_12_r4loopr4,0,1,1,520,41.8,3.215384615384615,0.9020000000000001,0.6799999999999999,0.22,0.6153846153846154,0.05,2.4615384615384617,2.39375,2.2846153846153845,1.3145192307692306,1.2326923076923078,1.136423076923077,1.0576923076923077,2.64,0.49,4.279999999999999,0.87,4.2,0.9,4.45,0.9,4.02,0.94,4.35,0.93,4.44,0.96,3.35,0.88,1.1400000000000001,0.22,2.7800000000000002,0.74,1.7800000000000005,0.26,2.29,0.38,2.08,0.37,0.0029545454545454545,0.03772727272727273,0.07204545454545454,0.0984090909090909,0.09930232558139535,0.19767441860465115,0.10093023255813953,0.08348837209302325,0.08604651162790698,0.06604651162790698,0.06511627906976744,0.057441860465116276,0.88,0.83,0.89,88.4930671425385,7.936863905325444
puf_12_r4loopr4,0,1,2,520,41.8,3.215384615384615,0.9020000000000001,0.6799999999999999,0.22,0.6153846153846154,0.05,2.4615384615384617,2.39375,2.2846153846153845,1.3145192307692306,1.2326923076923078,1.136423076923077,1.0576923076923077,2.64,0.49,4.279999999999999,0.87,4.2,0.9,4.45,0.9,4.02,0.94,4.35,0.93,4.44,0.96,3.35,0.88,1.1400000000000001,0.22,2.7800000000000002,0.74,1.7800000000000005,0.26,2.29,0.38,2.08,0.37,0.0029545454545454545,0.03772727272727273,0.07204545454545454,0.0984090909090909,0.09930232558139535,0.19767441860465115,0.10093023255813953,0.08348837209302325,0.08604651162790698,0.06604651162790698,0.06511627906976744,0.057441860465116276,0.88,0.83,0.89,88.98423600267678,8.03050295857988
puf_12_r4loopr4,0,1,3,520,41.8,3.215384615384615,0.9020000000000001,0.6799999999999999,0.22,0.6153846153846154,0.05,2.4615384615384617,2.39375,2.2846153846153845,1.3145192307692306,1.2326923076923078,1.136423076923077,1.0576923076923077,2.64,0.49,4.279999999999999,0.87,4.2,0.9,4.45,0.9,4.02,0.94,4.35,0.93,4.44,0.96,3.35,0.88,1.1400000000000001,0.22,2.7800000000000002,0.74,1.7800000000000005,0.26,2.29,0.38,2.08,0.37,0.0029545454545454545,0.03772727272727273,0.07204545454545454,0.0984090909090909,0.09930232558139535,0.19767441860465115,0.10093023255813953,0.08348837209302325,0.08604651162790698,0.06604651162790698,0.06511627906976744,0.057441860465116276,0.88,0.83,0.89,88.61198527771582,8.054275147928996
puf_12_r4loopr4,0,1,4,520,41.8,3.215384615384615,0.9020000000000001,0.6799999999999999,0.22,0.6153846153846154,0.05,2.4615384615384617,2.39375,2.2846153846153845,1.3145192307692306,1.2326923076923078,1.136423076923077,1.0576923076923077,2.64,0.49,4.279999999999999,0.87,4.2,0.9,4.45,0.9,4.02,0.94,4.35,0.93,4.44,0.96,3.35,0.88,1.1400000000000001,0.22,2.7800000000000002,0.74,1.7800000000000005,0.26,2.29,0.38,2.08,0.37,0.0029545454545454545,0.03772727272727273,0.07204545454545454,0.0984090909090909,0.09930232558139535,0.19767441860465115,0.10093023255813953,0.08348837209302325,0.08604651162790698,0.06604651162790698,0.06511627906976744,0.057441860465116276,0.88,0.83,0.89,88.4998460852108,8.048639053254437
puf_12_r4loopr4,0,2,0,520,51.04,3.926153846153846,0.9909999999999999,0.8407692307692307,0.1,0.7692307692307693,0.07307692307692308,3.6923076923076925,2.3950384615384617,2.2846153846153845,1.3200192307692307,1.2403846153846154,1.1412115384615387,1.0653846153846154,4.5600000000000005,0.99,5.799999999999999,1.0,4.76,1.0,4.67,0.99,4.26,0.99,4.68,0.99,4.380000000000001,0.99,4.36,0.99,4.7,0.98,5.68,0.97,1.54,0.49,1.19,0.45,0.46,0.1,0.04022727272727273,0.22227272727272726,0.09409090909090909,0.10431818181818181,0.10511627906976743,0.2113953488372093,0.10883720930232557,0.11976744186046512,0.11906976744186047,0.051162790697674425,0.0,0.0,0.92,0.83,0.92,87.22721838054873,8.739393491124261
puf_12_r4loopr4,0,2,1,520,51.04,3.926153846153846,0.9909999999999999,0.8407692307692307,0.1,0.7692307692307693,0.07307692307692308,3.6923076923076925,2.3950384615384617,2.2846153846153845,1.3200192307692307,1.2403846153846154,1.1412115384615387,1.0653846153846154,4.5600000000000005,0.99,5.799999999999999,1.0,4.76,1.0,4.67,0.99,4.26,0.99,4.68,0.99,4.380000000000001,0.99,4.36,0.99,4.7,0.98,5.68,0.97,1.54,0.49,1.19,0.45,0.46,0.1,0.04022727272727273,0.22227272727272726,0.09409090909090909,0.10431818181818181,0.10511627906976743,0.2113953488372093,0.10883720930232557,0.11976744186046512,0.11906976744186047,0.051162790697674425,0.0,0.0,0.92,0.83,0.92,86.85693508811065,8.871109467455621
puf_12_r4loopr4,0,2,2,520,51.04,3.926153846153846,0.9909999999999999,0.8407692307692307,0.1,0.7692307692307693,0.07307692307692308,3.6923076923076925,2.3950384615384617,2.2846153846153845,1.3200192307692307,1.2403846153846154,1.1412115384615387,1.0653846153846154,4.5600000000000005,0.99,5.799999999999999,1.0,4.76,1.0,4.67,0.99,4.26,0.99,4.68,0.99,4.380000000000001,0.99,4.36,0.99,4.7,0.98,5.68,0.97,1.54,0.49,1.19,0.45,0.46,0.1,0.04022727272727273,0.22227272727272726,0.09409090909090909,0.10431818181818181,0.10511627906976743,0.2113953488372093,0.10883720930232557,0.11976744186046512,0.11906976744186047,0.051162790697674425,0.0,0.0,0.92,0.83,0.92,87.12167521748829,8.91224852071006
puf_12_r4loopr4,0,2,3,520,51.04,3.926153846153846,0.9909999999999999,0.8407692307692307,0.1,0.7692307692307693,0.07307692307692308,3.6923076923076925,2.3950384615384617,2.2846153846153845,1.3200192307692307,1.2403846153846154,1.1412115384615387,1.0653846153846154,4.5600000000000005,0.99,5.799999999999999,1.0,4.76,1.0,4.67,0.99,4.26,0.99,4.68,0.99,4.380000000000001,0.99,4.36,0.99,4.7,0.98,5.68,0.97,1.54,0.49,1.19,0.45,0.46,0.1,0.04022727272727273,0.22227272727272726,0.09409090909090909,0.10431818181818181,0.10511627906976743,0.2113953488372093,0.10883720930232557,0.11976744186046512,0.11906976744186047,0.051162790697674425,0.0,0.0,0.92,0.83,0.92,86.58545170644656,9.10508875739645
puf_12_r4loopr4,0,2,4,520,51.04,3.926153846153846,0.9909999999999999,0.8407692307692307,0.1,0.7692307692307693,0.07307692307692308,3.6923076923076925,2.3950384615384617,2.2846153846153845,1.3200192307692307,1.2403846153846154,1.1412115384615387,1.0653846153846154,4.5600000000000005,0.99,5.799999999999999,1.0,4.76,1.0,4.67,0.99,4.26,0.99,4.68,0.99,4.380000000000001,0.99,4.36,0.99,4.7,0.98,5.68,0.97,1.54,0.49,1.19,0.45,0.46,0.1,0.04022727272727273,0.22227272727272726,0.09409090909090909,0.10431818181818181,0.10511627906976743,0.2113953488372093,0.10883720930232557,0.11976744186046512,0.11906976744186047,0.051162790697674425,0.0,0.0,0.92,0.83,0.92,86.43741690832033,9.183017751479289
puf_12_r4loopr4,0,3,0,520,50.980000000000004,3.9215384615384616,0.9909999999999999,0.8376923076923077,0.09,0.7692307692307693,0.07307692307692308,3.6923076923076925,2.391980769230769,2.2807692307692307,1.3128653846153848,1.2307692307692308,1.134519230769231,1.0596153846153846,4.529999999999999,0.99,5.77,0.99,4.7,1.0,4.670000000000001,1.0,4.23,0.99,4.699999999999999,0.99,4.380000000000001,0.99,4.37,0.99,4.74,0.98,5.6899999999999995,0.97,1.5599999999999998,0.48,1.1800000000000002,0.43,0.46,0.09,0.0425,0.22090909090909092,0.09454545454545454,0.10454545454545455,0.10511627906976743,0.21069767441860465,0.1083720930232558,0.11930232558139535,0.11813953488372093,0.05069767441860464,0.0,0.0,0.92,0.83,0.92,86.94154583983939,8.869926035502958
puf_12_r4loopr4,0,3,1,520,50.980000000000004,3.9215384615384616,0.9909999999999999,0.8376923076923077,0.09,0.7692307692307693,0.07307692307692308,3.6923076923076925,2.391980769230769,2.2807692307692307,1.3128653846153848,1.2307692307692308,1.134519230769231,1.0596153846153846,4.529999999999999,0.99,5.77,0.99,4.7,1.0,4.670000000000001,1.0,4.23,0.99,4.699999999999999,0.99,4.380000000000001,0.99,4.37,0.99,4.74,0.98,5.6899999999999995,0.97,1.5599999999999998,0.48,1.1800000000000002,0.43,0.46,0.09,0.0425,0.22090909090909092,0.09454545454545454,0.10454545454545455,0.10511627906976743,0.21069767441860465,0.1083720930232558,0.11930232558139535,0.11813953488372093,0.05069767441860464,0.0,0.0,0.92,0.83,0.92,86.97923042605399,8.845813609467456
puf_12_r4loopr4,0,3,2,520,50.980000000000004,3.9215384615384616,0.9909999999999999,0.8376923076923077,0.09,0.7692307692307693,0.07307692307692308,3.6923076923076925,2.391980769230769,2.2807692307692307,1.3128653846153848,1.2307692307692308,1.134519230769231,1.0596153846153846,4.529999999999999,0.99,5.77,0.99,4.7,1.0,4.670000000000001,1.0,4.23,0.99,4.699999999999999,0.99,4.380000000000001,0.99,4.37,0.99,4.74,0.98,5.6899999999999995,0.97,1.5599999999999998,0.48,1.1800000000000002,0.43,0.46,0.09,0.0425,0.22090909090909092,0.09454545454545454,0.10454545454545455,0.10511627906976743,0.21069767441860465,0.1083720930232558,0.11930232558139535,0.11813953488372093,0.05069767441860464,0.0,0.0,0.92,0.83,0.92,87.44424715592237,8.60060650887574
puf_12_r4loopr4,0,3,3,520,50.980000000000004,3.9215384615384616,0.9909999999999999,0.8376923076923077,0.09,0.7692307692307693,0.07307692307692308,3.6923076923076925,2.391980769230769,2.2807692307692307,1.3128653846153848,1.2307692307692308,1.134519230769231,1.0596153846153846,4.529999999999999,0.99,5.77,0.99,4.7,1.0,4.670000000000001,1.0,4.23,0.99,4.699999999999999,0.99,4.380000000000001,0.99,4.37,0.99,4.74,0.98,5.6899999999999995,0.97,1.5599999999999998,0.48,1.1800000000000002,0.43,0.46,0.09,0.0425,0.22090909090909092,0.09454545454545454,0.10454545454545455,0.10511627906976743,0.21069767441860465,0.1083720930232558,0.11930232558139535,0.11813953488372093,0.05069767441860464,0.0,0.0,0.92,0.83,0.92,86.78913673879099,8.974881656804733
puf_12_r4loopr4,0,3,4,520,50.980000000000004,3.9215384615384616,0.9909999999999999,0.8376923076923077,0.09,0.7692307692307693,0.07307692307692308,3.6923076923076925,2.391980769230769,2.2807692307692307,1.3128653846153848,1.2307692307692308,1.134519230769231,1.0596153846153846,4.529999999999999,0.99,5.77,0.99,4.7,1.0,4.670000000000001,1.0,4.23,0.99,4.699999999999999,0.99,4.380000000000001,0.99,4.37,0.99,4.74,0.98,5.6899999999999995,0.97,1.5599999999999998,0.48,1.1800000000000002,0.43,0.46,0.09,0.0425,0.22090909090909092,0.09454545454545454,0.10454545454545455,0.10511627906976743,0.21069767441860465,0.1083720930232558,0.11930232558139535,0.11813953488372093,0.05069767441860464,0.0,0.0,0.91,0.83,0.92,86.5407450368057,9.117470414201183
puf_12_r4loopr4,0,4,0,520,42.46,3.266153846153846,0.9285,0.7076923076923076,0.23,0.6153846153846154,0.051923076923076926,2.5384615384615383,2.393557692307692,2.269230769230769,1.3209423076923077,1.2326923076923078,1.1438076923076923,1.0615384615384615,2.56,0.5,4.37,0.89,4.32,0.93,4.5,0.93,4.13,0.96,4.32,0.95,4.42,0.98,3.3199999999999994,0.92,1.1,0.23,2.75,0.77,1.78,0.28,2.48,0.42,2.41,0.44,0.002727272727272727,0.035909090909090904,0.07454545454545455,0.10045454545454545,0.1011627906976744,0.1997674418604651,0.10093023255813952,0.0827906976744186,0.08534883720930232,0.06465116279069769,0.07418604651162791,0.060000000000000005,0.9,0.83,0.9,88.5037541824671,7.7323076923076925
puf_12_r4loopr4,0,4,1,520,42.46,3.266153846153846,0.9285,0.7076923076923076,0.23,0.6153846153846154,0.051923076923076926,2.5384615384615383,2.393557692307692,2.269230769230769,1.3209423076923077,1.2326923076923078,1.1438076923076923,1.0615384615384615,2.56,0.5,4.37,0.89,4.32,0.93,4.5,0.93,4.13,0.96,4.32,0.95,4.42,0.98,3.3199999999999994,0.92,1.1,0.23,2.75,0.77,1.78,0.28,2.48,0.42,2.41,0.44,0.002727272727272727,0.035909090909090904,0.07454545454545455,0.10045454545454545,0.1011627906976744,0.1997674418604651,0.10093023255813952,0.0827906976744186,0.08534883720930232,0.06465116279069769,0.07418604651162791,0.060000000000000005,0.9,0.83,0.9,88.6479121124247,7.6073224852071
puf_12_r4loopr4,0,4,2,520,42.46,3.266153846153846,0.9285,0.7076923076923076,0.23,0.6153846153846154,0.051923076923076926,2.5384615384615383,2.393557692307692,2.269230769230769,1.3209423076923077,1.2326923076923078,1.1438076923076923,1.0615384615384615,2.56,0.5,4.37,0.89,4.32,0.93,4.5,0.93,4.13,0.96,4.32,0.95,4.42,0.98,3.3199999999999994,0.92,1.1,0.23,2.75,0.77,1.78,0.28,2.48,0.42,2.41,0.44,0.002727272727272727,0.035909090909090904,0.07454545454545455,0.10045454545454545,0.1011627906976744,0.1997674418604651,0.10093023255813952,0.0827906976744186,0.08534883720930232,0.06465116279069769,0.07418604651162791,0.060000000000000005,0.9,0.83,0.9,88.16079411108632,7.780014792899407
puf_12_r4loopr4,0,4,3,520,42.46,3.266153846153846,0.9285,0.7076923076923076,0.23,0.6153846153846154,0.051923076923076926,2.5384615384615383,2.393557692307692,2.269230769230769,1.3209423076923077,1.2326923076923078,1.1438076923076923,1.0615384615384615,2.56,0.5,4.37,0.89,4.32,0.93,4.5,0.93,4.13,0.96,4.32,0.95,4.42,0.98,3.3199999999999994,0.92,1.1,0.23,2.75,0.77,1.78,0.28,2.48,0.42,2.41,0.44,0.002727272727272727,0.035909090909090904,0.07454545454545455,0.10045454545454545,0.1011627906976744,0.1997674418604651,0.10093023255813952,0.0827906976744186,0.08534883720930232,0.06465116279069769,0.07418604651162791,0.060000000000000005,0.89,0.83,0.9,88.3624068703993,7.610769230769232
puf_12_r4loopr4,0,4,4,520,42.46,3.266153846153846,0.9285,0.7076923076923076,0.23,0.6153846153846154,0.051923076923076926,2.5384615384615383,2.393557692307692,2.269230769230769,1.3209423076923077,1.2326923076923078,1.1438076923076923,1.0615384615384615,2.56,0.5,4.37,0.89,4.32,0.93,4.5,0.93,4.13,0.96,4.32,0.95,4.42,0.98,3.3199999999999994,0.92,1.1,0.23,2.75,0.77,1.78,0.28,2.48,0.42,2.41,0.44,0.002727272727272727,0.035909090909090904,0.07454545454545455,0.10045454545454545,0.1011627906976744,0.1997674418604651,0.10093023255813952,0.0827906976744186,0.08534883720930232,0.06465116279069769,0.07418604651162791,0.060000000000000005,0.9,0.83,0.9,88.29611197858576,7.808831360946745
puf_12_r4r4,0,1,0,513,50.94,3.918461538461538,0.9909999999999999,0.8376923076923077,0.09,0.7692307692307693,0.07407407407407407,3.6923076923076925,2.3930799220272907,2.348927875243665,1.3160233918128654,1.2690058479532165,1.1372709551656919,1.087719298245614,4.529999999999999,0.99,5.75,0.99,4.74,1.0,4.65,1.0,4.24,0.99,4.6899999999999995,0.99,4.36,0.99,4.369999999999999,0.99,4.74,0.98,5.699999999999999,0.97,1.54,0.49,1.1600000000000001,0.42,0.47000000000000003,0.09,0.04232558139534884,0.22697674418604646,0.09627906976744185,0.10674418604651162,0.10511627906976743,0.11883720930232557,0.19999999999999998,0.11930232558139535,0.11813953488372093,0.052142857142857144,0.0,0.0,0.92,0.84,0.93,88.42780460288809,8.121817363922629
puf_12_r4r4,0,1,1,513,50.94,3.918461538461538,0.9909999999999999,0.8376923076923077,0.09,0.7692307692307693,0.07407407407407407,3.6923076923076925,2.3930799220272907,2.348927875243665,1.3160233918128654,1.2690058479532165,1.1372709551656919,1.087719298245614,4.529999999999999,0.99,5.75,0.99,4.74,1.0,4.65,1.0,4.24,0.99,4.6899999999999995,0.99,4.36,0.99,4.369999999999999,0.99,4.74,0.98,5.699999999999999,0.97,1.54,0.49,1.1600000000000001,0.42,0.47000000000000003,0.09,0.04232558139534884,0.22697674418604646,0.09627906976744185,0.10674418604651162,0.10511627906976743,0.11883720930232557,0.19999999999999998,0.11930232558139535,0.11813953488372093,0.052142857142857144,0.0,0.0,0.92,0.84,0.92,88.15741877256318,8.394451941820362
puf_12_r4r4,0,1,2,513,50.94,3.918461538461538,0.9909999999999999,0.8376923076923077,0.09,0.7692307692307693,0.07407407407407407,3.6923076923076925,2.3930799220272907,2.348927875243665,1.3160233918128654,1.2690058479532165,1.1372709551656919,1.087719298245614,4.529999999999999,0.99,5.75,0.99,4.74,1.0,4.65,1.0,4.24,0.99,4.6899999999999995,0.99,4.36,0.99,4.369999999999999,0.99,4.74,0.98,5.699999999999999,0.97,1.54,0.49,1.1600000000000001,0.42,0.47000000000000003,0.09,0.04232558139534884,0.22697674418604646,0.09627906976744185,0.10674418604651162,0.10511627906976743,0.11883720930232557,0.19999999999999998,0.11930232558139535,0.11813953488372093,0.052142857142857144,0.0,0.0,0.92,0.84,0.92,88.21749097472924,8.395636527215474
puf_12_r4r4,0,1,3,513,50.94,3.918461538461538,0.9909999999999999,0.8376923076923077,0.09,0.7692307692307693,0.07407407407407407,3.6923076923076925,2.3930799220272907,2.348927875243665,1.3160233918128654,1.2690058479532165,1.1372709551656919,1.087719298245614,4.529999999999999,0.99,5.75,0.99,4.74,1.0,4.65,1.0,4.24,0.99,4.6899999999999995,0.99,4.36,0.99,4.369999999999999,0.99,4.74,0.98,5.699999999999999,0.97,1.54,0.49,1.1600000000000001,0.42,0.47000000000000003,0.09,0.04232558139534884,0.22697674418604646,0.09627906976744185,0.10674418604651162,0.10511627906976743,0.11883720930232557,0.19999999999999998,0.11930232558139535,0.11813953488372093,0.052142857142857144,0.0,0.0,0.92,0.84,0.92,88.07625902527076,8.437156995051732
puf_12_r4r4,0,1,4,513,50.94,3.918461538461538,0.9909999999999999,0.8376923076923077,0.09,0.7692307692307693,0.07407407407407407,3.6923076923076925,2.3930799220272907,2.348927875243665,1.3160233918128654,1.2690058479532165,1.1372709551656919,1.087719298245614,4.529999999999999,0.99,5.75,0.99,4.74,1.0,4.65,1.0,4.24,0.99,4.6899999999999995,0.99,4.36,0.99,4.369999999999999,0.99,4.74,0.98,5.699999999999999,0.97,1.54,0.49,1.1600000000000001,0.42,0.47000000000000003,0.09,0.04232558139534884,0.22697674418604646,0.09627906976744185,0.10674418604651162,0.10511627906976743,0.11883720930232557,0.19999999999999998,0.11930232558139535,0.11813953488372093,0.052142857142857144,0.0,0.0,0.91,0.84,0.92,88.23111913357401,8.3662318188634
puf_12_r4r4,0,2,0,513,51.08,3.9292307692307693,0.9904999999999997,0.8392307692307691,0.1,0.8461538461538461,0.07407407407407407,3.769230769230769,2.4018713450292393,2.345029239766082,1.3235672514619883,1.2690058479532165,1.1441715399610137,1.0896686159844056,4.53,0.99,5.779999999999999,0.99,4.790000000000001,1.0,4.65,0.99,4.25,0.99,4.68,0.99,4.41,0.99,4.37,0.99,4.65,0.97,5.68,0.96,1.61,0.51,1.21,0.44,0.47000000000000003,0.1,0.04232558139534884,0.22790697674418606,0.09604651162790698,0.10744186046511628,0.10534883720930231,0.11883720930232557,0.2009302325581395,0.11953488372093023,0.11837209302325581,0.052380952380952375,0.0,0.0,0.92,0.85,0.92,89.20910875451264,7.674673864147548
puf_12_r4r4,0,2,1,513,51.08,3.9292307692307693,0.9904999999999997,0.8392307692307691,0.1,0.8461538461538461,0.07407407407407407,3.769230769230769,2.4018713450292393,2.345029239766082,1.3235672514619883,1.2690058479532165,1.1441715399610137,1.0896686159844056,4.53,0.99,5.779999999999999,0.99,4.790000000000001,1.0,4.65,0.99,4.25,0.99,4.68,0.99,4.41,0.99,4.37,0.99,4.65,0.97,5.68,0.96,1.61,0.51,1.21,0.44,0.47000000000000003,0.1,0.04232558139534884,0.22790697674418606,0.09604651162790698,0.10744186046511628,0.10534883720930231,0.11883720930232557,0.2009302325581395,0.11953488372093023,0.11837209302325581,0.052380952380952375,0.0,0.0,0.91,0.84,0.92,88.20436146209386,8.297510871195083
puf_12_r4r4,0,2,2,513,51.08,3.9292307692307693,0.9904999999999997,0.8392307692307691,0.1,0.8461538461538461,0.07407407407407407,3.769230769230769,2.4018713450292393,2.345029239766082,1.3235672514619883,1.2690058479532165,1.1441715399610137,1.0896686159844056,4.53,0.99,5.779999999999999,0.99,4.790000000000001,1.0,4.65,0.99,4.25,0.99,4.68,0.99,4.41,0.99,4.37,0.99,4.65,0.97,5.68,0.96,1.61,0.51,1.21,0.44,0.47000000000000003,0.1,0.04232558139534884,0.22790697674418606,0.09604651162790698,0.10744186046511628,0.10534883720930231,0.11883720930232557,0.2009302325581395,0.11953488372093023,0.11837209302325581,0.052380952380952375,0.0,0.0,0.91,0.84,0.92,88.42767148014441,8.162033288349077
puf_12_r4r4,0,2,3,513,51.08,3.9292307692307693,0.9904999999999997,0.8392307692307691,0.1,0.8461538461538461,0.07407407407407407,3.769230769230769,2.4018713450292393,2.345029239766082,1.3235672514619883,1.2690058479532165,1.1441715399610137,1.0896686159844056,4.53,0.99,5.779999999999999,0.99,4.790000000000001,1.0,4.65,0.99,4.25,0.99,4.68,0.99,4.41,0.99,4.37,0.99,4.65,0.97,5.68,0.96,1.61,0.51,1.21,0.44,0.47000000000000003,0.1,0.04232558139534884,0.22790697674418606,0.09604651162790698,0.10744186046511628,0.10534883720930231,0.11883720930232557,0.2009302325581395,0.11953488372093023,0.11837209302325581,0.052380952380952375,0.0,0.0,0.91,0.84,0.92,88.6647630866426,8.061673414304993
puf_12_r4r4,0,2,4,513,51.08,3.9292307692307693,0.9904999999999997,0.8392307692307691,0.1,0.8461538461538461,0.07407407407407407,3.769230769230769,2.4018713450292393,2.345029239766082,1.3235672514619883,1.2690058479532165,1.1441715399610137,1.0896686159844056,4.53,0.99,5.779999999999999,0.99,4.790000000000001,1.0,4.65,0.99,4.25,0.99,4.68,0.99,4.41,0.99,4.37,0.99,4.65,0.97,5.68,0.96,1.61,0.51,1.21,0.44,0.47000000000000003,0.1,0.04232558139534884,0.22790697674418606,0.09604651162790698,0.10744186046511628,0.10534883720930231,0.11883720930232557,0.2009302325581395,0.11953488372093023,0.11837209302325581,0.052380952380952375,0.0,0.0,0.91,0.84,0.91,88.28967509025271,8.186009896536213
puf_12_r4r4,0,3,0,513,50.459999999999994,3.881538461538461,0.9864999999999997,0.8323076923076923,0.09,0.7692307692307693,0.07212475633528265,3.6153846153846154,2.397446393762183,2.345029239766082,1.3194152046783627,1.267056530214425,1.1403118908382066,1.087719298245614,4.54,0.99,5.74,0.99,4.76,0.99,4.68,0.99,4.28,0.99,4.3999999999999995,0.97,4.430000000000001,0.99,4.43,0.99,4.43,0.96,5.609999999999999,0.96,1.56,0.5,1.18,0.41,0.42000000000000004,0.09,0.03953488372093023,0.22209302325581398,0.0955813953488372,0.10883720930232557,0.10093023255813953,0.11790697674418603,0.20046511627906974,0.12000000000000001,0.11790697674418606,0.051428571428571435,0.0,0.0,0.92,0.84,0.92,88.6171344765343,8.086264807317438
puf_12_r4r4,0,3,1,513,50.459999999999994,3.881538461538461,0.9864999999999997,0.8323076923076923,0.09,0.7692307692307693,0.07212475633528265,3.6153846153846154,2.397446393762183,2.345029239766082,1.3194152046783627,1.267056530214425,1.1403118908382066,1.087719298245614,4.54,0.99,5.74,0.99,4.76,0.99,4.68,0.99,4.28,0.99,4.3999999999999995,0.97,4.430000000000001,0.99,4.43,0.99,4.43,0.96,5.609999999999999,0.96,1.56,0.5,1.18,0.41,0.42000000000000004,0.09,0.03953488372093023,0.22209302325581398,0.0955813953488372,0.10883720930232557,0.10093023255813953,0.11790697674418603,0.20046511627906974,0.12000000000000001,0.11790697674418606,0.051428571428571435,0.0,0.0,0.91,0.84,0.92,88.58481723826715,8.106162843004949
puf_12_r4r4,0,3,2,513,50.459999999999994,3.881538461538461,0.9864999999999997,0.8323076923076923,0.09,0.7692307692307693,0.07212475633528265,3.6153846153846154,2.397446393762183,2.345029239766082,1.3194152046783627,1.267056530214425,1.1403118908382066,1.087719298245614,4.54,0.99,5.74,0.99,4.76,0.99,4.68,0.99,4.28,0.99,4.3999999999999995,0.97,4.430000000000001,0.99,4.43,0.99,4.43,0.96,5.609999999999999,0.96,1.56,0.5,1.18,0.41,0.42000000000000004,0.09,0.03953488372093023,0.22209302325581398,0.0955813953488372,0.10883720930232557,0.10093023255813953,0.11790697674418603,0.20046511627906974,0.12000000000000001,0.11790697674418606,0.051428571428571435,0.0,0.0,0.91,0.84,0.92,88.49726985559568,8.195936422252212
puf_12_r4r4,0,3,3,513,50.459999999999994,3.881538461538461,0.9864999999999997,0.8323076923076923,0.09,0.7692307692307693,0.07212475633528265,3.6153846153846154,2.397446393762183,2.345029239766082,1.3194152046783627,1.267056530214425,1.1403118908382066,1.087719298245614,4.54,0.99,5.74,0.99,4.76,0.99,4.68,0.99,4.28,0.99,4.3999999999999995,0.97,4.430000000000001,0.99,4.43,0.99,4.43,0.96,5.609999999999999,0.96,1.56,0.5,1.18,0.41,0.42000000000000004,0.09,0.03953488372093023,0.22209302325581398,0.0955813953488372,0.10883720930232557,0.10093023255813953,0.11790697674418603,0.20046511627906974,0.12000000000000001,0.11790697674418606,0.051428571428571435,0.0,0.0,0.91,0.84,0.92,88.27307536101084,8.30826210826211
puf_12_r4r4,0,3,4,513,50.459999999999994,3.881538461538461,0.9864999999999997,0.8323076923076923,0.09,0.7692307692307693,0.07212475633528265,3.6153846153846154,2.397446393762183,2.345029239766082,1.3194152046783627,1.267056530214425,1.1403118908382066,1.087719298245614,4.54,0.99,5.74,0.99,4.76,0.99,4.68,0.99,4.28,0.99,4.3999999999999995,0.97,4.430000000000001,0.99,4.43,0.99,4.43,0.96,5.609999999999999,0.96,1.56,0.5,1.18,0.41,0.42000000000000004,0.09,0.03953488372093023,0.22209302325581398,0.0955813953488372,0.10883720930232557,0.10093023255813953,0.11790697674418603,0.20046511627906974,0.12000000000000001,0.11790697674418606,0.051428571428571435,0.0,0.0,0.91,0.84,0.92,88.245065433213,8.319493177387915
puf_12_r4r4,0,4,0,513,41.7,3.207692307692308,0.8924999999999998,0.6761538461538462,0.23,0.6153846153846154,0.05263157894736842,2.5384615384615383,2.3974658869395715,2.3391812865497075,1.3197855750487328,1.263157894736842,1.1398245614035087,1.0818713450292399,2.65,0.5,4.27,0.86,4.180000000000001,0.9,4.39,0.87,4.0,0.93,4.37,0.93,4.359999999999999,0.95,3.2899999999999996,0.86,1.1800000000000002,0.23,2.77,0.69,2.1900000000000004,0.38,2.4600000000000004,0.42,1.59,0.27,0.0034883720930232558,0.04046511627906977,0.07488372093023256,0.10302325581395348,0.09953488372093024,0.11116279069767443,0.18534883720930234,0.08232558139534883,0.0872093023255814,0.061666666666666675,0.06357142857142857,0.061428571428571443,0.89,0.84,0.9,89.9203249097473,7.498140650772231
puf_12_r4r4,0,4,1,513,41.7,3.207692307692308,0.8924999999999998,0.6761538461538462,0.23,0.6153846153846154,0.05263157894736842,2.5384615384615383,2.3974658869395715,2.3391812865497075,1.3197855750487328,1.263157894736842,1.1398245614035087,1.0818713450292399,2.65,0.5,4.27,0.86,4.180000000000001,0.9,4.39,0.87,4.0,0.93,4.37,0.93,4.359999999999999,0.95,3.2899999999999996,0.86,1.1800000000000002,0.23,2.77,0.69,2.1900000000000004,0.38,2.4600000000000004,0.42,1.59,0.27,0.0034883720930232558,0.04046511627906977,0.07488372093023256,0.10302325581395348,0.09953488372093024,0.11116279069767443,0.18534883720930234,0.08232558139534883,0.0872093023255814,0.061666666666666675,0.06357142857142857,0.061428571428571443,0.89,0.84,0.9,90.28622066787004,7.277732793522268
puf_12_r4r4,0,4,2,513,41.7,3.207692307692308,0.8924999999999998,0.6761538461538462,0.23,0.6153846153846154,0.05263157894736842,2.5384615384615383,2.3974658869395715,2.3391812865497075,1.3197855750487328,1.263157894736842,1.1398245614035087,1.0818713450292399,2.65,0.5,4.27,0.86,4.180000000000001,0.9,4.39,0.87,4.0,0.93,4.37,0.93,4.359999999999999,0.95,3.2899999999999996,0.86,1.1800000000000002,0.23,2.77,0.69,2.1900000000000004,0.38,2.4600000000000004,0.42,1.59,0.27,0.0034883720930232558,0.04046511627906977,0.07488372093023256,0.10302325581395348,0.09953488372093024,0.11116279069767443,0.18534883720930234,0.08232558139534883,0.0872093023255814,0.061666666666666675,0.06357142857142857,0.061428571428571443,0.88,0.84,0.89,89.84607400722022,7.5979607137501874
puf_12_r4r4,0,4,3,513,41.7,3.207692307692308,0.8924999999999998,0.6761538461538462,0.23,0.6153846153846154,0.05263157894736842,2.5384615384615383,2.3974658869395715,2.3391812865497075,1.3197855750487328,1.263157894736842,1.1398245614035087,1.0818713450292399,2.65,0.5,4.27,0.86,4.180000000000001,0.9,4.39,0.87,4.0,0.93,4.37,0.93,4.359999999999999,0.95,3.2899999999999996,0.86,1.1800000000000002,0.23,2.77,0.69,2.1900000000000004,0.38,2.4600000000000004,0.42,1.59,0.27,0.0034883720930232558,0.04046511627906977,0.07488372093023256,0.10302325581395348,0.09953488372093024,0.11116279069767443,0.18534883720930234,0.08232558139534883,0.0872093023255814,0.061666666666666675,0.06357142857142857,0.061428571428571443,0.87,0.84,0.88,89.76984205776174,7.632313690208427
puf_12_r4r4,0,4,4,513,41.7,3.207692307692308,0.8924999999999998,0.6761538461538462,0.23,0.6153846153846154,0.05263157894736842,2.5384615384615383,2.3974658869395715,2.3391812865497075,1.3197855750487328,1.263157894736842,1.1398245614035087,1.0818713450292399,2.65,0.5,4.27,0.86,4.180000000000001,0.9,4.39,0.87,4.0,0.93,4.37,0.93,4.359999999999999,0.95,3.2899999999999996,0.86,1.1800000000000002,0.23,2.77,0.69,2.1900000000000004,0.38,2.4600000000000004,0.42,1.59,0.27,0.0034883720930232558,0.04046511627906977,0.07488372093023256,0.10302325581395348,0.09953488372093024,0.11116279069767443,0.18534883720930234,0.08232558139534883,0.0872093023255814,0.061666666666666675,0.06357142857142857,0.061428571428571443,0.87,0.83,0.88,89.67040388086642,7.925910931174089
