family,validation,model,threshold,balanced_accuracy,accuracy,precision,recall,specificity,TN,FP,FN,TP
frozen,transfer,CP_density3_LR,0.0,0.5,0.7096774193548387,0.7096774193548387,1.0,0.0,0,9,0,22
frozen,transfer,CP_density3_LR,0.5,0.5,0.7096774193548387,0.7096774193548387,1.0,0.0,0,9,0,22
frozen,transfer,CP_density3_LR,0.5593207029427083,0.4772727272727273,0.6774193548387096,0.7,0.9545454545454546,0.0,0,9,1,21
frozen,transfer,CP_density3_LR,0.5760656415663158,0.5328282828282829,0.7096774193548387,0.7241379310344828,0.9545454545454546,0.1111111111111111,1,8,1,21
frozen,transfer,CP_density3_LR,0.5886989466352697,0.51010101010101,0.6774193548387096,0.7142857142857143,0.9090909090909091,0.1111111111111111,1,8,2,20
frozen,transfer,CP_density3_LR,0.6101929584164616,0.48737373737373735,0.6451612903225806,0.7037037037037037,0.8636363636363636,0.1111111111111111,1,8,3,19
frozen,transfer,CP_density3_LR,0.6294200284499099,0.46464646464646464,0.6129032258064516,0.6923076923076923,0.8181818181818182,0.1111111111111111,1,8,4,18
frozen,transfer,CP_density3_LR,0.6431128335350278,0.44191919191919193,0.5806451612903226,0.68,0.7727272727272727,0.1111111111111111,1,8,5,17
frozen,transfer,CP_density3_LR,0.6523740491237499,0.4191919191919192,0.5483870967741935,0.6666666666666666,0.7272727272727273,0.1111111111111111,1,8,6,16
frozen,transfer,CP_density3_LR,0.6563912961629992,0.3964646464646464,0.5161290322580645,0.6521739130434783,0.6818181818181818,0.1111111111111111,1,8,7,15
frozen,transfer,CP_density3_LR,0.6628352660510466,0.3737373737373737,0.4838709677419355,0.6363636363636364,0.6363636363636364,0.1111111111111111,1,8,8,14
frozen,transfer,CP_density3_LR,0.6687341069560284,0.351010101010101,0.45161290322580644,0.6190476190476191,0.5909090909090909,0.1111111111111111,1,8,9,13
frozen,transfer,CP_density3_LR,0.6705835318059818,0.3282828282828283,0.41935483870967744,0.6,0.5454545454545454,0.1111111111111111,1,8,10,12
frozen,transfer,CP_density3_LR,0.6721791387252614,0.3055555555555556,0.3870967741935484,0.5789473684210527,0.5,0.1111111111111111,1,8,11,11
frozen,transfer,CP_density3_LR,0.6760487595345465,0.2828282828282828,0.3548387096774194,0.5555555555555556,0.45454545454545453,0.1111111111111111,1,8,12,10
frozen,transfer,CP_density3_LR,0.6798159099446631,0.2601010101010101,0.3225806451612903,0.5294117647058824,0.4090909090909091,0.1111111111111111,1,8,13,9
frozen,transfer,CP_density3_LR,0.6835776395424742,0.23737373737373738,0.2903225806451613,0.5,0.36363636363636365,0.1111111111111111,1,8,14,8
frozen,transfer,CP_density3_LR,0.6863244916162622,0.29292929292929293,0.3225806451612903,0.5333333333333333,0.36363636363636365,0.2222222222222222,2,7,14,8
frozen,transfer,CP_density3_LR,0.6880908452826796,0.2702020202020202,0.2903225806451613,0.5,0.3181818181818182,0.2222222222222222,2,7,15,7
frozen,transfer,CP_density3_LR,0.6907122419227549,0.24747474747474746,0.25806451612903225,0.46153846153846156,0.2727272727272727,0.2222222222222222,2,7,16,6
frozen,transfer,CP_density3_LR,0.6925927906935363,0.303030303030303,0.2903225806451613,0.5,0.2727272727272727,0.3333333333333333,3,6,16,6
frozen,transfer,CP_density3_LR,0.6938808288325549,0.35858585858585856,0.3225806451612903,0.5454545454545454,0.2727272727272727,0.4444444444444444,4,5,16,6
frozen,transfer,CP_density3_LR,0.6953877319710267,0.41414141414141414,0.3548387096774194,0.6,0.2727272727272727,0.5555555555555556,5,4,16,6
frozen,transfer,CP_density3_LR,0.6968926993541917,0.39141414141414144,0.3225806451612903,0.5555555555555556,0.22727272727272727,0.5555555555555556,5,4,17,5
frozen,transfer,CP_density3_LR,0.69970042028014,0.36868686868686873,0.2903225806451613,0.5,0.18181818181818182,0.5555555555555556,5,4,18,4
frozen,transfer,CP_density3_LR,0.7044879158239686,0.34595959595959597,0.25806451612903225,0.42857142857142855,0.13636363636363635,0.5555555555555556,5,4,19,3
frozen,transfer,CP_density3_LR,0.709203657679522,0.4015151515151515,0.2903225806451613,0.5,0.13636363636363635,0.6666666666666666,6,3,19,3
frozen,transfer,CP_density3_LR,0.7188766087283787,0.45707070707070707,0.3225806451612903,0.6,0.13636363636363635,0.7777777777777778,7,2,19,3
frozen,transfer,CP_density3_LR,0.7376157617765129,0.5126262626262625,0.3548387096774194,0.75,0.13636363636363635,0.8888888888888888,8,1,19,3
frozen,transfer,CP_density3_LR,0.7512349189966807,0.4898989898989899,0.3225806451612903,0.6666666666666666,0.09090909090909091,0.8888888888888888,8,1,20,2
frozen,transfer,CP_density3_LR,0.7567770765324516,0.4671717171717171,0.2903225806451613,0.5,0.045454545454545456,0.8888888888888888,8,1,21,1
frozen,transfer,CP_density3_LR,0.7604660190733947,0.4444444444444444,0.25806451612903225,0.0,0.0,0.8888888888888888,8,1,22,0
frozen,transfer,CP_density3_LR,1.00000001,0.5,0.2903225806451613,0.0,0.0,1.0,9,0,22,0
frozen,transfer,CP_density3_RF,0.0,0.5,0.7096774193548387,0.7096774193548387,1.0,0.0,0,9,0,22
frozen,transfer,CP_density3_RF,0.01383361736302905,0.4772727272727273,0.6774193548387096,0.7,0.9545454545454546,0.0,0,9,1,21
frozen,transfer,CP_density3_RF,0.02485998682689855,0.5328282828282829,0.7096774193548387,0.7241379310344828,0.9545454545454546,0.1111111111111111,1,8,1,21
frozen,transfer,CP_density3_RF,0.15313941843252193,0.48737373737373735,0.6451612903225806,0.7037037037037037,0.8636363636363636,0.1111111111111111,1,8,3,19
frozen,transfer,CP_density3_RF,0.3052845288854418,0.46464646464646464,0.6129032258064516,0.6923076923076923,0.8181818181818182,0.1111111111111111,1,8,4,18
frozen,transfer,CP_density3_RF,0.3345076997031333,0.44191919191919193,0.5806451612903226,0.68,0.7727272727272727,0.1111111111111111,1,8,5,17
frozen,transfer,CP_density3_RF,0.34497097213331746,0.4191919191919192,0.5483870967741935,0.6666666666666666,0.7272727272727273,0.1111111111111111,1,8,6,16
frozen,transfer,CP_density3_RF,0.46139016304895464,0.3964646464646464,0.5161290322580645,0.6521739130434783,0.6818181818181818,0.1111111111111111,1,8,7,15
frozen,transfer,CP_density3_RF,0.5,0.3964646464646464,0.5161290322580645,0.6521739130434783,0.6818181818181818,0.1111111111111111,1,8,7,15
frozen,transfer,CP_density3_RF,0.5753057966138514,0.3737373737373737,0.4838709677419355,0.6363636363636364,0.6363636363636364,0.1111111111111111,1,8,8,14
frozen,transfer,CP_density3_RF,0.588695656345623,0.351010101010101,0.45161290322580644,0.6190476190476191,0.5909090909090909,0.1111111111111111,1,8,9,13
frozen,transfer,CP_density3_RF,0.6532525778773373,0.3282828282828283,0.41935483870967744,0.6,0.5454545454545454,0.1111111111111111,1,8,10,12
frozen,transfer,CP_density3_RF,0.7179199694526238,0.3055555555555556,0.3870967741935484,0.5789473684210527,0.5,0.1111111111111111,1,8,11,11
frozen,transfer,CP_density3_RF,0.7290370597425082,0.3611111111111111,0.41935483870967744,0.6111111111111112,0.5,0.2222222222222222,2,7,11,11
frozen,transfer,CP_density3_RF,0.7435284171505324,0.33838383838383834,0.3870967741935484,0.5882352941176471,0.45454545454545453,0.2222222222222222,2,7,12,10
frozen,transfer,CP_density3_RF,0.7587468908661682,0.31565656565656564,0.3548387096774194,0.5625,0.4090909090909091,0.2222222222222222,2,7,13,9
frozen,transfer,CP_density3_RF,0.76546480207522,0.3484848484848485,0.3548387096774194,0.5714285714285714,0.36363636363636365,0.3333333333333333,3,6,14,8
frozen,transfer,CP_density3_RF,0.7665659925514106,0.32575757575757575,0.3225806451612903,0.5384615384615384,0.3181818181818182,0.3333333333333333,3,6,15,7
frozen,transfer,CP_density3_RF,0.7710799955088122,0.41414141414141414,0.3548387096774194,0.6,0.2727272727272727,0.5555555555555556,5,4,16,6
frozen,transfer,CP_density3_RF,0.7954437620748199,0.46969696969696967,0.3870967741935484,0.6666666666666666,0.2727272727272727,0.6666666666666666,6,3,16,6
frozen,transfer,CP_density3_RF,0.8205172313472056,0.44696969696969696,0.3548387096774194,0.625,0.22727272727272727,0.6666666666666666,6,3,17,5
frozen,transfer,CP_density3_RF,0.8331088184004509,0.4242424242424242,0.3225806451612903,0.5714285714285714,0.18181818181818182,0.6666666666666666,6,3,18,4
frozen,transfer,CP_density3_RF,0.8442207221408025,0.4671717171717171,0.2903225806451613,0.5,0.045454545454545456,0.8888888888888888,8,1,21,1
frozen,transfer,CP_density3_RF,0.8558755268877123,0.5227272727272727,0.3225806451612903,1.0,0.045454545454545456,1.0,9,0,21,1
frozen,transfer,CP_density3_RF,1.00000001,0.5,0.2903225806451613,0.0,0.0,1.0,9,0,22,0
frozen,transfer,S12_only_LR,0.0,0.5,0.7096774193548387,0.7096774193548387,1.0,0.0,0,9,0,22
frozen,transfer,S12_only_LR,0.5,0.5,0.7096774193548387,0.7096774193548387,1.0,0.0,0,9,0,22
frozen,transfer,S12_only_LR,0.5295731246461666,0.4772727272727273,0.6774193548387096,0.7,0.9545454545454546,0.0,0,9,1,21
frozen,transfer,S12_only_LR,0.5414457842416374,0.5328282828282829,0.7096774193548387,0.7241379310344828,0.9545454545454546,0.1111111111111111,1,8,1,21
frozen,transfer,S12_only_LR,0.5532715752912643,0.48737373737373735,0.6451612903225806,0.7037037037037037,0.8636363636363636,0.1111111111111111,1,8,3,19
frozen,transfer,S12_only_LR,0.56795609385344,0.46464646464646464,0.6129032258064516,0.6923076923076923,0.8181818181818182,0.1111111111111111,1,8,4,18
frozen,transfer,S12_only_LR,0.579649111323026,0.4191919191919192,0.5483870967741935,0.6666666666666666,0.7272727272727273,0.1111111111111111,1,8,6,16
frozen,transfer,S12_only_LR,0.5854537221421072,0.3964646464646464,0.5161290322580645,0.6521739130434783,0.6818181818181818,0.1111111111111111,1,8,7,15
frozen,transfer,S12_only_LR,0.5897940763427025,0.3282828282828283,0.41935483870967744,0.6,0.5454545454545454,0.1111111111111111,1,8,10,12
frozen,transfer,S12_only_LR,0.5926784714018837,0.3055555555555556,0.3870967741935484,0.5789473684210527,0.5,0.1111111111111111,1,8,11,11
frozen,transfer,S12_only_LR,0.5969905627995138,0.31565656565656564,0.3548387096774194,0.5625,0.4090909090909091,0.2222222222222222,2,7,13,9
frozen,transfer,S12_only_LR,0.6027198350306717,0.32575757575757575,0.3225806451612903,0.5384615384615384,0.3181818181818182,0.3333333333333333,3,6,15,7
frozen,transfer,S12_only_LR,0.6084210834920549,0.36868686868686873,0.2903225806451613,0.5,0.18181818181818182,0.5555555555555556,5,4,18,4
frozen,transfer,S12_only_LR,0.614092901449647,0.4242424242424242,0.3225806451612903,0.5714285714285714,0.18181818181818182,0.6666666666666666,6,3,18,4
frozen,transfer,S12_only_LR,0.6197339133290478,0.45707070707070707,0.3225806451612903,0.6,0.13636363636363635,0.7777777777777778,7,2,19,3
frozen,transfer,S12_only_LR,0.6308834451423413,0.5126262626262625,0.3548387096774194,0.75,0.13636363636363635,0.8888888888888888,8,1,19,3
frozen,transfer,S12_only_LR,0.6419635438801874,0.4898989898989899,0.3225806451612903,0.6666666666666666,0.09090909090909091,0.8888888888888888,8,1,20,2
frozen,transfer,S12_only_LR,1.00000001,0.5,0.2903225806451613,0.0,0.0,1.0,9,0,22,0
frozen,transfer,S12_only_RF,0.0,0.5,0.7096774193548387,0.7096774193548387,1.0,0.0,0,9,0,22
frozen,transfer,S12_only_RF,0.0015625,0.5328282828282829,0.7096774193548387,0.7241379310344828,0.9545454545454546,0.1111111111111111,1,8,1,21
frozen,transfer,S12_only_RF,0.007793458781362001,0.48737373737373735,0.6451612903225806,0.7037037037037037,0.8636363636363636,0.1111111111111111,1,8,3,19
frozen,transfer,S12_only_RF,0.0501014512316694,0.46464646464646464,0.6129032258064516,0.6923076923076923,0.8181818181818182,0.1111111111111111,1,8,4,18
frozen,transfer,S12_only_RF,0.0916844372815672,0.4191919191919192,0.5483870967741935,0.6666666666666666,0.7272727272727273,0.1111111111111111,1,8,6,16
frozen,transfer,S12_only_RF,0.4102154732686458,0.3964646464646464,0.5161290322580645,0.6521739130434783,0.6818181818181818,0.1111111111111111,1,8,7,15
frozen,transfer,S12_only_RF,0.5,0.3964646464646464,0.5161290322580645,0.6521739130434783,0.6818181818181818,0.1111111111111111,1,8,7,15
frozen,transfer,S12_only_RF,0.7526350419640566,0.4065656565656566,0.4838709677419355,0.65,0.5909090909090909,0.2222222222222222,2,7,9,13
frozen,transfer,S12_only_RF,0.789229281955302,0.31565656565656564,0.3548387096774194,0.5625,0.4090909090909091,0.2222222222222222,2,7,13,9
frozen,transfer,S12_only_RF,0.8244515323782864,0.32575757575757575,0.3225806451612903,0.5384615384615384,0.3181818181818182,0.3333333333333333,3,6,15,7
frozen,transfer,S12_only_RF,1.00000001,0.5,0.2903225806451613,0.0,0.0,1.0,9,0,22,0
nested_selection,LOCO,inner_select_10_candidates,0.0,0.5,0.7096774193548387,0.7096774193548387,1.0,0.0,0,9,0,22
nested_selection,LOCO,inner_select_10_candidates,0.36784903117250994,0.4772727272727273,0.6774193548387096,0.7,0.9545454545454546,0.0,0,9,1,21
nested_selection,LOCO,inner_select_10_candidates,0.3968098638037766,0.45454545454545453,0.6451612903225806,0.6896551724137931,0.9090909090909091,0.0,0,9,2,20
nested_selection,LOCO,inner_select_10_candidates,0.40233724305696095,0.51010101010101,0.6774193548387096,0.7142857142857143,0.9090909090909091,0.1111111111111111,1,8,2,20
nested_selection,LOCO,inner_select_10_candidates,0.40454345499057043,0.48737373737373735,0.6451612903225806,0.7037037037037037,0.8636363636363636,0.1111111111111111,1,8,3,19
nested_selection,LOCO,inner_select_10_candidates,0.41510724518669073,0.46464646464646464,0.6129032258064516,0.6923076923076923,0.8181818181818182,0.1111111111111111,1,8,4,18
nested_selection,LOCO,inner_select_10_candidates,0.4254772219945694,0.5202020202020202,0.6451612903225806,0.72,0.8181818181818182,0.2222222222222222,2,7,4,18
nested_selection,LOCO,inner_select_10_candidates,0.4330515883675037,0.49747474747474746,0.6129032258064516,0.7083333333333334,0.7727272727272727,0.2222222222222222,2,7,5,17
nested_selection,LOCO,inner_select_10_candidates,0.44933110860209496,0.553030303030303,0.6451612903225806,0.7391304347826086,0.7727272727272727,0.3333333333333333,3,6,5,17
nested_selection,LOCO,inner_select_10_candidates,0.4601239074407679,0.5303030303030303,0.6129032258064516,0.7272727272727273,0.7272727272727273,0.3333333333333333,3,6,6,16
nested_selection,LOCO,inner_select_10_candidates,0.469363591408393,0.5075757575757576,0.5806451612903226,0.7142857142857143,0.6818181818181818,0.3333333333333333,3,6,7,15
nested_selection,LOCO,inner_select_10_candidates,0.47980959107253435,0.48484848484848486,0.5483870967741935,0.7,0.6363636363636364,0.3333333333333333,3,6,8,14
nested_selection,LOCO,inner_select_10_candidates,0.48416480665330464,0.46212121212121215,0.5161290322580645,0.6842105263157895,0.5909090909090909,0.3333333333333333,3,6,9,13
nested_selection,LOCO,inner_select_10_candidates,0.486370253372462,0.43939393939393934,0.4838709677419355,0.6666666666666666,0.5454545454545454,0.3333333333333333,3,6,10,12
nested_selection,LOCO,inner_select_10_candidates,0.4876693302391536,0.4949494949494949,0.5161290322580645,0.7058823529411765,0.5454545454545454,0.4444444444444444,4,5,10,12
nested_selection,LOCO,inner_select_10_candidates,0.4918407107408581,0.5505050505050505,0.5483870967741935,0.75,0.5454545454545454,0.5555555555555556,5,4,10,12
nested_selection,LOCO,inner_select_10_candidates,0.5,0.606060606060606,0.5806451612903226,0.8,0.5454545454545454,0.6666666666666666,6,3,10,12
nested_selection,LOCO,inner_select_10_candidates,0.5172333218043137,0.606060606060606,0.5806451612903226,0.8,0.5454545454545454,0.6666666666666666,6,3,10,12
nested_selection,LOCO,inner_select_10_candidates,0.5608144006390301,0.6616161616161615,0.6129032258064516,0.8571428571428571,0.5454545454545454,0.7777777777777778,7,2,10,12
nested_selection,LOCO,inner_select_10_candidates,0.5863575665922984,0.6388888888888888,0.5806451612903226,0.8461538461538461,0.5,0.7777777777777778,7,2,11,11
nested_selection,LOCO,inner_select_10_candidates,0.5960836538081162,0.6161616161616161,0.5483870967741935,0.8333333333333334,0.45454545454545453,0.7777777777777778,7,2,12,10
nested_selection,LOCO,inner_select_10_candidates,0.6030692907246882,0.6717171717171717,0.5806451612903226,0.9090909090909091,0.45454545454545453,0.8888888888888888,8,1,12,10
nested_selection,LOCO,inner_select_10_candidates,0.6273619860159505,0.648989898989899,0.5483870967741935,0.9,0.4090909090909091,0.8888888888888888,8,1,13,9
nested_selection,LOCO,inner_select_10_candidates,0.65103731617388,0.6262626262626263,0.5161290322580645,0.8888888888888888,0.36363636363636365,0.8888888888888888,8,1,14,8
nested_selection,LOCO,inner_select_10_candidates,0.6574581914129454,0.6035353535353535,0.4838709677419355,0.875,0.3181818181818182,0.8888888888888888,8,1,15,7
nested_selection,LOCO,inner_select_10_candidates,0.6798230079758846,0.5808080808080808,0.45161290322580644,0.8571428571428571,0.2727272727272727,0.8888888888888888,8,1,16,6
nested_selection,LOCO,inner_select_10_candidates,0.7056740133720798,0.5580808080808081,0.41935483870967744,0.8333333333333334,0.22727272727272727,0.8888888888888888,8,1,17,5
nested_selection,LOCO,inner_select_10_candidates,0.7223675715648645,0.5353535353535354,0.3870967741935484,0.8,0.18181818181818182,0.8888888888888888,8,1,18,4
nested_selection,LOCO,inner_select_10_candidates,0.7325528416817928,0.5126262626262625,0.3548387096774194,0.75,0.13636363636363635,0.8888888888888888,8,1,19,3
nested_selection,LOCO,inner_select_10_candidates,0.746738998798917,0.4898989898989899,0.3225806451612903,0.6666666666666666,0.09090909090909091,0.8888888888888888,8,1,20,2
nested_selection,LOCO,inner_select_10_candidates,0.7642786716487147,0.4671717171717171,0.2903225806451613,0.5,0.045454545454545456,0.8888888888888888,8,1,21,1
nested_selection,LOCO,inner_select_10_candidates,0.8456852255945986,0.5227272727272727,0.3225806451612903,1.0,0.045454545454545456,1.0,9,0,21,1
nested_selection,LOCO,inner_select_10_candidates,1.00000001,0.5,0.2903225806451613,0.0,0.0,1.0,9,0,22,0
nested_selection,mutation_group_out,inner_select_10_candidates,0.0,0.5,0.7096774193548387,0.7096774193548387,1.0,0.0,0,9,0,22
nested_selection,mutation_group_out,inner_select_10_candidates,0.2126085155593021,0.5555555555555556,0.7419354838709677,0.7333333333333333,1.0,0.1111111111111111,1,8,0,22
nested_selection,mutation_group_out,inner_select_10_candidates,0.2979897679758303,0.6111111111111112,0.7741935483870968,0.7586206896551724,1.0,0.2222222222222222,2,7,0,22
nested_selection,mutation_group_out,inner_select_10_candidates,0.3080848293396943,0.5883838383838385,0.7419354838709677,0.75,0.9545454545454546,0.2222222222222222,2,7,1,21
nested_selection,mutation_group_out,inner_select_10_candidates,0.3164084641043774,0.5656565656565656,0.7096774193548387,0.7407407407407407,0.9090909090909091,0.2222222222222222,2,7,2,20
nested_selection,mutation_group_out,inner_select_10_candidates,0.35794910480570086,0.5429292929292929,0.6774193548387096,0.7307692307692307,0.8636363636363636,0.2222222222222222,2,7,3,19
nested_selection,mutation_group_out,inner_select_10_candidates,0.40895850893967906,0.5984848484848485,0.7096774193548387,0.76,0.8636363636363636,0.3333333333333333,3,6,3,19
nested_selection,mutation_group_out,inner_select_10_candidates,0.4301748023890396,0.654040404040404,0.7419354838709677,0.7916666666666666,0.8636363636363636,0.4444444444444444,4,5,3,19
nested_selection,mutation_group_out,inner_select_10_candidates,0.4401704013349438,0.6313131313131313,0.7096774193548387,0.782608695652174,0.8181818181818182,0.4444444444444444,4,5,4,18
nested_selection,mutation_group_out,inner_select_10_candidates,0.44775821459408083,0.6085858585858586,0.6774193548387096,0.7727272727272727,0.7727272727272727,0.4444444444444444,4,5,5,17
nested_selection,mutation_group_out,inner_select_10_candidates,0.44989691789518066,0.6641414141414141,0.7096774193548387,0.8095238095238095,0.7727272727272727,0.5555555555555556,5,4,5,17
nested_selection,mutation_group_out,inner_select_10_candidates,0.4548964568917446,0.6414141414141414,0.6774193548387096,0.8,0.7272727272727273,0.5555555555555556,5,4,6,16
nested_selection,mutation_group_out,inner_select_10_candidates,0.4675132354828201,0.6186868686868687,0.6451612903225806,0.7894736842105263,0.6818181818181818,0.5555555555555556,5,4,7,15
nested_selection,mutation_group_out,inner_select_10_candidates,0.4828353124802639,0.595959595959596,0.6129032258064516,0.7777777777777778,0.6363636363636364,0.5555555555555556,5,4,8,14
nested_selection,mutation_group_out,inner_select_10_candidates,0.49143150415420866,0.5732323232323233,0.5806451612903226,0.7647058823529411,0.5909090909090909,0.5555555555555556,5,4,9,13
nested_selection,mutation_group_out,inner_select_10_candidates,0.49454798293723334,0.6287878787878788,0.6129032258064516,0.8125,0.5909090909090909,0.6666666666666666,6,3,9,13
nested_selection,mutation_group_out,inner_select_10_candidates,0.49909570757428706,0.6843434343434344,0.6451612903225806,0.8666666666666667,0.5909090909090909,0.7777777777777778,7,2,9,13
nested_selection,mutation_group_out,inner_select_10_candidates,0.5,0.6843434343434344,0.6451612903225806,0.8666666666666667,0.5909090909090909,0.7777777777777778,7,2,9,13
nested_selection,mutation_group_out,inner_select_10_candidates,0.5231574597603169,0.7398989898989898,0.6774193548387096,0.9285714285714286,0.5909090909090909,0.8888888888888888,8,1,9,13
nested_selection,mutation_group_out,inner_select_10_candidates,0.55749151293753,0.7171717171717171,0.6451612903225806,0.9230769230769231,0.5454545454545454,0.8888888888888888,8,1,10,12
nested_selection,mutation_group_out,inner_select_10_candidates,0.5717024495860465,0.6944444444444444,0.6129032258064516,0.9166666666666666,0.5,0.8888888888888888,8,1,11,11
nested_selection,mutation_group_out,inner_select_10_candidates,0.5836222034983232,0.6717171717171717,0.5806451612903226,0.9090909090909091,0.45454545454545453,0.8888888888888888,8,1,12,10
nested_selection,mutation_group_out,inner_select_10_candidates,0.5948693641696399,0.648989898989899,0.5483870967741935,0.9,0.4090909090909091,0.8888888888888888,8,1,13,9
nested_selection,mutation_group_out,inner_select_10_candidates,0.6027545503542481,0.6262626262626263,0.5161290322580645,0.8888888888888888,0.36363636363636365,0.8888888888888888,8,1,14,8
nested_selection,mutation_group_out,inner_select_10_candidates,0.6179025157016704,0.6035353535353535,0.4838709677419355,0.875,0.3181818181818182,0.8888888888888888,8,1,15,7
nested_selection,mutation_group_out,inner_select_10_candidates,0.627065493380705,0.5808080808080808,0.45161290322580644,0.8571428571428571,0.2727272727272727,0.8888888888888888,8,1,16,6
nested_selection,mutation_group_out,inner_select_10_candidates,0.6420747346552094,0.5580808080808081,0.41935483870967744,0.8333333333333334,0.22727272727272727,0.8888888888888888,8,1,17,5
nested_selection,mutation_group_out,inner_select_10_candidates,0.6816873317627806,0.5353535353535354,0.3870967741935484,0.8,0.18181818181818182,0.8888888888888888,8,1,18,4
nested_selection,mutation_group_out,inner_select_10_candidates,0.7119234386682205,0.5126262626262625,0.3548387096774194,0.75,0.13636363636363635,0.8888888888888888,8,1,19,3
nested_selection,mutation_group_out,inner_select_10_candidates,0.7182470143538418,0.4898989898989899,0.3225806451612903,0.6666666666666666,0.09090909090909091,0.8888888888888888,8,1,20,2
nested_selection,mutation_group_out,inner_select_10_candidates,0.7311070558087135,0.4671717171717171,0.2903225806451613,0.5,0.045454545454545456,0.8888888888888888,8,1,21,1
nested_selection,mutation_group_out,inner_select_10_candidates,0.8314550587370375,0.5227272727272727,0.3225806451612903,1.0,0.045454545454545456,1.0,9,0,21,1
nested_selection,mutation_group_out,inner_select_10_candidates,1.00000001,0.5,0.2903225806451613,0.0,0.0,1.0,9,0,22,0
retrained,LOCO,CP14_LR,0.0,0.5,0.7096774193548387,0.7096774193548387,1.0,0.0,0,9,0,22
retrained,LOCO,CP14_LR,0.1712866225668085,0.5555555555555556,0.7419354838709677,0.7333333333333333,1.0,0.1111111111111111,1,8,0,22
retrained,LOCO,CP14_LR,0.24083558678237943,0.6111111111111112,0.7741935483870968,0.7586206896551724,1.0,0.2222222222222222,2,7,0,22
retrained,LOCO,CP14_LR,0.292668957708057,0.6666666666666666,0.8064516129032258,0.7857142857142857,1.0,0.3333333333333333,3,6,0,22
retrained,LOCO,CP14_LR,0.3951942420895845,0.6439393939393939,0.7741935483870968,0.7777777777777778,0.9545454545454546,0.3333333333333333,3,6,1,21
retrained,LOCO,CP14_LR,0.45708451180041865,0.6212121212121212,0.7419354838709677,0.7692307692307693,0.9090909090909091,0.3333333333333333,3,6,2,20
retrained,LOCO,CP14_LR,0.4689937209413863,0.6767676767676767,0.7741935483870968,0.8,0.9090909090909091,0.4444444444444444,4,5,2,20
retrained,LOCO,CP14_LR,0.47942156932766233,0.7323232323232323,0.8064516129032258,0.8333333333333334,0.9090909090909091,0.5555555555555556,5,4,2,20
retrained,LOCO,CP14_LR,0.49335626444050884,0.7095959595959596,0.7741935483870968,0.8260869565217391,0.8636363636363636,0.5555555555555556,5,4,3,19
retrained,LOCO,CP14_LR,0.5,0.6868686868686869,0.7419354838709677,0.8181818181818182,0.8181818181818182,0.5555555555555556,5,4,4,18
retrained,LOCO,CP14_LR,0.5013154948033425,0.6868686868686869,0.7419354838709677,0.8181818181818182,0.8181818181818182,0.5555555555555556,5,4,4,18
retrained,LOCO,CP14_LR,0.5064773963591788,0.6641414141414141,0.7096774193548387,0.8095238095238095,0.7727272727272727,0.5555555555555556,5,4,5,17
retrained,LOCO,CP14_LR,0.5097423551781876,0.7196969696969697,0.7419354838709677,0.85,0.7727272727272727,0.6666666666666666,6,3,5,17
retrained,LOCO,CP14_LR,0.5252243351752404,0.696969696969697,0.7096774193548387,0.8421052631578947,0.7272727272727273,0.6666666666666666,6,3,6,16
retrained,LOCO,CP14_LR,0.5406334033309748,0.6742424242424242,0.6774193548387096,0.8333333333333334,0.6818181818181818,0.6666666666666666,6,3,7,15
retrained,LOCO,CP14_LR,0.5503857666492364,0.6515151515151515,0.6451612903225806,0.8235294117647058,0.6363636363636364,0.6666666666666666,6,3,8,14
retrained,LOCO,CP14_LR,0.5588589140781146,0.6287878787878788,0.6129032258064516,0.8125,0.5909090909090909,0.6666666666666666,6,3,9,13
retrained,LOCO,CP14_LR,0.5643283694015924,0.6843434343434344,0.6451612903225806,0.8666666666666667,0.5909090909090909,0.7777777777777778,7,2,9,13
retrained,LOCO,CP14_LR,0.5743384962093485,0.6616161616161615,0.6129032258064516,0.8571428571428571,0.5454545454545454,0.7777777777777778,7,2,10,12
retrained,LOCO,CP14_LR,0.5812015847756786,0.6388888888888888,0.5806451612903226,0.8461538461538461,0.5,0.7777777777777778,7,2,11,11
retrained,LOCO,CP14_LR,0.5859106526539195,0.6944444444444444,0.6129032258064516,0.9166666666666666,0.5,0.8888888888888888,8,1,11,11
retrained,LOCO,CP14_LR,0.5931850494075015,0.6717171717171717,0.5806451612903226,0.9090909090909091,0.45454545454545453,0.8888888888888888,8,1,12,10
retrained,LOCO,CP14_LR,0.6095740575319473,0.648989898989899,0.5483870967741935,0.9,0.4090909090909091,0.8888888888888888,8,1,13,9
retrained,LOCO,CP14_LR,0.626586693115079,0.6262626262626263,0.5161290322580645,0.8888888888888888,0.36363636363636365,0.8888888888888888,8,1,14,8
retrained,LOCO,CP14_LR,0.6321402875512028,0.6035353535353535,0.4838709677419355,0.875,0.3181818181818182,0.8888888888888888,8,1,15,7
retrained,LOCO,CP14_LR,0.6332141497758648,0.5808080808080808,0.45161290322580644,0.8571428571428571,0.2727272727272727,0.8888888888888888,8,1,16,6
retrained,LOCO,CP14_LR,0.6343586349495831,0.5580808080808081,0.41935483870967744,0.8333333333333334,0.22727272727272727,0.8888888888888888,8,1,17,5
retrained,LOCO,CP14_LR,0.6366617630820155,0.5353535353535354,0.3870967741935484,0.8,0.18181818181818182,0.8888888888888888,8,1,18,4
retrained,LOCO,CP14_LR,0.6421697798320601,0.5126262626262625,0.3548387096774194,0.75,0.13636363636363635,0.8888888888888888,8,1,19,3
retrained,LOCO,CP14_LR,0.6504584651763992,0.4898989898989899,0.3225806451612903,0.6666666666666666,0.09090909090909091,0.8888888888888888,8,1,20,2
retrained,LOCO,CP14_LR,0.6798375318250635,0.4671717171717171,0.2903225806451613,0.5,0.045454545454545456,0.8888888888888888,8,1,21,1
retrained,LOCO,CP14_LR,0.7083823201028774,0.5227272727272727,0.3225806451612903,1.0,0.045454545454545456,1.0,9,0,21,1
retrained,LOCO,CP14_LR,1.00000001,0.5,0.2903225806451613,0.0,0.0,1.0,9,0,22,0
retrained,LOCO,CP14_RF,0.0,0.5,0.7096774193548387,0.7096774193548387,1.0,0.0,0,9,0,22
retrained,LOCO,CP14_RF,0.261645097654696,0.4772727272727273,0.6774193548387096,0.7,0.9545454545454546,0.0,0,9,1,21
retrained,LOCO,CP14_RF,0.2865536428664573,0.45454545454545453,0.6451612903225806,0.6896551724137931,0.9090909090909091,0.0,0,9,2,20
retrained,LOCO,CP14_RF,0.3139508709488267,0.51010101010101,0.6774193548387096,0.7142857142857143,0.9090909090909091,0.1111111111111111,1,8,2,20
retrained,LOCO,CP14_RF,0.3525623377629274,0.48737373737373735,0.6451612903225806,0.7037037037037037,0.8636363636363636,0.1111111111111111,1,8,3,19
retrained,LOCO,CP14_RF,0.38813783244911626,0.5429292929292929,0.6774193548387096,0.7307692307692307,0.8636363636363636,0.2222222222222222,2,7,3,19
retrained,LOCO,CP14_RF,0.4100408191901228,0.5202020202020202,0.6451612903225806,0.72,0.8181818181818182,0.2222222222222222,2,7,4,18
retrained,LOCO,CP14_RF,0.4355982911705505,0.49747474747474746,0.6129032258064516,0.7083333333333334,0.7727272727272727,0.2222222222222222,2,7,5,17
retrained,LOCO,CP14_RF,0.44553887069165293,0.553030303030303,0.6451612903225806,0.7391304347826086,0.7727272727272727,0.3333333333333333,3,6,5,17
retrained,LOCO,CP14_RF,0.4627579083643012,0.6085858585858586,0.6774193548387096,0.7727272727272727,0.7727272727272727,0.4444444444444444,4,5,5,17
retrained,LOCO,CP14_RF,0.5,0.6641414141414141,0.7096774193548387,0.8095238095238095,0.7727272727272727,0.5555555555555556,5,4,5,17
retrained,LOCO,CP14_RF,0.5086130781541389,0.6641414141414141,0.7096774193548387,0.8095238095238095,0.7727272727272727,0.5555555555555556,5,4,5,17
retrained,LOCO,CP14_RF,0.558633312139577,0.6414141414141414,0.6774193548387096,0.8,0.7272727272727273,0.5555555555555556,5,4,6,16
retrained,LOCO,CP14_RF,0.5808304192416345,0.696969696969697,0.7096774193548387,0.8421052631578947,0.7272727272727273,0.6666666666666666,6,3,6,16
retrained,LOCO,CP14_RF,0.5966528305310872,0.7525252525252526,0.7419354838709677,0.8888888888888888,0.7272727272727273,0.7777777777777778,7,2,6,16
retrained,LOCO,CP14_RF,0.6298185589623382,0.7297979797979798,0.7096774193548387,0.8823529411764706,0.6818181818181818,0.7777777777777778,7,2,7,15
retrained,LOCO,CP14_RF,0.6781888287382185,0.7070707070707071,0.6774193548387096,0.875,0.6363636363636364,0.7777777777777778,7,2,8,14
retrained,LOCO,CP14_RF,0.7113007495199659,0.6843434343434344,0.6451612903225806,0.8666666666666667,0.5909090909090909,0.7777777777777778,7,2,9,13
retrained,LOCO,CP14_RF,0.7292674391743109,0.6616161616161615,0.6129032258064516,0.8571428571428571,0.5454545454545454,0.7777777777777778,7,2,10,12
retrained,LOCO,CP14_RF,0.7498472157437657,0.6388888888888888,0.5806451612903226,0.8461538461538461,0.5,0.7777777777777778,7,2,11,11
retrained,LOCO,CP14_RF,0.7628544427535526,0.6161616161616161,0.5483870967741935,0.8333333333333334,0.45454545454545453,0.7777777777777778,7,2,12,10
retrained,LOCO,CP14_RF,0.7660219991503256,0.5934343434343434,0.5161290322580645,0.8181818181818182,0.4090909090909091,0.7777777777777778,7,2,13,9
retrained,LOCO,CP14_RF,0.7721289878127267,0.5707070707070707,0.4838709677419355,0.8,0.36363636363636365,0.7777777777777778,7,2,14,8
retrained,LOCO,CP14_RF,0.7951989908433335,0.547979797979798,0.45161290322580644,0.7777777777777778,0.3181818181818182,0.7777777777777778,7,2,15,7
retrained,LOCO,CP14_RF,0.8176141112798074,0.5252525252525253,0.41935483870967744,0.75,0.2727272727272727,0.7777777777777778,7,2,16,6
retrained,LOCO,CP14_RF,0.8344686534954175,0.5025252525252525,0.3870967741935484,0.7142857142857143,0.22727272727272727,0.7777777777777778,7,2,17,5
retrained,LOCO,CP14_RF,0.8502191020410921,0.4797979797979798,0.3548387096774194,0.6666666666666666,0.18181818181818182,0.7777777777777778,7,2,18,4
retrained,LOCO,CP14_RF,0.8658356875039052,0.45707070707070707,0.3225806451612903,0.6,0.13636363636363635,0.7777777777777778,7,2,19,3
retrained,LOCO,CP14_RF,0.879179551007118,0.5126262626262625,0.3548387096774194,0.75,0.13636363636363635,0.8888888888888888,8,1,19,3
retrained,LOCO,CP14_RF,0.8841058202006022,0.4898989898989899,0.3225806451612903,0.6666666666666666,0.09090909090909091,0.8888888888888888,8,1,20,2
retrained,LOCO,CP14_RF,0.8895021807932112,0.4671717171717171,0.2903225806451613,0.5,0.045454545454545456,0.8888888888888888,8,1,21,1
retrained,LOCO,CP14_RF,0.8997332123462473,0.5227272727272727,0.3225806451612903,1.0,0.045454545454545456,1.0,9,0,21,1
retrained,LOCO,CP14_RF,1.00000001,0.5,0.2903225806451613,0.0,0.0,1.0,9,0,22,0
retrained,LOCO,CP3_LR,0.0,0.5,0.7096774193548387,0.7096774193548387,1.0,0.0,0,9,0,22
retrained,LOCO,CP3_LR,0.32106552587725906,0.4772727272727273,0.6774193548387096,0.7,0.9545454545454546,0.0,0,9,1,21
retrained,LOCO,CP3_LR,0.3420764408575454,0.45454545454545453,0.6451612903225806,0.6896551724137931,0.9090909090909091,0.0,0,9,2,20
retrained,LOCO,CP3_LR,0.3466049367087458,0.51010101010101,0.6774193548387096,0.7142857142857143,0.9090909090909091,0.1111111111111111,1,8,2,20
retrained,LOCO,CP3_LR,0.3762259542543896,0.48737373737373735,0.6451612903225806,0.7037037037037037,0.8636363636363636,0.1111111111111111,1,8,3,19
retrained,LOCO,CP3_LR,0.4146925556281439,0.5429292929292929,0.6774193548387096,0.7307692307692307,0.8636363636363636,0.2222222222222222,2,7,3,19
retrained,LOCO,CP3_LR,0.434002073001229,0.5984848484848485,0.7096774193548387,0.76,0.8636363636363636,0.3333333333333333,3,6,3,19
retrained,LOCO,CP3_LR,0.44540054291085335,0.654040404040404,0.7419354838709677,0.7916666666666666,0.8636363636363636,0.4444444444444444,4,5,3,19
retrained,LOCO,CP3_LR,0.4508651190504366,0.6313131313131313,0.7096774193548387,0.782608695652174,0.8181818181818182,0.4444444444444444,4,5,4,18
retrained,LOCO,CP3_LR,0.45517258977662833,0.6868686868686869,0.7419354838709677,0.8181818181818182,0.8181818181818182,0.5555555555555556,5,4,4,18
retrained,LOCO,CP3_LR,0.464451220114685,0.6641414141414141,0.7096774193548387,0.8095238095238095,0.7727272727272727,0.5555555555555556,5,4,5,17
retrained,LOCO,CP3_LR,0.4768648676436611,0.7196969696969697,0.7419354838709677,0.85,0.7727272727272727,0.6666666666666666,6,3,5,17
retrained,LOCO,CP3_LR,0.49009915518159464,0.7752525252525253,0.7741935483870968,0.8947368421052632,0.7727272727272727,0.7777777777777778,7,2,5,17
retrained,LOCO,CP3_LR,0.498727372974357,0.7525252525252526,0.7419354838709677,0.8888888888888888,0.7272727272727273,0.7777777777777778,7,2,6,16
retrained,LOCO,CP3_LR,0.5,0.7525252525252526,0.7419354838709677,0.8888888888888888,0.7272727272727273,0.7777777777777778,7,2,6,16
retrained,LOCO,CP3_LR,0.5016694878543793,0.7297979797979798,0.7096774193548387,0.8823529411764706,0.6818181818181818,0.7777777777777778,7,2,7,15
retrained,LOCO,CP3_LR,0.5135228186630849,0.7070707070707071,0.6774193548387096,0.875,0.6363636363636364,0.7777777777777778,7,2,8,14
retrained,LOCO,CP3_LR,0.5261960387756721,0.7626262626262625,0.7096774193548387,0.9333333333333333,0.6363636363636364,0.8888888888888888,8,1,8,14
retrained,LOCO,CP3_LR,0.5287936914969552,0.7398989898989898,0.6774193548387096,0.9285714285714286,0.5909090909090909,0.8888888888888888,8,1,9,13
retrained,LOCO,CP3_LR,0.5313298058013354,0.7171717171717171,0.6451612903225806,0.9230769230769231,0.5454545454545454,0.8888888888888888,8,1,10,12
retrained,LOCO,CP3_LR,0.5334265697888869,0.6944444444444444,0.6129032258064516,0.9166666666666666,0.5,0.8888888888888888,8,1,11,11
retrained,LOCO,CP3_LR,0.5365666209650943,0.6717171717171717,0.5806451612903226,0.9090909090909091,0.45454545454545453,0.8888888888888888,8,1,12,10
retrained,LOCO,CP3_LR,0.5468580788824879,0.648989898989899,0.5483870967741935,0.9,0.4090909090909091,0.8888888888888888,8,1,13,9
retrained,LOCO,CP3_LR,0.5555430063108842,0.6262626262626263,0.5161290322580645,0.8888888888888888,0.36363636363636365,0.8888888888888888,8,1,14,8
retrained,LOCO,CP3_LR,0.5594781403616911,0.6035353535353535,0.4838709677419355,0.875,0.3181818181818182,0.8888888888888888,8,1,15,7
retrained,LOCO,CP3_LR,0.5639833764494893,0.5808080808080808,0.45161290322580644,0.8571428571428571,0.2727272727272727,0.8888888888888888,8,1,16,6
retrained,LOCO,CP3_LR,0.5736403660018371,0.5580808080808081,0.41935483870967744,0.8333333333333334,0.22727272727272727,0.8888888888888888,8,1,17,5
retrained,LOCO,CP3_LR,0.583372151475689,0.5353535353535354,0.3870967741935484,0.8,0.18181818181818182,0.8888888888888888,8,1,18,4
retrained,LOCO,CP3_LR,0.5929067047700642,0.5126262626262625,0.3548387096774194,0.75,0.13636363636363635,0.8888888888888888,8,1,19,3
retrained,LOCO,CP3_LR,0.6132770439469524,0.4898989898989899,0.3225806451612903,0.6666666666666666,0.09090909090909091,0.8888888888888888,8,1,20,2
retrained,LOCO,CP3_LR,0.6346915804996756,0.4671717171717171,0.2903225806451613,0.5,0.045454545454545456,0.8888888888888888,8,1,21,1
retrained,LOCO,CP3_LR,0.7173712229215999,0.4444444444444444,0.25806451612903225,0.0,0.0,0.8888888888888888,8,1,22,0
retrained,LOCO,CP3_LR,1.00000001,0.5,0.2903225806451613,0.0,0.0,1.0,9,0,22,0
retrained,LOCO,CP3_RF,0.0,0.5,0.7096774193548387,0.7096774193548387,1.0,0.0,0,9,0,22
retrained,LOCO,CP3_RF,0.13163282646087135,0.4772727272727273,0.6774193548387096,0.7,0.9545454545454546,0.0,0,9,1,21
retrained,LOCO,CP3_RF,0.1688232955732761,0.45454545454545453,0.6451612903225806,0.6896551724137931,0.9090909090909091,0.0,0,9,2,20
retrained,LOCO,CP3_RF,0.23739809419475086,0.51010101010101,0.6774193548387096,0.7142857142857143,0.9090909090909091,0.1111111111111111,1,8,2,20
retrained,LOCO,CP3_RF,0.31028991017298846,0.5656565656565656,0.7096774193548387,0.7407407407407407,0.9090909090909091,0.2222222222222222,2,7,2,20
retrained,LOCO,CP3_RF,0.3267555700964725,0.5429292929292929,0.6774193548387096,0.7307692307692307,0.8636363636363636,0.2222222222222222,2,7,3,19
retrained,LOCO,CP3_RF,0.3371662331780799,0.5202020202020202,0.6451612903225806,0.72,0.8181818181818182,0.2222222222222222,2,7,4,18
retrained,LOCO,CP3_RF,0.3430906682385949,0.5757575757575758,0.6774193548387096,0.75,0.8181818181818182,0.3333333333333333,3,6,4,18
retrained,LOCO,CP3_RF,0.3607961249111993,0.553030303030303,0.6451612903225806,0.7391304347826086,0.7727272727272727,0.3333333333333333,3,6,5,17
retrained,LOCO,CP3_RF,0.4206983412277834,0.6085858585858586,0.6774193548387096,0.7727272727272727,0.7727272727272727,0.4444444444444444,4,5,5,17
retrained,LOCO,CP3_RF,0.47405153363897495,0.6641414141414141,0.7096774193548387,0.8095238095238095,0.7727272727272727,0.5555555555555556,5,4,5,17
retrained,LOCO,CP3_RF,0.4901117012161852,0.7196969696969697,0.7419354838709677,0.85,0.7727272727272727,0.6666666666666666,6,3,5,17
retrained,LOCO,CP3_RF,0.5,0.696969696969697,0.7096774193548387,0.8421052631578947,0.7272727272727273,0.6666666666666666,6,3,6,16
retrained,LOCO,CP3_RF,0.5280997399471333,0.696969696969697,0.7096774193548387,0.8421052631578947,0.7272727272727273,0.6666666666666666,6,3,6,16
retrained,LOCO,CP3_RF,0.5619149415099608,0.7525252525252526,0.7419354838709677,0.8888888888888888,0.7272727272727273,0.7777777777777778,7,2,6,16
retrained,LOCO,CP3_RF,0.5989819935786984,0.7297979797979798,0.7096774193548387,0.8823529411764706,0.6818181818181818,0.7777777777777778,7,2,7,15
retrained,LOCO,CP3_RF,0.6463089688060968,0.7070707070707071,0.6774193548387096,0.875,0.6363636363636364,0.7777777777777778,7,2,8,14
retrained,LOCO,CP3_RF,0.673875113644473,0.6843434343434344,0.6451612903225806,0.8666666666666667,0.5909090909090909,0.7777777777777778,7,2,9,13
retrained,LOCO,CP3_RF,0.6886191735483842,0.6616161616161615,0.6129032258064516,0.8571428571428571,0.5454545454545454,0.7777777777777778,7,2,10,12
retrained,LOCO,CP3_RF,0.7345117447428076,0.6388888888888888,0.5806451612903226,0.8461538461538461,0.5,0.7777777777777778,7,2,11,11
retrained,LOCO,CP3_RF,0.7816543317705631,0.6161616161616161,0.5483870967741935,0.8333333333333334,0.45454545454545453,0.7777777777777778,7,2,12,10
retrained,LOCO,CP3_RF,0.7970868245481224,0.5934343434343434,0.5161290322580645,0.8181818181818182,0.4090909090909091,0.7777777777777778,7,2,13,9
retrained,LOCO,CP3_RF,0.8162808695299246,0.5707070707070707,0.4838709677419355,0.8,0.36363636363636365,0.7777777777777778,7,2,14,8
retrained,LOCO,CP3_RF,0.8261744305237666,0.547979797979798,0.45161290322580644,0.7777777777777778,0.3181818181818182,0.7777777777777778,7,2,15,7
retrained,LOCO,CP3_RF,0.842213421654185,0.5252525252525253,0.41935483870967744,0.75,0.2727272727272727,0.7777777777777778,7,2,16,6
retrained,LOCO,CP3_RF,0.8717683010263448,0.5025252525252525,0.3870967741935484,0.7142857142857143,0.22727272727272727,0.7777777777777778,7,2,17,5
retrained,LOCO,CP3_RF,0.8927411939611811,0.4797979797979798,0.3548387096774194,0.6666666666666666,0.18181818181818182,0.7777777777777778,7,2,18,4
retrained,LOCO,CP3_RF,0.900293241461382,0.45707070707070707,0.3225806451612903,0.6,0.13636363636363635,0.7777777777777778,7,2,19,3
retrained,LOCO,CP3_RF,0.9125806896780622,0.43434343434343436,0.2903225806451613,0.5,0.09090909090909091,0.7777777777777778,7,2,20,2
retrained,LOCO,CP3_RF,0.9235170580641523,0.4116161616161616,0.25806451612903225,0.3333333333333333,0.045454545454545456,0.7777777777777778,7,2,21,1
retrained,LOCO,CP3_RF,0.9509383118315315,0.3888888888888889,0.22580645161290322,0.0,0.0,0.7777777777777778,7,2,22,0
retrained,LOCO,CP3_RF,0.9880255721675696,0.4444444444444444,0.25806451612903225,0.0,0.0,0.8888888888888888,8,1,22,0
retrained,LOCO,CP3_RF,1.00000001,0.5,0.2903225806451613,0.0,0.0,1.0,9,0,22,0
retrained,LOCO,CP_Interface6_LR,0.0,0.5,0.7096774193548387,0.7096774193548387,1.0,0.0,0,9,0,22
retrained,LOCO,CP_Interface6_LR,0.2447825732990146,0.4772727272727273,0.6774193548387096,0.7,0.9545454545454546,0.0,0,9,1,21
retrained,LOCO,CP_Interface6_LR,0.3290275638273431,0.45454545454545453,0.6451612903225806,0.6896551724137931,0.9090909090909091,0.0,0,9,2,20
retrained,LOCO,CP_Interface6_LR,0.3569739375811148,0.4318181818181818,0.6129032258064516,0.6785714285714286,0.8636363636363636,0.0,0,9,3,19
retrained,LOCO,CP_Interface6_LR,0.39124920786628103,0.48737373737373735,0.6451612903225806,0.7037037037037037,0.8636363636363636,0.1111111111111111,1,8,3,19
retrained,LOCO,CP_Interface6_LR,0.43287388897239537,0.5429292929292929,0.6774193548387096,0.7307692307692307,0.8636363636363636,0.2222222222222222,2,7,3,19
retrained,LOCO,CP_Interface6_LR,0.4496199764258031,0.5202020202020202,0.6451612903225806,0.72,0.8181818181818182,0.2222222222222222,2,7,4,18
retrained,LOCO,CP_Interface6_LR,0.45933165999523895,0.5757575757575758,0.6774193548387096,0.75,0.8181818181818182,0.3333333333333333,3,6,4,18
retrained,LOCO,CP_Interface6_LR,0.46219842738409767,0.553030303030303,0.6451612903225806,0.7391304347826086,0.7727272727272727,0.3333333333333333,3,6,5,17
retrained,LOCO,CP_Interface6_LR,0.46333097540640433,0.6085858585858586,0.6774193548387096,0.7727272727272727,0.7727272727272727,0.4444444444444444,4,5,5,17
retrained,LOCO,CP_Interface6_LR,0.47639712270724077,0.6641414141414141,0.7096774193548387,0.8095238095238095,0.7727272727272727,0.5555555555555556,5,4,5,17
retrained,LOCO,CP_Interface6_LR,0.49138695012690026,0.6414141414141414,0.6774193548387096,0.8,0.7272727272727273,0.5555555555555556,5,4,6,16
retrained,LOCO,CP_Interface6_LR,0.49713026702254703,0.696969696969697,0.7096774193548387,0.8421052631578947,0.7272727272727273,0.6666666666666666,6,3,6,16
retrained,LOCO,CP_Interface6_LR,0.5,0.696969696969697,0.7096774193548387,0.8421052631578947,0.7272727272727273,0.6666666666666666,6,3,6,16
retrained,LOCO,CP_Interface6_LR,0.5017918677631495,0.6742424242424242,0.6774193548387096,0.8333333333333334,0.6818181818181818,0.6666666666666666,6,3,7,15
retrained,LOCO,CP_Interface6_LR,0.5033483256489147,0.6515151515151515,0.6451612903225806,0.8235294117647058,0.6363636363636364,0.6666666666666666,6,3,8,14
retrained,LOCO,CP_Interface6_LR,0.5103508730837325,0.7070707070707071,0.6774193548387096,0.875,0.6363636363636364,0.7777777777777778,7,2,8,14
retrained,LOCO,CP_Interface6_LR,0.5190339034969701,0.6843434343434344,0.6451612903225806,0.8666666666666667,0.5909090909090909,0.7777777777777778,7,2,9,13
retrained,LOCO,CP_Interface6_LR,0.5266298974356711,0.6616161616161615,0.6129032258064516,0.8571428571428571,0.5454545454545454,0.7777777777777778,7,2,10,12
retrained,LOCO,CP_Interface6_LR,0.5357055393259076,0.6388888888888888,0.5806451612903226,0.8461538461538461,0.5,0.7777777777777778,7,2,11,11
retrained,LOCO,CP_Interface6_LR,0.5412214457241957,0.6161616161616161,0.5483870967741935,0.8333333333333334,0.45454545454545453,0.7777777777777778,7,2,12,10
retrained,LOCO,CP_Interface6_LR,0.5502130441334829,0.5934343434343434,0.5161290322580645,0.8181818181818182,0.4090909090909091,0.7777777777777778,7,2,13,9
retrained,LOCO,CP_Interface6_LR,0.5573750533740123,0.5707070707070707,0.4838709677419355,0.8,0.36363636363636365,0.7777777777777778,7,2,14,8
retrained,LOCO,CP_Interface6_LR,0.5586080015340443,0.547979797979798,0.45161290322580644,0.7777777777777778,0.3181818181818182,0.7777777777777778,7,2,15,7
retrained,LOCO,CP_Interface6_LR,0.5625990694648111,0.6035353535353535,0.4838709677419355,0.875,0.3181818181818182,0.8888888888888888,8,1,15,7
retrained,LOCO,CP_Interface6_LR,0.5681264472836165,0.5808080808080808,0.45161290322580644,0.8571428571428571,0.2727272727272727,0.8888888888888888,8,1,16,6
retrained,LOCO,CP_Interface6_LR,0.572602763444563,0.5580808080808081,0.41935483870967744,0.8333333333333334,0.22727272727272727,0.8888888888888888,8,1,17,5
retrained,LOCO,CP_Interface6_LR,0.5828621920082993,0.5353535353535354,0.3870967741935484,0.8,0.18181818181818182,0.8888888888888888,8,1,18,4
retrained,LOCO,CP_Interface6_LR,0.5936698560609729,0.5126262626262625,0.3548387096774194,0.75,0.13636363636363635,0.8888888888888888,8,1,19,3
retrained,LOCO,CP_Interface6_LR,0.6034607287576164,0.4898989898989899,0.3225806451612903,0.6666666666666666,0.09090909090909091,0.8888888888888888,8,1,20,2
retrained,LOCO,CP_Interface6_LR,0.6166769894319617,0.4671717171717171,0.2903225806451613,0.5,0.045454545454545456,0.8888888888888888,8,1,21,1
retrained,LOCO,CP_Interface6_LR,0.7217020793627468,0.4444444444444444,0.25806451612903225,0.0,0.0,0.8888888888888888,8,1,22,0
retrained,LOCO,CP_Interface6_LR,1.00000001,0.5,0.2903225806451613,0.0,0.0,1.0,9,0,22,0
retrained,LOCO,CP_Interface6_RF,0.0,0.5,0.7096774193548387,0.7096774193548387,1.0,0.0,0,9,0,22
retrained,LOCO,CP_Interface6_RF,0.18854919903994835,0.4772727272727273,0.6774193548387096,0.7,0.9545454545454546,0.0,0,9,1,21
retrained,LOCO,CP_Interface6_RF,0.2442601771189212,0.45454545454545453,0.6451612903225806,0.6896551724137931,0.9090909090909091,0.0,0,9,2,20
retrained,LOCO,CP_Interface6_RF,0.31570365111704396,0.51010101010101,0.6774193548387096,0.7142857142857143,0.9090909090909091,0.1111111111111111,1,8,2,20
retrained,LOCO,CP_Interface6_RF,0.35827716814672783,0.48737373737373735,0.6451612903225806,0.7037037037037037,0.8636363636363636,0.1111111111111111,1,8,3,19
retrained,LOCO,CP_Interface6_RF,0.38680762252164025,0.46464646464646464,0.6129032258064516,0.6923076923076923,0.8181818181818182,0.1111111111111111,1,8,4,18
retrained,LOCO,CP_Interface6_RF,0.3944155744857346,0.5202020202020202,0.6451612903225806,0.72,0.8181818181818182,0.2222222222222222,2,7,4,18
retrained,LOCO,CP_Interface6_RF,0.39593505312525445,0.5757575757575758,0.6774193548387096,0.75,0.8181818181818182,0.3333333333333333,3,6,4,18
retrained,LOCO,CP_Interface6_RF,0.4111552150507001,0.6313131313131313,0.7096774193548387,0.782608695652174,0.8181818181818182,0.4444444444444444,4,5,4,18
retrained,LOCO,CP_Interface6_RF,0.44208202673469926,0.6085858585858586,0.6774193548387096,0.7727272727272727,0.7727272727272727,0.4444444444444444,4,5,5,17
retrained,LOCO,CP_Interface6_RF,0.48573053701039265,0.5858585858585859,0.6451612903225806,0.7619047619047619,0.7272727272727273,0.4444444444444444,4,5,6,16
retrained,LOCO,CP_Interface6_RF,0.5,0.5858585858585859,0.6451612903225806,0.7619047619047619,0.7272727272727273,0.4444444444444444,4,5,6,16
retrained,LOCO,CP_Interface6_RF,0.5149361520831471,0.6414141414141414,0.6774193548387096,0.8,0.7272727272727273,0.5555555555555556,5,4,6,16
retrained,LOCO,CP_Interface6_RF,0.526834937372423,0.696969696969697,0.7096774193548387,0.8421052631578947,0.7272727272727273,0.6666666666666666,6,3,6,16
retrained,LOCO,CP_Interface6_RF,0.5599161627380669,0.6742424242424242,0.6774193548387096,0.8333333333333334,0.6818181818181818,0.6666666666666666,6,3,7,15
retrained,LOCO,CP_Interface6_RF,0.5986955219892702,0.6515151515151515,0.6451612903225806,0.8235294117647058,0.6363636363636364,0.6666666666666666,6,3,8,14
retrained,LOCO,CP_Interface6_RF,0.619338176450722,0.6287878787878788,0.6129032258064516,0.8125,0.5909090909090909,0.6666666666666666,6,3,9,13
retrained,LOCO,CP_Interface6_RF,0.6445505201709053,0.6843434343434344,0.6451612903225806,0.8666666666666667,0.5909090909090909,0.7777777777777778,7,2,9,13
retrained,LOCO,CP_Interface6_RF,0.6719111201683212,0.6616161616161615,0.6129032258064516,0.8571428571428571,0.5454545454545454,0.7777777777777778,7,2,10,12
retrained,LOCO,CP_Interface6_RF,0.6879472540407274,0.6388888888888888,0.5806451612903226,0.8461538461538461,0.5,0.7777777777777778,7,2,11,11
retrained,LOCO,CP_Interface6_RF,0.7022944680920846,0.6161616161616161,0.5483870967741935,0.8333333333333334,0.45454545454545453,0.7777777777777778,7,2,12,10
retrained,LOCO,CP_Interface6_RF,0.7332338453850857,0.5934343434343434,0.5161290322580645,0.8181818181818182,0.4090909090909091,0.7777777777777778,7,2,13,9
retrained,LOCO,CP_Interface6_RF,0.7687998143667876,0.5707070707070707,0.4838709677419355,0.8,0.36363636363636365,0.7777777777777778,7,2,14,8
retrained,LOCO,CP_Interface6_RF,0.7876531711800202,0.547979797979798,0.45161290322580644,0.7777777777777778,0.3181818181818182,0.7777777777777778,7,2,15,7
retrained,LOCO,CP_Interface6_RF,0.7973429158513435,0.5252525252525253,0.41935483870967744,0.75,0.2727272727272727,0.7777777777777778,7,2,16,6
retrained,LOCO,CP_Interface6_RF,0.8228976701123027,0.5025252525252525,0.3870967741935484,0.7142857142857143,0.22727272727272727,0.7777777777777778,7,2,17,5
retrained,LOCO,CP_Interface6_RF,0.852304445043916,0.4797979797979798,0.3548387096774194,0.6666666666666666,0.18181818181818182,0.7777777777777778,7,2,18,4
retrained,LOCO,CP_Interface6_RF,0.8738867085383029,0.45707070707070707,0.3225806451612903,0.6,0.13636363636363635,0.7777777777777778,7,2,19,3
retrained,LOCO,CP_Interface6_RF,0.8939822134932787,0.43434343434343436,0.2903225806451613,0.5,0.09090909090909091,0.7777777777777778,7,2,20,2
retrained,LOCO,CP_Interface6_RF,0.9116505568159108,0.4116161616161616,0.25806451612903225,0.3333333333333333,0.045454545454545456,0.7777777777777778,7,2,21,1
retrained,LOCO,CP_Interface6_RF,0.9609528698937482,0.3888888888888889,0.22580645161290322,0.0,0.0,0.7777777777777778,7,2,22,0
retrained,LOCO,CP_Interface6_RF,0.9969460450497643,0.4444444444444444,0.25806451612903225,0.0,0.0,0.8888888888888888,8,1,22,0
retrained,LOCO,CP_Interface6_RF,1.00000001,0.5,0.2903225806451613,0.0,0.0,1.0,9,0,22,0
retrained,LOCO,CP_RNA7_LR,0.0,0.5,0.7096774193548387,0.7096774193548387,1.0,0.0,0,9,0,22
retrained,LOCO,CP_RNA7_LR,0.23947283980670764,0.5555555555555556,0.7419354838709677,0.7333333333333333,1.0,0.1111111111111111,1,8,0,22
retrained,LOCO,CP_RNA7_LR,0.28729448446143147,0.5328282828282829,0.7096774193548387,0.7241379310344828,0.9545454545454546,0.1111111111111111,1,8,1,21
retrained,LOCO,CP_RNA7_LR,0.3099191537682313,0.51010101010101,0.6774193548387096,0.7142857142857143,0.9090909090909091,0.1111111111111111,1,8,2,20
retrained,LOCO,CP_RNA7_LR,0.3202916341009524,0.48737373737373735,0.6451612903225806,0.7037037037037037,0.8636363636363636,0.1111111111111111,1,8,3,19
retrained,LOCO,CP_RNA7_LR,0.33798463917458477,0.5429292929292929,0.6774193548387096,0.7307692307692307,0.8636363636363636,0.2222222222222222,2,7,3,19
retrained,LOCO,CP_RNA7_LR,0.4118149104025671,0.5984848484848485,0.7096774193548387,0.76,0.8636363636363636,0.3333333333333333,3,6,3,19
retrained,LOCO,CP_RNA7_LR,0.4758389886915336,0.5757575757575758,0.6774193548387096,0.75,0.8181818181818182,0.3333333333333333,3,6,4,18
retrained,LOCO,CP_RNA7_LR,0.4799772920838563,0.553030303030303,0.6451612903225806,0.7391304347826086,0.7727272727272727,0.3333333333333333,3,6,5,17
retrained,LOCO,CP_RNA7_LR,0.48365964167121095,0.6085858585858586,0.6774193548387096,0.7727272727272727,0.7727272727272727,0.4444444444444444,4,5,5,17
retrained,LOCO,CP_RNA7_LR,0.4880644238482714,0.5858585858585859,0.6451612903225806,0.7619047619047619,0.7272727272727273,0.4444444444444444,4,5,6,16
retrained,LOCO,CP_RNA7_LR,0.5,0.6414141414141414,0.6774193548387096,0.8,0.7272727272727273,0.5555555555555556,5,4,6,16
retrained,LOCO,CP_RNA7_LR,0.5051535191913634,0.6414141414141414,0.6774193548387096,0.8,0.7272727272727273,0.5555555555555556,5,4,6,16
retrained,LOCO,CP_RNA7_LR,0.5234643114456535,0.696969696969697,0.7096774193548387,0.8421052631578947,0.7272727272727273,0.6666666666666666,6,3,6,16
retrained,LOCO,CP_RNA7_LR,0.5269149820650945,0.7525252525252526,0.7419354838709677,0.8888888888888888,0.7272727272727273,0.7777777777777778,7,2,6,16
retrained,LOCO,CP_RNA7_LR,0.5288964660457391,0.7297979797979798,0.7096774193548387,0.8823529411764706,0.6818181818181818,0.7777777777777778,7,2,7,15
retrained,LOCO,CP_RNA7_LR,0.5341833528390667,0.7070707070707071,0.6774193548387096,0.875,0.6363636363636364,0.7777777777777778,7,2,8,14
retrained,LOCO,CP_RNA7_LR,0.5396103546157396,0.6843434343434344,0.6451612903225806,0.8666666666666667,0.5909090909090909,0.7777777777777778,7,2,9,13
retrained,LOCO,CP_RNA7_LR,0.5417874465342885,0.6616161616161615,0.6129032258064516,0.8571428571428571,0.5454545454545454,0.7777777777777778,7,2,10,12
retrained,LOCO,CP_RNA7_LR,0.5565586600246333,0.6388888888888888,0.5806451612903226,0.8461538461538461,0.5,0.7777777777777778,7,2,11,11
retrained,LOCO,CP_RNA7_LR,0.5713179494999878,0.6161616161616161,0.5483870967741935,0.8333333333333334,0.45454545454545453,0.7777777777777778,7,2,12,10
retrained,LOCO,CP_RNA7_LR,0.5748210166474161,0.6717171717171717,0.5806451612903226,0.9090909090909091,0.45454545454545453,0.8888888888888888,8,1,12,10
retrained,LOCO,CP_RNA7_LR,0.5785487385952551,0.648989898989899,0.5483870967741935,0.9,0.4090909090909091,0.8888888888888888,8,1,13,9
retrained,LOCO,CP_RNA7_LR,0.5832666350759774,0.6262626262626263,0.5161290322580645,0.8888888888888888,0.36363636363636365,0.8888888888888888,8,1,14,8
retrained,LOCO,CP_RNA7_LR,0.5952723204211496,0.6035353535353535,0.4838709677419355,0.875,0.3181818181818182,0.8888888888888888,8,1,15,7
retrained,LOCO,CP_RNA7_LR,0.6059273826120279,0.5808080808080808,0.45161290322580644,0.8571428571428571,0.2727272727272727,0.8888888888888888,8,1,16,6
retrained,LOCO,CP_RNA7_LR,0.6133185256295471,0.5580808080808081,0.41935483870967744,0.8333333333333334,0.22727272727272727,0.8888888888888888,8,1,17,5
retrained,LOCO,CP_RNA7_LR,0.618799234950506,0.5353535353535354,0.3870967741935484,0.8,0.18181818181818182,0.8888888888888888,8,1,18,4
retrained,LOCO,CP_RNA7_LR,0.6237322940193737,0.5126262626262625,0.3548387096774194,0.75,0.13636363636363635,0.8888888888888888,8,1,19,3
retrained,LOCO,CP_RNA7_LR,0.6301885774408219,0.4898989898989899,0.3225806451612903,0.6666666666666666,0.09090909090909091,0.8888888888888888,8,1,20,2
retrained,LOCO,CP_RNA7_LR,0.6555593346992632,0.4671717171717171,0.2903225806451613,0.5,0.045454545454545456,0.8888888888888888,8,1,21,1
retrained,LOCO,CP_RNA7_LR,0.7242953446899586,0.4444444444444444,0.25806451612903225,0.0,0.0,0.8888888888888888,8,1,22,0
retrained,LOCO,CP_RNA7_LR,1.00000001,0.5,0.2903225806451613,0.0,0.0,1.0,9,0,22,0
retrained,LOCO,CP_RNA7_RF,0.0,0.5,0.7096774193548387,0.7096774193548387,1.0,0.0,0,9,0,22
retrained,LOCO,CP_RNA7_RF,0.21448926189025752,0.4772727272727273,0.6774193548387096,0.7,0.9545454545454546,0.0,0,9,1,21
retrained,LOCO,CP_RNA7_RF,0.2608001454942366,0.45454545454545453,0.6451612903225806,0.6896551724137931,0.9090909090909091,0.0,0,9,2,20
retrained,LOCO,CP_RNA7_RF,0.3282804099761269,0.4318181818181818,0.6129032258064516,0.6785714285714286,0.8636363636363636,0.0,0,9,3,19
retrained,LOCO,CP_RNA7_RF,0.3557357264096524,0.4090909090909091,0.5806451612903226,0.6666666666666666,0.8181818181818182,0.0,0,9,4,18
retrained,LOCO,CP_RNA7_RF,0.375227800245169,0.38636363636363635,0.5483870967741935,0.6538461538461539,0.7727272727272727,0.0,0,9,5,17
retrained,LOCO,CP_RNA7_RF,0.4126710336611209,0.44191919191919193,0.5806451612903226,0.68,0.7727272727272727,0.1111111111111111,1,8,5,17
retrained,LOCO,CP_RNA7_RF,0.44670019917912945,0.49747474747474746,0.6129032258064516,0.7083333333333334,0.7727272727272727,0.2222222222222222,2,7,5,17
retrained,LOCO,CP_RNA7_RF,0.47483091884711104,0.553030303030303,0.6451612903225806,0.7391304347826086,0.7727272727272727,0.3333333333333333,3,6,5,17
retrained,LOCO,CP_RNA7_RF,0.49123828003296843,0.6085858585858586,0.6774193548387096,0.7727272727272727,0.7727272727272727,0.4444444444444444,4,5,5,17
retrained,LOCO,CP_RNA7_RF,0.5,0.6641414141414141,0.7096774193548387,0.8095238095238095,0.7727272727272727,0.5555555555555556,5,4,5,17
retrained,LOCO,CP_RNA7_RF,0.507428093412051,0.6641414141414141,0.7096774193548387,0.8095238095238095,0.7727272727272727,0.5555555555555556,5,4,5,17
retrained,LOCO,CP_RNA7_RF,0.5268450431776658,0.7196969696969697,0.7419354838709677,0.85,0.7727272727272727,0.6666666666666666,6,3,5,17
retrained,LOCO,CP_RNA7_RF,0.5620152769439446,0.7752525252525253,0.7741935483870968,0.8947368421052632,0.7727272727272727,0.7777777777777778,7,2,5,17
retrained,LOCO,CP_RNA7_RF,0.5993356545351168,0.7525252525252526,0.7419354838709677,0.8888888888888888,0.7272727272727273,0.7777777777777778,7,2,6,16
retrained,LOCO,CP_RNA7_RF,0.6132166427675005,0.7297979797979798,0.7096774193548387,0.8823529411764706,0.6818181818181818,0.7777777777777778,7,2,7,15
retrained,LOCO,CP_RNA7_RF,0.6199782711782478,0.7070707070707071,0.6774193548387096,0.875,0.6363636363636364,0.7777777777777778,7,2,8,14
retrained,LOCO,CP_RNA7_RF,0.6511537801903068,0.6843434343434344,0.6451612903225806,0.8666666666666667,0.5909090909090909,0.7777777777777778,7,2,9,13
retrained,LOCO,CP_RNA7_RF,0.6827789195178173,0.6616161616161615,0.6129032258064516,0.8571428571428571,0.5454545454545454,0.7777777777777778,7,2,10,12
retrained,LOCO,CP_RNA7_RF,0.7519584844691106,0.6388888888888888,0.5806451612903226,0.8461538461538461,0.5,0.7777777777777778,7,2,11,11
retrained,LOCO,CP_RNA7_RF,0.8223960937646931,0.6161616161616161,0.5483870967741935,0.8333333333333334,0.45454545454545453,0.7777777777777778,7,2,12,10
retrained,LOCO,CP_RNA7_RF,0.8275775547644006,0.5934343434343434,0.5161290322580645,0.8181818181818182,0.4090909090909091,0.7777777777777778,7,2,13,9
retrained,LOCO,CP_RNA7_RF,0.8389838385310906,0.5707070707070707,0.4838709677419355,0.8,0.36363636363636365,0.7777777777777778,7,2,14,8
retrained,LOCO,CP_RNA7_RF,0.8491627537771862,0.547979797979798,0.45161290322580644,0.7777777777777778,0.3181818181818182,0.7777777777777778,7,2,15,7
retrained,LOCO,CP_RNA7_RF,0.8531961640856613,0.5252525252525253,0.41935483870967744,0.75,0.2727272727272727,0.7777777777777778,7,2,16,6
retrained,LOCO,CP_RNA7_RF,0.8706129406478493,0.5025252525252525,0.3870967741935484,0.7142857142857143,0.22727272727272727,0.7777777777777778,7,2,17,5
retrained,LOCO,CP_RNA7_RF,0.8927859846175397,0.4797979797979798,0.3548387096774194,0.6666666666666666,0.18181818181818182,0.7777777777777778,7,2,18,4
retrained,LOCO,CP_RNA7_RF,0.9080512585843898,0.45707070707070707,0.3225806451612903,0.6,0.13636363636363635,0.7777777777777778,7,2,19,3
retrained,LOCO,CP_RNA7_RF,0.918202322554049,0.43434343434343436,0.2903225806451613,0.5,0.09090909090909091,0.7777777777777778,7,2,20,2
retrained,LOCO,CP_RNA7_RF,0.9265130649251523,0.4898989898989899,0.3225806451612903,0.6666666666666666,0.09090909090909091,0.8888888888888888,8,1,20,2
retrained,LOCO,CP_RNA7_RF,0.9461186425239457,0.4671717171717171,0.2903225806451613,0.5,0.045454545454545456,0.8888888888888888,8,1,21,1
retrained,LOCO,CP_RNA7_RF,0.9590966155650926,0.4444444444444444,0.25806451612903225,0.0,0.0,0.8888888888888888,8,1,22,0
retrained,LOCO,CP_RNA7_RF,1.00000001,0.5,0.2903225806451613,0.0,0.0,1.0,9,0,22,0
retrained,LOCO,CP_Structure9_LR,0.0,0.5,0.7096774193548387,0.7096774193548387,1.0,0.0,0,9,0,22
retrained,LOCO,CP_Structure9_LR,0.2147927727703473,0.5555555555555556,0.7419354838709677,0.7333333333333333,1.0,0.1111111111111111,1,8,0,22
retrained,LOCO,CP_Structure9_LR,0.31770557049897424,0.6111111111111112,0.7741935483870968,0.7586206896551724,1.0,0.2222222222222222,2,7,0,22
retrained,LOCO,CP_Structure9_LR,0.3456813202156783,0.5883838383838385,0.7419354838709677,0.75,0.9545454545454546,0.2222222222222222,2,7,1,21
retrained,LOCO,CP_Structure9_LR,0.3603676680460357,0.6439393939393939,0.7741935483870968,0.7777777777777778,0.9545454545454546,0.3333333333333333,3,6,1,21
retrained,LOCO,CP_Structure9_LR,0.38253537900286727,0.6994949494949495,0.8064516129032258,0.8076923076923077,0.9545454545454546,0.4444444444444444,4,5,1,21
retrained,LOCO,CP_Structure9_LR,0.3977570326694733,0.6767676767676767,0.7741935483870968,0.8,0.9090909090909091,0.4444444444444444,4,5,2,20
retrained,LOCO,CP_Structure9_LR,0.40454345499057043,0.654040404040404,0.7419354838709677,0.7916666666666666,0.8636363636363636,0.4444444444444444,4,5,3,19
retrained,LOCO,CP_Structure9_LR,0.4136730566484314,0.6313131313131313,0.7096774193548387,0.782608695652174,0.8181818181818182,0.4444444444444444,4,5,4,18
retrained,LOCO,CP_Structure9_LR,0.42404303345631006,0.6868686868686869,0.7419354838709677,0.8181818181818182,0.8181818181818182,0.5555555555555556,5,4,4,18
retrained,LOCO,CP_Structure9_LR,0.4330515883675037,0.6641414141414141,0.7096774193548387,0.8095238095238095,0.7727272727272727,0.5555555555555556,5,4,5,17
retrained,LOCO,CP_Structure9_LR,0.44933110860209496,0.7196969696969697,0.7419354838709677,0.85,0.7727272727272727,0.6666666666666666,6,3,5,17
retrained,LOCO,CP_Structure9_LR,0.4601239074407679,0.696969696969697,0.7096774193548387,0.8421052631578947,0.7272727272727273,0.6666666666666666,6,3,6,16
retrained,LOCO,CP_Structure9_LR,0.469363591408393,0.6742424242424242,0.6774193548387096,0.8333333333333334,0.6818181818181818,0.6666666666666666,6,3,7,15
retrained,LOCO,CP_Structure9_LR,0.47980959107253435,0.6515151515151515,0.6451612903225806,0.8235294117647058,0.6363636363636364,0.6666666666666666,6,3,8,14
retrained,LOCO,CP_Structure9_LR,0.48416480665330464,0.6287878787878788,0.6129032258064516,0.8125,0.5909090909090909,0.6666666666666666,6,3,9,13
retrained,LOCO,CP_Structure9_LR,0.5,0.606060606060606,0.5806451612903226,0.8,0.5454545454545454,0.6666666666666666,6,3,10,12
retrained,LOCO,CP_Structure9_LR,0.5129829791703612,0.606060606060606,0.5806451612903226,0.8,0.5454545454545454,0.6666666666666666,6,3,10,12
retrained,LOCO,CP_Structure9_LR,0.5550100902319772,0.6616161616161615,0.6129032258064516,0.8571428571428571,0.5454545454545454,0.7777777777777778,7,2,10,12
retrained,LOCO,CP_Structure9_LR,0.576149823770499,0.7171717171717171,0.6451612903225806,0.9230769230769231,0.5454545454545454,0.8888888888888888,8,1,10,12
retrained,LOCO,CP_Structure9_LR,0.5863575665922984,0.6944444444444444,0.6129032258064516,0.9166666666666666,0.5,0.8888888888888888,8,1,11,11
retrained,LOCO,CP_Structure9_LR,0.592740712315119,0.6717171717171717,0.5806451612903226,0.9090909090909091,0.45454545454545453,0.8888888888888888,8,1,12,10
retrained,LOCO,CP_Structure9_LR,0.5980633671161903,0.648989898989899,0.5483870967741935,0.9,0.4090909090909091,0.8888888888888888,8,1,13,9
retrained,LOCO,CP_Structure9_LR,0.6256990039004497,0.7045454545454546,0.5806451612903226,1.0,0.4090909090909091,1.0,9,0,13,9
retrained,LOCO,CP_Structure9_LR,0.65103731617388,0.6818181818181819,0.5483870967741935,1.0,0.36363636363636365,1.0,9,0,14,8
retrained,LOCO,CP_Structure9_LR,0.6574581914129454,0.6590909090909091,0.5161290322580645,1.0,0.3181818181818182,1.0,9,0,15,7
retrained,LOCO,CP_Structure9_LR,0.6798230079758846,0.6363636363636364,0.4838709677419355,1.0,0.2727272727272727,1.0,9,0,16,6
retrained,LOCO,CP_Structure9_LR,0.7056740133720798,0.6136363636363636,0.45161290322580644,1.0,0.22727272727272727,1.0,9,0,17,5
retrained,LOCO,CP_Structure9_LR,0.7223675715648645,0.5909090909090909,0.41935483870967744,1.0,0.18181818181818182,1.0,9,0,18,4
retrained,LOCO,CP_Structure9_LR,0.7325528416817928,0.5681818181818181,0.3870967741935484,1.0,0.13636363636363635,1.0,9,0,19,3
retrained,LOCO,CP_Structure9_LR,0.746738998798917,0.5454545454545454,0.3548387096774194,1.0,0.09090909090909091,1.0,9,0,20,2
retrained,LOCO,CP_Structure9_LR,0.8399785508476281,0.5227272727272727,0.3225806451612903,1.0,0.045454545454545456,1.0,9,0,21,1
retrained,LOCO,CP_Structure9_LR,1.00000001,0.5,0.2903225806451613,0.0,0.0,1.0,9,0,22,0
retrained,LOCO,CP_Structure9_RF,0.0,0.5,0.7096774193548387,0.7096774193548387,1.0,0.0,0,9,0,22
retrained,LOCO,CP_Structure9_RF,0.1763812748152504,0.4772727272727273,0.6774193548387096,0.7,0.9545454545454546,0.0,0,9,1,21
retrained,LOCO,CP_Structure9_RF,0.3172725991278217,0.45454545454545453,0.6451612903225806,0.6896551724137931,0.9090909090909091,0.0,0,9,2,20
retrained,LOCO,CP_Structure9_RF,0.4122733822109923,0.51010101010101,0.6774193548387096,0.7142857142857143,0.9090909090909091,0.1111111111111111,1,8,2,20
retrained,LOCO,CP_Structure9_RF,0.4339293098637946,0.5656565656565656,0.7096774193548387,0.7407407407407407,0.9090909090909091,0.2222222222222222,2,7,2,20
retrained,LOCO,CP_Structure9_RF,0.4475543079871745,0.5429292929292929,0.6774193548387096,0.7307692307692307,0.8636363636363636,0.2222222222222222,2,7,3,19
retrained,LOCO,CP_Structure9_RF,0.45282244638036645,0.5984848484848485,0.7096774193548387,0.76,0.8636363636363636,0.3333333333333333,3,6,3,19
retrained,LOCO,CP_Structure9_RF,0.45911646751385415,0.5757575757575758,0.6774193548387096,0.75,0.8181818181818182,0.3333333333333333,3,6,4,18
retrained,LOCO,CP_Structure9_RF,0.47534962316667173,0.6313131313131313,0.7096774193548387,0.782608695652174,0.8181818181818182,0.4444444444444444,4,5,4,18
retrained,LOCO,CP_Structure9_RF,0.5,0.6868686868686869,0.7419354838709677,0.8181818181818182,0.8181818181818182,0.5555555555555556,5,4,4,18
retrained,LOCO,CP_Structure9_RF,0.5250721716769082,0.6868686868686869,0.7419354838709677,0.8181818181818182,0.8181818181818182,0.5555555555555556,5,4,4,18
retrained,LOCO,CP_Structure9_RF,0.5685014077399674,0.7424242424242424,0.7741935483870968,0.8571428571428571,0.8181818181818182,0.6666666666666666,6,3,4,18
retrained,LOCO,CP_Structure9_RF,0.5912021809878762,0.7196969696969697,0.7419354838709677,0.85,0.7727272727272727,0.6666666666666666,6,3,5,17
retrained,LOCO,CP_Structure9_RF,0.6132261076407457,0.696969696969697,0.7096774193548387,0.8421052631578947,0.7272727272727273,0.6666666666666666,6,3,6,16
retrained,LOCO,CP_Structure9_RF,0.6186353605053455,0.6742424242424242,0.6774193548387096,0.8333333333333334,0.6818181818181818,0.6666666666666666,6,3,7,15
retrained,LOCO,CP_Structure9_RF,0.620877340217755,0.6515151515151515,0.6451612903225806,0.8235294117647058,0.6363636363636364,0.6666666666666666,6,3,8,14
retrained,LOCO,CP_Structure9_RF,0.62276328972453,0.6287878787878788,0.6129032258064516,0.8125,0.5909090909090909,0.6666666666666666,6,3,9,13
retrained,LOCO,CP_Structure9_RF,0.6740370629111643,0.606060606060606,0.5806451612903226,0.8,0.5454545454545454,0.6666666666666666,6,3,10,12
retrained,LOCO,CP_Structure9_RF,0.7252846712833271,0.5833333333333333,0.5483870967741935,0.7857142857142857,0.5,0.6666666666666666,6,3,11,11
retrained,LOCO,CP_Structure9_RF,0.7336035525611129,0.5606060606060606,0.5161290322580645,0.7692307692307693,0.45454545454545453,0.6666666666666666,6,3,12,10
retrained,LOCO,CP_Structure9_RF,0.7459635260998561,0.5378787878787878,0.4838709677419355,0.75,0.4090909090909091,0.6666666666666666,6,3,13,9
retrained,LOCO,CP_Structure9_RF,0.7566168952606172,0.5934343434343434,0.5161290322580645,0.8181818181818182,0.4090909090909091,0.7777777777777778,7,2,13,9
retrained,LOCO,CP_Structure9_RF,0.7869542555201225,0.5707070707070707,0.4838709677419355,0.8,0.36363636363636365,0.7777777777777778,7,2,14,8
retrained,LOCO,CP_Structure9_RF,0.8334861237798246,0.6262626262626263,0.5161290322580645,0.8888888888888888,0.36363636363636365,0.8888888888888888,8,1,14,8
retrained,LOCO,CP_Structure9_RF,0.8651242667044565,0.6035353535353535,0.4838709677419355,0.875,0.3181818181818182,0.8888888888888888,8,1,15,7
retrained,LOCO,CP_Structure9_RF,0.876268330673925,0.5808080808080808,0.45161290322580644,0.8571428571428571,0.2727272727272727,0.8888888888888888,8,1,16,6
retrained,LOCO,CP_Structure9_RF,0.8944240224605787,0.5580808080808081,0.41935483870967744,0.8333333333333334,0.22727272727272727,0.8888888888888888,8,1,17,5
retrained,LOCO,CP_Structure9_RF,0.9120560898418878,0.5353535353535354,0.3870967741935484,0.8,0.18181818181818182,0.8888888888888888,8,1,18,4
retrained,LOCO,CP_Structure9_RF,0.9130864795283868,0.5126262626262625,0.3548387096774194,0.75,0.13636363636363635,0.8888888888888888,8,1,19,3
retrained,LOCO,CP_Structure9_RF,0.9215363511304162,0.4898989898989899,0.3225806451612903,0.6666666666666666,0.09090909090909091,0.8888888888888888,8,1,20,2
retrained,LOCO,CP_Structure9_RF,0.9301206381918518,0.4671717171717171,0.2903225806451613,0.5,0.045454545454545456,0.8888888888888888,8,1,21,1
retrained,LOCO,CP_Structure9_RF,0.9354254890956897,0.4444444444444444,0.25806451612903225,0.0,0.0,0.8888888888888888,8,1,22,0
retrained,LOCO,CP_Structure9_RF,1.00000001,0.5,0.2903225806451613,0.0,0.0,1.0,9,0,22,0
retrained,LOCO,RNA4_LR,0.0,0.5,0.7096774193548387,0.7096774193548387,1.0,0.0,0,9,0,22
retrained,LOCO,RNA4_LR,0.3297659360693094,0.5555555555555556,0.7419354838709677,0.7333333333333333,1.0,0.1111111111111111,1,8,0,22
retrained,LOCO,RNA4_LR,0.38197244584002715,0.6111111111111112,0.7741935483870968,0.7586206896551724,1.0,0.2222222222222222,2,7,0,22
retrained,LOCO,RNA4_LR,0.39887708016153123,0.5883838383838385,0.7419354838709677,0.75,0.9545454545454546,0.2222222222222222,2,7,1,21
retrained,LOCO,RNA4_LR,0.4183747288968873,0.6439393939393939,0.7741935483870968,0.7777777777777778,0.9545454545454546,0.3333333333333333,3,6,1,21
retrained,LOCO,RNA4_LR,0.42998218789948367,0.6212121212121212,0.7419354838709677,0.7692307692307693,0.9090909090909091,0.3333333333333333,3,6,2,20
retrained,LOCO,RNA4_LR,0.43697614493135095,0.5984848484848485,0.7096774193548387,0.76,0.8636363636363636,0.3333333333333333,3,6,3,19
retrained,LOCO,RNA4_LR,0.4403976446023038,0.5757575757575758,0.6774193548387096,0.75,0.8181818181818182,0.3333333333333333,3,6,4,18
retrained,LOCO,RNA4_LR,0.45109493364743414,0.553030303030303,0.6451612903225806,0.7391304347826086,0.7727272727272727,0.3333333333333333,3,6,5,17
retrained,LOCO,RNA4_LR,0.4625030971582925,0.5303030303030303,0.6129032258064516,0.7272727272727273,0.7272727272727273,0.3333333333333333,3,6,6,16
retrained,LOCO,RNA4_LR,0.4691079923886849,0.5858585858585859,0.6451612903225806,0.7619047619047619,0.7272727272727273,0.4444444444444444,4,5,6,16
retrained,LOCO,RNA4_LR,0.48218330638218276,0.6414141414141414,0.6774193548387096,0.8,0.7272727272727273,0.5555555555555556,5,4,6,16
retrained,LOCO,RNA4_LR,0.49741484601553315,0.6186868686868687,0.6451612903225806,0.7894736842105263,0.6818181818181818,0.5555555555555556,5,4,7,15
retrained,LOCO,RNA4_LR,0.5,0.6186868686868687,0.6451612903225806,0.7894736842105263,0.6818181818181818,0.5555555555555556,5,4,7,15
retrained,LOCO,RNA4_LR,0.5039495937959776,0.595959595959596,0.6129032258064516,0.7777777777777778,0.6363636363636364,0.5555555555555556,5,4,8,14
retrained,LOCO,RNA4_LR,0.5137662070001174,0.5732323232323233,0.5806451612903226,0.7647058823529411,0.5909090909090909,0.5555555555555556,5,4,9,13
retrained,LOCO,RNA4_LR,0.5263895855806453,0.6287878787878788,0.6129032258064516,0.8125,0.5909090909090909,0.6666666666666666,6,3,9,13
retrained,LOCO,RNA4_LR,0.537745366679349,0.606060606060606,0.5806451612903226,0.8,0.5454545454545454,0.6666666666666666,6,3,10,12
retrained,LOCO,RNA4_LR,0.5499005687747753,0.5833333333333333,0.5483870967741935,0.7857142857142857,0.5,0.6666666666666666,6,3,11,11
retrained,LOCO,RNA4_LR,0.555121417341444,0.5606060606060606,0.5161290322580645,0.7692307692307693,0.45454545454545453,0.6666666666666666,6,3,12,10
retrained,LOCO,RNA4_LR,0.5598740458235738,0.5378787878787878,0.4838709677419355,0.75,0.4090909090909091,0.6666666666666666,6,3,13,9
retrained,LOCO,RNA4_LR,0.5646740137635585,0.5151515151515151,0.45161290322580644,0.7272727272727273,0.36363636363636365,0.6666666666666666,6,3,14,8
retrained,LOCO,RNA4_LR,0.5654968973847955,0.49242424242424243,0.41935483870967744,0.7,0.3181818181818182,0.6666666666666666,6,3,15,7
retrained,LOCO,RNA4_LR,0.5663529847633261,0.46969696969696967,0.3870967741935484,0.6666666666666666,0.2727272727272727,0.6666666666666666,6,3,16,6
retrained,LOCO,RNA4_LR,0.5672679179210982,0.44696969696969696,0.3548387096774194,0.625,0.22727272727272727,0.6666666666666666,6,3,17,5
retrained,LOCO,RNA4_LR,0.5730252704762908,0.4242424242424242,0.3225806451612903,0.5714285714285714,0.18181818181818182,0.6666666666666666,6,3,18,4
retrained,LOCO,RNA4_LR,0.5815820035685326,0.4015151515151515,0.2903225806451613,0.5,0.13636363636363635,0.6666666666666666,6,3,19,3
retrained,LOCO,RNA4_LR,0.585814721842553,0.3787878787878788,0.25806451612903225,0.4,0.09090909090909091,0.6666666666666666,6,3,20,2
retrained,LOCO,RNA4_LR,0.590218202561025,0.356060606060606,0.22580645161290322,0.25,0.045454545454545456,0.6666666666666666,6,3,21,1
retrained,LOCO,RNA4_LR,0.5936414971959142,0.4116161616161616,0.25806451612903225,0.3333333333333333,0.045454545454545456,0.7777777777777778,7,2,21,1
retrained,LOCO,RNA4_LR,0.5945197863413905,0.4671717171717171,0.2903225806451613,0.5,0.045454545454545456,0.8888888888888888,8,1,21,1
retrained,LOCO,RNA4_LR,0.596396276208106,0.4444444444444444,0.25806451612903225,0.0,0.0,0.8888888888888888,8,1,22,0
retrained,LOCO,RNA4_LR,1.00000001,0.5,0.2903225806451613,0.0,0.0,1.0,9,0,22,0
retrained,LOCO,RNA4_RF,0.0,0.5,0.7096774193548387,0.7096774193548387,1.0,0.0,0,9,0,22
retrained,LOCO,RNA4_RF,0.3617523607114462,0.4772727272727273,0.6774193548387096,0.7,0.9545454545454546,0.0,0,9,1,21
retrained,LOCO,RNA4_RF,0.4039624383604681,0.45454545454545453,0.6451612903225806,0.6896551724137931,0.9090909090909091,0.0,0,9,2,20
retrained,LOCO,RNA4_RF,0.43434843252116195,0.4318181818181818,0.6129032258064516,0.6785714285714286,0.8636363636363636,0.0,0,9,3,19
retrained,LOCO,RNA4_RF,0.44876056412311727,0.4090909090909091,0.5806451612903226,0.6666666666666666,0.8181818181818182,0.0,0,9,4,18
retrained,LOCO,RNA4_RF,0.46077191479375057,0.46464646464646464,0.6129032258064516,0.6923076923076923,0.8181818181818182,0.1111111111111111,1,8,4,18
retrained,LOCO,RNA4_RF,0.4689688134209795,0.44191919191919193,0.5806451612903226,0.68,0.7727272727272727,0.1111111111111111,1,8,5,17
retrained,LOCO,RNA4_RF,0.4794646009514601,0.4191919191919192,0.5483870967741935,0.6666666666666666,0.7272727272727273,0.1111111111111111,1,8,6,16
retrained,LOCO,RNA4_RF,0.4891210328309124,0.3964646464646464,0.5161290322580645,0.6521739130434783,0.6818181818181818,0.1111111111111111,1,8,7,15
retrained,LOCO,RNA4_RF,0.49913509687013896,0.3737373737373737,0.4838709677419355,0.6363636363636364,0.6363636363636364,0.1111111111111111,1,8,8,14
retrained,LOCO,RNA4_RF,0.5,0.3737373737373737,0.4838709677419355,0.6363636363636364,0.6363636363636364,0.1111111111111111,1,8,8,14
retrained,LOCO,RNA4_RF,0.5083226238565157,0.4292929292929293,0.5161290322580645,0.6666666666666666,0.6363636363636364,0.2222222222222222,2,7,8,14
retrained,LOCO,RNA4_RF,0.5174679711560342,0.48484848484848486,0.5483870967741935,0.7,0.6363636363636364,0.3333333333333333,3,6,8,14
retrained,LOCO,RNA4_RF,0.5276520713626938,0.5404040404040404,0.5806451612903226,0.7368421052631579,0.6363636363636364,0.4444444444444444,4,5,8,14
retrained,LOCO,RNA4_RF,0.5500623154793876,0.5176767676767677,0.5483870967741935,0.7222222222222222,0.5909090909090909,0.4444444444444444,4,5,9,13
retrained,LOCO,RNA4_RF,0.5673128728229586,0.4949494949494949,0.5161290322580645,0.7058823529411765,0.5454545454545454,0.4444444444444444,4,5,10,12
retrained,LOCO,RNA4_RF,0.5793250416676423,0.4722222222222222,0.4838709677419355,0.6875,0.5,0.4444444444444444,4,5,11,11
retrained,LOCO,RNA4_RF,0.5989069547117353,0.4494949494949495,0.45161290322580644,0.6666666666666666,0.45454545454545453,0.4444444444444444,4,5,12,10
retrained,LOCO,RNA4_RF,0.6265091120298445,0.4267676767676768,0.41935483870967744,0.6428571428571429,0.4090909090909091,0.4444444444444444,4,5,13,9
retrained,LOCO,RNA4_RF,0.6450384539198055,0.4823232323232324,0.45161290322580644,0.6923076923076923,0.4090909090909091,0.5555555555555556,5,4,13,9
retrained,LOCO,RNA4_RF,0.6557528018822093,0.5378787878787878,0.4838709677419355,0.75,0.4090909090909091,0.6666666666666666,6,3,13,9
retrained,LOCO,RNA4_RF,0.6723715265824657,0.5151515151515151,0.45161290322580644,0.7272727272727273,0.36363636363636365,0.6666666666666666,6,3,14,8
retrained,LOCO,RNA4_RF,0.6824829386260602,0.5707070707070707,0.4838709677419355,0.8,0.36363636363636365,0.7777777777777778,7,2,14,8
retrained,LOCO,RNA4_RF,0.7211485505525056,0.547979797979798,0.45161290322580644,0.7777777777777778,0.3181818181818182,0.7777777777777778,7,2,15,7
retrained,LOCO,RNA4_RF,0.7614734640988026,0.5252525252525253,0.41935483870967744,0.75,0.2727272727272727,0.7777777777777778,7,2,16,6
retrained,LOCO,RNA4_RF,0.7855974495160931,0.5025252525252525,0.3870967741935484,0.7142857142857143,0.22727272727272727,0.7777777777777778,7,2,17,5
retrained,LOCO,RNA4_RF,0.8081690235148543,0.4797979797979798,0.3548387096774194,0.6666666666666666,0.18181818181818182,0.7777777777777778,7,2,18,4
retrained,LOCO,RNA4_RF,0.8121516282122709,0.45707070707070707,0.3225806451612903,0.6,0.13636363636363635,0.7777777777777778,7,2,19,3
retrained,LOCO,RNA4_RF,0.8133584123232718,0.43434343434343436,0.2903225806451613,0.5,0.09090909090909091,0.7777777777777778,7,2,20,2
retrained,LOCO,RNA4_RF,0.8232618908851315,0.4116161616161616,0.25806451612903225,0.3333333333333333,0.045454545454545456,0.7777777777777778,7,2,21,1
retrained,LOCO,RNA4_RF,0.8334849418514239,0.4671717171717171,0.2903225806451613,0.5,0.045454545454545456,0.8888888888888888,8,1,21,1
retrained,LOCO,RNA4_RF,0.8563451427053584,0.4444444444444444,0.25806451612903225,0.0,0.0,0.8888888888888888,8,1,22,0
retrained,LOCO,RNA4_RF,1.00000001,0.5,0.2903225806451613,0.0,0.0,1.0,9,0,22,0
retrained,LOCO,Structure6_LR,0.0,0.5,0.7096774193548387,0.7096774193548387,1.0,0.0,0,9,0,22
retrained,LOCO,Structure6_LR,0.25894704924786777,0.5555555555555556,0.7419354838709677,0.7333333333333333,1.0,0.1111111111111111,1,8,0,22
retrained,LOCO,Structure6_LR,0.2818460872289338,0.5328282828282829,0.7096774193548387,0.7241379310344828,0.9545454545454546,0.1111111111111111,1,8,1,21
retrained,LOCO,Structure6_LR,0.34302204766808664,0.5883838383838385,0.7419354838709677,0.75,0.9545454545454546,0.2222222222222222,2,7,1,21
retrained,LOCO,Structure6_LR,0.39380079669306944,0.5656565656565656,0.7096774193548387,0.7407407407407407,0.9090909090909091,0.2222222222222222,2,7,2,20
retrained,LOCO,Structure6_LR,0.3954421241051151,0.6212121212121212,0.7419354838709677,0.7692307692307693,0.9090909090909091,0.3333333333333333,3,6,2,20
retrained,LOCO,Structure6_LR,0.3964770928468242,0.6767676767676767,0.7741935483870968,0.8,0.9090909090909091,0.4444444444444444,4,5,2,20
retrained,LOCO,Structure6_LR,0.39769615800697605,0.654040404040404,0.7419354838709677,0.7916666666666666,0.8636363636363636,0.4444444444444444,4,5,3,19
retrained,LOCO,Structure6_LR,0.42605813543141235,0.6313131313131313,0.7096774193548387,0.782608695652174,0.8181818181818182,0.4444444444444444,4,5,4,18
retrained,LOCO,Structure6_LR,0.45351493934701503,0.6085858585858586,0.6774193548387096,0.7727272727272727,0.7727272727272727,0.4444444444444444,4,5,5,17
retrained,LOCO,Structure6_LR,0.4543280615527462,0.6641414141414141,0.7096774193548387,0.8095238095238095,0.7727272727272727,0.5555555555555556,5,4,5,17
retrained,LOCO,Structure6_LR,0.4590304313765442,0.6414141414141414,0.6774193548387096,0.8,0.7272727272727273,0.5555555555555556,5,4,6,16
retrained,LOCO,Structure6_LR,0.4759358474807237,0.6186868686868687,0.6451612903225806,0.7894736842105263,0.6818181818181818,0.5555555555555556,5,4,7,15
retrained,LOCO,Structure6_LR,0.4900132107948947,0.6742424242424242,0.6774193548387096,0.8333333333333334,0.6818181818181818,0.6666666666666666,6,3,7,15
retrained,LOCO,Structure6_LR,0.4929644765621556,0.6515151515151515,0.6451612903225806,0.8235294117647058,0.6363636363636364,0.6666666666666666,6,3,8,14
retrained,LOCO,Structure6_LR,0.5,0.7070707070707071,0.6774193548387096,0.875,0.6363636363636364,0.7777777777777778,7,2,8,14
retrained,LOCO,Structure6_LR,0.5131041365856722,0.7070707070707071,0.6774193548387096,0.875,0.6363636363636364,0.7777777777777778,7,2,8,14
retrained,LOCO,Structure6_LR,0.5384480237113946,0.6843434343434344,0.6451612903225806,0.8666666666666667,0.5909090909090909,0.7777777777777778,7,2,9,13
retrained,LOCO,Structure6_LR,0.5591616210885753,0.6616161616161615,0.6129032258064516,0.8571428571428571,0.5454545454545454,0.7777777777777778,7,2,10,12
retrained,LOCO,Structure6_LR,0.5754205646517987,0.6388888888888888,0.5806451612903226,0.8461538461538461,0.5,0.7777777777777778,7,2,11,11
retrained,LOCO,Structure6_LR,0.5824366809989989,0.6161616161616161,0.5483870967741935,0.8333333333333334,0.45454545454545453,0.7777777777777778,7,2,12,10
retrained,LOCO,Structure6_LR,0.5958039984760881,0.5934343434343434,0.5161290322580645,0.8181818181818182,0.4090909090909091,0.7777777777777778,7,2,13,9
retrained,LOCO,Structure6_LR,0.6053538327719324,0.5707070707070707,0.4838709677419355,0.8,0.36363636363636365,0.7777777777777778,7,2,14,8
retrained,LOCO,Structure6_LR,0.6071609235308885,0.6262626262626263,0.5161290322580645,0.8888888888888888,0.36363636363636365,0.8888888888888888,8,1,14,8
retrained,LOCO,Structure6_LR,0.6110161577270616,0.6035353535353535,0.4838709677419355,0.875,0.3181818181818182,0.8888888888888888,8,1,15,7
retrained,LOCO,Structure6_LR,0.6158376571230694,0.6590909090909091,0.5161290322580645,1.0,0.3181818181818182,1.0,9,0,15,7
retrained,LOCO,Structure6_LR,0.6206360367817059,0.6363636363636364,0.4838709677419355,1.0,0.2727272727272727,1.0,9,0,16,6
retrained,LOCO,Structure6_LR,0.6351954428070418,0.6136363636363636,0.45161290322580644,1.0,0.22727272727272727,1.0,9,0,17,5
retrained,LOCO,Structure6_LR,0.6538338096206703,0.5909090909090909,0.41935483870967744,1.0,0.18181818181818182,1.0,9,0,18,4
retrained,LOCO,Structure6_LR,0.6694361373537722,0.5681818181818181,0.3870967741935484,1.0,0.13636363636363635,1.0,9,0,19,3
retrained,LOCO,Structure6_LR,0.6964369040921266,0.5454545454545454,0.3548387096774194,1.0,0.09090909090909091,1.0,9,0,20,2
retrained,LOCO,Structure6_LR,0.8254703926692131,0.5227272727272727,0.3225806451612903,1.0,0.045454545454545456,1.0,9,0,21,1
retrained,LOCO,Structure6_LR,1.00000001,0.5,0.2903225806451613,0.0,0.0,1.0,9,0,22,0
retrained,LOCO,Structure6_RF,0.0,0.5,0.7096774193548387,0.7096774193548387,1.0,0.0,0,9,0,22
retrained,LOCO,Structure6_RF,0.2223225202524305,0.4772727272727273,0.6774193548387096,0.7,0.9545454545454546,0.0,0,9,1,21
retrained,LOCO,Structure6_RF,0.2959107022619659,0.45454545454545453,0.6451612903225806,0.6896551724137931,0.9090909090909091,0.0,0,9,2,20
retrained,LOCO,Structure6_RF,0.36996038573344037,0.4318181818181818,0.6129032258064516,0.6785714285714286,0.8636363636363636,0.0,0,9,3,19
retrained,LOCO,Structure6_RF,0.3813719170050194,0.48737373737373735,0.6451612903225806,0.7037037037037037,0.8636363636363636,0.1111111111111111,1,8,3,19
retrained,LOCO,Structure6_RF,0.38545743077819955,0.5429292929292929,0.6774193548387096,0.7307692307692307,0.8636363636363636,0.2222222222222222,2,7,3,19
retrained,LOCO,Structure6_RF,0.4055971860748345,0.5202020202020202,0.6451612903225806,0.72,0.8181818181818182,0.2222222222222222,2,7,4,18
retrained,LOCO,Structure6_RF,0.44063191576075295,0.49747474747474746,0.6129032258064516,0.7083333333333334,0.7727272727272727,0.2222222222222222,2,7,5,17
retrained,LOCO,Structure6_RF,0.4614827287190168,0.47474747474747475,0.5806451612903226,0.6956521739130435,0.7272727272727273,0.2222222222222222,2,7,6,16
retrained,LOCO,Structure6_RF,0.4667116857184779,0.452020202020202,0.5483870967741935,0.6818181818181818,0.6818181818181818,0.2222222222222222,2,7,7,15
retrained,LOCO,Structure6_RF,0.47111640599290094,0.5075757575757576,0.5806451612903226,0.7142857142857143,0.6818181818181818,0.3333333333333333,3,6,7,15
retrained,LOCO,Structure6_RF,0.5,0.48484848484848486,0.5483870967741935,0.7,0.6363636363636364,0.3333333333333333,3,6,8,14
retrained,LOCO,Structure6_RF,0.5042369935801545,0.48484848484848486,0.5483870967741935,0.7,0.6363636363636364,0.3333333333333333,3,6,8,14
retrained,LOCO,Structure6_RF,0.5427230763795033,0.46212121212121215,0.5161290322580645,0.6842105263157895,0.5909090909090909,0.3333333333333333,3,6,9,13
retrained,LOCO,Structure6_RF,0.5925448473006552,0.5176767676767677,0.5483870967741935,0.7222222222222222,0.5909090909090909,0.4444444444444444,4,5,9,13
retrained,LOCO,Structure6_RF,0.6440622960993897,0.5732323232323233,0.5806451612903226,0.7647058823529411,0.5909090909090909,0.5555555555555556,5,4,9,13
retrained,LOCO,Structure6_RF,0.653450555822096,0.5505050505050505,0.5483870967741935,0.75,0.5454545454545454,0.5555555555555556,5,4,10,12
retrained,LOCO,Structure6_RF,0.6587852148405254,0.5277777777777778,0.5161290322580645,0.7333333333333333,0.5,0.5555555555555556,5,4,11,11
retrained,LOCO,Structure6_RF,0.6872972666640189,0.5833333333333333,0.5483870967741935,0.7857142857142857,0.5,0.6666666666666666,6,3,11,11
retrained,LOCO,Structure6_RF,0.7187117770280282,0.5606060606060606,0.5161290322580645,0.7692307692307693,0.45454545454545453,0.6666666666666666,6,3,12,10
retrained,LOCO,Structure6_RF,0.7569091386526823,0.6161616161616161,0.5483870967741935,0.8333333333333334,0.45454545454545453,0.7777777777777778,7,2,12,10
retrained,LOCO,Structure6_RF,0.7895641572279655,0.6717171717171717,0.5806451612903226,0.9090909090909091,0.45454545454545453,0.8888888888888888,8,1,12,10
retrained,LOCO,Structure6_RF,0.801076362803437,0.648989898989899,0.5483870967741935,0.9,0.4090909090909091,0.8888888888888888,8,1,13,9
retrained,LOCO,Structure6_RF,0.8198303543644443,0.6262626262626263,0.5161290322580645,0.8888888888888888,0.36363636363636365,0.8888888888888888,8,1,14,8
retrained,LOCO,Structure6_RF,0.8358928733865609,0.6035353535353535,0.4838709677419355,0.875,0.3181818181818182,0.8888888888888888,8,1,15,7
retrained,LOCO,Structure6_RF,0.8428812946361747,0.5808080808080808,0.45161290322580644,0.8571428571428571,0.2727272727272727,0.8888888888888888,8,1,16,6
retrained,LOCO,Structure6_RF,0.8535888151039774,0.5580808080808081,0.41935483870967744,0.8333333333333334,0.22727272727272727,0.8888888888888888,8,1,17,5
retrained,LOCO,Structure6_RF,0.8704448919851409,0.5353535353535354,0.3870967741935484,0.8,0.18181818181818182,0.8888888888888888,8,1,18,4
retrained,LOCO,Structure6_RF,0.883410196951359,0.5126262626262625,0.3548387096774194,0.75,0.13636363636363635,0.8888888888888888,8,1,19,3
retrained,LOCO,Structure6_RF,0.9001532593384869,0.4898989898989899,0.3225806451612903,0.6666666666666666,0.09090909090909091,0.8888888888888888,8,1,20,2
retrained,LOCO,Structure6_RF,0.9115072131513315,0.4671717171717171,0.2903225806451613,0.5,0.045454545454545456,0.8888888888888888,8,1,21,1
retrained,LOCO,Structure6_RF,0.9204484691257425,0.5227272727272727,0.3225806451612903,1.0,0.045454545454545456,1.0,9,0,21,1
retrained,LOCO,Structure6_RF,1.00000001,0.5,0.2903225806451613,0.0,0.0,1.0,9,0,22,0
retrained,mutation_group_out,CP14_LR,0.0,0.5,0.7096774193548387,0.7096774193548387,1.0,0.0,0,9,0,22
retrained,mutation_group_out,CP14_LR,0.12651636127878269,0.5555555555555556,0.7419354838709677,0.7333333333333333,1.0,0.1111111111111111,1,8,0,22
retrained,mutation_group_out,CP14_LR,0.26552498030274235,0.5328282828282829,0.7096774193548387,0.7241379310344828,0.9545454545454546,0.1111111111111111,1,8,1,21
retrained,mutation_group_out,CP14_LR,0.36000113220399343,0.5883838383838385,0.7419354838709677,0.75,0.9545454545454546,0.2222222222222222,2,7,1,21
retrained,mutation_group_out,CP14_LR,0.4103209386514268,0.6439393939393939,0.7741935483870968,0.7777777777777778,0.9545454545454546,0.3333333333333333,3,6,1,21
retrained,mutation_group_out,CP14_LR,0.4323655449513383,0.6212121212121212,0.7419354838709677,0.7692307692307693,0.9090909090909091,0.3333333333333333,3,6,2,20
retrained,mutation_group_out,CP14_LR,0.4465837050078667,0.5984848484848485,0.7096774193548387,0.76,0.8636363636363636,0.3333333333333333,3,6,3,19
retrained,mutation_group_out,CP14_LR,0.4550951066837336,0.5757575757575758,0.6774193548387096,0.75,0.8181818181818182,0.3333333333333333,3,6,4,18
retrained,mutation_group_out,CP14_LR,0.46853691484011084,0.6313131313131313,0.7096774193548387,0.782608695652174,0.8181818181818182,0.4444444444444444,4,5,4,18
retrained,mutation_group_out,CP14_LR,0.4930307456755558,0.6868686868686869,0.7419354838709677,0.8181818181818182,0.8181818181818182,0.5555555555555556,5,4,4,18
retrained,mutation_group_out,CP14_LR,0.5,0.6868686868686869,0.7419354838709677,0.8181818181818182,0.8181818181818182,0.5555555555555556,5,4,4,18
retrained,mutation_group_out,CP14_LR,0.5124859604644976,0.6641414141414141,0.7096774193548387,0.8095238095238095,0.7727272727272727,0.5555555555555556,5,4,5,17
retrained,mutation_group_out,CP14_LR,0.5209506292547968,0.6414141414141414,0.6774193548387096,0.8,0.7272727272727273,0.5555555555555556,5,4,6,16
retrained,mutation_group_out,CP14_LR,0.5245564751728446,0.6186868686868687,0.6451612903225806,0.7894736842105263,0.6818181818181818,0.5555555555555556,5,4,7,15
retrained,mutation_group_out,CP14_LR,0.5338925073222188,0.595959595959596,0.6129032258064516,0.7777777777777778,0.6363636363636364,0.5555555555555556,5,4,8,14
retrained,mutation_group_out,CP14_LR,0.5451482282945694,0.5732323232323233,0.5806451612903226,0.7647058823529411,0.5909090909090909,0.5555555555555556,5,4,9,13
retrained,mutation_group_out,CP14_LR,0.5516291795326518,0.5505050505050505,0.5483870967741935,0.75,0.5454545454545454,0.5555555555555556,5,4,10,12
retrained,mutation_group_out,CP14_LR,0.5566898353199552,0.5277777777777778,0.5161290322580645,0.7333333333333333,0.5,0.5555555555555556,5,4,11,11
retrained,mutation_group_out,CP14_LR,0.558911924543599,0.5050505050505051,0.4838709677419355,0.7142857142857143,0.45454545454545453,0.5555555555555556,5,4,12,10
retrained,mutation_group_out,CP14_LR,0.5660210174923184,0.5606060606060606,0.5161290322580645,0.7692307692307693,0.45454545454545453,0.6666666666666666,6,3,12,10
retrained,mutation_group_out,CP14_LR,0.5791720432193401,0.5378787878787878,0.4838709677419355,0.75,0.4090909090909091,0.6666666666666666,6,3,13,9
retrained,mutation_group_out,CP14_LR,0.5918467734813739,0.5934343434343434,0.5161290322580645,0.8181818181818182,0.4090909090909091,0.7777777777777778,7,2,13,9
retrained,mutation_group_out,CP14_LR,0.6009192119519725,0.5707070707070707,0.4838709677419355,0.8,0.36363636363636365,0.7777777777777778,7,2,14,8
retrained,mutation_group_out,CP14_LR,0.6048889071365424,0.547979797979798,0.45161290322580644,0.7777777777777778,0.3181818181818182,0.7777777777777778,7,2,15,7
retrained,mutation_group_out,CP14_LR,0.6108800727243502,0.6035353535353535,0.4838709677419355,0.875,0.3181818181818182,0.8888888888888888,8,1,15,7
retrained,mutation_group_out,CP14_LR,0.6193546454584038,0.5808080808080808,0.45161290322580644,0.8571428571428571,0.2727272727272727,0.8888888888888888,8,1,16,6
retrained,mutation_group_out,CP14_LR,0.6346667517567479,0.5580808080808081,0.41935483870967744,0.8333333333333334,0.22727272727272727,0.8888888888888888,8,1,17,5
retrained,mutation_group_out,CP14_LR,0.6509007951226896,0.5353535353535354,0.3870967741935484,0.8,0.18181818181818182,0.8888888888888888,8,1,18,4
retrained,mutation_group_out,CP14_LR,0.6730661168600285,0.5126262626262625,0.3548387096774194,0.75,0.13636363636363635,0.8888888888888888,8,1,19,3
retrained,mutation_group_out,CP14_LR,0.7002633070234676,0.4898989898989899,0.3225806451612903,0.6666666666666666,0.09090909090909091,0.8888888888888888,8,1,20,2
retrained,mutation_group_out,CP14_LR,0.7234681296278196,0.4671717171717171,0.2903225806451613,0.5,0.045454545454545456,0.8888888888888888,8,1,21,1
retrained,mutation_group_out,CP14_LR,0.7635491947251695,0.4444444444444444,0.25806451612903225,0.0,0.0,0.8888888888888888,8,1,22,0
retrained,mutation_group_out,CP14_LR,1.00000001,0.5,0.2903225806451613,0.0,0.0,1.0,9,0,22,0
retrained,mutation_group_out,CP14_RF,0.0,0.5,0.7096774193548387,0.7096774193548387,1.0,0.0,0,9,0,22
retrained,mutation_group_out,CP14_RF,0.18301093290604165,0.5555555555555556,0.7419354838709677,0.7333333333333333,1.0,0.1111111111111111,1,8,0,22
retrained,mutation_group_out,CP14_RF,0.21674788289143276,0.5328282828282829,0.7096774193548387,0.7241379310344828,0.9545454545454546,0.1111111111111111,1,8,1,21
retrained,mutation_group_out,CP14_RF,0.34636166328218915,0.51010101010101,0.6774193548387096,0.7142857142857143,0.9090909090909091,0.1111111111111111,1,8,2,20
retrained,mutation_group_out,CP14_RF,0.470288765630143,0.5656565656565656,0.7096774193548387,0.7407407407407407,0.9090909090909091,0.2222222222222222,2,7,2,20
retrained,mutation_group_out,CP14_RF,0.5,0.5429292929292929,0.6774193548387096,0.7307692307692307,0.8636363636363636,0.2222222222222222,2,7,3,19
retrained,mutation_group_out,CP14_RF,0.5157295537647837,0.5429292929292929,0.6774193548387096,0.7307692307692307,0.8636363636363636,0.2222222222222222,2,7,3,19
retrained,mutation_group_out,CP14_RF,0.5748648097854379,0.5984848484848485,0.7096774193548387,0.76,0.8636363636363636,0.3333333333333333,3,6,3,19
retrained,mutation_group_out,CP14_RF,0.6190673453973157,0.5757575757575758,0.6774193548387096,0.75,0.8181818181818182,0.3333333333333333,3,6,4,18
retrained,mutation_group_out,CP14_RF,0.636972325229525,0.553030303030303,0.6451612903225806,0.7391304347826086,0.7727272727272727,0.3333333333333333,3,6,5,17
retrained,mutation_group_out,CP14_RF,0.6435279522798252,0.6085858585858586,0.6774193548387096,0.7727272727272727,0.7727272727272727,0.4444444444444444,4,5,5,17
retrained,mutation_group_out,CP14_RF,0.6585969065671298,0.5858585858585859,0.6451612903225806,0.7619047619047619,0.7272727272727273,0.4444444444444444,4,5,6,16
retrained,mutation_group_out,CP14_RF,0.6808309954650263,0.6414141414141414,0.6774193548387096,0.8,0.7272727272727273,0.5555555555555556,5,4,6,16
retrained,mutation_group_out,CP14_RF,0.6888138771045575,0.6186868686868687,0.6451612903225806,0.7894736842105263,0.6818181818181818,0.5555555555555556,5,4,7,15
retrained,mutation_group_out,CP14_RF,0.7047722656980087,0.595959595959596,0.6129032258064516,0.7777777777777778,0.6363636363636364,0.5555555555555556,5,4,8,14
retrained,mutation_group_out,CP14_RF,0.7214232745141389,0.5732323232323233,0.5806451612903226,0.7647058823529411,0.5909090909090909,0.5555555555555556,5,4,9,13
retrained,mutation_group_out,CP14_RF,0.7276960758879061,0.5505050505050505,0.5483870967741935,0.75,0.5454545454545454,0.5555555555555556,5,4,10,12
retrained,mutation_group_out,CP14_RF,0.736516633761693,0.5277777777777778,0.5161290322580645,0.7333333333333333,0.5,0.5555555555555556,5,4,11,11
retrained,mutation_group_out,CP14_RF,0.7537260032350341,0.5833333333333333,0.5483870967741935,0.7857142857142857,0.5,0.6666666666666666,6,3,11,11
retrained,mutation_group_out,CP14_RF,0.7677525183865492,0.6388888888888888,0.5806451612903226,0.8461538461538461,0.5,0.7777777777777778,7,2,11,11
retrained,mutation_group_out,CP14_RF,0.7870156136245106,0.6161616161616161,0.5483870967741935,0.8333333333333334,0.45454545454545453,0.7777777777777778,7,2,12,10
retrained,mutation_group_out,CP14_RF,0.8091698972834473,0.5934343434343434,0.5161290322580645,0.8181818181818182,0.4090909090909091,0.7777777777777778,7,2,13,9
retrained,mutation_group_out,CP14_RF,0.8134080987147272,0.5707070707070707,0.4838709677419355,0.8,0.36363636363636365,0.7777777777777778,7,2,14,8
retrained,mutation_group_out,CP14_RF,0.8186652129942006,0.6262626262626263,0.5161290322580645,0.8888888888888888,0.36363636363636365,0.8888888888888888,8,1,14,8
retrained,mutation_group_out,CP14_RF,0.8228961690108487,0.6035353535353535,0.4838709677419355,0.875,0.3181818181818182,0.8888888888888888,8,1,15,7
retrained,mutation_group_out,CP14_RF,0.8251637753996405,0.5808080808080808,0.45161290322580644,0.8571428571428571,0.2727272727272727,0.8888888888888888,8,1,16,6
retrained,mutation_group_out,CP14_RF,0.8305688708157333,0.5580808080808081,0.41935483870967744,0.8333333333333334,0.22727272727272727,0.8888888888888888,8,1,17,5
retrained,mutation_group_out,CP14_RF,0.8682693848439834,0.6136363636363636,0.45161290322580644,1.0,0.22727272727272727,1.0,9,0,17,5
retrained,mutation_group_out,CP14_RF,0.9273415731345223,0.5909090909090909,0.41935483870967744,1.0,0.18181818181818182,1.0,9,0,18,4
retrained,mutation_group_out,CP14_RF,0.9525827505827507,0.5454545454545454,0.3548387096774194,1.0,0.09090909090909091,1.0,9,0,20,2
retrained,mutation_group_out,CP14_RF,0.9603605283605283,0.5227272727272727,0.3225806451612903,1.0,0.045454545454545456,1.0,9,0,21,1
retrained,mutation_group_out,CP14_RF,1.00000001,0.5,0.2903225806451613,0.0,0.0,1.0,9,0,22,0
retrained,mutation_group_out,CP3_LR,0.0,0.5,0.7096774193548387,0.7096774193548387,1.0,0.0,0,9,0,22
retrained,mutation_group_out,CP3_LR,0.31964547617856476,0.4772727272727273,0.6774193548387096,0.7,0.9545454545454546,0.0,0,9,1,21
retrained,mutation_group_out,CP3_LR,0.34661639545531875,0.45454545454545453,0.6451612903225806,0.6896551724137931,0.9090909090909091,0.0,0,9,2,20
retrained,mutation_group_out,CP3_LR,0.36418405648389773,0.51010101010101,0.6774193548387096,0.7142857142857143,0.9090909090909091,0.1111111111111111,1,8,2,20
retrained,mutation_group_out,CP3_LR,0.3918413723999973,0.48737373737373735,0.6451612903225806,0.7037037037037037,0.8636363636363636,0.1111111111111111,1,8,3,19
retrained,mutation_group_out,CP3_LR,0.42152417257365277,0.5429292929292929,0.6774193548387096,0.7307692307692307,0.8636363636363636,0.2222222222222222,2,7,3,19
retrained,mutation_group_out,CP3_LR,0.4395277552499195,0.5984848484848485,0.7096774193548387,0.76,0.8636363636363636,0.3333333333333333,3,6,3,19
retrained,mutation_group_out,CP3_LR,0.4625136964862561,0.654040404040404,0.7419354838709677,0.7916666666666666,0.8636363636363636,0.4444444444444444,4,5,3,19
retrained,mutation_group_out,CP3_LR,0.48110265862991897,0.6313131313131313,0.7096774193548387,0.782608695652174,0.8181818181818182,0.4444444444444444,4,5,4,18
retrained,mutation_group_out,CP3_LR,0.4880129922879659,0.6085858585858586,0.6774193548387096,0.7727272727272727,0.7727272727272727,0.4444444444444444,4,5,5,17
retrained,mutation_group_out,CP3_LR,0.49143150415420866,0.5858585858585859,0.6451612903225806,0.7619047619047619,0.7272727272727273,0.4444444444444444,4,5,6,16
retrained,mutation_group_out,CP3_LR,0.4945407295693439,0.6414141414141414,0.6774193548387096,0.8,0.7272727272727273,0.5555555555555556,5,4,6,16
retrained,mutation_group_out,CP3_LR,0.4959713503364708,0.6186868686868687,0.6451612903225806,0.7894736842105263,0.6818181818181818,0.5555555555555556,5,4,7,15
retrained,mutation_group_out,CP3_LR,0.49909570757428706,0.6742424242424242,0.6774193548387096,0.8333333333333334,0.6818181818181818,0.6666666666666666,6,3,7,15
retrained,mutation_group_out,CP3_LR,0.5,0.6742424242424242,0.6774193548387096,0.8333333333333334,0.6818181818181818,0.6666666666666666,6,3,7,15
retrained,mutation_group_out,CP3_LR,0.5034871813593016,0.7297979797979798,0.7096774193548387,0.8823529411764706,0.6818181818181818,0.7777777777777778,7,2,7,15
retrained,mutation_group_out,CP3_LR,0.510423857014471,0.7853535353535352,0.7419354838709677,0.9375,0.6818181818181818,0.8888888888888888,8,1,7,15
retrained,mutation_group_out,CP3_LR,0.520117833351516,0.7626262626262625,0.7096774193548387,0.9333333333333333,0.6363636363636364,0.8888888888888888,8,1,8,14
retrained,mutation_group_out,CP3_LR,0.524200953204054,0.7398989898989898,0.6774193548387096,0.9285714285714286,0.5909090909090909,0.8888888888888888,8,1,9,13
retrained,mutation_group_out,CP3_LR,0.5247394184860266,0.7171717171717171,0.6451612903225806,0.9230769230769231,0.5454545454545454,0.8888888888888888,8,1,10,12
retrained,mutation_group_out,CP3_LR,0.5287467150374925,0.6944444444444444,0.6129032258064516,0.9166666666666666,0.5,0.8888888888888888,8,1,11,11
retrained,mutation_group_out,CP3_LR,0.5361477262187995,0.6717171717171717,0.5806451612903226,0.9090909090909091,0.45454545454545453,0.8888888888888888,8,1,12,10
retrained,mutation_group_out,CP3_LR,0.542065282475729,0.648989898989899,0.5483870967741935,0.9,0.4090909090909091,0.8888888888888888,8,1,13,9
retrained,mutation_group_out,CP3_LR,0.5456046291480128,0.6262626262626263,0.5161290322580645,0.8888888888888888,0.36363636363636365,0.8888888888888888,8,1,14,8
retrained,mutation_group_out,CP3_LR,0.5515120514956867,0.6035353535353535,0.4838709677419355,0.875,0.3181818181818182,0.8888888888888888,8,1,15,7
retrained,mutation_group_out,CP3_LR,0.5633989352852038,0.5808080808080808,0.45161290322580644,0.8571428571428571,0.2727272727272727,0.8888888888888888,8,1,16,6
retrained,mutation_group_out,CP3_LR,0.5736643758923787,0.5580808080808081,0.41935483870967744,0.8333333333333334,0.22727272727272727,0.8888888888888888,8,1,17,5
retrained,mutation_group_out,CP3_LR,0.5934693159892634,0.5353535353535354,0.3870967741935484,0.8,0.18181818181818182,0.8888888888888888,8,1,18,4
retrained,mutation_group_out,CP3_LR,0.6179025157016704,0.5126262626262625,0.3548387096774194,0.75,0.13636363636363635,0.8888888888888888,8,1,19,3
retrained,mutation_group_out,CP3_LR,0.6666780904882763,0.4898989898989899,0.3225806451612903,0.6666666666666666,0.09090909090909091,0.8888888888888888,8,1,20,2
retrained,mutation_group_out,CP3_LR,0.7119234386682205,0.4671717171717171,0.2903225806451613,0.5,0.045454545454545456,0.8888888888888888,8,1,21,1
retrained,mutation_group_out,CP3_LR,0.7286649712256914,0.4444444444444444,0.25806451612903225,0.0,0.0,0.8888888888888888,8,1,22,0
retrained,mutation_group_out,CP3_LR,1.00000001,0.5,0.2903225806451613,0.0,0.0,1.0,9,0,22,0
retrained,mutation_group_out,CP3_RF,0.0,0.5,0.7096774193548387,0.7096774193548387,1.0,0.0,0,9,0,22
retrained,mutation_group_out,CP3_RF,0.25013672032176043,0.51010101010101,0.6774193548387096,0.7142857142857143,0.9090909090909091,0.1111111111111111,1,8,2,20
retrained,mutation_group_out,CP3_RF,0.3122655918822504,0.5656565656565656,0.7096774193548387,0.7407407407407407,0.9090909090909091,0.2222222222222222,2,7,2,20
retrained,mutation_group_out,CP3_RF,0.33989092428450335,0.6212121212121212,0.7419354838709677,0.7692307692307693,0.9090909090909091,0.3333333333333333,3,6,2,20
retrained,mutation_group_out,CP3_RF,0.35224594153112476,0.5984848484848485,0.7096774193548387,0.76,0.8636363636363636,0.3333333333333333,3,6,3,19
retrained,mutation_group_out,CP3_RF,0.4173336920172901,0.5757575757575758,0.6774193548387096,0.75,0.8181818181818182,0.3333333333333333,3,6,4,18
retrained,mutation_group_out,CP3_RF,0.4821222154003242,0.6313131313131313,0.7096774193548387,0.782608695652174,0.8181818181818182,0.4444444444444444,4,5,4,18
retrained,mutation_group_out,CP3_RF,0.4924359176401134,0.6085858585858586,0.6774193548387096,0.7727272727272727,0.7727272727272727,0.4444444444444444,4,5,5,17
retrained,mutation_group_out,CP3_RF,0.4970500762346174,0.6641414141414141,0.7096774193548387,0.8095238095238095,0.7727272727272727,0.5555555555555556,5,4,5,17
retrained,mutation_group_out,CP3_RF,0.5,0.6414141414141414,0.6774193548387096,0.8,0.7272727272727273,0.5555555555555556,5,4,6,16
retrained,mutation_group_out,CP3_RF,0.5360839146184558,0.6414141414141414,0.6774193548387096,0.8,0.7272727272727273,0.5555555555555556,5,4,6,16
retrained,mutation_group_out,CP3_RF,0.5798326176505518,0.696969696969697,0.7096774193548387,0.8421052631578947,0.7272727272727273,0.6666666666666666,6,3,6,16
retrained,mutation_group_out,CP3_RF,0.5982076176505517,0.6742424242424242,0.6774193548387096,0.8333333333333334,0.6818181818181818,0.6666666666666666,6,3,7,15
retrained,mutation_group_out,CP3_RF,0.6108853064138735,0.6515151515151515,0.6451612903225806,0.8235294117647058,0.6363636363636364,0.6666666666666666,6,3,8,14
retrained,mutation_group_out,CP3_RF,0.6555546575627609,0.7070707070707071,0.6774193548387096,0.875,0.6363636363636364,0.7777777777777778,7,2,8,14
retrained,mutation_group_out,CP3_RF,0.7269610088768339,0.6843434343434344,0.6451612903225806,0.8666666666666667,0.5909090909090909,0.7777777777777778,7,2,9,13
retrained,mutation_group_out,CP3_RF,0.7660966607853164,0.6616161616161615,0.6129032258064516,0.8571428571428571,0.5454545454545454,0.7777777777777778,7,2,10,12
retrained,mutation_group_out,CP3_RF,0.7812927413977184,0.6388888888888888,0.5806451612903226,0.8461538461538461,0.5,0.7777777777777778,7,2,11,11
retrained,mutation_group_out,CP3_RF,0.7864874518509655,0.6161616161616161,0.5483870967741935,0.8333333333333334,0.45454545454545453,0.7777777777777778,7,2,12,10
retrained,mutation_group_out,CP3_RF,0.8092459551200231,0.5934343434343434,0.5161290322580645,0.8181818181818182,0.4090909090909091,0.7777777777777778,7,2,13,9
retrained,mutation_group_out,CP3_RF,0.8473358965877538,0.5707070707070707,0.4838709677419355,0.8,0.36363636363636365,0.7777777777777778,7,2,14,8
retrained,mutation_group_out,CP3_RF,0.9078311591989938,0.547979797979798,0.45161290322580644,0.7777777777777778,0.3181818181818182,0.7777777777777778,7,2,15,7
retrained,mutation_group_out,CP3_RF,0.9566998087703447,0.5252525252525253,0.41935483870967744,0.75,0.2727272727272727,0.7777777777777778,7,2,16,6
retrained,mutation_group_out,CP3_RF,0.9695127526944542,0.5025252525252525,0.3870967741935484,0.7142857142857143,0.22727272727272727,0.7777777777777778,7,2,17,5
retrained,mutation_group_out,CP3_RF,0.9851776509408607,0.5580808080808081,0.41935483870967744,0.8333333333333334,0.22727272727272727,0.8888888888888888,8,1,17,5
retrained,mutation_group_out,CP3_RF,1.00000001,0.5,0.2903225806451613,0.0,0.0,1.0,9,0,22,0
retrained,mutation_group_out,CP_Interface6_LR,0.0,0.5,0.7096774193548387,0.7096774193548387,1.0,0.0,0,9,0,22
retrained,mutation_group_out,CP_Interface6_LR,0.1571270914748224,0.4772727272727273,0.6774193548387096,0.7,0.9545454545454546,0.0,0,9,1,21
retrained,mutation_group_out,CP_Interface6_LR,0.21461529670973556,0.45454545454545453,0.6451612903225806,0.6896551724137931,0.9090909090909091,0.0,0,9,2,20
retrained,mutation_group_out,CP_Interface6_LR,0.302928647530683,0.51010101010101,0.6774193548387096,0.7142857142857143,0.9090909090909091,0.1111111111111111,1,8,2,20
retrained,mutation_group_out,CP_Interface6_LR,0.40956584220533543,0.48737373737373735,0.6451612903225806,0.7037037037037037,0.8636363636363636,0.1111111111111111,1,8,3,19
retrained,mutation_group_out,CP_Interface6_LR,0.444311256060289,0.5429292929292929,0.6774193548387096,0.7307692307692307,0.8636363636363636,0.2222222222222222,2,7,3,19
retrained,mutation_group_out,CP_Interface6_LR,0.45932429610812314,0.5984848484848485,0.7096774193548387,0.76,0.8636363636363636,0.3333333333333333,3,6,3,19
retrained,mutation_group_out,CP_Interface6_LR,0.47381583476723266,0.5757575757575758,0.6774193548387096,0.75,0.8181818181818182,0.3333333333333333,3,6,4,18
retrained,mutation_group_out,CP_Interface6_LR,0.4786094274303565,0.6313131313131313,0.7096774193548387,0.782608695652174,0.8181818181818182,0.4444444444444444,4,5,4,18
retrained,mutation_group_out,CP_Interface6_LR,0.485187436485239,0.6085858585858586,0.6774193548387096,0.7727272727272727,0.7727272727272727,0.4444444444444444,4,5,5,17
retrained,mutation_group_out,CP_Interface6_LR,0.4937233256053367,0.5858585858585859,0.6451612903225806,0.7619047619047619,0.7272727272727273,0.4444444444444444,4,5,6,16
retrained,mutation_group_out,CP_Interface6_LR,0.49946867238923137,0.5631313131313131,0.6129032258064516,0.75,0.6818181818181818,0.4444444444444444,4,5,7,15
retrained,mutation_group_out,CP_Interface6_LR,0.5,0.5631313131313131,0.6129032258064516,0.75,0.6818181818181818,0.4444444444444444,4,5,7,15
retrained,mutation_group_out,CP_Interface6_LR,0.5053773439996772,0.6186868686868687,0.6451612903225806,0.7894736842105263,0.6818181818181818,0.5555555555555556,5,4,7,15
retrained,mutation_group_out,CP_Interface6_LR,0.5108901706223625,0.595959595959596,0.6129032258064516,0.7777777777777778,0.6363636363636364,0.5555555555555556,5,4,8,14
retrained,mutation_group_out,CP_Interface6_LR,0.5161222542392976,0.5732323232323233,0.5806451612903226,0.7647058823529411,0.5909090909090909,0.5555555555555556,5,4,9,13
retrained,mutation_group_out,CP_Interface6_LR,0.5238231630129244,0.5505050505050505,0.5483870967741935,0.75,0.5454545454545454,0.5555555555555556,5,4,10,12
retrained,mutation_group_out,CP_Interface6_LR,0.5351220808195166,0.606060606060606,0.5806451612903226,0.8,0.5454545454545454,0.6666666666666666,6,3,10,12
retrained,mutation_group_out,CP_Interface6_LR,0.544116000691061,0.5833333333333333,0.5483870967741935,0.7857142857142857,0.5,0.6666666666666666,6,3,11,11
retrained,mutation_group_out,CP_Interface6_LR,0.5454864091283167,0.5606060606060606,0.5161290322580645,0.7692307692307693,0.45454545454545453,0.6666666666666666,6,3,12,10
retrained,mutation_group_out,CP_Interface6_LR,0.5551916404873201,0.5378787878787878,0.4838709677419355,0.75,0.4090909090909091,0.6666666666666666,6,3,13,9
retrained,mutation_group_out,CP_Interface6_LR,0.5656364669354603,0.5151515151515151,0.45161290322580644,0.7272727272727273,0.36363636363636365,0.6666666666666666,6,3,14,8
retrained,mutation_group_out,CP_Interface6_LR,0.5687886049977164,0.49242424242424243,0.41935483870967744,0.7,0.3181818181818182,0.6666666666666666,6,3,15,7
retrained,mutation_group_out,CP_Interface6_LR,0.5739859659980737,0.46969696969696967,0.3870967741935484,0.6666666666666666,0.2727272727272727,0.6666666666666666,6,3,16,6
retrained,mutation_group_out,CP_Interface6_LR,0.5793254999048891,0.5252525252525253,0.41935483870967744,0.75,0.2727272727272727,0.7777777777777778,7,2,16,6
retrained,mutation_group_out,CP_Interface6_LR,0.5856196320445375,0.5808080808080808,0.45161290322580644,0.8571428571428571,0.2727272727272727,0.8888888888888888,8,1,16,6
retrained,mutation_group_out,CP_Interface6_LR,0.5937392585177832,0.5580808080808081,0.41935483870967744,0.8333333333333334,0.22727272727272727,0.8888888888888888,8,1,17,5
retrained,mutation_group_out,CP_Interface6_LR,0.6072756177616585,0.5353535353535354,0.3870967741935484,0.8,0.18181818181818182,0.8888888888888888,8,1,18,4
retrained,mutation_group_out,CP_Interface6_LR,0.6384729091237966,0.5126262626262625,0.3548387096774194,0.75,0.13636363636363635,0.8888888888888888,8,1,19,3
retrained,mutation_group_out,CP_Interface6_LR,0.667568568302189,0.4898989898989899,0.3225806451612903,0.6666666666666666,0.09090909090909091,0.8888888888888888,8,1,20,2
retrained,mutation_group_out,CP_Interface6_LR,0.7189755406084454,0.4671717171717171,0.2903225806451613,0.5,0.045454545454545456,0.8888888888888888,8,1,21,1
retrained,mutation_group_out,CP_Interface6_LR,0.7791542027460221,0.4444444444444444,0.25806451612903225,0.0,0.0,0.8888888888888888,8,1,22,0
retrained,mutation_group_out,CP_Interface6_LR,1.00000001,0.5,0.2903225806451613,0.0,0.0,1.0,9,0,22,0
retrained,mutation_group_out,CP_Interface6_RF,0.0,0.5,0.7096774193548387,0.7096774193548387,1.0,0.0,0,9,0,22
retrained,mutation_group_out,CP_Interface6_RF,0.2598074497486551,0.5555555555555556,0.7419354838709677,0.7333333333333333,1.0,0.1111111111111111,1,8,0,22
retrained,mutation_group_out,CP_Interface6_RF,0.28185068953356895,0.5656565656565656,0.7096774193548387,0.7407407407407407,0.9090909090909091,0.2222222222222222,2,7,2,20
retrained,mutation_group_out,CP_Interface6_RF,0.3446622493999304,0.5429292929292929,0.6774193548387096,0.7307692307692307,0.8636363636363636,0.2222222222222222,2,7,3,19
retrained,mutation_group_out,CP_Interface6_RF,0.396161353921457,0.5984848484848485,0.7096774193548387,0.76,0.8636363636363636,0.3333333333333333,3,6,3,19
retrained,mutation_group_out,CP_Interface6_RF,0.45375775524619266,0.5757575757575758,0.6774193548387096,0.75,0.8181818181818182,0.3333333333333333,3,6,4,18
retrained,mutation_group_out,CP_Interface6_RF,0.5,0.5757575757575758,0.6774193548387096,0.75,0.8181818181818182,0.3333333333333333,3,6,4,18
retrained,mutation_group_out,CP_Interface6_RF,0.542672678539105,0.6313131313131313,0.7096774193548387,0.782608695652174,0.8181818181818182,0.4444444444444444,4,5,4,18
retrained,mutation_group_out,CP_Interface6_RF,0.5806328126852149,0.6085858585858586,0.6774193548387096,0.7727272727272727,0.7727272727272727,0.4444444444444444,4,5,5,17
retrained,mutation_group_out,CP_Interface6_RF,0.6024907641382297,0.5858585858585859,0.6451612903225806,0.7619047619047619,0.7272727272727273,0.4444444444444444,4,5,6,16
retrained,mutation_group_out,CP_Interface6_RF,0.6464371334158456,0.5631313131313131,0.6129032258064516,0.75,0.6818181818181818,0.4444444444444444,4,5,7,15
retrained,mutation_group_out,CP_Interface6_RF,0.670741692661264,0.5404040404040404,0.5806451612903226,0.7368421052631579,0.6363636363636364,0.4444444444444444,4,5,8,14
retrained,mutation_group_out,CP_Interface6_RF,0.6767006490407856,0.5176767676767677,0.5483870967741935,0.7222222222222222,0.5909090909090909,0.4444444444444444,4,5,9,13
retrained,mutation_group_out,CP_Interface6_RF,0.6824853919926477,0.5732323232323233,0.5806451612903226,0.7647058823529411,0.5909090909090909,0.5555555555555556,5,4,9,13
retrained,mutation_group_out,CP_Interface6_RF,0.6972492827304515,0.6287878787878788,0.6129032258064516,0.8125,0.5909090909090909,0.6666666666666666,6,3,9,13
retrained,mutation_group_out,CP_Interface6_RF,0.7140793092565827,0.6843434343434344,0.6451612903225806,0.8666666666666667,0.5909090909090909,0.7777777777777778,7,2,9,13
retrained,mutation_group_out,CP_Interface6_RF,0.7224159706936718,0.6616161616161615,0.6129032258064516,0.8571428571428571,0.5454545454545454,0.7777777777777778,7,2,10,12
retrained,mutation_group_out,CP_Interface6_RF,0.7496637208213538,0.6388888888888888,0.5806451612903226,0.8461538461538461,0.5,0.7777777777777778,7,2,11,11
retrained,mutation_group_out,CP_Interface6_RF,0.7745742804812501,0.6161616161616161,0.5483870967741935,0.8333333333333334,0.45454545454545453,0.7777777777777778,7,2,12,10
retrained,mutation_group_out,CP_Interface6_RF,0.7876531711800202,0.5934343434343434,0.5161290322580645,0.8181818181818182,0.4090909090909091,0.7777777777777778,7,2,13,9
retrained,mutation_group_out,CP_Interface6_RF,0.8046682120537099,0.5707070707070707,0.4838709677419355,0.8,0.36363636363636365,0.7777777777777778,7,2,14,8
retrained,mutation_group_out,CP_Interface6_RF,0.8275249804538991,0.547979797979798,0.45161290322580644,0.7777777777777778,0.3181818181818182,0.7777777777777778,7,2,15,7
retrained,mutation_group_out,CP_Interface6_RF,0.8680883169631464,0.5252525252525253,0.41935483870967744,0.75,0.2727272727272727,0.7777777777777778,7,2,16,6
retrained,mutation_group_out,CP_Interface6_RF,0.918549095655062,0.5025252525252525,0.3870967741935484,0.7142857142857143,0.22727272727272727,0.7777777777777778,7,2,17,5
retrained,mutation_group_out,CP_Interface6_RF,0.9468945386932202,0.4797979797979798,0.3548387096774194,0.6666666666666666,0.18181818181818182,0.7777777777777778,7,2,18,4
retrained,mutation_group_out,CP_Interface6_RF,0.96299490920675,0.45707070707070707,0.3225806451612903,0.6,0.13636363636363635,0.7777777777777778,7,2,19,3
retrained,mutation_group_out,CP_Interface6_RF,0.9770365758734165,0.5126262626262625,0.3548387096774194,0.75,0.13636363636363635,0.8888888888888888,8,1,19,3
retrained,mutation_group_out,CP_Interface6_RF,0.9816519604888012,0.4671717171717171,0.2903225806451613,0.5,0.045454545454545456,0.8888888888888888,8,1,21,1
retrained,mutation_group_out,CP_Interface6_RF,0.9925721153846154,0.4444444444444444,0.25806451612903225,0.0,0.0,0.8888888888888888,8,1,22,0
retrained,mutation_group_out,CP_Interface6_RF,1.00000001,0.5,0.2903225806451613,0.0,0.0,1.0,9,0,22,0
retrained,mutation_group_out,CP_RNA7_LR,0.0,0.5,0.7096774193548387,0.7096774193548387,1.0,0.0,0,9,0,22
retrained,mutation_group_out,CP_RNA7_LR,0.11551509456658025,0.5555555555555556,0.7419354838709677,0.7333333333333333,1.0,0.1111111111111111,1,8,0,22
retrained,mutation_group_out,CP_RNA7_LR,0.17148347821557736,0.5328282828282829,0.7096774193548387,0.7241379310344828,0.9545454545454546,0.1111111111111111,1,8,1,21
retrained,mutation_group_out,CP_RNA7_LR,0.25314131265363865,0.51010101010101,0.6774193548387096,0.7142857142857143,0.9090909090909091,0.1111111111111111,1,8,2,20
retrained,mutation_group_out,CP_RNA7_LR,0.3395780888704531,0.48737373737373735,0.6451612903225806,0.7037037037037037,0.8636363636363636,0.1111111111111111,1,8,3,19
retrained,mutation_group_out,CP_RNA7_LR,0.3877502727969321,0.46464646464646464,0.6129032258064516,0.6923076923076923,0.8181818181818182,0.1111111111111111,1,8,4,18
retrained,mutation_group_out,CP_RNA7_LR,0.3946541781679799,0.5202020202020202,0.6451612903225806,0.72,0.8181818181818182,0.2222222222222222,2,7,4,18
retrained,mutation_group_out,CP_RNA7_LR,0.43666873800688416,0.49747474747474746,0.6129032258064516,0.7083333333333334,0.7727272727272727,0.2222222222222222,2,7,5,17
retrained,mutation_group_out,CP_RNA7_LR,0.47840761456010716,0.553030303030303,0.6451612903225806,0.7391304347826086,0.7727272727272727,0.3333333333333333,3,6,5,17
retrained,mutation_group_out,CP_RNA7_LR,0.4856874262198607,0.6085858585858586,0.6774193548387096,0.7727272727272727,0.7727272727272727,0.4444444444444444,4,5,5,17
retrained,mutation_group_out,CP_RNA7_LR,0.49035661437423217,0.5858585858585859,0.6451612903225806,0.7619047619047619,0.7272727272727273,0.4444444444444444,4,5,6,16
retrained,mutation_group_out,CP_RNA7_LR,0.49605268836816807,0.6414141414141414,0.6774193548387096,0.8,0.7272727272727273,0.5555555555555556,5,4,6,16
retrained,mutation_group_out,CP_RNA7_LR,0.5,0.696969696969697,0.7096774193548387,0.8421052631578947,0.7272727272727273,0.6666666666666666,6,3,6,16
retrained,mutation_group_out,CP_RNA7_LR,0.5051641926732447,0.696969696969697,0.7096774193548387,0.8421052631578947,0.7272727272727273,0.6666666666666666,6,3,6,16
retrained,mutation_group_out,CP_RNA7_LR,0.5150472228334761,0.6742424242424242,0.6774193548387096,0.8333333333333334,0.6818181818181818,0.6666666666666666,6,3,7,15
retrained,mutation_group_out,CP_RNA7_LR,0.5224065674962055,0.6515151515151515,0.6451612903225806,0.8235294117647058,0.6363636363636364,0.6666666666666666,6,3,8,14
retrained,mutation_group_out,CP_RNA7_LR,0.5271157832532734,0.6287878787878788,0.6129032258064516,0.8125,0.5909090909090909,0.6666666666666666,6,3,9,13
retrained,mutation_group_out,CP_RNA7_LR,0.5316069020882364,0.606060606060606,0.5806451612903226,0.8,0.5454545454545454,0.6666666666666666,6,3,10,12
retrained,mutation_group_out,CP_RNA7_LR,0.5356122329535573,0.5833333333333333,0.5483870967741935,0.7857142857142857,0.5,0.6666666666666666,6,3,11,11
retrained,mutation_group_out,CP_RNA7_LR,0.5378748053232362,0.6388888888888888,0.5806451612903226,0.8461538461538461,0.5,0.7777777777777778,7,2,11,11
retrained,mutation_group_out,CP_RNA7_LR,0.5462196153380015,0.6944444444444444,0.6129032258064516,0.9166666666666666,0.5,0.8888888888888888,8,1,11,11
retrained,mutation_group_out,CP_RNA7_LR,0.5579561624635673,0.6717171717171717,0.5806451612903226,0.9090909090909091,0.45454545454545453,0.8888888888888888,8,1,12,10
retrained,mutation_group_out,CP_RNA7_LR,0.5669647654050525,0.648989898989899,0.5483870967741935,0.9,0.4090909090909091,0.8888888888888888,8,1,13,9
retrained,mutation_group_out,CP_RNA7_LR,0.5715432618253826,0.6262626262626263,0.5161290322580645,0.8888888888888888,0.36363636363636365,0.8888888888888888,8,1,14,8
retrained,mutation_group_out,CP_RNA7_LR,0.5794740209293983,0.6035353535353535,0.4838709677419355,0.875,0.3181818181818182,0.8888888888888888,8,1,15,7
retrained,mutation_group_out,CP_RNA7_LR,0.5870390120235884,0.5808080808080808,0.45161290322580644,0.8571428571428571,0.2727272727272727,0.8888888888888888,8,1,16,6
retrained,mutation_group_out,CP_RNA7_LR,0.5979842787386017,0.5580808080808081,0.41935483870967744,0.8333333333333334,0.22727272727272727,0.8888888888888888,8,1,17,5
retrained,mutation_group_out,CP_RNA7_LR,0.6235616200372602,0.5353535353535354,0.3870967741935484,0.8,0.18181818181818182,0.8888888888888888,8,1,18,4
retrained,mutation_group_out,CP_RNA7_LR,0.6461576908944415,0.5126262626262625,0.3548387096774194,0.75,0.13636363636363635,0.8888888888888888,8,1,19,3
retrained,mutation_group_out,CP_RNA7_LR,0.6636815734566834,0.4898989898989899,0.3225806451612903,0.6666666666666666,0.09090909090909091,0.8888888888888888,8,1,20,2
retrained,mutation_group_out,CP_RNA7_LR,0.7038131953857882,0.4671717171717171,0.2903225806451613,0.5,0.045454545454545456,0.8888888888888888,8,1,21,1
retrained,mutation_group_out,CP_RNA7_LR,0.7375850181606054,0.4444444444444444,0.25806451612903225,0.0,0.0,0.8888888888888888,8,1,22,0
retrained,mutation_group_out,CP_RNA7_LR,1.00000001,0.5,0.2903225806451613,0.0,0.0,1.0,9,0,22,0
retrained,mutation_group_out,CP_RNA7_RF,0.0,0.5,0.7096774193548387,0.7096774193548387,1.0,0.0,0,9,0,22
retrained,mutation_group_out,CP_RNA7_RF,0.17232983842158334,0.5328282828282829,0.7096774193548387,0.7241379310344828,0.9545454545454546,0.1111111111111111,1,8,1,21
retrained,mutation_group_out,CP_RNA7_RF,0.25164798197046423,0.51010101010101,0.6774193548387096,0.7142857142857143,0.9090909090909091,0.1111111111111111,1,8,2,20
retrained,mutation_group_out,CP_RNA7_RF,0.3803627792637221,0.48737373737373735,0.6451612903225806,0.7037037037037037,0.8636363636363636,0.1111111111111111,1,8,3,19
retrained,mutation_group_out,CP_RNA7_RF,0.4420778372762382,0.5429292929292929,0.6774193548387096,0.7307692307692307,0.8636363636363636,0.2222222222222222,2,7,3,19
retrained,mutation_group_out,CP_RNA7_RF,0.4568058172673626,0.5984848484848485,0.7096774193548387,0.76,0.8636363636363636,0.3333333333333333,3,6,3,19
retrained,mutation_group_out,CP_RNA7_RF,0.5,0.5757575757575758,0.6774193548387096,0.75,0.8181818181818182,0.3333333333333333,3,6,4,18
retrained,mutation_group_out,CP_RNA7_RF,0.5022169996956143,0.5757575757575758,0.6774193548387096,0.75,0.8181818181818182,0.3333333333333333,3,6,4,18
retrained,mutation_group_out,CP_RNA7_RF,0.5490241117392249,0.6313131313131313,0.7096774193548387,0.782608695652174,0.8181818181818182,0.4444444444444444,4,5,4,18
retrained,mutation_group_out,CP_RNA7_RF,0.5662098316116375,0.6868686868686869,0.7419354838709677,0.8181818181818182,0.8181818181818182,0.5555555555555556,5,4,4,18
retrained,mutation_group_out,CP_RNA7_RF,0.5748037997879587,0.7424242424242424,0.7741935483870968,0.8571428571428571,0.8181818181818182,0.6666666666666666,6,3,4,18
retrained,mutation_group_out,CP_RNA7_RF,0.5861403353164328,0.7196969696969697,0.7419354838709677,0.85,0.7727272727272727,0.6666666666666666,6,3,5,17
retrained,mutation_group_out,CP_RNA7_RF,0.6017174884213221,0.696969696969697,0.7096774193548387,0.8421052631578947,0.7272727272727273,0.6666666666666666,6,3,6,16
retrained,mutation_group_out,CP_RNA7_RF,0.6244893329215994,0.6742424242424242,0.6774193548387096,0.8333333333333334,0.6818181818181818,0.6666666666666666,6,3,7,15
retrained,mutation_group_out,CP_RNA7_RF,0.648276573756104,0.6515151515151515,0.6451612903225806,0.8235294117647058,0.6363636363636364,0.6666666666666666,6,3,8,14
retrained,mutation_group_out,CP_RNA7_RF,0.6598669400290587,0.7070707070707071,0.6774193548387096,0.875,0.6363636363636364,0.7777777777777778,7,2,8,14
retrained,mutation_group_out,CP_RNA7_RF,0.6692440792292353,0.6843434343434344,0.6451612903225806,0.8666666666666667,0.5909090909090909,0.7777777777777778,7,2,9,13
retrained,mutation_group_out,CP_RNA7_RF,0.689739844263217,0.6616161616161615,0.6129032258064516,0.8571428571428571,0.5454545454545454,0.7777777777777778,7,2,10,12
retrained,mutation_group_out,CP_RNA7_RF,0.7450089968706439,0.6388888888888888,0.5806451612903226,0.8461538461538461,0.5,0.7777777777777778,7,2,11,11
retrained,mutation_group_out,CP_RNA7_RF,0.789246758332854,0.6161616161616161,0.5483870967741935,0.8333333333333334,0.45454545454545453,0.7777777777777778,7,2,12,10
retrained,mutation_group_out,CP_RNA7_RF,0.7983143334211729,0.5934343434343434,0.5161290322580645,0.8181818181818182,0.4090909090909091,0.7777777777777778,7,2,13,9
retrained,mutation_group_out,CP_RNA7_RF,0.8190752794998254,0.648989898989899,0.5483870967741935,0.9,0.4090909090909091,0.8888888888888888,8,1,13,9
retrained,mutation_group_out,CP_RNA7_RF,0.8439969452559268,0.6262626262626263,0.5161290322580645,0.8888888888888888,0.36363636363636365,0.8888888888888888,8,1,14,8
retrained,mutation_group_out,CP_RNA7_RF,0.8531961640856613,0.6035353535353535,0.4838709677419355,0.875,0.3181818181818182,0.8888888888888888,8,1,15,7
retrained,mutation_group_out,CP_RNA7_RF,0.8791525582585487,0.5808080808080808,0.45161290322580644,0.8571428571428571,0.2727272727272727,0.8888888888888888,8,1,16,6
retrained,mutation_group_out,CP_RNA7_RF,0.9192510288305045,0.5580808080808081,0.41935483870967744,0.8333333333333334,0.22727272727272727,0.8888888888888888,8,1,17,5
retrained,mutation_group_out,CP_RNA7_RF,0.9573542749053572,0.6136363636363636,0.45161290322580644,1.0,0.22727272727272727,1.0,9,0,17,5
retrained,mutation_group_out,CP_RNA7_RF,0.9865552552975141,0.5909090909090909,0.41935483870967744,1.0,0.18181818181818182,1.0,9,0,18,4
retrained,mutation_group_out,CP_RNA7_RF,0.9968181818181818,0.5681818181818181,0.3870967741935484,1.0,0.13636363636363635,1.0,9,0,19,3
retrained,mutation_group_out,CP_RNA7_RF,1.00000001,0.5,0.2903225806451613,0.0,0.0,1.0,9,0,22,0
retrained,mutation_group_out,CP_Structure9_LR,0.0,0.5,0.7096774193548387,0.7096774193548387,1.0,0.0,0,9,0,22
retrained,mutation_group_out,CP_Structure9_LR,0.22270357692316606,0.5555555555555556,0.7419354838709677,0.7333333333333333,1.0,0.1111111111111111,1,8,0,22
retrained,mutation_group_out,CP_Structure9_LR,0.3164084641043774,0.5328282828282829,0.7096774193548387,0.7241379310344828,0.9545454545454546,0.1111111111111111,1,8,1,21
retrained,mutation_group_out,CP_Structure9_LR,0.3295791634969233,0.51010101010101,0.6774193548387096,0.7142857142857143,0.9090909090909091,0.1111111111111111,1,8,2,20
retrained,mutation_group_out,CP_Structure9_LR,0.36055480329400347,0.5656565656565656,0.7096774193548387,0.7407407407407407,0.9090909090909091,0.2222222222222222,2,7,2,20
retrained,mutation_group_out,CP_Structure9_LR,0.3880334201634962,0.5429292929292929,0.6774193548387096,0.7307692307692307,0.8636363636363636,0.2222222222222222,2,7,3,19
retrained,mutation_group_out,CP_Structure9_LR,0.39060287629401513,0.5984848484848485,0.7096774193548387,0.76,0.8636363636363636,0.3333333333333333,3,6,3,19
retrained,mutation_group_out,CP_Structure9_LR,0.40895850893967906,0.654040404040404,0.7419354838709677,0.7916666666666666,0.8636363636363636,0.4444444444444444,4,5,3,19
retrained,mutation_group_out,CP_Structure9_LR,0.4301748023890396,0.7095959595959596,0.7741935483870968,0.8260869565217391,0.8636363636363636,0.5555555555555556,5,4,3,19
retrained,mutation_group_out,CP_Structure9_LR,0.43600589864483325,0.6868686868686869,0.7419354838709677,0.8181818181818182,0.8181818181818182,0.5555555555555556,5,4,4,18
retrained,mutation_group_out,CP_Structure9_LR,0.4391034742953611,0.6641414141414141,0.7096774193548387,0.8095238095238095,0.7727272727272727,0.5555555555555556,5,4,5,17
retrained,mutation_group_out,CP_Structure9_LR,0.4432679769854716,0.7196969696969697,0.7419354838709677,0.85,0.7727272727272727,0.6666666666666666,6,3,5,17
retrained,mutation_group_out,CP_Structure9_LR,0.44958026609594137,0.696969696969697,0.7096774193548387,0.8421052631578947,0.7272727272727273,0.6666666666666666,6,3,6,16
retrained,mutation_group_out,CP_Structure9_LR,0.45592400464871974,0.7525252525252526,0.7419354838709677,0.8888888888888888,0.7272727272727273,0.7777777777777778,7,2,6,16
retrained,mutation_group_out,CP_Structure9_LR,0.4701362423988996,0.7297979797979798,0.7096774193548387,0.8823529411764706,0.6818181818181818,0.7777777777777778,7,2,7,15
retrained,mutation_group_out,CP_Structure9_LR,0.5,0.7070707070707071,0.6774193548387096,0.875,0.6363636363636364,0.7777777777777778,7,2,8,14
retrained,mutation_group_out,CP_Structure9_LR,0.510219490201542,0.7070707070707071,0.6774193548387096,0.875,0.6363636363636364,0.7777777777777778,7,2,8,14
retrained,mutation_group_out,CP_Structure9_LR,0.5403771975319909,0.7626262626262625,0.7096774193548387,0.9333333333333333,0.6363636363636364,0.8888888888888888,8,1,8,14
retrained,mutation_group_out,CP_Structure9_LR,0.5461235901190151,0.7398989898989898,0.6774193548387096,0.9285714285714286,0.5909090909090909,0.8888888888888888,8,1,9,13
retrained,mutation_group_out,CP_Structure9_LR,0.5582141854374283,0.7171717171717171,0.6451612903225806,0.9230769230769231,0.5454545454545454,0.8888888888888888,8,1,10,12
retrained,mutation_group_out,CP_Structure9_LR,0.5661915841676888,0.7727272727272727,0.6774193548387096,1.0,0.5454545454545454,1.0,9,0,10,12
retrained,mutation_group_out,CP_Structure9_LR,0.5807179980032353,0.75,0.6451612903225806,1.0,0.5,1.0,9,0,11,11
retrained,mutation_group_out,CP_Structure9_LR,0.5948693641696399,0.7272727272727273,0.6129032258064516,1.0,0.45454545454545453,1.0,9,0,12,10
retrained,mutation_group_out,CP_Structure9_LR,0.5950777720971224,0.7045454545454546,0.5806451612903226,1.0,0.4090909090909091,1.0,9,0,13,9
retrained,mutation_group_out,CP_Structure9_LR,0.595793815882266,0.6818181818181819,0.5483870967741935,1.0,0.36363636363636365,1.0,9,0,14,8
retrained,mutation_group_out,CP_Structure9_LR,0.603926790914035,0.6590909090909091,0.5161290322580645,1.0,0.3181818181818182,1.0,9,0,15,7
retrained,mutation_group_out,CP_Structure9_LR,0.6221930967169226,0.6363636363636364,0.4838709677419355,1.0,0.2727272727272727,1.0,9,0,16,6
retrained,mutation_group_out,CP_Structure9_LR,0.6719822521959244,0.6136363636363636,0.45161290322580644,1.0,0.22727272727272727,1.0,9,0,17,5
retrained,mutation_group_out,CP_Structure9_LR,0.7131581891228516,0.5909090909090909,0.41935483870967744,1.0,0.18181818181818182,1.0,9,0,18,4
retrained,mutation_group_out,CP_Structure9_LR,0.7180119873414337,0.5681818181818181,0.3870967741935484,1.0,0.13636363636363635,1.0,9,0,19,3
retrained,mutation_group_out,CP_Structure9_LR,0.7278706737000042,0.5454545454545454,0.3548387096774194,1.0,0.09090909090909091,1.0,9,0,20,2
retrained,mutation_group_out,CP_Structure9_LR,0.8282186766283284,0.5227272727272727,0.3225806451612903,1.0,0.045454545454545456,1.0,9,0,21,1
retrained,mutation_group_out,CP_Structure9_LR,1.00000001,0.5,0.2903225806451613,0.0,0.0,1.0,9,0,22,0
retrained,mutation_group_out,CP_Structure9_RF,0.0,0.5,0.7096774193548387,0.7096774193548387,1.0,0.0,0,9,0,22
retrained,mutation_group_out,CP_Structure9_RF,0.2569223610706881,0.5555555555555556,0.7419354838709677,0.7333333333333333,1.0,0.1111111111111111,1,8,0,22
retrained,mutation_group_out,CP_Structure9_RF,0.28946619131263307,0.6111111111111112,0.7741935483870968,0.7586206896551724,1.0,0.2222222222222222,2,7,0,22
retrained,mutation_group_out,CP_Structure9_RF,0.2992331626855383,0.5883838383838385,0.7419354838709677,0.75,0.9545454545454546,0.2222222222222222,2,7,1,21
retrained,mutation_group_out,CP_Structure9_RF,0.3379753398227175,0.5656565656565656,0.7096774193548387,0.7407407407407407,0.9090909090909091,0.2222222222222222,2,7,2,20
retrained,mutation_group_out,CP_Structure9_RF,0.38252061487837197,0.5429292929292929,0.6774193548387096,0.7307692307692307,0.8636363636363636,0.2222222222222222,2,7,3,19
retrained,mutation_group_out,CP_Structure9_RF,0.40452564117868844,0.5984848484848485,0.7096774193548387,0.76,0.8636363636363636,0.3333333333333333,3,6,3,19
retrained,mutation_group_out,CP_Structure9_RF,0.43144770726869924,0.5757575757575758,0.6774193548387096,0.75,0.8181818181818182,0.3333333333333333,3,6,4,18
retrained,mutation_group_out,CP_Structure9_RF,0.4653838956465448,0.553030303030303,0.6451612903225806,0.7391304347826086,0.7727272727272727,0.3333333333333333,3,6,5,17
retrained,mutation_group_out,CP_Structure9_RF,0.5,0.6085858585858586,0.6774193548387096,0.7727272727272727,0.7727272727272727,0.4444444444444444,4,5,5,17
retrained,mutation_group_out,CP_Structure9_RF,0.5150655561703232,0.6085858585858586,0.6774193548387096,0.7727272727272727,0.7727272727272727,0.4444444444444444,4,5,5,17
retrained,mutation_group_out,CP_Structure9_RF,0.561289362030538,0.5858585858585859,0.6451612903225806,0.7619047619047619,0.7272727272727273,0.4444444444444444,4,5,6,16
retrained,mutation_group_out,CP_Structure9_RF,0.5962195807237886,0.5631313131313131,0.6129032258064516,0.75,0.6818181818181818,0.4444444444444444,4,5,7,15
retrained,mutation_group_out,CP_Structure9_RF,0.6243659667123015,0.5404040404040404,0.5806451612903226,0.7368421052631579,0.6363636363636364,0.4444444444444444,4,5,8,14
retrained,mutation_group_out,CP_Structure9_RF,0.6298905723390167,0.5176767676767677,0.5483870967741935,0.7222222222222222,0.5909090909090909,0.4444444444444444,4,5,9,13
retrained,mutation_group_out,CP_Structure9_RF,0.6431485536437471,0.4949494949494949,0.5161290322580645,0.7058823529411765,0.5454545454545454,0.4444444444444444,4,5,10,12
retrained,mutation_group_out,CP_Structure9_RF,0.656457574453855,0.4722222222222222,0.4838709677419355,0.6875,0.5,0.4444444444444444,4,5,11,11
retrained,mutation_group_out,CP_Structure9_RF,0.6639705934993912,0.5277777777777778,0.5161290322580645,0.7333333333333333,0.5,0.5555555555555556,5,4,11,11
retrained,mutation_group_out,CP_Structure9_RF,0.7032431630151753,0.5833333333333333,0.5483870967741935,0.7857142857142857,0.5,0.6666666666666666,6,3,11,11
retrained,mutation_group_out,CP_Structure9_RF,0.7385761906347821,0.6388888888888888,0.5806451612903226,0.8461538461538461,0.5,0.7777777777777778,7,2,11,11
retrained,mutation_group_out,CP_Structure9_RF,0.7466690032170249,0.6161616161616161,0.5483870967741935,0.8333333333333334,0.45454545454545453,0.7777777777777778,7,2,12,10
retrained,mutation_group_out,CP_Structure9_RF,0.771135149425259,0.6717171717171717,0.5806451612903226,0.9090909090909091,0.45454545454545453,0.8888888888888888,8,1,12,10
retrained,mutation_group_out,CP_Structure9_RF,0.8060478768319519,0.648989898989899,0.5483870967741935,0.9,0.4090909090909091,0.8888888888888888,8,1,13,9
retrained,mutation_group_out,CP_Structure9_RF,0.8263386519572098,0.6262626262626263,0.5161290322580645,0.8888888888888888,0.36363636363636365,0.8888888888888888,8,1,14,8
retrained,mutation_group_out,CP_Structure9_RF,0.8411315365758871,0.6818181818181819,0.5483870967741935,1.0,0.36363636363636365,1.0,9,0,14,8
retrained,mutation_group_out,CP_Structure9_RF,0.8566613894885664,0.6590909090909091,0.5161290322580645,1.0,0.3181818181818182,1.0,9,0,15,7
retrained,mutation_group_out,CP_Structure9_RF,0.8959961720647527,0.6363636363636364,0.4838709677419355,1.0,0.2727272727272727,1.0,9,0,16,6
retrained,mutation_group_out,CP_Structure9_RF,0.9312954121458006,0.6136363636363636,0.45161290322580644,1.0,0.22727272727272727,1.0,9,0,17,5
retrained,mutation_group_out,CP_Structure9_RF,0.9349838060023055,0.5681818181818181,0.3870967741935484,1.0,0.13636363636363635,1.0,9,0,19,3
retrained,mutation_group_out,CP_Structure9_RF,0.9432565332750328,0.5454545454545454,0.3548387096774194,1.0,0.09090909090909091,1.0,9,0,20,2
retrained,mutation_group_out,CP_Structure9_RF,0.9487756063984325,0.5227272727272727,0.3225806451612903,1.0,0.045454545454545456,1.0,9,0,21,1
retrained,mutation_group_out,CP_Structure9_RF,1.00000001,0.5,0.2903225806451613,0.0,0.0,1.0,9,0,22,0
retrained,mutation_group_out,RNA4_LR,0.0,0.5,0.7096774193548387,0.7096774193548387,1.0,0.0,0,9,0,22
retrained,mutation_group_out,RNA4_LR,0.23638063965347245,0.5555555555555556,0.7419354838709677,0.7333333333333333,1.0,0.1111111111111111,1,8,0,22
retrained,mutation_group_out,RNA4_LR,0.3043210218970607,0.5328282828282829,0.7096774193548387,0.7241379310344828,0.9545454545454546,0.1111111111111111,1,8,1,21
retrained,mutation_group_out,RNA4_LR,0.34728533192776434,0.51010101010101,0.6774193548387096,0.7142857142857143,0.9090909090909091,0.1111111111111111,1,8,2,20
retrained,mutation_group_out,RNA4_LR,0.37166250922016325,0.48737373737373735,0.6451612903225806,0.7037037037037037,0.8636363636363636,0.1111111111111111,1,8,3,19
retrained,mutation_group_out,RNA4_LR,0.3800730821513829,0.46464646464646464,0.6129032258064516,0.6923076923076923,0.8181818181818182,0.1111111111111111,1,8,4,18
retrained,mutation_group_out,RNA4_LR,0.4111142351318247,0.44191919191919193,0.5806451612903226,0.68,0.7727272727272727,0.1111111111111111,1,8,5,17
retrained,mutation_group_out,RNA4_LR,0.4505274019511431,0.49747474747474746,0.6129032258064516,0.7083333333333334,0.7727272727272727,0.2222222222222222,2,7,5,17
retrained,mutation_group_out,RNA4_LR,0.4645256356240095,0.553030303030303,0.6451612903225806,0.7391304347826086,0.7727272727272727,0.3333333333333333,3,6,5,17
retrained,mutation_group_out,RNA4_LR,0.46870990283181974,0.5303030303030303,0.6129032258064516,0.7272727272727273,0.7272727272727273,0.3333333333333333,3,6,6,16
retrained,mutation_group_out,RNA4_LR,0.4732037277238159,0.5858585858585859,0.6451612903225806,0.7619047619047619,0.7272727272727273,0.4444444444444444,4,5,6,16
retrained,mutation_group_out,RNA4_LR,0.48205496316088536,0.5631313131313131,0.6129032258064516,0.75,0.6818181818181818,0.4444444444444444,4,5,7,15
retrained,mutation_group_out,RNA4_LR,0.49080403923222393,0.5404040404040404,0.5806451612903226,0.7368421052631579,0.6363636363636364,0.4444444444444444,4,5,8,14
retrained,mutation_group_out,RNA4_LR,0.49333947902902986,0.5176767676767677,0.5483870967741935,0.7222222222222222,0.5909090909090909,0.4444444444444444,4,5,9,13
retrained,mutation_group_out,RNA4_LR,0.5,0.5732323232323233,0.5806451612903226,0.7647058823529411,0.5909090909090909,0.5555555555555556,5,4,9,13
retrained,mutation_group_out,RNA4_LR,0.5047184265120879,0.5732323232323233,0.5806451612903226,0.7647058823529411,0.5909090909090909,0.5555555555555556,5,4,9,13
retrained,mutation_group_out,RNA4_LR,0.518834579144799,0.6287878787878788,0.6129032258064516,0.8125,0.5909090909090909,0.6666666666666666,6,3,9,13
retrained,mutation_group_out,RNA4_LR,0.5254813435511125,0.606060606060606,0.5806451612903226,0.8,0.5454545454545454,0.6666666666666666,6,3,10,12
retrained,mutation_group_out,RNA4_LR,0.5307910009959482,0.5833333333333333,0.5483870967741935,0.7857142857142857,0.5,0.6666666666666666,6,3,11,11
retrained,mutation_group_out,RNA4_LR,0.537539110439571,0.5606060606060606,0.5161290322580645,0.7692307692307693,0.45454545454545453,0.6666666666666666,6,3,12,10
retrained,mutation_group_out,RNA4_LR,0.5451385205472126,0.5378787878787878,0.4838709677419355,0.75,0.4090909090909091,0.6666666666666666,6,3,13,9
retrained,mutation_group_out,RNA4_LR,0.5491704327009039,0.5151515151515151,0.45161290322580644,0.7272727272727273,0.36363636363636365,0.6666666666666666,6,3,14,8
retrained,mutation_group_out,RNA4_LR,0.5500479682333427,0.49242424242424243,0.41935483870967744,0.7,0.3181818181818182,0.6666666666666666,6,3,15,7
retrained,mutation_group_out,RNA4_LR,0.5528265292324217,0.46969696969696967,0.3870967741935484,0.6666666666666666,0.2727272727272727,0.6666666666666666,6,3,16,6
retrained,mutation_group_out,RNA4_LR,0.5554708273089702,0.5252525252525253,0.41935483870967744,0.75,0.2727272727272727,0.7777777777777778,7,2,16,6
retrained,mutation_group_out,RNA4_LR,0.5568483838990256,0.5808080808080808,0.45161290322580644,0.8571428571428571,0.2727272727272727,0.8888888888888888,8,1,16,6
retrained,mutation_group_out,RNA4_LR,0.560843822115976,0.5580808080808081,0.41935483870967744,0.8333333333333334,0.22727272727272727,0.8888888888888888,8,1,17,5
retrained,mutation_group_out,RNA4_LR,0.5655301011420891,0.5353535353535354,0.3870967741935484,0.8,0.18181818181818182,0.8888888888888888,8,1,18,4
retrained,mutation_group_out,RNA4_LR,0.5680693925421917,0.5126262626262625,0.3548387096774194,0.75,0.13636363636363635,0.8888888888888888,8,1,19,3
retrained,mutation_group_out,RNA4_LR,0.5695332053767496,0.4898989898989899,0.3225806451612903,0.6666666666666666,0.09090909090909091,0.8888888888888888,8,1,20,2
retrained,mutation_group_out,RNA4_LR,0.5772884638478979,0.4671717171717171,0.2903225806451613,0.5,0.045454545454545456,0.8888888888888888,8,1,21,1
retrained,mutation_group_out,RNA4_LR,0.6017903802838744,0.4444444444444444,0.25806451612903225,0.0,0.0,0.8888888888888888,8,1,22,0
retrained,mutation_group_out,RNA4_LR,1.00000001,0.5,0.2903225806451613,0.0,0.0,1.0,9,0,22,0
retrained,mutation_group_out,RNA4_RF,0.0,0.5,0.7096774193548387,0.7096774193548387,1.0,0.0,0,9,0,22
retrained,mutation_group_out,RNA4_RF,0.288567928118195,0.5328282828282829,0.7096774193548387,0.7241379310344828,0.9545454545454546,0.1111111111111111,1,8,1,21
retrained,mutation_group_out,RNA4_RF,0.35625027035857104,0.48737373737373735,0.6451612903225806,0.7037037037037037,0.8636363636363636,0.1111111111111111,1,8,3,19
retrained,mutation_group_out,RNA4_RF,0.39239973355513,0.46464646464646464,0.6129032258064516,0.6923076923076923,0.8181818181818182,0.1111111111111111,1,8,4,18
retrained,mutation_group_out,RNA4_RF,0.3965634272432753,0.44191919191919193,0.5806451612903226,0.68,0.7727272727272727,0.1111111111111111,1,8,5,17
retrained,mutation_group_out,RNA4_RF,0.4294356758796327,0.4191919191919192,0.5483870967741935,0.6666666666666666,0.7272727272727273,0.1111111111111111,1,8,6,16
retrained,mutation_group_out,RNA4_RF,0.4692252952660978,0.3964646464646464,0.5161290322580645,0.6521739130434783,0.6818181818181818,0.1111111111111111,1,8,7,15
retrained,mutation_group_out,RNA4_RF,0.49076838873400713,0.452020202020202,0.5483870967741935,0.6818181818181818,0.6818181818181818,0.2222222222222222,2,7,7,15
retrained,mutation_group_out,RNA4_RF,0.5,0.452020202020202,0.5483870967741935,0.6818181818181818,0.6818181818181818,0.2222222222222222,2,7,7,15
retrained,mutation_group_out,RNA4_RF,0.51564610655082,0.4292929292929293,0.5161290322580645,0.6666666666666666,0.6363636363636364,0.2222222222222222,2,7,8,14
retrained,mutation_group_out,RNA4_RF,0.531430822796775,0.4065656565656566,0.4838709677419355,0.65,0.5909090909090909,0.2222222222222222,2,7,9,13
retrained,mutation_group_out,RNA4_RF,0.5433235170095337,0.46212121212121215,0.5161290322580645,0.6842105263157895,0.5909090909090909,0.3333333333333333,3,6,9,13
retrained,mutation_group_out,RNA4_RF,0.5700614090314489,0.5176767676767677,0.5483870967741935,0.7222222222222222,0.5909090909090909,0.4444444444444444,4,5,9,13
retrained,mutation_group_out,RNA4_RF,0.5933911667761751,0.4949494949494949,0.5161290322580645,0.7058823529411765,0.5454545454545454,0.4444444444444444,4,5,10,12
retrained,mutation_group_out,RNA4_RF,0.6036805646806658,0.4722222222222222,0.4838709677419355,0.6875,0.5,0.4444444444444444,4,5,11,11
retrained,mutation_group_out,RNA4_RF,0.6139191943707782,0.5277777777777778,0.5161290322580645,0.7333333333333333,0.5,0.5555555555555556,5,4,11,11
retrained,mutation_group_out,RNA4_RF,0.6547058625032959,0.5833333333333333,0.5483870967741935,0.7857142857142857,0.5,0.6666666666666666,6,3,11,11
retrained,mutation_group_out,RNA4_RF,0.6975990737728799,0.5606060606060606,0.5161290322580645,0.7692307692307693,0.45454545454545453,0.6666666666666666,6,3,12,10
retrained,mutation_group_out,RNA4_RF,0.7265523389209787,0.5151515151515151,0.45161290322580644,0.7272727272727273,0.36363636363636365,0.6666666666666666,6,3,14,8
retrained,mutation_group_out,RNA4_RF,0.7575981819668217,0.49242424242424243,0.41935483870967744,0.7,0.3181818181818182,0.6666666666666666,6,3,15,7
retrained,mutation_group_out,RNA4_RF,0.7663216816521192,0.5252525252525253,0.41935483870967744,0.75,0.2727272727272727,0.7777777777777778,7,2,16,6
retrained,mutation_group_out,RNA4_RF,0.7854517515821893,0.5025252525252525,0.3870967741935484,0.7142857142857143,0.22727272727272727,0.7777777777777778,7,2,17,5
retrained,mutation_group_out,RNA4_RF,0.817943058906365,0.5580808080808081,0.41935483870967744,0.8333333333333334,0.22727272727272727,0.8888888888888888,8,1,17,5
retrained,mutation_group_out,RNA4_RF,0.833493483390207,0.5353535353535354,0.3870967741935484,0.8,0.18181818181818182,0.8888888888888888,8,1,18,4
retrained,mutation_group_out,RNA4_RF,0.8400620039052447,0.5126262626262625,0.3548387096774194,0.75,0.13636363636363635,0.8888888888888888,8,1,19,3
retrained,mutation_group_out,RNA4_RF,0.8497962472760361,0.5681818181818181,0.3870967741935484,1.0,0.13636363636363635,1.0,9,0,19,3
retrained,mutation_group_out,RNA4_RF,0.8617851313017622,0.5454545454545454,0.3548387096774194,1.0,0.09090909090909091,1.0,9,0,20,2
retrained,mutation_group_out,RNA4_RF,0.8760480095117801,0.5227272727272727,0.3225806451612903,1.0,0.045454545454545456,1.0,9,0,21,1
retrained,mutation_group_out,RNA4_RF,1.00000001,0.5,0.2903225806451613,0.0,0.0,1.0,9,0,22,0
retrained,mutation_group_out,Structure6_LR,0.0,0.5,0.7096774193548387,0.7096774193548387,1.0,0.0,0,9,0,22
retrained,mutation_group_out,Structure6_LR,0.278156520990529,0.5555555555555556,0.7419354838709677,0.7333333333333333,1.0,0.1111111111111111,1,8,0,22
retrained,mutation_group_out,Structure6_LR,0.32994577473757536,0.5328282828282829,0.7096774193548387,0.7241379310344828,0.9545454545454546,0.1111111111111111,1,8,1,21
retrained,mutation_group_out,Structure6_LR,0.34115348931600054,0.5883838383838385,0.7419354838709677,0.75,0.9545454545454546,0.2222222222222222,2,7,1,21
retrained,mutation_group_out,Structure6_LR,0.37522877979396724,0.5656565656565656,0.7096774193548387,0.7407407407407407,0.9090909090909091,0.2222222222222222,2,7,2,20
retrained,mutation_group_out,Structure6_LR,0.40164182799693615,0.6212121212121212,0.7419354838709677,0.7692307692307693,0.9090909090909091,0.3333333333333333,3,6,2,20
retrained,mutation_group_out,Structure6_LR,0.40651069729424205,0.6767676767676767,0.7741935483870968,0.8,0.9090909090909091,0.4444444444444444,4,5,2,20
retrained,mutation_group_out,Structure6_LR,0.41455748827487304,0.654040404040404,0.7419354838709677,0.7916666666666666,0.8636363636363636,0.4444444444444444,4,5,3,19
retrained,mutation_group_out,Structure6_LR,0.42140264479441203,0.6313131313131313,0.7096774193548387,0.782608695652174,0.8181818181818182,0.4444444444444444,4,5,4,18
retrained,mutation_group_out,Structure6_LR,0.4248030188724562,0.6868686868686869,0.7419354838709677,0.8181818181818182,0.8181818181818182,0.5555555555555556,5,4,4,18
retrained,mutation_group_out,Structure6_LR,0.43010240782073605,0.6641414141414141,0.7096774193548387,0.8095238095238095,0.7727272727272727,0.5555555555555556,5,4,5,17
retrained,mutation_group_out,Structure6_LR,0.4489729944001444,0.6414141414141414,0.6774193548387096,0.8,0.7272727272727273,0.5555555555555556,5,4,6,16
retrained,mutation_group_out,Structure6_LR,0.46749052522845536,0.6186868686868687,0.6451612903225806,0.7894736842105263,0.6818181818181818,0.5555555555555556,5,4,7,15
retrained,mutation_group_out,Structure6_LR,0.4810479117373948,0.6742424242424242,0.6774193548387096,0.8333333333333334,0.6818181818181818,0.6666666666666666,6,3,7,15
retrained,mutation_group_out,Structure6_LR,0.49284347489154756,0.6515151515151515,0.6451612903225806,0.8235294117647058,0.6363636363636364,0.6666666666666666,6,3,8,14
retrained,mutation_group_out,Structure6_LR,0.5,0.6287878787878788,0.6129032258064516,0.8125,0.5909090909090909,0.6666666666666666,6,3,9,13
retrained,mutation_group_out,Structure6_LR,0.5008494547595802,0.6287878787878788,0.6129032258064516,0.8125,0.5909090909090909,0.6666666666666666,6,3,9,13
retrained,mutation_group_out,Structure6_LR,0.5084175018079923,0.6843434343434344,0.6451612903225806,0.8666666666666667,0.5909090909090909,0.7777777777777778,7,2,9,13
retrained,mutation_group_out,Structure6_LR,0.5209470747412237,0.6616161616161615,0.6129032258064516,0.8571428571428571,0.5454545454545454,0.7777777777777778,7,2,10,12
retrained,mutation_group_out,Structure6_LR,0.5388257780486319,0.6388888888888888,0.5806451612903226,0.8461538461538461,0.5,0.7777777777777778,7,2,11,11
retrained,mutation_group_out,Structure6_LR,0.5500101789834627,0.6161616161616161,0.5483870967741935,0.8333333333333334,0.45454545454545453,0.7777777777777778,7,2,12,10
retrained,mutation_group_out,Structure6_LR,0.557210255698877,0.5934343434343434,0.5161290322580645,0.8181818181818182,0.4090909090909091,0.7777777777777778,7,2,13,9
retrained,mutation_group_out,Structure6_LR,0.5622074708442828,0.5707070707070707,0.4838709677419355,0.8,0.36363636363636365,0.7777777777777778,7,2,14,8
retrained,mutation_group_out,Structure6_LR,0.5713936749757138,0.6262626262626263,0.5161290322580645,0.8888888888888888,0.36363636363636365,0.8888888888888888,8,1,14,8
retrained,mutation_group_out,Structure6_LR,0.5786904051829447,0.6035353535353535,0.4838709677419355,0.875,0.3181818181818182,0.8888888888888888,8,1,15,7
retrained,mutation_group_out,Structure6_LR,0.586205331671201,0.5808080808080808,0.45161290322580644,0.8571428571428571,0.2727272727272727,0.8888888888888888,8,1,16,6
retrained,mutation_group_out,Structure6_LR,0.598336940902344,0.6363636363636364,0.4838709677419355,1.0,0.2727272727272727,1.0,9,0,16,6
retrained,mutation_group_out,Structure6_LR,0.6040801330480652,0.6136363636363636,0.45161290322580644,1.0,0.22727272727272727,1.0,9,0,17,5
retrained,mutation_group_out,Structure6_LR,0.6309775508381996,0.5909090909090909,0.41935483870967744,1.0,0.18181818181818182,1.0,9,0,18,4
retrained,mutation_group_out,Structure6_LR,0.6621977315236016,0.5681818181818181,0.3870967741935484,1.0,0.13636363636363635,1.0,9,0,19,3
retrained,mutation_group_out,Structure6_LR,0.6890219636661159,0.5454545454545454,0.3548387096774194,1.0,0.09090909090909091,1.0,9,0,20,2
retrained,mutation_group_out,Structure6_LR,0.8236255954712021,0.5227272727272727,0.3225806451612903,1.0,0.045454545454545456,1.0,9,0,21,1
retrained,mutation_group_out,Structure6_LR,1.00000001,0.5,0.2903225806451613,0.0,0.0,1.0,9,0,22,0
retrained,mutation_group_out,Structure6_RF,0.0,0.5,0.7096774193548387,0.7096774193548387,1.0,0.0,0,9,0,22
retrained,mutation_group_out,Structure6_RF,0.19053755781166426,0.4772727272727273,0.6774193548387096,0.7,0.9545454545454546,0.0,0,9,1,21
retrained,mutation_group_out,Structure6_RF,0.2402071220448923,0.45454545454545453,0.6451612903225806,0.6896551724137931,0.9090909090909091,0.0,0,9,2,20
retrained,mutation_group_out,Structure6_RF,0.27643973266088273,0.4318181818181818,0.6129032258064516,0.6785714285714286,0.8636363636363636,0.0,0,9,3,19
retrained,mutation_group_out,Structure6_RF,0.28790027010698993,0.48737373737373735,0.6451612903225806,0.7037037037037037,0.8636363636363636,0.1111111111111111,1,8,3,19
retrained,mutation_group_out,Structure6_RF,0.3342265750391056,0.46464646464646464,0.6129032258064516,0.6923076923076923,0.8181818181818182,0.1111111111111111,1,8,4,18
retrained,mutation_group_out,Structure6_RF,0.37785018187135366,0.5202020202020202,0.6451612903225806,0.72,0.8181818181818182,0.2222222222222222,2,7,4,18
retrained,mutation_group_out,Structure6_RF,0.39238292769986205,0.5757575757575758,0.6774193548387096,0.75,0.8181818181818182,0.3333333333333333,3,6,4,18
retrained,mutation_group_out,Structure6_RF,0.40555189161807226,0.553030303030303,0.6451612903225806,0.7391304347826086,0.7727272727272727,0.3333333333333333,3,6,5,17
retrained,mutation_group_out,Structure6_RF,0.4172928359589242,0.5303030303030303,0.6129032258064516,0.7272727272727273,0.7272727272727273,0.3333333333333333,3,6,6,16
retrained,mutation_group_out,Structure6_RF,0.4415429441113665,0.5075757575757576,0.5806451612903226,0.7142857142857143,0.6818181818181818,0.3333333333333333,3,6,7,15
retrained,mutation_group_out,Structure6_RF,0.4654770284076192,0.5631313131313131,0.6129032258064516,0.75,0.6818181818181818,0.4444444444444444,4,5,7,15
retrained,mutation_group_out,Structure6_RF,0.5,0.5404040404040404,0.5806451612903226,0.7368421052631579,0.6363636363636364,0.4444444444444444,4,5,8,14
retrained,mutation_group_out,Structure6_RF,0.50803015602856,0.5404040404040404,0.5806451612903226,0.7368421052631579,0.6363636363636364,0.4444444444444444,4,5,8,14
retrained,mutation_group_out,Structure6_RF,0.5847071287694431,0.5176767676767677,0.5483870967741935,0.7222222222222222,0.5909090909090909,0.4444444444444444,4,5,9,13
retrained,mutation_group_out,Structure6_RF,0.6558894559222128,0.5732323232323233,0.5806451612903226,0.7647058823529411,0.5909090909090909,0.5555555555555556,5,4,9,13
retrained,mutation_group_out,Structure6_RF,0.6950010745432786,0.5505050505050505,0.5483870967741935,0.75,0.5454545454545454,0.5555555555555556,5,4,10,12
retrained,mutation_group_out,Structure6_RF,0.7248495243718984,0.5277777777777778,0.5161290322580645,0.7333333333333333,0.5,0.5555555555555556,5,4,11,11
retrained,mutation_group_out,Structure6_RF,0.7497776543590109,0.5050505050505051,0.4838709677419355,0.7142857142857143,0.45454545454545453,0.5555555555555556,5,4,12,10
retrained,mutation_group_out,Structure6_RF,0.772030161515692,0.4823232323232324,0.45161290322580644,0.6923076923076923,0.4090909090909091,0.5555555555555556,5,4,13,9
retrained,mutation_group_out,Structure6_RF,0.8107756018096408,0.5378787878787878,0.4838709677419355,0.75,0.4090909090909091,0.6666666666666666,6,3,13,9
retrained,mutation_group_out,Structure6_RF,0.8306277204992651,0.5151515151515151,0.45161290322580644,0.7272727272727273,0.36363636363636365,0.6666666666666666,6,3,14,8
retrained,mutation_group_out,Structure6_RF,0.8347695090013659,0.49242424242424243,0.41935483870967744,0.7,0.3181818181818182,0.6666666666666666,6,3,15,7
retrained,mutation_group_out,Structure6_RF,0.839144509001366,0.547979797979798,0.45161290322580644,0.7777777777777778,0.3181818181818182,0.7777777777777778,7,2,15,7
retrained,mutation_group_out,Structure6_RF,0.8445182463751033,0.5252525252525253,0.41935483870967744,0.75,0.2727272727272727,0.7777777777777778,7,2,16,6
retrained,mutation_group_out,Structure6_RF,0.8557977918296488,0.5025252525252525,0.3870967741935484,0.7142857142857143,0.22727272727272727,0.7777777777777778,7,2,17,5
retrained,mutation_group_out,Structure6_RF,0.8679198274027713,0.5580808080808081,0.41935483870967744,0.8333333333333334,0.22727272727272727,0.8888888888888888,8,1,17,5
retrained,mutation_group_out,Structure6_RF,0.8770502621853801,0.5353535353535354,0.3870967741935484,0.8,0.18181818181818182,0.8888888888888888,8,1,18,4
retrained,mutation_group_out,Structure6_RF,0.8855724792506099,0.5126262626262625,0.3548387096774194,0.75,0.13636363636363635,0.8888888888888888,8,1,19,3
retrained,mutation_group_out,Structure6_RF,0.9050689141882213,0.4898989898989899,0.3225806451612903,0.6666666666666666,0.09090909090909091,0.8888888888888888,8,1,20,2
retrained,mutation_group_out,Structure6_RF,0.9224990993062043,0.5454545454545454,0.3548387096774194,1.0,0.09090909090909091,1.0,9,0,20,2
retrained,mutation_group_out,Structure6_RF,0.9265247004308808,0.5227272727272727,0.3225806451612903,1.0,0.045454545454545456,1.0,9,0,21,1
retrained,mutation_group_out,Structure6_RF,1.00000001,0.5,0.2903225806451613,0.0,0.0,1.0,9,0,22,0
